n = 34656
m = 34656
clientsCoordinates = [
0 10;
0 100;
0 103;
0 106;
0 109;
0 112;
0 115;
0 118;
0 121;
0 124;
0 127;
0 13;
0 130;
0 133;
0 136;
0 139;
0 142;
0 145;
0 148;
0 151;
0 154;
0 157;
0 16;
0 160;
0 163;
0 166;
0 169;
0 172;
0 175;
0 178;
0 181;
0 184;
0 187;
0 19;
0 190;
0 193;
0 196;
0 199;
0 202;
0 205;
0 208;
0 211;
0 214;
0 217;
0 22;
0 220;
0 223;
0 226;
0 229;
0 232;
0 235;
0 238;
0 241;
0 244;
0 247;
0 25;
0 250;
0 253;
0 256;
0 259;
0 262;
0 265;
0 268;
0 271;
0 274;
0 277;
0 28;
0 280;
0 283;
0 286;
0 289;
0 292;
0 295;
0 298;
0 301;
0 304;
0 307;
0 31;
0 310;
0 313;
0 316;
0 319;
0 322;
0 325;
0 328;
0 331;
0 334;
0 337;
0 34;
0 340;
0 343;
0 346;
0 349;
0 352;
0 355;
0 358;
0 361;
0 364;
0 367;
0 37;
0 370;
0 371;
0 372;
0 373;
0 376;
0 382;
0 385;
0 388;
0 391;
0 394;
0 397;
0 4;
0 40;
0 400;
0 406;
0 408;
0 409;
0 410;
0 412;
0 415;
0 418;
0 421;
0 424;
0 43;
0 430;
0 433;
0 436;
0 439;
0 442;
0 445;
0 448;
0 454;
0 457;
0 46;
0 460;
0 463;
0 466;
0 469;
0 472;
0 475;
0 478;
0 481;
0 484;
0 487;
0 49;
0 490;
0 493;
0 496;
0 499;
0 502;
0 505;
0 508;
0 511;
0 514;
0 517;
0 52;
0 520;
0 523;
0 526;
0 529;
0 532;
0 535;
0 538;
0 541;
0 544;
0 547;
0 55;
0 550;
0 553;
0 556;
0 559;
0 562;
0 565;
0 568;
0 571;
0 574;
0 577;
0 58;
0 580;
0 583;
0 586;
0 589;
0 592;
0 595;
0 598;
0 601;
0 604;
0 607;
0 61;
0 610;
0 613;
0 616;
0 619;
0 622;
0 625;
0 628;
0 631;
0 634;
0 637;
0 64;
0 640;
0 643;
0 644;
0 646;
0 649;
0 652;
0 655;
0 658;
0 661;
0 664;
0 667;
0 67;
0 670;
0 673;
0 676;
0 679;
0 682;
0 685;
0 688;
0 691;
0 694;
0 697;
0 7;
0 70;
0 700;
0 703;
0 706;
0 709;
0 712;
0 715;
0 718;
0 721;
0 724;
0 727;
0 73;
0 730;
0 733;
0 736;
0 739;
0 742;
0 745;
0 748;
0 751;
0 754;
0 757;
0 76;
0 760;
0 763;
0 764;
0 766;
0 769;
0 772;
0 775;
0 776;
0 778;
0 781;
0 784;
0 787;
0 79;
0 790;
0 793;
0 795;
0 796;
0 798;
0 799;
0 801;
0 802;
0 804;
0 805;
0 807;
0 808;
0 810;
0 811;
0 813;
0 814;
0 82;
0 85;
0 88;
0 91;
0 94;
0 97;
2 100;
2 102;
2 107;
2 109;
2 111;
2 113;
2 115;
2 117;
2 119;
2 12;
2 120;
2 121;
2 129;
2 13;
2 150;
2 152;
2 153;
2 156;
2 157;
2 16;
2 160;
2 162;
2 164;
2 165;
2 167;
2 169;
2 172;
2 176;
2 178;
2 18;
2 182;
2 184;
2 186;
2 188;
2 19;
2 190;
2 192;
2 193;
2 197;
2 199;
2 205;
2 207;
2 21;
2 210;
2 213;
2 215;
2 217;
2 219;
2 22;
2 228;
2 232;
2 234;
2 236;
2 238;
2 240;
2 246;
2 248;
2 250;
2 253;
2 255;
2 259;
2 261;
2 264;
2 266;
2 268;
2 271;
2 275;
2 276;
2 277;
2 28;
2 284;
2 286;
2 288;
2 29;
2 290;
2 294;
2 300;
2 302;
2 311;
2 312;
2 316;
2 317;
2 320;
2 321;
2 322;
2 327;
2 329;
2 331;
2 333;
2 335;
2 336;
2 340;
2 341;
2 344;
2 345;
2 346;
2 35;
2 351;
2 358;
2 359;
2 363;
2 364;
2 367;
2 368;
2 369;
2 37;
2 374;
2 381;
2 388;
2 393;
2 395;
2 396;
2 397;
2 410;
2 412;
2 416;
2 418;
2 42;
2 421;
2 423;
2 425;
2 427;
2 43;
2 430;
2 432;
2 434;
2 436;
2 441;
2 443;
2 445;
2 449;
2 462;
2 464;
2 465;
2 47;
2 470;
2 475;
2 477;
2 48;
2 480;
2 483;
2 485;
2 487;
2 488;
2 490;
2 491;
2 493;
2 495;
2 496;
2 500;
2 501;
2 504;
2 505;
2 506;
2 51;
2 511;
2 518;
2 519;
2 52;
2 523;
2 524;
2 527;
2 528;
2 529;
2 53;
2 534;
2 541;
2 542;
2 546;
2 547;
2 550;
2 551;
2 552;
2 557;
2 564;
2 565;
2 569;
2 570;
2 573;
2 574;
2 575;
2 58;
2 580;
2 587;
2 60;
2 606;
2 608;
2 613;
2 615;
2 619;
2 624;
2 625;
2 629;
2 63;
2 630;
2 633;
2 634;
2 635;
2 64;
2 640;
2 647;
2 648;
2 652;
2 653;
2 656;
2 657;
2 658;
2 663;
2 670;
2 671;
2 675;
2 676;
2 679;
2 68;
2 680;
2 681;
2 686;
2 69;
2 693;
2 694;
2 698;
2 699;
2 702;
2 703;
2 704;
2 709;
2 715;
2 716;
2 717;
2 719;
2 72;
2 721;
2 722;
2 73;
2 730;
2 74;
2 740;
2 743;
2 745;
2 746;
2 747;
2 749;
2 750;
2 753;
2 755;
2 757;
2 759;
2 761;
2 763;
2 765;
2 767;
2 770;
2 772;
2 775;
2 776;
2 778;
2 779;
2 780;
2 783;
2 79;
2 790;
2 805;
2 808;
2 81;
2 84;
2 85;
2 89;
2 90;
2 93;
2 94;
2 95;
3 314;
3 338;
3 361;
3 45;
3 498;
3 521;
3 544;
3 567;
3 627;
3 650;
3 66;
3 673;
3 696;
3 87;
5 108;
5 11;
5 112;
5 116;
5 126;
5 148;
5 153;
5 157;
5 160;
5 164;
5 167;
5 173;
5 176;
5 178;
5 183;
5 187;
5 192;
5 194;
5 199;
5 203;
5 205;
5 207;
5 211;
5 215;
5 217;
5 219;
5 224;
5 228;
5 230;
5 233;
5 238;
5 240;
5 244;
5 248;
5 25;
5 250;
5 253;
5 255;
5 260;
5 264;
5 267;
5 271;
5 273;
5 284;
5 288;
5 290;
5 294;
5 296;
5 300;
5 302;
5 307;
5 392;
5 394;
5 400;
5 403;
5 405;
5 410;
5 412;
5 416;
5 419;
5 423;
5 425;
5 428;
5 432;
5 434;
5 436;
5 438;
5 441;
5 443;
5 446;
5 450;
5 456;
5 464;
5 466;
5 469;
5 471;
5 475;
5 477;
5 479;
5 481;
5 484;
5 487;
5 490;
5 493;
5 596;
5 600;
5 614;
5 619;
5 7;
5 720;
5 727;
5 733;
5 737;
5 741;
5 744;
5 754;
5 758;
5 762;
5 766;
5 771;
5 773;
5 783;
5 788;
5 800;
5 804;
5 806;
5 812;
8 150;
8 331;
8 452;
8 458;
9 106;
9 150;
9 153;
9 157;
9 162;
9 165;
9 181;
9 190;
9 197;
9 213;
9 231;
9 236;
9 246;
9 258;
9 265;
9 274;
9 286;
9 331;
9 421;
9 430;
9 452;
9 458;
9 462;
9 485;
9 488;
9 491;
9 593;
9 596;
9 600;
9 612;
9 724;
9 752;
10 106;
10 127;
10 151;
10 155;
10 159;
10 162;
10 165;
10 172;
10 175;
10 181;
10 190;
10 193;
10 197;
10 204;
10 210;
10 213;
10 216;
10 227;
10 231;
10 236;
10 239;
10 246;
10 249;
10 252;
10 258;
10 265;
10 270;
10 283;
10 286;
10 289;
10 293;
10 299;
10 332;
10 380;
10 393;
10 409;
10 415;
10 418;
10 421;
10 424;
10 427;
10 430;
10 433;
10 440;
10 445;
10 449;
10 452;
10 458;
10 462;
10 465;
10 470;
10 474;
10 480;
10 483;
10 485;
10 488;
10 491;
10 513;
10 582;
10 586;
10 594;
10 598;
10 612;
10 618;
10 642;
10 665;
10 688;
10 711;
10 719;
10 724;
10 740;
10 743;
10 752;
10 770;
10 772;
10 782;
10 789;
10 805;
11 106;
11 127;
11 146;
11 150;
11 159;
11 162;
11 165;
11 172;
11 175;
11 181;
11 190;
11 193;
11 197;
11 204;
11 210;
11 213;
11 216;
11 227;
11 231;
11 236;
11 239;
11 24;
11 242;
11 246;
11 249;
11 252;
11 258;
11 265;
11 270;
11 278;
11 283;
11 286;
11 289;
11 293;
11 299;
11 31;
11 331;
11 353;
11 376;
11 380;
11 390;
11 393;
11 399;
11 402;
11 409;
11 415;
11 418;
11 421;
11 424;
11 427;
11 430;
11 433;
11 440;
11 445;
11 449;
11 452;
11 459;
11 462;
11 465;
11 467;
11 470;
11 474;
11 480;
11 483;
11 485;
11 488;
11 491;
11 5;
11 536;
11 559;
11 586;
11 602;
11 612;
11 618;
11 719;
11 724;
11 740;
11 743;
11 752;
11 770;
11 772;
11 782;
11 789;
11 798;
11 805;
11 810;
12 123;
12 200;
12 221;
12 304;
12 452;
12 724;
12 734;
12 785;
12 8;
15 11;
15 126;
15 152;
15 156;
15 160;
15 173;
15 176;
15 178;
15 194;
15 203;
15 205;
15 207;
15 211;
15 217;
15 219;
15 224;
15 228;
15 230;
15 240;
15 25;
15 250;
15 253;
15 255;
15 271;
15 273;
15 284;
15 290;
15 294;
15 296;
15 300;
15 302;
15 307;
15 333;
15 394;
15 400;
15 403;
15 405;
15 410;
15 412;
15 416;
15 419;
15 425;
15 428;
15 434;
15 436;
15 438;
15 441;
15 443;
15 446;
15 450;
15 466;
15 471;
15 475;
15 477;
15 479;
15 481;
15 484;
15 595;
15 599;
15 619;
15 720;
15 727;
15 733;
15 737;
15 741;
15 744;
15 771;
15 773;
15 783;
15 788;
15 806;
16 381;
16 587;
17 100;
17 102;
17 120;
17 121;
17 13;
17 16;
17 169;
17 19;
17 22;
17 29;
17 311;
17 317;
17 320;
17 327;
17 329;
17 335;
17 341;
17 344;
17 351;
17 358;
17 364;
17 367;
17 374;
17 388;
17 396;
17 397;
17 42;
17 48;
17 495;
17 501;
17 504;
17 51;
17 511;
17 518;
17 524;
17 527;
17 534;
17 541;
17 547;
17 550;
17 557;
17 564;
17 570;
17 573;
17 58;
17 580;
17 60;
17 624;
17 63;
17 630;
17 633;
17 640;
17 647;
17 653;
17 656;
17 663;
17 670;
17 676;
17 679;
17 686;
17 69;
17 693;
17 699;
17 702;
17 709;
17 716;
17 717;
17 72;
17 722;
17 746;
17 747;
17 750;
17 776;
17 779;
17 780;
17 79;
17 808;
17 81;
17 84;
17 90;
17 93;
18 315;
18 321;
18 339;
18 345;
18 362;
18 368;
18 453;
18 454;
18 456;
18 457;
18 458;
18 46;
18 499;
18 505;
18 52;
18 522;
18 528;
18 545;
18 551;
18 568;
18 574;
18 628;
18 634;
18 651;
18 657;
18 67;
18 674;
18 680;
18 697;
18 703;
18 725;
18 726;
18 728;
18 729;
18 73;
18 731;
18 732;
18 88;
18 94;
23 0;
25 102;
25 104;
25 105;
25 107;
25 112;
25 114;
25 116;
25 118;
25 120;
25 122;
25 125;
25 127;
25 128;
25 129;
25 131;
25 133;
25 138;
25 145;
25 147;
25 149;
25 151;
25 153;
25 155;
25 159;
25 161;
25 162;
25 166;
25 167;
25 169;
25 17;
25 171;
25 173;
25 176;
25 179;
25 18;
25 183;
25 192;
25 199;
25 204;
25 206;
25 211;
25 215;
25 217;
25 219;
25 22;
25 221;
25 224;
25 226;
25 227;
25 228;
25 23;
25 231;
25 233;
25 235;
25 238;
25 241;
25 243;
25 246;
25 249;
25 251;
25 26;
25 261;
25 263;
25 265;
25 267;
25 27;
25 270;
25 272;
25 275;
25 276;
25 277;
25 28;
25 280;
25 282;
25 284;
25 286;
25 289;
25 291;
25 294;
25 296;
25 299;
25 300;
25 306;
25 308;
25 312;
25 313;
25 317;
25 318;
25 321;
25 322;
25 323;
25 328;
25 33;
25 335;
25 336;
25 340;
25 341;
25 344;
25 345;
25 346;
25 35;
25 351;
25 353;
25 356;
25 357;
25 361;
25 362;
25 365;
25 366;
25 367;
25 372;
25 379;
25 38;
25 380;
25 384;
25 385;
25 388;
25 389;
25 39;
25 390;
25 395;
25 401;
25 402;
25 412;
25 414;
25 415;
25 416;
25 418;
25 420;
25 43;
25 430;
25 432;
25 435;
25 437;
25 44;
25 447;
25 449;
25 451;
25 452;
25 454;
25 456;
25 464;
25 466;
25 467;
25 469;
25 47;
25 470;
25 472;
25 473;
25 475;
25 48;
25 485;
25 487;
25 488;
25 49;
25 490;
25 491;
25 493;
25 494;
25 496;
25 497;
25 499;
25 501;
25 502;
25 506;
25 507;
25 510;
25 511;
25 512;
25 517;
25 524;
25 525;
25 529;
25 530;
25 533;
25 534;
25 535;
25 54;
25 540;
25 542;
25 545;
25 546;
25 550;
25 551;
25 554;
25 555;
25 556;
25 56;
25 561;
25 563;
25 566;
25 567;
25 571;
25 572;
25 575;
25 576;
25 577;
25 582;
25 589;
25 59;
25 591;
25 594;
25 599;
25 60;
25 606;
25 621;
25 622;
25 626;
25 627;
25 630;
25 631;
25 632;
25 637;
25 64;
25 644;
25 645;
25 649;
25 65;
25 650;
25 653;
25 654;
25 655;
25 660;
25 667;
25 668;
25 672;
25 673;
25 676;
25 677;
25 678;
25 68;
25 683;
25 69;
25 690;
25 691;
25 695;
25 696;
25 699;
25 70;
25 700;
25 701;
25 706;
25 715;
25 717;
25 718;
25 720;
25 722;
25 730;
25 734;
25 735;
25 740;
25 749;
25 75;
25 750;
25 755;
25 757;
25 760;
25 761;
25 762;
25 764;
25 765;
25 766;
25 768;
25 77;
25 770;
25 772;
25 773;
25 775;
25 784;
25 786;
25 787;
25 789;
25 790;
25 791;
25 792;
25 794;
25 80;
25 809;
25 81;
25 811;
25 817;
25 85;
25 86;
25 89;
25 90;
25 91;
25 96;
26 20;
26 315;
26 338;
26 359;
26 382;
26 41;
26 504;
26 527;
26 548;
26 569;
26 62;
26 624;
26 647;
26 670;
26 693;
26 83;
28 104;
28 107;
28 109;
28 119;
28 12;
28 123;
28 125;
28 133;
28 138;
28 14;
28 146;
28 150;
28 155;
28 158;
28 161;
28 163;
28 171;
28 174;
28 177;
28 180;
28 199;
28 203;
28 206;
28 208;
28 216;
28 220;
28 224;
28 233;
28 235;
28 238;
28 242;
28 246;
28 250;
28 255;
28 259;
28 262;
28 266;
28 271;
28 282;
28 285;
28 289;
28 291;
28 294;
28 296;
28 406;
28 410;
28 414;
28 420;
28 425;
28 432;
28 437;
28 442;
28 448;
28 451;
28 454;
28 457;
28 461;
28 466;
28 469;
28 472;
28 475;
28 480;
28 487;
28 490;
28 493;
28 496;
28 499;
28 590;
28 594;
28 596;
28 611;
28 614;
28 618;
28 7;
28 714;
28 717;
28 720;
28 722;
28 727;
28 733;
28 769;
28 774;
28 776;
28 780;
28 786;
28 788;
28 795;
28 799;
28 803;
28 9;
31 114;
31 134;
31 140;
31 421;
31 427;
31 438;
31 444;
31 476;
31 482;
31 770;
32 102;
32 105;
32 114;
32 117;
32 131;
32 134;
32 140;
32 144;
32 153;
32 159;
32 169;
32 204;
32 214;
32 231;
32 240;
32 248;
32 260;
32 269;
32 280;
32 283;
32 412;
32 418;
32 421;
32 427;
32 430;
32 435;
32 438;
32 444;
32 449;
32 452;
32 464;
32 467;
32 470;
32 473;
32 476;
32 482;
32 485;
32 488;
32 491;
32 494;
32 497;
32 588;
32 715;
32 718;
32 724;
32 770;
32 777;
32 784;
32 796;
32 799;
32 803;
33 102;
33 105;
33 115;
33 117;
33 122;
33 124;
33 131;
33 134;
33 140;
33 144;
33 153;
33 159;
33 162;
33 169;
33 173;
33 176;
33 179;
33 182;
33 191;
33 198;
33 204;
33 214;
33 231;
33 234;
33 237;
33 240;
33 245;
33 248;
33 260;
33 269;
33 280;
33 283;
33 288;
33 293;
33 330;
33 374;
33 397;
33 412;
33 418;
33 421;
33 427;
33 430;
33 435;
33 438;
33 444;
33 447;
33 449;
33 452;
33 456;
33 464;
33 467;
33 470;
33 473;
33 476;
33 482;
33 485;
33 488;
33 491;
33 494;
33 497;
33 519;
33 588;
33 639;
33 662;
33 685;
33 715;
33 718;
33 721;
33 724;
33 739;
33 768;
33 771;
33 773;
33 775;
33 777;
33 784;
33 787;
33 794;
33 797;
33 801;
33 98;
34 102;
34 105;
34 108;
34 11;
34 114;
34 117;
34 122;
34 124;
34 131;
34 134;
34 141;
34 144;
34 153;
34 156;
34 159;
34 162;
34 169;
34 173;
34 176;
34 179;
34 182;
34 191;
34 198;
34 201;
34 204;
34 207;
34 214;
34 227;
34 231;
34 234;
34 237;
34 240;
34 245;
34 248;
34 253;
34 260;
34 269;
34 276;
34 280;
34 283;
34 288;
34 293;
34 302;
34 404;
34 412;
34 418;
34 421;
34 428;
34 430;
34 435;
34 438;
34 445;
34 447;
34 449;
34 452;
34 456;
34 464;
34 467;
34 470;
34 473;
34 476;
34 483;
34 485;
34 488;
34 491;
34 494;
34 497;
34 5;
34 584;
34 588;
34 595;
34 609;
34 612;
34 708;
34 712;
34 715;
34 718;
34 721;
34 724;
34 739;
34 768;
34 770;
34 773;
34 775;
34 777;
34 784;
34 787;
34 794;
34 8;
34 805;
35 134;
35 256;
35 407;
35 421;
35 438;
35 458;
35 476;
35 724;
35 777;
38 109;
38 116;
38 12;
38 123;
38 125;
38 14;
38 163;
38 174;
38 177;
38 180;
38 199;
38 208;
38 235;
38 238;
38 246;
38 259;
38 289;
38 291;
38 294;
38 296;
38 410;
38 448;
38 457;
38 461;
38 596;
38 722;
38 727;
38 733;
38 769;
38 772;
38 774;
38 776;
38 780;
38 788;
38 795;
38 798;
38 802;
38 9;
39 192;
40 112;
40 128;
40 129;
40 167;
40 17;
40 211;
40 23;
40 26;
40 300;
40 312;
40 318;
40 321;
40 328;
40 33;
40 335;
40 341;
40 344;
40 35;
40 351;
40 353;
40 356;
40 362;
40 365;
40 372;
40 379;
40 38;
40 385;
40 388;
40 395;
40 402;
40 416;
40 44;
40 47;
40 501;
40 507;
40 510;
40 517;
40 524;
40 530;
40 533;
40 54;
40 540;
40 542;
40 545;
40 551;
40 554;
40 56;
40 561;
40 563;
40 566;
40 572;
40 575;
40 582;
40 59;
40 599;
40 621;
40 627;
40 630;
40 637;
40 644;
40 65;
40 650;
40 653;
40 660;
40 667;
40 673;
40 676;
40 68;
40 683;
40 690;
40 696;
40 699;
40 706;
40 735;
40 75;
40 750;
40 755;
40 757;
40 761;
40 762;
40 765;
40 766;
40 77;
40 790;
40 791;
40 792;
40 80;
40 86;
40 89;
40 96;
41 135;
41 136;
41 138;
41 140;
41 21;
41 228;
41 27;
41 277;
41 316;
41 322;
41 339;
41 345;
41 360;
41 366;
41 383;
41 389;
41 42;
41 422;
41 423;
41 425;
41 426;
41 427;
41 439;
41 440;
41 442;
41 443;
41 444;
41 477;
41 478;
41 48;
41 480;
41 481;
41 482;
41 505;
41 511;
41 528;
41 534;
41 549;
41 555;
41 570;
41 576;
41 606;
41 625;
41 63;
41 631;
41 648;
41 654;
41 671;
41 677;
41 69;
41 694;
41 700;
41 725;
41 727;
41 728;
41 729;
41 731;
41 732;
41 778;
41 780;
41 781;
41 782;
41 84;
41 90;
45 0;
48 106;
48 107;
48 111;
48 112;
48 115;
48 116;
48 117;
48 122;
48 129;
48 130;
48 134;
48 135;
48 138;
48 139;
48 140;
48 145;
48 153;
48 154;
48 156;
48 157;
48 158;
48 162;
48 172;
48 174;
48 175;
48 177;
48 186;
48 188;
48 190;
48 192;
48 193;
48 202;
48 204;
48 206;
48 208;
48 209;
48 212;
48 213;
48 215;
48 216;
48 218;
48 220;
48 221;
48 223;
48 225;
48 226;
48 228;
48 230;
48 231;
48 234;
48 235;
48 237;
48 238;
48 240;
48 242;
48 243;
48 246;
48 247;
48 253;
48 260;
48 264;
48 266;
48 269;
48 271;
48 273;
48 276;
48 278;
48 281;
48 283;
48 285;
48 288;
48 290;
48 293;
48 294;
48 295;
48 309;
48 310;
48 311;
48 334;
48 335;
48 345;
48 346;
48 348;
48 360;
48 361;
48 362;
48 363;
48 387;
48 388;
48 392;
48 393;
48 396;
48 397;
48 398;
48 403;
48 414;
48 418;
48 419;
48 423;
48 424;
48 427;
48 428;
48 429;
48 434;
48 441;
48 442;
48 446;
48 447;
48 450;
48 451;
48 452;
48 457;
48 464;
48 465;
48 469;
48 470;
48 473;
48 474;
48 475;
48 480;
48 507;
48 508;
48 518;
48 519;
48 521;
48 53;
48 533;
48 534;
48 535;
48 536;
48 54;
48 560;
48 561;
48 565;
48 566;
48 569;
48 570;
48 571;
48 576;
48 583;
48 584;
48 588;
48 589;
48 592;
48 593;
48 594;
48 599;
48 606;
48 620;
48 621;
48 625;
48 626;
48 629;
48 630;
48 631;
48 636;
48 64;
48 65;
48 663;
48 664;
48 67;
48 674;
48 675;
48 677;
48 689;
48 690;
48 691;
48 692;
48 716;
48 717;
48 721;
48 722;
48 725;
48 726;
48 727;
48 732;
48 739;
48 740;
48 744;
48 745;
48 748;
48 749;
48 750;
48 755;
48 763;
48 766;
48 767;
48 771;
48 772;
48 775;
48 776;
48 777;
48 782;
48 79;
48 791;
48 80;
48 801;
48 803;
48 81;
48 82;
49 109;
49 132;
49 349;
49 390;
49 421;
49 444;
49 467;
49 522;
49 563;
49 586;
49 623;
49 678;
49 68;
49 719;
49 742;
49 769;
51 12;
51 163;
51 168;
51 174;
51 177;
51 18;
51 181;
51 186;
51 190;
51 197;
51 209;
51 216;
51 22;
51 221;
51 226;
51 231;
51 238;
51 243;
51 247;
51 250;
51 265;
51 269;
51 27;
51 271;
51 273;
51 277;
51 281;
51 284;
51 288;
51 291;
51 303;
51 307;
51 764;
51 791;
51 796;
51 8;
51 806;
51 809;
51 811;
54 19;
54 206;
54 213;
54 218;
54 223;
54 228;
54 235;
54 240;
55 165;
55 172;
55 175;
55 178;
55 188;
55 206;
55 209;
55 213;
55 216;
55 218;
55 221;
55 223;
55 226;
55 228;
55 231;
55 235;
55 238;
55 240;
55 243;
55 247;
55 263;
55 275;
55 282;
55 292;
55 379;
55 552;
55 708;
55 98;
56 147;
56 162;
56 165;
56 172;
56 175;
56 178;
56 185;
56 188;
56 207;
56 211;
56 214;
56 219;
56 224;
56 229;
56 233;
56 236;
56 241;
56 245;
56 263;
56 270;
56 275;
56 282;
56 287;
56 290;
56 405;
56 482;
56 578;
56 638;
56 734;
56 757;
56 763;
56 784;
56 790;
57 124;
57 162;
57 165;
57 172;
57 175;
57 178;
57 185;
57 188;
57 195;
57 198;
57 206;
57 213;
57 218;
57 223;
57 228;
57 235;
57 240;
57 249;
57 263;
57 270;
57 275;
57 282;
57 287;
57 290;
57 296;
57 301;
57 313;
57 32;
57 379;
57 436;
57 459;
57 486;
57 552;
57 601;
57 612;
57 642;
57 708;
57 763;
57 790;
57 797;
57 805;
57 808;
57 98;
58 165;
58 178;
58 304;
58 5;
58 793;
58 9;
61 12;
61 163;
61 168;
61 18;
61 181;
61 186;
61 208;
61 212;
61 215;
61 22;
61 220;
61 225;
61 230;
61 234;
61 237;
61 242;
61 246;
61 250;
61 27;
61 271;
61 273;
61 288;
61 291;
61 307;
61 764;
61 791;
61 796;
61 8;
61 806;
61 809;
61 811;
63 106;
63 112;
63 115;
63 122;
63 129;
63 135;
63 138;
63 145;
63 154;
63 157;
63 158;
63 192;
63 253;
63 309;
63 334;
63 360;
63 362;
63 387;
63 393;
63 396;
63 403;
63 418;
63 424;
63 427;
63 434;
63 441;
63 447;
63 450;
63 457;
63 464;
63 470;
63 473;
63 480;
63 507;
63 53;
63 533;
63 535;
63 560;
63 566;
63 569;
63 576;
63 583;
63 589;
63 592;
63 599;
63 606;
63 620;
63 626;
63 629;
63 636;
63 663;
63 689;
63 691;
63 716;
63 722;
63 725;
63 732;
63 739;
63 745;
63 748;
63 755;
63 766;
63 772;
63 775;
63 782;
63 79;
63 81;
64 110;
64 116;
64 133;
64 139;
64 166;
64 168;
64 169;
64 170;
64 179;
64 181;
64 182;
64 183;
64 260;
64 310;
64 333;
64 344;
64 350;
64 363;
64 391;
64 397;
64 414;
64 422;
64 428;
64 445;
64 451;
64 468;
64 474;
64 506;
64 517;
64 52;
64 523;
64 536;
64 564;
64 570;
64 587;
64 593;
64 624;
64 63;
64 630;
64 662;
64 673;
64 679;
64 69;
64 692;
64 720;
64 726;
64 743;
64 749;
64 770;
64 776;
64 82;
67 0;
71 100;
71 103;
71 104;
71 108;
71 109;
71 112;
71 113;
71 114;
71 119;
71 126;
71 127;
71 131;
71 132;
71 135;
71 136;
71 137;
71 142;
71 151;
71 162;
71 168;
71 170;
71 173;
71 177;
71 188;
71 190;
71 192;
71 195;
71 196;
71 197;
71 198;
71 200;
71 202;
71 206;
71 209;
71 218;
71 22;
71 220;
71 221;
71 224;
71 226;
71 228;
71 229;
71 232;
71 233;
71 241;
71 243;
71 244;
71 247;
71 248;
71 250;
71 251;
71 254;
71 255;
71 257;
71 258;
71 261;
71 263;
71 267;
71 270;
71 272;
71 273;
71 275;
71 277;
71 286;
71 287;
71 288;
71 290;
71 291;
71 293;
71 295;
71 296;
71 297;
71 310;
71 311;
71 315;
71 316;
71 319;
71 320;
71 321;
71 326;
71 333;
71 334;
71 338;
71 339;
71 342;
71 343;
71 344;
71 349;
71 358;
71 359;
71 36;
71 363;
71 364;
71 367;
71 368;
71 369;
71 37;
71 374;
71 383;
71 384;
71 388;
71 389;
71 392;
71 393;
71 394;
71 399;
71 41;
71 410;
71 416;
71 417;
71 42;
71 421;
71 422;
71 425;
71 426;
71 427;
71 432;
71 441;
71 442;
71 446;
71 447;
71 45;
71 450;
71 451;
71 452;
71 457;
71 46;
71 464;
71 465;
71 469;
71 47;
71 470;
71 473;
71 474;
71 475;
71 480;
71 489;
71 490;
71 494;
71 495;
71 498;
71 499;
71 500;
71 505;
71 514;
71 515;
71 519;
71 52;
71 520;
71 523;
71 524;
71 525;
71 530;
71 537;
71 538;
71 54;
71 542;
71 543;
71 546;
71 547;
71 548;
71 553;
71 560;
71 561;
71 565;
71 566;
71 569;
71 57;
71 570;
71 571;
71 576;
71 58;
71 583;
71 584;
71 588;
71 589;
71 592;
71 593;
71 594;
71 599;
71 6;
71 606;
71 619;
71 62;
71 620;
71 624;
71 625;
71 628;
71 629;
71 63;
71 630;
71 635;
71 644;
71 645;
71 649;
71 650;
71 653;
71 654;
71 655;
71 66;
71 660;
71 667;
71 668;
71 67;
71 672;
71 673;
71 676;
71 677;
71 678;
71 68;
71 683;
71 690;
71 691;
71 695;
71 696;
71 699;
71 700;
71 701;
71 706;
71 713;
71 714;
71 718;
71 719;
71 722;
71 723;
71 724;
71 729;
71 73;
71 736;
71 737;
71 741;
71 742;
71 745;
71 746;
71 747;
71 752;
71 758;
71 759;
71 760;
71 763;
71 764;
71 768;
71 769;
71 772;
71 773;
71 774;
71 779;
71 786;
71 788;
71 801;
71 803;
71 82;
71 83;
71 87;
71 88;
71 91;
71 92;
71 93;
71 98;
72 106;
72 129;
72 313;
72 336;
72 361;
72 386;
72 39;
72 419;
72 444;
72 467;
72 492;
72 517;
72 540;
72 563;
72 586;
72 60;
72 622;
72 647;
72 670;
72 693;
72 716;
72 739;
72 766;
72 85;
74 160;
74 163;
74 167;
74 169;
74 171;
74 176;
74 178;
74 183;
74 189;
74 192;
74 201;
74 203;
74 207;
74 210;
74 213;
74 217;
74 221;
74 229;
74 233;
74 238;
74 244;
74 251;
74 258;
74 263;
74 265;
74 267;
74 269;
74 27;
74 272;
74 275;
74 277;
74 282;
74 294;
74 30;
74 302;
74 308;
74 34;
74 792;
74 796;
74 806;
74 809;
74 811;
77 172;
77 179;
77 185;
77 218;
77 226;
77 241;
77 248;
77 255;
78 172;
78 179;
78 185;
78 190;
78 218;
78 221;
78 226;
78 229;
78 233;
78 241;
78 244;
78 248;
78 251;
78 255;
78 258;
78 270;
78 273;
78 279;
78 299;
79 144;
79 150;
79 162;
79 168;
79 170;
79 172;
79 177;
79 179;
79 185;
79 188;
79 190;
79 200;
79 202;
79 206;
79 209;
79 219;
79 223;
79 227;
79 231;
79 242;
79 246;
79 249;
79 253;
79 256;
79 260;
79 262;
79 266;
79 270;
79 273;
79 276;
79 279;
79 293;
79 299;
79 328;
79 351;
79 376;
79 401;
79 434;
79 459;
79 482;
79 507;
79 532;
79 578;
79 601;
79 637;
79 685;
79 708;
79 75;
79 754;
80 12;
80 121;
80 150;
80 159;
80 162;
80 168;
80 170;
80 172;
80 177;
80 179;
80 186;
80 188;
80 190;
80 200;
80 202;
80 206;
80 209;
80 211;
80 218;
80 226;
80 241;
80 248;
80 25;
80 255;
80 262;
80 266;
80 270;
80 273;
80 276;
80 279;
80 28;
80 293;
80 299;
80 306;
80 555;
80 612;
80 662;
80 731;
80 781;
80 790;
80 797;
80 805;
80 808;
80 817;
81 164;
81 172;
81 179;
81 214;
81 235;
81 279;
81 299;
81 793;
81 817;
84 160;
84 163;
84 167;
84 169;
84 171;
84 178;
84 189;
84 201;
84 203;
84 207;
84 210;
84 217;
84 220;
84 224;
84 228;
84 232;
84 238;
84 243;
84 247;
84 250;
84 254;
84 257;
84 261;
84 263;
84 265;
84 267;
84 269;
84 277;
84 282;
84 294;
84 302;
84 796;
84 806;
84 809;
84 811;
86 100;
86 103;
86 109;
86 112;
86 119;
86 126;
86 132;
86 135;
86 142;
86 196;
86 197;
86 198;
86 287;
86 288;
86 291;
86 296;
86 297;
86 310;
86 316;
86 319;
86 326;
86 333;
86 339;
86 342;
86 349;
86 358;
86 36;
86 364;
86 367;
86 374;
86 383;
86 389;
86 392;
86 399;
86 416;
86 42;
86 422;
86 425;
86 432;
86 441;
86 447;
86 45;
86 450;
86 457;
86 464;
86 470;
86 473;
86 480;
86 489;
86 495;
86 498;
86 505;
86 514;
86 52;
86 520;
86 523;
86 530;
86 537;
86 54;
86 543;
86 546;
86 553;
86 560;
86 566;
86 569;
86 57;
86 576;
86 583;
86 589;
86 592;
86 599;
86 6;
86 606;
86 619;
86 625;
86 628;
86 63;
86 635;
86 644;
86 650;
86 653;
86 66;
86 660;
86 667;
86 673;
86 676;
86 683;
86 690;
86 696;
86 699;
86 706;
86 713;
86 719;
86 722;
86 729;
86 73;
86 736;
86 742;
86 745;
86 752;
86 759;
86 760;
86 763;
86 769;
86 772;
86 779;
86 786;
86 788;
86 82;
86 88;
86 91;
86 98;
87 107;
87 113;
87 130;
87 136;
87 174;
87 175;
87 180;
87 181;
87 183;
87 184;
87 185;
87 22;
87 280;
87 282;
87 283;
87 284;
87 300;
87 302;
87 303;
87 304;
87 314;
87 320;
87 337;
87 343;
87 362;
87 368;
87 387;
87 393;
87 40;
87 410;
87 420;
87 426;
87 445;
87 451;
87 46;
87 468;
87 474;
87 493;
87 499;
87 518;
87 524;
87 541;
87 547;
87 564;
87 570;
87 587;
87 593;
87 61;
87 623;
87 629;
87 648;
87 654;
87 67;
87 671;
87 677;
87 694;
87 700;
87 717;
87 723;
87 740;
87 746;
87 767;
87 773;
87 86;
87 92;
90 817;
94 100;
94 103;
94 104;
94 108;
94 109;
94 112;
94 113;
94 114;
94 119;
94 12;
94 128;
94 13;
94 136;
94 137;
94 138;
94 139;
94 140;
94 142;
94 144;
94 145;
94 147;
94 151;
94 163;
94 167;
94 17;
94 18;
94 200;
94 202;
94 204;
94 205;
94 208;
94 21;
94 215;
94 22;
94 220;
94 224;
94 226;
94 228;
94 23;
94 230;
94 233;
94 234;
94 237;
94 243;
94 245;
94 253;
94 255;
94 256;
94 259;
94 261;
94 262;
94 263;
94 267;
94 268;
94 269;
94 273;
94 275;
94 28;
94 281;
94 282;
94 284;
94 286;
94 287;
94 289;
94 290;
94 293;
94 295;
94 311;
94 313;
94 316;
94 317;
94 321;
94 322;
94 325;
94 326;
94 327;
94 332;
94 341;
94 342;
94 346;
94 347;
94 350;
94 351;
94 352;
94 357;
94 359;
94 362;
94 363;
94 367;
94 368;
94 37;
94 371;
94 372;
94 373;
94 378;
94 38;
94 385;
94 401;
94 416;
94 418;
94 42;
94 420;
94 429;
94 43;
94 431;
94 443;
94 456;
94 457;
94 46;
94 460;
94 461;
94 465;
94 466;
94 469;
94 47;
94 470;
94 471;
94 476;
94 48;
94 483;
94 484;
94 488;
94 489;
94 492;
94 493;
94 494;
94 499;
94 505;
94 507;
94 508;
94 509;
94 512;
94 513;
94 517;
94 518;
94 521;
94 522;
94 523;
94 528;
94 53;
94 535;
94 536;
94 540;
94 541;
94 544;
94 545;
94 546;
94 55;
94 551;
94 558;
94 559;
94 563;
94 564;
94 567;
94 568;
94 569;
94 574;
94 58;
94 587;
94 589;
94 59;
94 600;
94 616;
94 620;
94 621;
94 625;
94 626;
94 629;
94 63;
94 630;
94 631;
94 636;
94 64;
94 645;
94 646;
94 650;
94 651;
94 654;
94 655;
94 656;
94 661;
94 668;
94 669;
94 67;
94 673;
94 674;
94 677;
94 678;
94 679;
94 68;
94 684;
94 69;
94 691;
94 692;
94 696;
94 697;
94 700;
94 701;
94 702;
94 707;
94 716;
94 717;
94 721;
94 722;
94 725;
94 726;
94 727;
94 732;
94 74;
94 741;
94 744;
94 747;
94 749;
94 752;
94 753;
94 755;
94 756;
94 758;
94 76;
94 760;
94 767;
94 780;
94 782;
94 79;
94 793;
94 80;
94 809;
94 84;
94 85;
94 88;
94 89;
94 9;
94 90;
94 95;
94 97;
95 106;
95 15;
95 319;
95 344;
95 365;
95 40;
95 463;
95 486;
95 515;
95 538;
95 561;
95 61;
95 623;
95 648;
95 671;
95 694;
95 719;
95 82;
97 100;
97 144;
97 147;
97 164;
97 186;
97 190;
97 194;
97 220;
97 222;
97 225;
97 229;
97 233;
97 235;
97 237;
97 239;
97 243;
97 245;
97 250;
97 256;
97 279;
97 286;
97 289;
97 291;
97 295;
97 299;
97 306;
97 406;
97 409;
97 413;
97 417;
97 424;
97 434;
97 437;
97 439;
97 453;
97 506;
97 582;
97 592;
97 595;
97 597;
97 6;
97 741;
97 744;
97 748;
97 752;
97 755;
97 758;
97 767;
97 771;
97 775;
97 785;
97 788;
97 790;
100 253;
100 418;
101 142;
101 145;
101 187;
101 190;
101 194;
101 223;
101 253;
101 256;
101 284;
101 287;
101 293;
101 296;
101 418;
101 746;
101 753;
101 756;
102 121;
102 127;
102 142;
102 145;
102 148;
102 163;
102 165;
102 188;
102 192;
102 219;
102 223;
102 234;
102 236;
102 242;
102 254;
102 258;
102 284;
102 287;
102 290;
102 293;
102 296;
102 30;
102 334;
102 380;
102 416;
102 419;
102 442;
102 478;
102 501;
102 505;
102 576;
102 638;
102 663;
102 686;
102 709;
102 734;
102 740;
102 743;
102 746;
102 753;
102 756;
102 759;
102 766;
102 99;
103 127;
103 142;
103 145;
103 148;
103 163;
103 165;
103 184;
103 196;
103 219;
103 223;
103 234;
103 236;
103 242;
103 253;
103 262;
103 268;
103 277;
103 284;
103 287;
103 290;
103 293;
103 296;
103 307;
103 391;
103 404;
103 407;
103 416;
103 418;
103 425;
103 433;
103 436;
103 442;
103 451;
103 5;
103 505;
103 530;
103 553;
103 580;
103 583;
103 591;
103 594;
103 606;
103 740;
103 743;
103 746;
103 753;
103 756;
103 759;
103 766;
103 769;
103 776;
103 784;
103 787;
103 799;
103 99;
104 247;
104 296;
104 303;
104 421;
104 772;
107 100;
107 164;
107 189;
107 193;
107 220;
107 222;
107 235;
107 237;
107 239;
107 243;
107 245;
107 250;
107 255;
107 259;
107 291;
107 299;
107 306;
107 417;
107 420;
107 424;
107 434;
107 437;
107 439;
107 506;
107 592;
107 595;
107 597;
107 6;
107 741;
107 744;
107 767;
107 775;
107 785;
107 788;
107 790;
108 760;
108 817;
109 103;
109 109;
109 112;
109 119;
109 12;
109 137;
109 138;
109 139;
109 140;
109 18;
109 205;
109 208;
109 21;
109 273;
109 275;
109 28;
109 282;
109 316;
109 322;
109 325;
109 332;
109 341;
109 347;
109 350;
109 357;
109 359;
109 362;
109 368;
109 37;
109 371;
109 378;
109 385;
109 43;
109 456;
109 46;
109 460;
109 466;
109 469;
109 476;
109 483;
109 489;
109 492;
109 499;
109 508;
109 509;
109 512;
109 518;
109 521;
109 528;
109 53;
109 535;
109 541;
109 544;
109 55;
109 551;
109 558;
109 564;
109 567;
109 574;
109 58;
109 600;
109 620;
109 626;
109 629;
109 636;
109 64;
109 645;
109 651;
109 654;
109 661;
109 668;
109 67;
109 674;
109 677;
109 684;
109 691;
109 697;
109 700;
109 707;
109 716;
109 722;
109 725;
109 732;
109 74;
109 76;
109 79;
109 793;
109 85;
109 88;
109 9;
109 95;
109 97;
110 107;
110 113;
110 16;
110 215;
110 22;
110 263;
110 269;
110 297;
110 299;
110 300;
110 301;
110 320;
110 326;
110 345;
110 351;
110 366;
110 372;
110 401;
110 41;
110 464;
110 47;
110 470;
110 487;
110 493;
110 516;
110 522;
110 539;
110 545;
110 562;
110 568;
110 616;
110 62;
110 624;
110 630;
110 649;
110 655;
110 672;
110 678;
110 68;
110 695;
110 701;
110 720;
110 726;
110 809;
110 83;
110 89;
117 10;
117 103;
117 104;
117 105;
117 111;
117 113;
117 114;
117 116;
117 117;
117 119;
117 121;
117 125;
117 137;
117 139;
117 14;
117 140;
117 142;
117 144;
117 145;
117 147;
117 148;
117 150;
117 153;
117 155;
117 156;
117 160;
117 166;
117 171;
117 173;
117 175;
117 178;
117 18;
117 183;
117 185;
117 188;
117 190;
117 193;
117 20;
117 208;
117 210;
117 214;
117 215;
117 216;
117 219;
117 22;
117 221;
117 223;
117 225;
117 227;
117 229;
117 232;
117 233;
117 24;
117 25;
117 253;
117 257;
117 259;
117 260;
117 263;
117 264;
117 267;
117 268;
117 269;
117 276;
117 278;
117 28;
117 280;
117 282;
117 283;
117 286;
117 287;
117 29;
117 293;
117 297;
117 299;
117 30;
117 300;
117 305;
117 31;
117 310;
117 313;
117 315;
117 317;
117 320;
117 322;
117 325;
117 327;
117 332;
117 333;
117 334;
117 338;
117 339;
117 340;
117 346;
117 347;
117 35;
117 350;
117 353;
117 355;
117 364;
117 37;
117 381;
117 387;
117 388;
117 39;
117 391;
117 393;
117 396;
117 397;
117 398;
117 399;
117 400;
117 401;
117 403;
117 405;
117 406;
117 407;
117 41;
117 410;
117 416;
117 418;
117 421;
117 424;
117 426;
117 427;
117 43;
117 430;
117 436;
117 438;
117 44;
117 448;
117 449;
117 451;
117 453;
117 455;
117 458;
117 460;
117 462;
117 466;
117 468;
117 469;
117 471;
117 473;
117 481;
117 483;
117 484;
117 486;
117 487;
117 497;
117 499;
117 501;
117 504;
117 506;
117 507;
117 509;
117 511;
117 513;
117 514;
117 516;
117 526;
117 528;
117 529;
117 533;
117 535;
117 540;
117 542;
117 543;
117 545;
117 55;
117 555;
117 557;
117 559;
117 561;
117 563;
117 565;
117 566;
117 568;
117 570;
117 572;
117 576;
117 578;
117 579;
117 581;
117 583;
117 587;
117 599;
117 60;
117 602;
117 606;
117 608;
117 609;
117 613;
117 615;
117 618;
117 63;
117 635;
117 637;
117 640;
117 642;
117 647;
117 649;
117 65;
117 650;
117 651;
117 652;
117 654;
117 656;
117 657;
117 660;
117 665;
117 667;
117 668;
117 670;
117 671;
117 673;
117 675;
117 677;
117 679;
117 68;
117 681;
117 683;
117 686;
117 689;
117 691;
117 693;
117 695;
117 697;
117 699;
117 702;
117 705;
117 709;
117 712;
117 714;
117 715;
117 717;
117 719;
117 721;
117 722;
117 723;
117 724;
117 725;
117 727;
117 728;
117 729;
117 730;
117 738;
117 739;
117 740;
117 742;
117 747;
117 758;
117 760;
117 763;
117 764;
117 767;
117 769;
117 771;
117 773;
117 776;
117 778;
117 780;
117 782;
117 785;
117 787;
117 789;
117 79;
117 791;
117 794;
117 796;
117 798;
117 800;
117 809;
117 81;
117 811;
117 83;
117 85;
117 88;
117 89;
117 94;
117 96;
117 99;
120 108;
120 113;
120 116;
120 119;
120 121;
120 123;
120 134;
120 139;
120 14;
120 141;
120 144;
120 147;
120 150;
120 155;
120 157;
120 16;
120 160;
120 164;
120 169;
120 173;
120 175;
120 181;
120 184;
120 188;
120 19;
120 190;
120 193;
120 198;
120 202;
120 220;
120 224;
120 228;
120 23;
120 232;
120 234;
120 238;
120 244;
120 250;
120 256;
120 260;
120 264;
120 277;
120 283;
120 287;
120 292;
120 296;
120 299;
120 303;
120 309;
120 311;
120 314;
120 318;
120 321;
120 330;
120 350;
120 352;
120 355;
120 359;
120 36;
120 382;
120 385;
120 392;
120 396;
120 40;
120 404;
120 408;
120 410;
120 412;
120 416;
120 418;
120 420;
120 422;
120 428;
120 431;
120 435;
120 438;
120 443;
120 452;
120 454;
120 456;
120 459;
120 462;
120 465;
120 468;
120 470;
120 473;
120 477;
120 483;
120 486;
120 488;
120 492;
120 498;
120 506;
120 509;
120 513;
120 516;
120 521;
120 530;
120 535;
120 539;
120 542;
120 545;
120 550;
120 557;
120 560;
120 565;
120 568;
120 572;
120 575;
120 578;
120 58;
120 581;
120 586;
120 588;
120 593;
120 60;
120 603;
120 608;
120 610;
120 615;
120 637;
120 64;
120 642;
120 646;
120 649;
120 655;
120 664;
120 670;
120 672;
120 678;
120 68;
120 682;
120 686;
120 691;
120 694;
120 698;
120 702;
120 706;
120 710;
120 714;
120 717;
120 720;
120 735;
120 74;
120 743;
120 759;
120 763;
120 765;
120 768;
120 772;
120 777;
120 781;
120 786;
120 790;
120 795;
120 799;
120 804;
120 81;
120 84;
120 88;
120 92;
120 95;
123 165;
123 177;
123 257;
123 280;
123 405;
123 424;
123 439;
123 445;
123 499;
123 517;
123 523;
123 526;
123 546;
123 552;
123 582;
123 589;
123 595;
123 665;
123 673;
123 70;
123 76;
124 111;
124 114;
124 117;
124 137;
124 142;
124 145;
124 148;
124 153;
124 165;
124 17;
124 171;
124 177;
124 182;
124 195;
124 198;
124 202;
124 218;
124 235;
124 257;
124 260;
124 264;
124 266;
124 275;
124 280;
124 283;
124 287;
124 293;
124 297;
124 300;
124 312;
124 319;
124 337;
124 34;
124 353;
124 390;
124 405;
124 424;
124 436;
124 439;
124 445;
124 460;
124 466;
124 471;
124 474;
124 481;
124 484;
124 489;
124 499;
124 504;
124 507;
124 511;
124 514;
124 517;
124 523;
124 526;
124 533;
124 540;
124 543;
124 546;
124 55;
124 552;
124 555;
124 558;
124 563;
124 566;
124 570;
124 576;
124 579;
124 582;
124 589;
124 595;
124 606;
124 613;
124 62;
124 635;
124 640;
124 647;
124 665;
124 668;
124 673;
124 676;
124 689;
124 692;
124 70;
124 712;
124 715;
124 757;
124 76;
124 766;
124 775;
124 784;
124 79;
124 793;
124 82;
124 89;
124 93;
125 111;
125 114;
125 117;
125 120;
125 124;
125 13;
125 137;
125 140;
125 142;
125 145;
125 148;
125 153;
125 156;
125 159;
125 165;
125 17;
125 171;
125 174;
125 177;
125 182;
125 189;
125 192;
125 196;
125 200;
125 218;
125 22;
125 233;
125 235;
125 258;
125 262;
125 275;
125 281;
125 285;
125 293;
125 297;
125 300;
125 310;
125 312;
125 317;
125 319;
125 34;
125 349;
125 353;
125 362;
125 381;
125 390;
125 403;
125 405;
125 409;
125 415;
125 421;
125 425;
125 427;
125 430;
125 436;
125 439;
125 445;
125 451;
125 453;
125 455;
125 458;
125 460;
125 466;
125 469;
125 471;
125 474;
125 481;
125 484;
125 487;
125 489;
125 497;
125 500;
125 504;
125 507;
125 511;
125 514;
125 517;
125 523;
125 527;
125 529;
125 533;
125 540;
125 543;
125 546;
125 55;
125 552;
125 555;
125 558;
125 563;
125 566;
125 570;
125 576;
125 579;
125 582;
125 587;
125 589;
125 59;
125 595;
125 602;
125 606;
125 609;
125 613;
125 616;
125 62;
125 635;
125 640;
125 647;
125 654;
125 666;
125 668;
125 67;
125 671;
125 674;
125 676;
125 689;
125 692;
125 70;
125 705;
125 709;
125 712;
125 715;
125 719;
125 742;
125 746;
125 757;
125 76;
125 764;
125 766;
125 775;
125 784;
125 79;
125 793;
125 82;
125 89;
125 93;
126 107;
126 111;
126 114;
126 117;
126 120;
126 124;
126 13;
126 137;
126 140;
126 142;
126 145;
126 148;
126 153;
126 156;
126 159;
126 162;
126 165;
126 17;
126 171;
126 174;
126 177;
126 182;
126 189;
126 192;
126 204;
126 218;
126 22;
126 233;
126 235;
126 257;
126 270;
126 275;
126 280;
126 293;
126 297;
126 300;
126 307;
126 310;
126 312;
126 317;
126 319;
126 329;
126 34;
126 341;
126 349;
126 353;
126 362;
126 381;
126 383;
126 390;
126 403;
126 405;
126 409;
126 415;
126 421;
126 424;
126 427;
126 430;
126 436;
126 439;
126 446;
126 451;
126 453;
126 455;
126 458;
126 460;
126 463;
126 466;
126 469;
126 471;
126 474;
126 481;
126 484;
126 487;
126 489;
126 497;
126 499;
126 50;
126 504;
126 507;
126 511;
126 514;
126 517;
126 524;
126 526;
126 529;
126 533;
126 540;
126 543;
126 546;
126 55;
126 553;
126 555;
126 558;
126 563;
126 566;
126 570;
126 573;
126 576;
126 579;
126 582;
126 587;
126 589;
126 59;
126 596;
126 602;
126 606;
126 609;
126 613;
126 616;
126 62;
126 635;
126 640;
126 647;
126 654;
126 662;
126 665;
126 668;
126 67;
126 671;
126 673;
126 676;
126 689;
126 692;
126 70;
126 705;
126 709;
126 712;
126 715;
126 719;
126 742;
126 746;
126 757;
126 764;
126 766;
126 77;
126 775;
126 784;
126 79;
126 793;
126 802;
126 805;
126 817;
126 82;
126 89;
126 93;
127 131;
127 165;
127 177;
127 235;
127 289;
127 293;
127 300;
127 356;
127 432;
127 439;
127 474;
127 489;
127 517;
127 536;
127 546;
127 55;
127 582;
127 589;
127 643;
127 70;
127 732;
127 89;
130 108;
130 121;
130 123;
130 134;
130 14;
130 141;
130 157;
130 16;
130 160;
130 175;
130 190;
130 193;
130 197;
130 201;
130 23;
130 234;
130 238;
130 244;
130 250;
130 256;
130 259;
130 263;
130 282;
130 286;
130 292;
130 296;
130 303;
130 311;
130 318;
130 330;
130 350;
130 352;
130 359;
130 382;
130 404;
130 408;
130 410;
130 412;
130 416;
130 418;
130 420;
130 422;
130 426;
130 428;
130 431;
130 435;
130 452;
130 454;
130 456;
130 459;
130 470;
130 477;
130 488;
130 492;
130 498;
130 501;
130 528;
130 530;
130 539;
130 58;
130 588;
130 60;
130 603;
130 610;
130 646;
130 655;
130 667;
130 672;
130 675;
130 68;
130 706;
130 710;
130 720;
130 735;
130 743;
130 765;
130 92;
131 125;
132 104;
132 105;
132 215;
132 216;
132 25;
132 305;
132 325;
132 327;
132 333;
132 334;
132 347;
132 387;
132 388;
132 398;
132 399;
132 400;
132 401;
132 44;
132 449;
132 599;
132 651;
132 652;
132 657;
132 660;
132 722;
132 723;
132 724;
132 725;
132 728;
132 729;
132 730;
132 739;
132 99;
133 10;
133 167;
133 168;
133 179;
133 180;
133 236;
133 238;
133 240;
133 242;
133 244;
133 246;
133 248;
133 250;
133 252;
133 254;
133 255;
133 28;
133 294;
133 295;
133 30;
133 301;
133 302;
133 31;
133 440;
133 441;
133 443;
133 444;
133 445;
133 475;
133 477;
133 478;
133 479;
133 490;
133 492;
133 493;
133 494;
133 518;
133 519;
133 521;
133 522;
133 523;
133 547;
133 548;
133 550;
133 551;
133 552;
133 56;
133 57;
133 584;
133 585;
133 590;
133 591;
133 593;
133 594;
133 595;
133 71;
133 72;
133 74;
133 740;
133 75;
133 76;
133 90;
133 91;
140 100;
140 105;
140 107;
140 109;
140 111;
140 113;
140 115;
140 117;
140 119;
140 121;
140 123;
140 125;
140 128;
140 130;
140 132;
140 137;
140 139;
140 141;
140 143;
140 146;
140 148;
140 151;
140 152;
140 153;
140 155;
140 159;
140 16;
140 165;
140 167;
140 170;
140 174;
140 176;
140 179;
140 180;
140 182;
140 183;
140 186;
140 187;
140 190;
140 191;
140 194;
140 197;
140 198;
140 199;
140 20;
140 200;
140 202;
140 213;
140 215;
140 220;
140 222;
140 224;
140 228;
140 230;
140 232;
140 235;
140 237;
140 239;
140 24;
140 241;
140 243;
140 245;
140 247;
140 249;
140 251;
140 253;
140 256;
140 257;
140 259;
140 260;
140 263;
140 265;
140 267;
140 276;
140 278;
140 279;
140 282;
140 283;
140 286;
140 288;
140 289;
140 290;
140 293;
140 295;
140 296;
140 299;
140 300;
140 303;
140 309;
140 311;
140 313;
140 315;
140 318;
140 319;
140 322;
140 328;
140 329;
140 330;
140 332;
140 335;
140 338;
140 340;
140 342;
140 344;
140 345;
140 347;
140 351;
140 358;
140 360;
140 362;
140 364;
140 372;
140 374;
140 375;
140 377;
140 390;
140 392;
140 394;
140 396;
140 398;
140 399;
140 400;
140 402;
140 405;
140 410;
140 418;
140 420;
140 421;
140 423;
140 430;
140 434;
140 436;
140 437;
140 44;
140 446;
140 450;
140 452;
140 454;
140 456;
140 458;
140 46;
140 464;
140 466;
140 467;
140 468;
140 470;
140 472;
140 473;
140 474;
140 48;
140 487;
140 489;
140 491;
140 493;
140 495;
140 497;
140 498;
140 50;
140 500;
140 501;
140 505;
140 507;
140 509;
140 511;
140 513;
140 518;
140 520;
140 522;
140 524;
140 526;
140 528;
140 529;
140 53;
140 531;
140 541;
140 543;
140 546;
140 548;
140 55;
140 552;
140 554;
140 555;
140 557;
140 559;
140 561;
140 562;
140 564;
140 565;
140 567;
140 569;
140 57;
140 577;
140 579;
140 580;
140 582;
140 583;
140 585;
140 587;
140 588;
140 59;
140 590;
140 591;
140 592;
140 595;
140 600;
140 602;
140 603;
140 605;
140 606;
140 608;
140 61;
140 613;
140 615;
140 616;
140 618;
140 620;
140 625;
140 626;
140 628;
140 630;
140 634;
140 643;
140 645;
140 647;
140 649;
140 651;
140 653;
140 657;
140 659;
140 661;
140 673;
140 675;
140 678;
140 680;
140 682;
140 684;
140 686;
140 691;
140 693;
140 696;
140 708;
140 710;
140 713;
140 716;
140 718;
140 720;
140 724;
140 726;
140 728;
140 73;
140 730;
140 732;
140 734;
140 737;
140 739;
140 74;
140 742;
140 744;
140 747;
140 75;
140 76;
140 760;
140 762;
140 779;
140 781;
140 80;
140 809;
140 81;
140 811;
140 82;
140 86;
140 87;
140 88;
140 9;
140 98;
143 106;
143 110;
143 114;
143 117;
143 120;
143 124;
143 129;
143 133;
143 138;
143 142;
143 146;
143 148;
143 150;
143 156;
143 159;
143 163;
143 166;
143 170;
143 175;
143 179;
143 183;
143 187;
143 191;
143 194;
143 196;
143 20;
143 208;
143 22;
143 220;
143 222;
143 224;
143 226;
143 228;
143 230;
143 232;
143 236;
143 24;
143 240;
143 244;
143 248;
143 252;
143 256;
143 259;
143 261;
143 264;
143 270;
143 273;
143 279;
143 283;
143 296;
143 30;
143 300;
143 303;
143 305;
143 310;
143 314;
143 318;
143 320;
143 322;
143 324;
143 327;
143 333;
143 335;
143 344;
143 347;
143 351;
143 356;
143 359;
143 364;
143 368;
143 374;
143 377;
143 38;
143 381;
143 387;
143 391;
143 395;
143 403;
143 410;
143 413;
143 415;
143 420;
143 423;
143 427;
143 433;
143 436;
143 438;
143 443;
143 449;
143 45;
143 452;
143 454;
143 458;
143 462;
143 466;
143 472;
143 480;
143 489;
143 49;
143 492;
143 497;
143 500;
143 502;
143 506;
143 509;
143 513;
143 517;
143 520;
143 523;
143 528;
143 531;
143 536;
143 54;
143 543;
143 548;
143 551;
143 554;
143 557;
143 561;
143 564;
143 567;
143 572;
143 576;
143 579;
143 58;
143 582;
143 584;
143 587;
143 589;
143 599;
143 6;
143 602;
143 605;
143 608;
143 610;
143 615;
143 618;
143 62;
143 620;
143 622;
143 634;
143 639;
143 645;
143 647;
143 650;
143 653;
143 656;
143 659;
143 661;
143 663;
143 668;
143 67;
143 674;
143 679;
143 683;
143 705;
143 709;
143 713;
143 715;
143 718;
143 720;
143 722;
143 725;
143 729;
143 733;
143 738;
143 743;
143 747;
143 749;
143 752;
143 756;
143 761;
143 769;
143 775;
143 780;
143 782;
143 786;
143 792;
143 798;
143 804;
143 817;
144 817;
146 180;
146 26;
146 276;
146 293;
146 32;
146 40;
146 476;
146 482;
146 532;
146 538;
146 568;
146 63;
146 684;
146 69;
147 104;
147 115;
147 118;
147 127;
147 136;
147 164;
147 173;
147 180;
147 183;
147 187;
147 191;
147 234;
147 257;
147 26;
147 262;
147 267;
147 276;
147 279;
147 283;
147 293;
147 296;
147 300;
147 308;
147 32;
147 342;
147 345;
147 357;
147 362;
147 365;
147 372;
147 375;
147 378;
147 389;
147 40;
147 418;
147 421;
147 424;
147 43;
147 434;
147 440;
147 450;
147 456;
147 464;
147 470;
147 476;
147 482;
147 487;
147 490;
147 495;
147 498;
147 507;
147 511;
147 518;
147 52;
147 521;
147 526;
147 529;
147 532;
147 538;
147 541;
147 546;
147 552;
147 555;
147 559;
147 562;
147 565;
147 568;
147 577;
147 580;
147 585;
147 600;
147 603;
147 606;
147 613;
147 616;
147 63;
147 636;
147 643;
147 651;
147 657;
147 665;
147 672;
147 677;
147 684;
147 69;
147 707;
147 716;
147 723;
147 736;
147 741;
147 759;
147 766;
147 783;
147 85;
148 104;
148 113;
148 115;
148 118;
148 127;
148 132;
148 136;
148 145;
148 155;
148 158;
148 164;
148 173;
148 181;
148 185;
148 189;
148 19;
148 193;
148 219;
148 227;
148 23;
148 234;
148 257;
148 26;
148 260;
148 262;
148 267;
148 277;
148 281;
148 285;
148 294;
148 298;
148 302;
148 308;
148 319;
148 32;
148 321;
148 332;
148 334;
148 342;
148 345;
148 350;
148 357;
148 362;
148 365;
148 372;
148 375;
148 378;
148 389;
148 40;
148 402;
148 409;
148 418;
148 421;
148 424;
148 43;
148 434;
148 437;
148 440;
148 450;
148 453;
148 456;
148 464;
148 470;
148 476;
148 482;
148 487;
148 490;
148 495;
148 498;
148 501;
148 505;
148 507;
148 511;
148 518;
148 52;
148 521;
148 526;
148 529;
148 532;
148 538;
148 541;
148 546;
148 552;
148 555;
148 559;
148 562;
148 565;
148 568;
148 577;
148 580;
148 583;
148 585;
148 588;
148 600;
148 603;
148 606;
148 61;
148 613;
148 616;
148 619;
148 63;
148 633;
148 636;
148 643;
148 646;
148 649;
148 651;
148 657;
148 660;
148 665;
148 672;
148 677;
148 682;
148 685;
148 69;
148 695;
148 707;
148 712;
148 716;
148 719;
148 723;
148 736;
148 741;
148 746;
148 759;
148 766;
148 779;
148 781;
148 783;
149 104;
149 113;
149 115;
149 118;
149 127;
149 132;
149 136;
149 145;
149 155;
149 158;
149 161;
149 164;
149 173;
149 180;
149 19;
149 193;
149 209;
149 219;
149 227;
149 23;
149 234;
149 257;
149 26;
149 260;
149 262;
149 267;
149 271;
149 276;
149 289;
149 293;
149 302;
149 308;
149 319;
149 321;
149 325;
149 33;
149 332;
149 334;
149 342;
149 345;
149 350;
149 357;
149 362;
149 365;
149 372;
149 375;
149 378;
149 385;
149 389;
149 402;
149 409;
149 41;
149 412;
149 418;
149 421;
149 424;
149 43;
149 434;
149 437;
149 440;
149 450;
149 453;
149 456;
149 464;
149 470;
149 476;
149 483;
149 487;
149 490;
149 495;
149 498;
149 5;
149 501;
149 505;
149 507;
149 511;
149 518;
149 52;
149 521;
149 526;
149 529;
149 532;
149 539;
149 541;
149 546;
149 549;
149 552;
149 555;
149 559;
149 562;
149 565;
149 568;
149 577;
149 580;
149 583;
149 585;
149 588;
149 597;
149 600;
149 603;
149 606;
149 609;
149 61;
149 613;
149 616;
149 619;
149 63;
149 630;
149 633;
149 636;
149 643;
149 646;
149 649;
149 651;
149 654;
149 657;
149 660;
149 665;
149 672;
149 677;
149 682;
149 684;
149 687;
149 695;
149 70;
149 707;
149 712;
149 716;
149 719;
149 723;
149 736;
149 741;
149 746;
149 750;
149 759;
149 766;
149 779;
149 781;
149 783;
149 802;
149 805;
149 81;
149 89;
149 94;
150 205;
150 26;
150 267;
150 353;
150 365;
150 378;
150 424;
150 440;
150 459;
150 476;
150 514;
150 532;
150 568;
150 573;
150 63;
150 636;
150 665;
150 702;
150 766;
150 783;
153 114;
153 133;
153 146;
153 148;
153 150;
153 156;
153 159;
153 182;
153 186;
153 190;
153 194;
153 196;
153 20;
153 208;
153 22;
153 220;
153 222;
153 224;
153 226;
153 228;
153 230;
153 232;
153 24;
153 261;
153 270;
153 278;
153 282;
153 286;
153 295;
153 299;
153 303;
153 305;
153 320;
153 322;
153 324;
153 333;
153 335;
153 351;
153 356;
153 368;
153 381;
153 403;
153 410;
153 413;
153 415;
153 427;
153 433;
153 438;
153 443;
153 449;
153 454;
153 462;
153 502;
153 506;
153 517;
153 576;
153 584;
153 589;
153 6;
153 610;
153 62;
153 620;
153 622;
153 634;
153 639;
153 647;
153 650;
153 661;
153 663;
153 668;
153 683;
153 686;
153 705;
153 713;
153 715;
153 720;
153 722;
153 747;
153 749;
153 769;
153 775;
153 780;
153 782;
153 786;
153 792;
153 798;
154 696;
155 152;
155 153;
155 329;
155 330;
155 338;
155 340;
155 399;
155 400;
155 405;
155 468;
155 474;
155 591;
155 592;
155 595;
155 626;
155 627;
155 628;
155 9;
156 16;
156 198;
156 199;
156 200;
156 202;
156 268;
156 269;
156 27;
156 28;
156 290;
156 30;
156 31;
156 32;
156 35;
156 36;
156 366;
156 368;
156 369;
156 370;
156 379;
156 38;
156 380;
156 382;
156 383;
156 39;
156 40;
156 425;
156 427;
156 428;
156 429;
156 431;
156 432;
156 441;
156 443;
156 444;
156 445;
156 447;
156 448;
156 477;
156 478;
156 480;
156 481;
156 482;
156 533;
156 534;
156 536;
156 537;
156 538;
156 570;
156 571;
156 630;
156 637;
156 638;
156 64;
156 640;
156 641;
156 65;
156 666;
156 667;
156 669;
156 67;
156 670;
156 68;
156 69;
156 73;
156 75;
156 76;
156 767;
156 769;
156 771;
156 773;
156 775;
156 777;
156 784;
156 786;
156 788;
156 790;
156 792;
156 794;
156 796;
156 797;
156 799;
156 800;
156 82;
162 817;
163 102;
163 104;
163 106;
163 108;
163 110;
163 112;
163 114;
163 116;
163 118;
163 120;
163 123;
163 129;
163 13;
163 132;
163 136;
163 145;
163 149;
163 151;
163 154;
163 156;
163 158;
163 160;
163 163;
163 164;
163 166;
163 167;
163 170;
163 171;
163 174;
163 175;
163 178;
163 179;
163 18;
163 181;
163 182;
163 185;
163 186;
163 189;
163 190;
163 193;
163 195;
163 199;
163 201;
163 204;
163 21;
163 211;
163 212;
163 213;
163 219;
163 221;
163 224;
163 226;
163 228;
163 23;
163 230;
163 232;
163 234;
163 25;
163 251;
163 253;
163 256;
163 260;
163 262;
163 265;
163 266;
163 267;
163 268;
163 269;
163 27;
163 271;
163 274;
163 277;
163 279;
163 288;
163 290;
163 293;
163 294;
163 295;
163 296;
163 299;
163 30;
163 301;
163 303;
163 307;
163 311;
163 316;
163 318;
163 32;
163 321;
163 323;
163 325;
163 327;
163 328;
163 330;
163 331;
163 333;
163 34;
163 36;
163 360;
163 364;
163 368;
163 370;
163 371;
163 373;
163 374;
163 376;
163 378;
163 380;
163 384;
163 39;
163 392;
163 396;
163 401;
163 403;
163 405;
163 407;
163 41;
163 413;
163 417;
163 419;
163 428;
163 430;
163 433;
163 434;
163 438;
163 44;
163 446;
163 450;
163 451;
163 452;
163 457;
163 459;
163 46;
163 461;
163 465;
163 467;
163 470;
163 475;
163 479;
163 48;
163 482;
163 51;
163 519;
163 524;
163 527;
163 529;
163 53;
163 532;
163 534;
163 536;
163 538;
163 539;
163 542;
163 544;
163 545;
163 547;
163 549;
163 55;
163 550;
163 552;
163 553;
163 555;
163 559;
163 561;
163 562;
163 564;
163 565;
163 567;
163 568;
163 570;
163 58;
163 580;
163 582;
163 585;
163 597;
163 599;
163 6;
163 60;
163 601;
163 602;
163 604;
163 605;
163 606;
163 609;
163 610;
163 611;
163 612;
163 613;
163 618;
163 620;
163 622;
163 626;
163 628;
163 629;
163 631;
163 632;
163 633;
163 635;
163 638;
163 640;
163 641;
163 642;
163 644;
163 646;
163 648;
163 650;
163 653;
163 664;
163 666;
163 667;
163 669;
163 672;
163 674;
163 681;
163 686;
163 688;
163 69;
163 690;
163 692;
163 700;
163 702;
163 704;
163 706;
163 709;
163 71;
163 711;
163 721;
163 723;
163 726;
163 729;
163 73;
163 731;
163 734;
163 736;
163 741;
163 743;
163 746;
163 748;
163 75;
163 759;
163 761;
163 766;
163 767;
163 768;
163 77;
163 770;
163 772;
163 773;
163 775;
163 785;
163 787;
163 792;
163 793;
163 794;
163 80;
163 801;
163 808;
163 82;
163 84;
163 86;
163 88;
163 90;
163 91;
163 92;
163 93;
166 103;
166 107;
166 111;
166 115;
166 118;
166 120;
166 123;
166 125;
166 129;
166 131;
166 133;
166 136;
166 141;
166 145;
166 147;
166 149;
166 152;
166 155;
166 159;
166 163;
166 167;
166 171;
166 175;
166 182;
166 186;
166 19;
166 190;
166 194;
166 200;
166 204;
166 208;
166 22;
166 221;
166 225;
166 229;
166 233;
166 239;
166 245;
166 252;
166 256;
166 258;
166 26;
166 261;
166 265;
166 275;
166 279;
166 282;
166 286;
166 289;
166 301;
166 303;
166 305;
166 307;
166 309;
166 31;
166 317;
166 322;
166 327;
166 330;
166 333;
166 338;
166 348;
166 35;
166 355;
166 359;
166 363;
166 367;
166 370;
166 373;
166 376;
166 379;
166 395;
166 399;
166 40;
166 403;
166 406;
166 412;
166 416;
166 419;
166 423;
166 429;
166 433;
166 437;
166 439;
166 44;
166 443;
166 449;
166 456;
166 459;
166 467;
166 47;
166 473;
166 478;
166 480;
166 482;
166 488;
166 496;
166 501;
166 509;
166 51;
166 513;
166 519;
166 525;
166 528;
166 532;
166 534;
166 538;
166 54;
166 540;
166 544;
166 546;
166 549;
166 552;
166 555;
166 558;
166 561;
166 564;
166 567;
166 570;
166 575;
166 58;
166 582;
166 586;
166 592;
166 598;
166 601;
166 604;
166 617;
166 619;
166 621;
166 625;
166 628;
166 630;
166 636;
166 645;
166 647;
166 649;
166 651;
166 656;
166 658;
166 660;
166 666;
166 669;
166 674;
166 678;
166 684;
166 687;
166 691;
166 697;
166 70;
166 701;
166 705;
166 709;
166 712;
166 715;
166 719;
166 722;
166 726;
166 730;
166 735;
166 74;
166 742;
166 747;
166 754;
166 761;
166 764;
166 772;
166 775;
166 78;
166 780;
166 786;
166 790;
166 81;
166 85;
166 90;
166 96;
166 98;
169 164;
169 179;
169 334;
169 340;
169 344;
169 350;
169 469;
169 474;
169 484;
169 490;
169 497;
169 503;
169 515;
169 521;
169 571;
169 577;
169 588;
169 594;
169 652;
169 750;
169 756;
169 776;
169 782;
170 101;
170 116;
170 153;
170 164;
170 167;
170 171;
170 175;
170 179;
170 182;
170 186;
170 190;
170 192;
170 198;
170 20;
170 210;
170 219;
170 223;
170 236;
170 250;
170 259;
170 277;
170 287;
170 29;
170 299;
170 315;
170 320;
170 325;
170 328;
170 331;
170 334;
170 340;
170 344;
170 350;
170 360;
170 364;
170 368;
170 371;
170 374;
170 377;
170 38;
170 392;
170 396;
170 401;
170 404;
170 413;
170 417;
170 420;
170 427;
170 434;
170 440;
170 45;
170 457;
170 465;
170 469;
170 474;
170 484;
170 490;
170 497;
170 503;
170 515;
170 52;
170 521;
170 526;
170 536;
170 542;
170 547;
170 550;
170 553;
170 559;
170 562;
170 565;
170 568;
170 571;
170 577;
170 580;
170 588;
170 594;
170 599;
170 602;
170 622;
170 626;
170 652;
170 664;
170 667;
170 672;
170 675;
170 68;
170 685;
170 699;
170 720;
170 728;
170 733;
170 740;
170 745;
170 750;
170 756;
170 759;
170 770;
170 773;
170 776;
170 782;
170 787;
170 79;
170 791;
170 88;
171 101;
171 114;
171 116;
171 119;
171 122;
171 128;
171 132;
171 135;
171 144;
171 148;
171 151;
171 153;
171 165;
171 169;
171 173;
171 177;
171 18;
171 180;
171 184;
171 188;
171 192;
171 198;
171 20;
171 219;
171 223;
171 236;
171 250;
171 255;
171 259;
171 274;
171 277;
171 287;
171 29;
171 299;
171 302;
171 306;
171 315;
171 320;
171 325;
171 328;
171 331;
171 334;
171 340;
171 344;
171 350;
171 360;
171 364;
171 368;
171 371;
171 374;
171 377;
171 38;
171 383;
171 392;
171 396;
171 401;
171 404;
171 413;
171 417;
171 420;
171 427;
171 434;
171 438;
171 440;
171 45;
171 457;
171 465;
171 469;
171 474;
171 479;
171 481;
171 484;
171 490;
171 497;
171 503;
171 515;
171 52;
171 521;
171 524;
171 526;
171 533;
171 536;
171 539;
171 542;
171 545;
171 547;
171 550;
171 553;
171 559;
171 562;
171 565;
171 568;
171 571;
171 577;
171 580;
171 585;
171 588;
171 59;
171 594;
171 597;
171 599;
171 602;
171 618;
171 620;
171 622;
171 626;
171 629;
171 635;
171 644;
171 646;
171 648;
171 650;
171 652;
171 664;
171 667;
171 672;
171 675;
171 68;
171 685;
171 699;
171 711;
171 720;
171 725;
171 728;
171 733;
171 740;
171 745;
171 750;
171 756;
171 759;
171 77;
171 770;
171 773;
171 776;
171 782;
171 785;
171 787;
171 79;
171 88;
172 101;
172 114;
172 116;
172 119;
172 122;
172 128;
172 132;
172 135;
172 144;
172 148;
172 151;
172 153;
172 164;
172 179;
172 18;
172 192;
172 198;
172 20;
172 214;
172 219;
172 223;
172 236;
172 250;
172 255;
172 259;
172 274;
172 277;
172 280;
172 287;
172 29;
172 299;
172 302;
172 306;
172 315;
172 320;
172 325;
172 328;
172 331;
172 334;
172 341;
172 344;
172 351;
172 353;
172 360;
172 364;
172 368;
172 371;
172 374;
172 377;
172 38;
172 383;
172 392;
172 396;
172 401;
172 404;
172 413;
172 417;
172 420;
172 427;
172 434;
172 438;
172 440;
172 45;
172 454;
172 457;
172 465;
172 469;
172 474;
172 479;
172 481;
172 484;
172 491;
172 497;
172 504;
172 515;
172 52;
172 522;
172 524;
172 526;
172 533;
172 536;
172 539;
172 542;
172 545;
172 547;
172 550;
172 553;
172 556;
172 559;
172 562;
172 565;
172 568;
172 571;
172 578;
172 580;
172 585;
172 588;
172 59;
172 595;
172 597;
172 599;
172 602;
172 615;
172 618;
172 620;
172 622;
172 626;
172 629;
172 635;
172 644;
172 646;
172 648;
172 650;
172 652;
172 657;
172 664;
172 667;
172 672;
172 675;
172 68;
172 685;
172 699;
172 711;
172 713;
172 720;
172 725;
172 728;
172 733;
172 740;
172 745;
172 750;
172 757;
172 759;
172 762;
172 77;
172 770;
172 773;
172 776;
172 783;
172 785;
172 787;
172 79;
172 795;
172 88;
172 95;
173 138;
173 205;
173 236;
173 283;
173 334;
173 344;
173 356;
173 360;
173 364;
173 392;
173 396;
173 409;
173 413;
173 420;
173 434;
173 440;
173 469;
173 474;
173 484;
173 497;
173 510;
173 515;
173 571;
173 588;
173 622;
173 652;
173 675;
173 694;
173 716;
173 750;
173 776;
173 787;
176 115;
176 120;
176 123;
176 125;
176 129;
176 131;
176 133;
176 136;
176 141;
176 145;
176 147;
176 149;
176 152;
176 166;
176 170;
176 174;
176 178;
176 181;
176 185;
176 189;
176 19;
176 208;
176 239;
176 245;
176 256;
176 258;
176 275;
176 286;
176 303;
176 305;
176 307;
176 309;
176 359;
176 363;
176 367;
176 395;
176 399;
176 412;
176 416;
176 423;
176 437;
176 439;
176 443;
176 449;
176 480;
176 482;
176 513;
176 525;
176 534;
176 540;
176 546;
176 586;
176 598;
176 619;
176 621;
176 625;
176 630;
176 636;
176 645;
176 647;
176 649;
176 651;
176 658;
176 660;
176 678;
176 684;
176 697;
176 712;
176 719;
176 726;
176 78;
176 786;
176 790;
176 96;
176 98;
177 384;
178 311;
178 451;
178 452;
178 461;
178 6;
178 606;
178 610;
178 611;
178 612;
178 613;
178 632;
178 633;
178 638;
178 641;
178 642;
178 766;
178 801;
178 92;
178 93;
179 13;
179 237;
179 239;
179 240;
179 241;
179 243;
179 245;
179 246;
179 247;
179 267;
179 268;
179 269;
179 271;
179 293;
179 295;
179 296;
179 335;
179 336;
179 338;
179 339;
179 340;
179 345;
179 346;
179 348;
179 349;
179 350;
179 361;
179 362;
179 365;
179 366;
179 393;
179 394;
179 397;
179 398;
179 414;
179 415;
179 421;
179 422;
179 424;
179 425;
179 435;
179 436;
179 441;
179 442;
179 444;
179 445;
179 447;
179 448;
179 471;
179 472;
179 476;
179 477;
179 485;
179 486;
179 488;
179 489;
179 490;
179 493;
179 494;
179 495;
179 498;
179 499;
179 501;
179 502;
179 503;
179 506;
179 507;
179 508;
179 516;
179 517;
179 519;
179 521;
179 572;
179 573;
179 575;
179 576;
179 577;
179 589;
179 590;
179 592;
179 593;
179 594;
179 623;
179 624;
179 654;
179 655;
179 676;
179 677;
179 679;
179 680;
179 682;
179 683;
179 751;
179 752;
179 754;
179 755;
179 756;
179 767;
179 777;
179 778;
179 780;
179 781;
179 782;
179 788;
179 789;
179 808;
180 0;
180 817;
181 0;
181 817;
182 0;
182 817;
186 105;
186 108;
186 110;
186 112;
186 114;
186 116;
186 117;
186 119;
186 121;
186 125;
186 127;
186 128;
186 129;
186 130;
186 134;
186 140;
186 142;
186 143;
186 146;
186 149;
186 15;
186 151;
186 154;
186 156;
186 159;
186 16;
186 161;
186 165;
186 168;
186 175;
186 18;
186 192;
186 20;
186 214;
186 23;
186 24;
186 243;
186 246;
186 248;
186 25;
186 253;
186 263;
186 264;
186 265;
186 27;
186 272;
186 274;
186 277;
186 279;
186 28;
186 281;
186 283;
186 288;
186 29;
186 290;
186 292;
186 294;
186 297;
186 303;
186 305;
186 308;
186 31;
186 310;
186 315;
186 316;
186 317;
186 318;
186 320;
186 323;
186 325;
186 327;
186 329;
186 332;
186 334;
186 336;
186 337;
186 339;
186 34;
186 340;
186 342;
186 343;
186 345;
186 347;
186 348;
186 349;
186 350;
186 357;
186 359;
186 36;
186 360;
186 362;
186 364;
186 366;
186 368;
186 371;
186 373;
186 374;
186 375;
186 376;
186 378;
186 380;
186 382;
186 383;
186 386;
186 387;
186 388;
186 39;
186 394;
186 397;
186 398;
186 399;
186 41;
186 413;
186 415;
186 423;
186 428;
186 430;
186 433;
186 451;
186 453;
186 454;
186 456;
186 458;
186 460;
186 462;
186 465;
186 467;
186 468;
186 470;
186 471;
186 473;
186 476;
186 478;
186 486;
186 489;
186 49;
186 491;
186 494;
186 496;
186 498;
186 501;
186 502;
186 504;
186 505;
186 507;
186 51;
186 515;
186 519;
186 523;
186 525;
186 532;
186 54;
186 542;
186 547;
186 549;
186 551;
186 553;
186 556;
186 558;
186 56;
186 562;
186 564;
186 565;
186 567;
186 577;
186 579;
186 58;
186 580;
186 582;
186 587;
186 589;
186 590;
186 592;
186 593;
186 595;
186 60;
186 605;
186 607;
186 609;
186 62;
186 621;
186 624;
186 626;
186 629;
186 63;
186 631;
186 634;
186 636;
186 638;
186 641;
186 643;
186 645;
186 647;
186 648;
186 65;
186 650;
186 651;
186 653;
186 655;
186 656;
186 658;
186 660;
186 662;
186 665;
186 667;
186 668;
186 67;
186 670;
186 672;
186 674;
186 677;
186 679;
186 683;
186 685;
186 689;
186 695;
186 696;
186 697;
186 71;
186 711;
186 717;
186 719;
186 721;
186 723;
186 725;
186 727;
186 73;
186 730;
186 734;
186 736;
186 739;
186 741;
186 743;
186 746;
186 747;
186 748;
186 749;
186 75;
186 750;
186 752;
186 755;
186 756;
186 757;
186 758;
186 760;
186 767;
186 769;
186 77;
186 771;
186 772;
186 773;
186 774;
186 776;
186 780;
186 782;
186 785;
186 787;
186 789;
186 792;
186 794;
186 796;
186 798;
186 801;
186 803;
186 810;
186 83;
186 85;
186 88;
186 96;
186 98;
186 99;
188 817;
189 100;
189 102;
189 109;
189 11;
189 113;
189 125;
189 135;
189 139;
189 143;
189 146;
189 150;
189 154;
189 156;
189 161;
189 164;
189 166;
189 183;
189 189;
189 195;
189 201;
189 209;
189 217;
189 221;
189 226;
189 234;
189 242;
189 244;
189 247;
189 253;
189 258;
189 273;
189 278;
189 282;
189 289;
189 293;
189 297;
189 301;
189 304;
189 308;
189 314;
189 32;
189 325;
189 328;
189 332;
189 336;
189 339;
189 342;
189 345;
189 353;
189 355;
189 359;
189 36;
189 362;
189 365;
189 368;
189 372;
189 379;
189 384;
189 395;
189 40;
189 404;
189 408;
189 420;
189 426;
189 429;
189 433;
189 438;
189 446;
189 453;
189 456;
189 46;
189 462;
189 467;
189 470;
189 473;
189 478;
189 481;
189 485;
189 487;
189 490;
189 494;
189 497;
189 50;
189 501;
189 504;
189 507;
189 511;
189 518;
189 522;
189 525;
189 529;
189 535;
189 539;
189 54;
189 545;
189 551;
189 553;
189 557;
189 564;
189 567;
189 57;
189 572;
189 579;
189 582;
189 586;
189 589;
189 592;
189 595;
189 6;
189 600;
189 607;
189 61;
189 613;
189 616;
189 620;
189 622;
189 625;
189 630;
189 634;
189 637;
189 642;
189 647;
189 650;
189 652;
189 655;
189 658;
189 661;
189 667;
189 670;
189 673;
189 678;
189 684;
189 690;
189 694;
189 702;
189 708;
189 714;
189 718;
189 72;
189 722;
189 726;
189 730;
189 732;
189 735;
189 739;
189 742;
189 746;
189 76;
189 765;
189 768;
189 781;
189 785;
189 788;
189 793;
189 797;
189 801;
189 81;
189 817;
189 84;
189 88;
189 9;
189 92;
189 98;
192 140;
192 197;
192 203;
192 211;
192 222;
192 228;
192 236;
192 380;
192 434;
192 440;
192 448;
192 568;
192 574;
192 596;
192 602;
193 107;
193 140;
193 143;
193 148;
193 159;
193 180;
193 197;
193 203;
193 211;
193 214;
193 222;
193 228;
193 236;
193 245;
193 255;
193 262;
193 271;
193 276;
193 287;
193 302;
193 323;
193 326;
193 334;
193 337;
193 34;
193 340;
193 343;
193 357;
193 360;
193 366;
193 38;
193 380;
193 385;
193 417;
193 427;
193 434;
193 440;
193 448;
193 451;
193 454;
193 460;
193 465;
193 468;
193 471;
193 476;
193 48;
193 488;
193 495;
193 502;
193 505;
193 508;
193 515;
193 519;
193 523;
193 526;
193 536;
193 549;
193 55;
193 555;
193 562;
193 565;
193 568;
193 574;
193 577;
193 580;
193 587;
193 590;
193 593;
193 596;
193 602;
193 605;
193 623;
193 628;
193 635;
193 640;
193 645;
193 648;
193 653;
193 656;
193 659;
193 665;
193 668;
193 671;
193 676;
193 682;
193 699;
193 70;
193 716;
193 733;
193 740;
193 766;
193 779;
193 786;
193 791;
193 82;
193 89;
193 96;
194 107;
194 124;
194 134;
194 141;
194 145;
194 148;
194 153;
194 159;
194 165;
194 180;
194 197;
194 203;
194 211;
194 214;
194 222;
194 228;
194 236;
194 243;
194 245;
194 252;
194 255;
194 271;
194 276;
194 287;
194 302;
194 31;
194 323;
194 326;
194 331;
194 334;
194 337;
194 34;
194 340;
194 343;
194 357;
194 360;
194 364;
194 366;
194 371;
194 378;
194 38;
194 381;
194 383;
194 394;
194 417;
194 427;
194 434;
194 440;
194 448;
194 451;
194 454;
194 460;
194 465;
194 468;
194 471;
194 476;
194 48;
194 486;
194 488;
194 495;
194 502;
194 505;
194 508;
194 515;
194 519;
194 523;
194 526;
194 536;
194 549;
194 55;
194 552;
194 555;
194 562;
194 565;
194 568;
194 574;
194 577;
194 580;
194 587;
194 590;
194 593;
194 596;
194 60;
194 602;
194 605;
194 621;
194 623;
194 628;
194 635;
194 640;
194 645;
194 648;
194 651;
194 653;
194 656;
194 659;
194 665;
194 668;
194 671;
194 676;
194 682;
194 689;
194 699;
194 70;
194 716;
194 729;
194 733;
194 740;
194 766;
194 779;
194 786;
194 791;
194 82;
194 89;
194 96;
194 99;
195 101;
195 107;
195 121;
195 124;
195 134;
195 140;
195 145;
195 148;
195 153;
195 159;
195 162;
195 165;
195 180;
195 197;
195 20;
195 204;
195 212;
195 214;
195 222;
195 229;
195 237;
195 243;
195 245;
195 252;
195 255;
195 266;
195 271;
195 276;
195 287;
195 302;
195 31;
195 312;
195 323;
195 326;
195 331;
195 334;
195 337;
195 34;
195 340;
195 343;
195 352;
195 357;
195 360;
195 364;
195 366;
195 371;
195 378;
195 38;
195 380;
195 383;
195 389;
195 394;
195 398;
195 402;
195 409;
195 417;
195 427;
195 434;
195 441;
195 449;
195 451;
195 454;
195 460;
195 465;
195 468;
195 471;
195 476;
195 479;
195 48;
195 486;
195 488;
195 495;
195 5;
195 502;
195 505;
195 508;
195 515;
195 519;
195 523;
195 526;
195 536;
195 549;
195 55;
195 552;
195 555;
195 562;
195 565;
195 568;
195 575;
195 577;
195 580;
195 587;
195 590;
195 593;
195 596;
195 60;
195 603;
195 605;
195 611;
195 614;
195 621;
195 623;
195 628;
195 635;
195 640;
195 645;
195 648;
195 651;
195 653;
195 656;
195 659;
195 665;
195 668;
195 67;
195 671;
195 676;
195 682;
195 689;
195 699;
195 70;
195 716;
195 729;
195 733;
195 740;
195 763;
195 766;
195 779;
195 786;
195 79;
195 791;
195 8;
195 82;
195 89;
195 96;
195 99;
196 136;
196 180;
196 197;
196 214;
196 218;
196 222;
196 255;
196 298;
196 405;
196 417;
196 43;
196 434;
196 482;
196 508;
196 515;
196 519;
196 526;
196 536;
196 568;
196 583;
196 596;
196 691;
196 699;
196 89;
198 817;
199 100;
199 102;
199 11;
199 125;
199 135;
199 139;
199 142;
199 146;
199 154;
199 156;
199 166;
199 183;
199 189;
199 195;
199 217;
199 221;
199 244;
199 253;
199 258;
199 301;
199 32;
199 332;
199 353;
199 355;
199 365;
199 372;
199 379;
199 382;
199 384;
199 395;
199 408;
199 420;
199 426;
199 46;
199 485;
199 487;
199 511;
199 518;
199 522;
199 529;
199 535;
199 539;
199 545;
199 553;
199 586;
199 6;
199 61;
199 622;
199 652;
199 690;
199 694;
199 702;
199 708;
199 714;
199 730;
199 732;
199 9;
199 92;
201 105;
201 117;
201 118;
201 119;
201 128;
201 129;
201 130;
201 16;
201 168;
201 17;
201 18;
201 24;
201 25;
201 28;
201 29;
201 310;
201 347;
201 348;
201 349;
201 350;
201 374;
201 375;
201 376;
201 458;
201 547;
201 609;
201 63;
201 64;
201 65;
201 696;
201 697;
201 803;
202 121;
202 175;
202 181;
202 183;
202 185;
202 187;
202 189;
202 191;
202 193;
202 194;
202 198;
202 199;
202 20;
202 201;
202 202;
202 203;
202 206;
202 207;
202 209;
202 210;
202 211;
202 215;
202 216;
202 223;
202 224;
202 226;
202 227;
202 231;
202 232;
202 234;
202 236;
202 240;
202 241;
202 256;
202 257;
202 259;
202 260;
202 316;
202 317;
202 318;
202 320;
202 399;
202 418;
202 419;
202 421;
202 422;
202 424;
202 425;
202 435;
202 436;
202 438;
202 439;
202 440;
202 443;
202 444;
202 446;
202 447;
202 448;
202 509;
202 510;
202 512;
202 513;
202 516;
202 517;
202 520;
202 521;
202 527;
202 529;
202 530;
202 531;
202 533;
202 534;
202 537;
202 539;
202 540;
202 541;
202 543;
202 544;
202 569;
202 570;
202 572;
202 573;
202 574;
202 597;
202 598;
202 600;
202 601;
202 602;
202 67;
202 700;
202 702;
202 704;
202 706;
202 708;
202 710;
202 712;
202 713;
202 748;
202 749;
202 750;
202 752;
202 756;
202 757;
202 758;
202 760;
202 772;
202 773;
202 774;
202 776;
202 810;
202 90;
202 91;
202 93;
202 94;
209 106;
209 107;
209 108;
209 112;
209 115;
209 123;
209 125;
209 126;
209 128;
209 130;
209 132;
209 134;
209 137;
209 149;
209 16;
209 17;
209 18;
209 194;
209 20;
209 208;
209 209;
209 21;
209 210;
209 211;
209 214;
209 23;
209 243;
209 245;
209 247;
209 249;
209 25;
209 252;
209 257;
209 261;
209 265;
209 267;
209 270;
209 272;
209 274;
209 276;
209 279;
209 28;
209 281;
209 283;
209 285;
209 287;
209 29;
209 290;
209 298;
209 30;
209 300;
209 302;
209 307;
209 309;
209 311;
209 313;
209 315;
209 317;
209 32;
209 320;
209 321;
209 322;
209 323;
209 331;
209 333;
209 335;
209 336;
209 337;
209 338;
209 34;
209 341;
209 343;
209 345;
209 346;
209 347;
209 357;
209 359;
209 36;
209 360;
209 362;
209 363;
209 365;
209 366;
209 368;
209 373;
209 38;
209 380;
209 381;
209 383;
209 387;
209 389;
209 393;
209 395;
209 398;
209 40;
209 41;
209 423;
209 425;
209 428;
209 429;
209 43;
209 430;
209 441;
209 445;
209 447;
209 449;
209 45;
209 451;
209 461;
209 463;
209 465;
209 467;
209 469;
209 47;
209 472;
209 476;
209 478;
209 480;
209 482;
209 484;
209 486;
209 488;
209 492;
209 498;
209 499;
209 500;
209 507;
209 509;
209 511;
209 513;
209 519;
209 521;
209 523;
209 524;
209 526;
209 528;
209 53;
209 530;
209 532;
209 534;
209 535;
209 538;
209 540;
209 542;
209 544;
209 547;
209 548;
209 55;
209 550;
209 551;
209 554;
209 555;
209 561;
209 580;
209 582;
209 583;
209 585;
209 587;
209 588;
209 59;
209 590;
209 592;
209 593;
209 595;
209 601;
209 605;
209 607;
209 61;
209 611;
209 616;
209 618;
209 620;
209 622;
209 624;
209 626;
209 628;
209 631;
209 633;
209 635;
209 637;
209 64;
209 640;
209 644;
209 646;
209 647;
209 649;
209 652;
209 654;
209 656;
209 658;
209 66;
209 661;
209 664;
209 670;
209 672;
209 674;
209 677;
209 679;
209 716;
209 718;
209 720;
209 725;
209 727;
209 730;
209 736;
209 738;
209 740;
209 742;
209 744;
209 746;
209 747;
209 749;
209 751;
209 753;
209 756;
209 761;
209 763;
209 768;
209 77;
209 771;
209 773;
209 775;
209 777;
209 779;
209 781;
209 783;
209 786;
209 787;
209 788;
209 789;
209 79;
209 793;
209 795;
209 798;
209 800;
209 803;
209 808;
209 81;
209 810;
209 83;
209 86;
212 104;
212 113;
212 12;
212 126;
212 129;
212 131;
212 134;
212 137;
212 14;
212 142;
212 146;
212 152;
212 157;
212 165;
212 173;
212 181;
212 185;
212 191;
212 197;
212 200;
212 204;
212 215;
212 220;
212 228;
212 232;
212 238;
212 241;
212 244;
212 248;
212 252;
212 254;
212 261;
212 263;
212 265;
212 267;
212 271;
212 275;
212 279;
212 282;
212 286;
212 290;
212 294;
212 298;
212 300;
212 303;
212 308;
212 313;
212 316;
212 329;
212 33;
212 333;
212 343;
212 352;
212 356;
212 359;
212 36;
212 367;
212 371;
212 377;
212 384;
212 388;
212 394;
212 398;
212 40;
212 400;
212 405;
212 411;
212 415;
212 43;
212 435;
212 439;
212 441;
212 443;
212 446;
212 450;
212 456;
212 46;
212 461;
212 465;
212 472;
212 474;
212 477;
212 482;
212 485;
212 489;
212 505;
212 508;
212 512;
212 517;
212 520;
212 523;
212 526;
212 529;
212 534;
212 536;
212 539;
212 543;
212 547;
212 551;
212 555;
212 575;
212 579;
212 582;
212 585;
212 592;
212 595;
212 599;
212 60;
212 601;
212 603;
212 606;
212 612;
212 615;
212 618;
212 621;
212 625;
212 629;
212 632;
212 636;
212 64;
212 646;
212 649;
212 653;
212 657;
212 66;
212 661;
212 665;
212 669;
212 674;
212 678;
212 68;
212 685;
212 693;
212 7;
212 701;
212 709;
212 712;
212 716;
212 718;
212 72;
212 720;
212 722;
212 726;
212 730;
212 734;
212 737;
212 741;
212 746;
212 749;
212 752;
212 756;
212 759;
212 763;
212 765;
212 772;
212 776;
212 78;
212 781;
212 783;
212 794;
212 799;
212 803;
212 82;
212 86;
212 9;
212 92;
212 98;
215 123;
215 153;
215 159;
215 167;
215 175;
215 216;
215 222;
215 360;
215 363;
215 548;
215 670;
215 681;
215 687;
215 695;
215 703;
216 123;
216 126;
216 132;
216 143;
216 153;
216 159;
216 167;
216 175;
216 182;
216 216;
216 222;
216 242;
216 269;
216 280;
216 306;
216 311;
216 314;
216 331;
216 34;
216 341;
216 357;
216 360;
216 363;
216 368;
216 38;
216 386;
216 392;
216 41;
216 412;
216 44;
216 444;
216 453;
216 463;
216 475;
216 480;
216 483;
216 506;
216 521;
216 524;
216 527;
216 532;
216 537;
216 548;
216 551;
216 555;
216 58;
216 580;
216 583;
216 590;
216 593;
216 604;
216 616;
216 619;
216 630;
216 644;
216 647;
216 651;
216 670;
216 676;
216 681;
216 687;
216 69;
216 695;
216 703;
216 724;
216 735;
216 744;
216 747;
216 750;
216 76;
216 761;
216 770;
216 779;
216 792;
216 797;
216 89;
217 112;
217 114;
217 124;
217 128;
217 130;
217 132;
217 136;
217 143;
217 153;
217 159;
217 167;
217 175;
217 182;
217 214;
217 216;
217 222;
217 229;
217 242;
217 260;
217 264;
217 269;
217 280;
217 297;
217 302;
217 306;
217 311;
217 314;
217 32;
217 331;
217 34;
217 341;
217 357;
217 361;
217 364;
217 366;
217 368;
217 38;
217 383;
217 386;
217 392;
217 397;
217 402;
217 41;
217 412;
217 44;
217 440;
217 444;
217 453;
217 460;
217 463;
217 471;
217 475;
217 480;
217 483;
217 488;
217 491;
217 506;
217 519;
217 521;
217 524;
217 527;
217 532;
217 535;
217 537;
217 549;
217 553;
217 558;
217 58;
217 580;
217 583;
217 590;
217 593;
217 600;
217 604;
217 611;
217 616;
217 619;
217 628;
217 630;
217 644;
217 647;
217 65;
217 651;
217 664;
217 671;
217 673;
217 676;
217 681;
217 687;
217 69;
217 695;
217 703;
217 715;
217 724;
217 735;
217 744;
217 747;
217 750;
217 76;
217 761;
217 770;
217 779;
217 782;
217 792;
217 797;
217 89;
218 102;
218 107;
218 11;
218 112;
218 114;
218 123;
218 128;
218 130;
218 132;
218 136;
218 143;
218 153;
218 160;
218 168;
218 176;
218 182;
218 198;
218 214;
218 216;
218 223;
218 239;
218 242;
218 25;
218 253;
218 260;
218 264;
218 269;
218 280;
218 297;
218 302;
218 306;
218 311;
218 314;
218 32;
218 331;
218 34;
218 341;
218 346;
218 350;
218 357;
218 360;
218 363;
218 366;
218 368;
218 375;
218 38;
218 383;
218 386;
218 392;
218 397;
218 41;
218 412;
218 419;
218 429;
218 433;
218 44;
218 440;
218 444;
218 453;
218 460;
218 463;
218 471;
218 475;
218 480;
218 483;
218 488;
218 49;
218 491;
218 5;
218 506;
218 515;
218 519;
218 521;
218 524;
218 527;
218 532;
218 535;
218 537;
218 548;
218 558;
218 573;
218 58;
218 580;
218 583;
218 590;
218 593;
218 600;
218 604;
218 611;
218 613;
218 616;
218 619;
218 628;
218 630;
218 644;
218 647;
218 65;
218 651;
218 664;
218 670;
218 673;
218 676;
218 681;
218 688;
218 69;
218 696;
218 704;
218 710;
218 715;
218 724;
218 735;
218 744;
218 747;
218 750;
218 757;
218 76;
218 761;
218 764;
218 770;
218 779;
218 782;
218 792;
218 797;
218 8;
218 804;
218 89;
219 139;
219 143;
219 153;
219 182;
219 216;
219 229;
219 291;
219 326;
219 368;
219 402;
219 412;
219 436;
219 453;
219 502;
219 576;
219 596;
219 666;
219 681;
219 69;
219 731;
219 89;
222 113;
222 12;
222 125;
222 129;
222 131;
222 137;
222 14;
222 142;
222 146;
222 152;
222 185;
222 191;
222 197;
222 215;
222 232;
222 238;
222 254;
222 261;
222 263;
222 265;
222 267;
222 294;
222 298;
222 300;
222 303;
222 329;
222 33;
222 362;
222 365;
222 367;
222 371;
222 384;
222 398;
222 400;
222 405;
222 411;
222 415;
222 439;
222 441;
222 443;
222 456;
222 461;
222 472;
222 474;
222 489;
222 505;
222 520;
222 536;
222 550;
222 554;
222 579;
222 599;
222 601;
222 603;
222 612;
222 629;
222 66;
222 665;
222 669;
222 672;
222 674;
222 68;
222 716;
222 718;
222 72;
222 720;
222 722;
222 734;
222 765;
222 783;
222 9;
222 92;
222 98;
223 492;
224 17;
224 18;
224 21;
224 22;
224 23;
224 257;
224 29;
224 30;
224 373;
224 380;
224 381;
224 467;
224 469;
224 499;
224 500;
224 588;
224 640;
224 768;
225 100;
225 108;
225 144;
225 145;
225 147;
225 148;
225 150;
225 151;
225 155;
225 157;
225 159;
225 163;
225 165;
225 167;
225 170;
225 171;
225 173;
225 175;
225 179;
225 180;
225 183;
225 185;
225 187;
225 189;
225 191;
225 193;
225 195;
225 196;
225 208;
225 210;
225 211;
225 217;
225 218;
225 220;
225 222;
225 226;
225 227;
225 230;
225 233;
225 236;
225 25;
225 320;
225 322;
225 323;
225 335;
225 337;
225 338;
225 347;
225 369;
225 370;
225 403;
225 406;
225 409;
225 413;
225 414;
225 416;
225 417;
225 430;
225 454;
225 455;
225 457;
225 458;
225 683;
225 685;
225 687;
225 691;
225 693;
225 695;
225 698;
225 699;
225 70;
225 701;
225 703;
225 707;
225 708;
225 71;
225 73;
225 74;
225 786;
225 788;
225 789;
225 817;
225 90;
225 92;
225 94;
225 96;
225 98;
232 106;
232 115;
232 144;
232 148;
232 150;
232 158;
232 166;
232 171;
232 173;
232 175;
232 177;
232 180;
232 185;
232 195;
232 197;
232 209;
232 211;
232 213;
232 215;
232 219;
232 221;
232 222;
232 223;
232 224;
232 226;
232 229;
232 231;
232 233;
232 235;
232 238;
232 240;
232 241;
232 242;
232 245;
232 248;
232 250;
232 254;
232 255;
232 257;
232 261;
232 267;
232 268;
232 269;
232 283;
232 285;
232 288;
232 290;
232 293;
232 295;
232 296;
232 297;
232 300;
232 308;
232 312;
232 316;
232 318;
232 320;
232 322;
232 325;
232 327;
232 332;
232 334;
232 350;
232 351;
232 352;
232 353;
232 357;
232 359;
232 361;
232 364;
232 366;
232 368;
232 370;
232 372;
232 374;
232 381;
232 386;
232 388;
232 395;
232 399;
232 401;
232 404;
232 406;
232 408;
232 419;
232 429;
232 432;
232 434;
232 436;
232 438;
232 441;
232 445;
232 447;
232 450;
232 455;
232 463;
232 466;
232 469;
232 471;
232 474;
232 476;
232 485;
232 487;
232 490;
232 492;
232 495;
232 497;
232 499;
232 502;
232 504;
232 506;
232 508;
232 511;
232 514;
232 517;
232 519;
232 521;
232 523;
232 525;
232 527;
232 529;
232 533;
232 535;
232 537;
232 539;
232 541;
232 542;
232 543;
232 545;
232 548;
232 550;
232 555;
232 556;
232 557;
232 563;
232 566;
232 568;
232 570;
232 572;
232 574;
232 577;
232 579;
232 582;
232 584;
232 59;
232 591;
232 593;
232 595;
232 597;
232 598;
232 600;
232 602;
232 603;
232 605;
232 607;
232 609;
232 613;
232 615;
232 616;
232 618;
232 62;
232 620;
232 622;
232 624;
232 625;
232 627;
232 628;
232 630;
232 632;
232 634;
232 639;
232 64;
232 641;
232 652;
232 654;
232 657;
232 659;
232 664;
232 666;
232 667;
232 669;
232 67;
232 671;
232 672;
232 673;
232 675;
232 677;
232 678;
232 680;
232 681;
232 682;
232 684;
232 69;
232 699;
232 701;
232 702;
232 703;
232 709;
232 71;
232 711;
232 713;
232 714;
232 716;
232 717;
232 719;
232 721;
232 727;
232 733;
232 735;
232 74;
232 740;
232 749;
232 751;
232 754;
232 76;
232 766;
232 768;
232 769;
232 771;
232 773;
232 777;
232 78;
232 781;
232 783;
232 786;
232 788;
232 792;
232 794;
232 797;
232 799;
232 80;
232 88;
234 817;
235 104;
235 109;
235 11;
235 122;
235 130;
235 138;
235 144;
235 146;
235 149;
235 15;
235 153;
235 155;
235 163;
235 169;
235 172;
235 176;
235 181;
235 185;
235 190;
235 196;
235 20;
235 202;
235 204;
235 210;
235 214;
235 221;
235 230;
235 234;
235 238;
235 245;
235 247;
235 250;
235 253;
235 26;
235 261;
235 263;
235 278;
235 284;
235 288;
235 290;
235 294;
235 30;
235 300;
235 302;
235 305;
235 309;
235 313;
235 317;
235 321;
235 326;
235 333;
235 338;
235 342;
235 348;
235 357;
235 359;
235 361;
235 365;
235 369;
235 373;
235 38;
235 388;
235 392;
235 398;
235 401;
235 405;
235 412;
235 416;
235 422;
235 425;
235 429;
235 433;
235 435;
235 437;
235 439;
235 444;
235 446;
235 448;
235 453;
235 458;
235 46;
235 462;
235 464;
235 467;
235 470;
235 474;
235 476;
235 481;
235 486;
235 491;
235 496;
235 500;
235 503;
235 507;
235 511;
235 515;
235 519;
235 522;
235 526;
235 530;
235 534;
235 538;
235 54;
235 546;
235 548;
235 550;
235 554;
235 560;
235 567;
235 571;
235 575;
235 578;
235 583;
235 589;
235 592;
235 597;
235 599;
235 60;
235 602;
235 605;
235 608;
235 615;
235 618;
235 621;
235 624;
235 627;
235 63;
235 630;
235 633;
235 638;
235 641;
235 646;
235 654;
235 659;
235 663;
235 666;
235 668;
235 67;
235 671;
235 677;
235 680;
235 685;
235 690;
235 698;
235 7;
235 70;
235 701;
235 707;
235 709;
235 713;
235 716;
235 719;
235 721;
235 723;
235 735;
235 74;
235 740;
235 765;
235 768;
235 77;
235 771;
235 773;
235 775;
235 777;
235 779;
235 782;
235 786;
235 788;
235 790;
235 793;
235 797;
235 799;
235 801;
235 804;
235 807;
235 81;
235 811;
235 85;
235 91;
235 96;
238 105;
238 118;
238 12;
238 124;
238 132;
238 140;
238 306;
238 34;
238 40;
238 406;
238 440;
238 449;
238 454;
238 48;
238 56;
238 642;
238 648;
238 686;
238 692;
238 736;
238 742;
238 92;
238 98;
239 105;
239 118;
239 124;
239 132;
239 140;
239 147;
239 160;
239 170;
239 179;
239 187;
239 194;
239 208;
239 219;
239 228;
239 23;
239 248;
239 26;
239 266;
239 275;
239 282;
239 30;
239 306;
239 309;
239 313;
239 315;
239 324;
239 331;
239 34;
239 363;
239 386;
239 389;
239 399;
239 40;
239 406;
239 413;
239 440;
239 449;
239 454;
239 468;
239 48;
239 484;
239 489;
239 494;
239 501;
239 517;
239 520;
239 532;
239 56;
239 565;
239 576;
239 581;
239 590;
239 595;
239 600;
239 603;
239 606;
239 61;
239 613;
239 616;
239 622;
239 625;
239 628;
239 631;
239 639;
239 642;
239 648;
239 652;
239 657;
239 664;
239 669;
239 675;
239 678;
239 68;
239 686;
239 692;
239 699;
239 711;
239 714;
239 717;
239 733;
239 736;
239 742;
239 75;
239 766;
239 769;
239 780;
239 791;
239 82;
239 92;
239 98;
240 105;
240 118;
240 124;
240 132;
240 140;
240 143;
240 147;
240 160;
240 170;
240 184;
240 187;
240 194;
240 208;
240 219;
240 228;
240 237;
240 24;
240 244;
240 248;
240 260;
240 275;
240 28;
240 282;
240 287;
240 293;
240 299;
240 307;
240 311;
240 315;
240 324;
240 331;
240 34;
240 356;
240 363;
240 386;
240 389;
240 399;
240 40;
240 404;
240 407;
240 413;
240 428;
240 432;
240 434;
240 436;
240 438;
240 440;
240 445;
240 447;
240 449;
240 454;
240 463;
240 466;
240 468;
240 475;
240 48;
240 484;
240 489;
240 494;
240 499;
240 501;
240 514;
240 517;
240 520;
240 529;
240 532;
240 545;
240 547;
240 56;
240 565;
240 574;
240 576;
240 581;
240 59;
240 590;
240 595;
240 598;
240 600;
240 603;
240 606;
240 61;
240 613;
240 616;
240 620;
240 622;
240 625;
240 628;
240 631;
240 639;
240 642;
240 648;
240 652;
240 657;
240 664;
240 667;
240 669;
240 675;
240 678;
240 68;
240 684;
240 686;
240 692;
240 699;
240 708;
240 711;
240 714;
240 717;
240 720;
240 726;
240 733;
240 736;
240 742;
240 75;
240 753;
240 766;
240 769;
240 772;
240 776;
240 780;
240 787;
240 791;
240 798;
240 80;
240 82;
240 92;
240 98;
241 105;
241 118;
241 125;
241 133;
241 141;
241 143;
241 147;
241 152;
241 160;
241 170;
241 179;
241 184;
241 187;
241 194;
241 203;
241 208;
241 219;
241 228;
241 237;
241 244;
241 248;
241 251;
241 260;
241 270;
241 275;
241 282;
241 287;
241 293;
241 299;
241 303;
241 315;
241 324;
241 331;
241 336;
241 34;
241 356;
241 363;
241 386;
241 389;
241 399;
241 404;
241 406;
241 41;
241 413;
241 423;
241 428;
241 432;
241 434;
241 436;
241 438;
241 440;
241 445;
241 447;
241 449;
241 454;
241 463;
241 466;
241 468;
241 475;
241 484;
241 489;
241 49;
241 494;
241 499;
241 5;
241 501;
241 514;
241 517;
241 520;
241 529;
241 532;
241 545;
241 547;
241 552;
241 559;
241 565;
241 57;
241 574;
241 576;
241 581;
241 59;
241 590;
241 595;
241 598;
241 600;
241 603;
241 606;
241 61;
241 613;
241 616;
241 620;
241 622;
241 625;
241 628;
241 631;
241 636;
241 639;
241 642;
241 649;
241 652;
241 657;
241 664;
241 667;
241 669;
241 675;
241 678;
241 68;
241 684;
241 686;
241 693;
241 699;
241 705;
241 708;
241 711;
241 714;
241 717;
241 720;
241 726;
241 733;
241 736;
241 743;
241 745;
241 75;
241 753;
241 766;
241 769;
241 772;
241 776;
241 780;
241 787;
241 791;
241 798;
241 80;
241 802;
241 805;
241 82;
241 92;
241 99;
242 105;
242 118;
242 160;
242 187;
242 199;
242 275;
242 339;
242 34;
242 389;
242 409;
242 413;
242 440;
242 449;
242 454;
242 459;
242 478;
242 586;
242 642;
242 660;
242 686;
242 736;
242 762;
242 8;
242 82;
242 92;
245 11;
245 144;
245 146;
245 15;
245 153;
245 155;
245 163;
245 169;
245 185;
245 190;
245 20;
245 202;
245 204;
245 238;
245 245;
245 247;
245 25;
245 261;
245 263;
245 278;
245 288;
245 29;
245 290;
245 294;
245 300;
245 302;
245 308;
245 312;
245 342;
245 348;
245 357;
245 359;
245 361;
245 392;
245 398;
245 405;
245 408;
245 412;
245 416;
245 422;
245 429;
245 433;
245 435;
245 437;
245 439;
245 446;
245 448;
245 462;
245 464;
245 467;
245 476;
245 481;
245 500;
245 515;
245 530;
245 546;
245 548;
245 550;
245 560;
245 575;
245 589;
245 599;
245 60;
245 621;
245 663;
245 668;
245 685;
245 709;
245 721;
245 723;
245 765;
245 773;
245 775;
245 777;
245 779;
245 788;
245 790;
245 799;
245 801;
245 81;
245 85;
245 91;
246 727;
247 158;
247 223;
247 224;
247 226;
247 241;
247 242;
247 255;
247 257;
247 296;
247 297;
247 542;
247 543;
247 556;
247 557;
247 563;
247 673;
247 682;
247 703;
248 102;
248 103;
248 107;
248 108;
248 115;
248 119;
248 120;
248 122;
248 124;
248 127;
248 128;
248 130;
248 132;
248 136;
248 138;
248 140;
248 161;
248 162;
248 164;
248 165;
248 167;
248 168;
248 188;
248 189;
248 191;
248 192;
248 276;
248 277;
248 279;
248 280;
248 35;
248 350;
248 352;
248 353;
248 36;
248 38;
248 381;
248 390;
248 392;
248 393;
248 394;
248 396;
248 397;
248 40;
248 414;
248 415;
248 417;
248 418;
248 420;
248 421;
248 43;
248 44;
248 442;
248 443;
248 451;
248 452;
248 456;
248 457;
248 46;
248 48;
248 52;
248 54;
248 56;
248 643;
248 644;
248 646;
248 647;
248 648;
248 687;
248 688;
248 690;
248 692;
248 696;
248 697;
248 737;
248 738;
248 740;
248 742;
248 83;
248 84;
248 86;
248 87;
248 89;
248 90;
248 93;
248 94;
248 96;
248 98;
252 0;
252 817;
255 102;
255 103;
255 105;
255 107;
255 109;
255 11;
255 111;
255 113;
255 114;
255 116;
255 118;
255 120;
255 122;
255 124;
255 126;
255 130;
255 137;
255 141;
255 143;
255 146;
255 147;
255 148;
255 151;
255 154;
255 156;
255 158;
255 160;
255 162;
255 164;
255 167;
255 169;
255 172;
255 179;
255 18;
255 181;
255 185;
255 188;
255 190;
255 193;
255 195;
255 198;
255 209;
255 211;
255 216;
255 219;
255 22;
255 221;
255 223;
255 225;
255 228;
255 230;
255 233;
255 235;
255 24;
255 240;
255 241;
255 242;
255 249;
255 251;
255 253;
255 255;
255 265;
255 267;
255 269;
255 27;
255 271;
255 274;
255 276;
255 279;
255 280;
255 285;
255 286;
255 288;
255 29;
255 290;
255 293;
255 295;
255 297;
255 307;
255 308;
255 31;
255 317;
255 320;
255 322;
255 325;
255 327;
255 33;
255 331;
255 333;
255 336;
255 338;
255 340;
255 343;
255 358;
255 360;
255 362;
255 364;
255 37;
255 371;
255 373;
255 375;
255 378;
255 380;
255 383;
255 39;
255 390;
255 392;
255 395;
255 397;
255 400;
255 41;
255 410;
255 413;
255 418;
255 420;
255 422;
255 424;
255 426;
255 428;
255 43;
255 430;
255 432;
255 434;
255 436;
255 438;
255 439;
255 441;
255 443;
255 445;
255 447;
255 449;
255 45;
255 452;
255 454;
255 461;
255 464;
255 467;
255 469;
255 474;
255 476;
255 48;
255 489;
255 495;
255 496;
255 497;
255 50;
255 500;
255 501;
255 502;
255 505;
255 509;
255 511;
255 513;
255 515;
255 52;
255 524;
255 527;
255 529;
255 530;
255 531;
255 532;
255 534;
255 536;
255 538;
255 54;
255 540;
255 543;
255 547;
255 549;
255 551;
255 555;
255 558;
255 559;
255 56;
255 560;
255 561;
255 563;
255 565;
255 568;
255 572;
255 574;
255 576;
255 578;
255 580;
255 583;
255 591;
255 593;
255 595;
255 601;
255 603;
255 605;
255 607;
255 613;
255 617;
255 619;
255 621;
255 623;
255 625;
255 627;
255 630;
255 632;
255 635;
255 637;
255 639;
255 641;
255 643;
255 645;
255 647;
255 649;
255 651;
255 653;
255 66;
255 660;
255 674;
255 677;
255 679;
255 681;
255 683;
255 685;
255 687;
255 689;
255 691;
255 693;
255 695;
255 698;
255 700;
255 702;
255 704;
255 707;
255 709;
255 711;
255 713;
255 715;
255 717;
255 719;
255 722;
255 726;
255 728;
255 731;
255 733;
255 748;
255 76;
255 760;
255 762;
255 764;
255 766;
255 769;
255 771;
255 773;
255 775;
255 777;
255 78;
255 780;
255 782;
255 789;
255 793;
255 795;
255 797;
255 799;
255 802;
255 81;
255 83;
255 86;
255 88;
255 90;
255 93;
255 95;
255 97;
255 99;
258 102;
258 105;
258 108;
258 113;
258 115;
258 118;
258 121;
258 126;
258 130;
258 132;
258 135;
258 137;
258 139;
258 142;
258 146;
258 155;
258 159;
258 163;
258 168;
258 172;
258 174;
258 176;
258 180;
258 185;
258 189;
258 195;
258 198;
258 200;
258 204;
258 216;
258 218;
258 221;
258 223;
258 225;
258 229;
258 23;
258 233;
258 235;
258 237;
258 250;
258 254;
258 260;
258 266;
258 27;
258 270;
258 275;
258 279;
258 281;
258 284;
258 29;
258 302;
258 31;
258 311;
258 313;
258 317;
258 321;
258 325;
258 327;
258 329;
258 33;
258 332;
258 336;
258 339;
258 343;
258 347;
258 35;
258 351;
258 354;
258 359;
258 363;
258 369;
258 37;
258 371;
258 373;
258 375;
258 378;
258 380;
258 391;
258 396;
258 400;
258 403;
258 407;
258 41;
258 410;
258 413;
258 417;
258 420;
258 423;
258 428;
258 431;
258 435;
258 438;
258 44;
258 441;
258 444;
258 448;
258 450;
258 453;
258 465;
258 468;
258 475;
258 48;
258 481;
258 489;
258 503;
258 505;
258 507;
258 51;
258 510;
258 514;
258 520;
258 524;
258 526;
258 528;
258 535;
258 537;
258 539;
258 541;
258 546;
258 548;
258 55;
258 550;
258 552;
258 556;
258 564;
258 566;
258 571;
258 573;
258 575;
258 577;
258 579;
258 581;
258 586;
258 590;
258 593;
258 599;
258 6;
258 601;
258 603;
258 605;
258 607;
258 61;
258 610;
258 614;
258 617;
258 621;
258 624;
258 628;
258 631;
258 636;
258 641;
258 644;
258 648;
258 653;
258 657;
258 66;
258 661;
258 668;
258 675;
258 678;
258 68;
258 682;
258 687;
258 690;
258 694;
258 699;
258 703;
258 707;
258 71;
258 710;
258 715;
258 718;
258 722;
258 724;
258 727;
258 73;
258 732;
258 739;
258 747;
258 751;
258 754;
258 758;
258 761;
258 765;
258 769;
258 77;
258 772;
258 776;
258 780;
258 794;
258 798;
258 8;
258 802;
258 804;
258 807;
258 809;
258 82;
258 86;
258 88;
258 90;
258 94;
258 98;
261 293;
261 485;
261 491;
261 500;
261 542;
261 567;
261 582;
261 664;
261 670;
261 735;
261 741;
261 817;
262 103;
262 106;
262 111;
262 116;
262 119;
262 124;
262 140;
262 153;
262 166;
262 178;
262 187;
262 193;
262 21;
262 219;
262 227;
262 239;
262 248;
262 257;
262 264;
262 273;
262 293;
262 299;
262 319;
262 330;
262 337;
262 344;
262 347;
262 351;
262 357;
262 389;
262 39;
262 394;
262 418;
262 42;
262 421;
262 426;
262 429;
262 436;
262 439;
262 442;
262 451;
262 466;
262 473;
262 478;
262 485;
262 49;
262 491;
262 500;
262 508;
262 542;
262 567;
262 58;
262 582;
262 591;
262 619;
262 622;
262 629;
262 634;
262 639;
262 642;
262 651;
262 664;
262 670;
262 676;
262 685;
262 688;
262 697;
262 708;
262 713;
262 716;
262 725;
262 730;
262 735;
262 741;
262 748;
262 75;
262 759;
262 770;
262 792;
262 80;
262 92;
263 103;
263 106;
263 111;
263 114;
263 116;
263 119;
263 124;
263 129;
263 136;
263 140;
263 153;
263 166;
263 178;
263 184;
263 187;
263 193;
263 197;
263 21;
263 215;
263 219;
263 222;
263 227;
263 234;
263 248;
263 257;
263 264;
263 273;
263 28;
263 280;
263 294;
263 299;
263 316;
263 319;
263 326;
263 330;
263 337;
263 345;
263 349;
263 357;
263 36;
263 370;
263 377;
263 382;
263 389;
263 39;
263 394;
263 409;
263 412;
263 418;
263 42;
263 421;
263 426;
263 429;
263 434;
263 436;
263 439;
263 442;
263 447;
263 449;
263 451;
263 464;
263 466;
263 473;
263 478;
263 485;
263 49;
263 491;
263 500;
263 504;
263 508;
263 523;
263 527;
263 534;
263 536;
263 538;
263 540;
263 542;
263 547;
263 549;
263 551;
263 555;
263 563;
263 565;
263 567;
263 572;
263 574;
263 576;
263 578;
263 58;
263 580;
263 582;
263 591;
263 600;
263 613;
263 616;
263 619;
263 622;
263 627;
263 629;
263 634;
263 639;
263 642;
263 65;
263 651;
263 660;
263 664;
263 670;
263 674;
263 676;
263 685;
263 688;
263 697;
263 708;
263 713;
263 716;
263 721;
263 725;
263 730;
263 735;
263 741;
263 748;
263 75;
263 759;
263 770;
263 792;
263 80;
263 87;
263 92;
264 103;
264 106;
264 111;
264 114;
264 116;
264 119;
264 124;
264 129;
264 133;
264 136;
264 140;
264 153;
264 166;
264 173;
264 178;
264 184;
264 187;
264 193;
264 197;
264 205;
264 21;
264 215;
264 219;
264 222;
264 227;
264 234;
264 243;
264 248;
264 257;
264 264;
264 273;
264 28;
264 280;
264 282;
264 290;
264 293;
264 299;
264 310;
264 316;
264 319;
264 326;
264 330;
264 337;
264 353;
264 357;
264 36;
264 370;
264 377;
264 382;
264 389;
264 39;
264 394;
264 401;
264 409;
264 412;
264 415;
264 418;
264 42;
264 421;
264 426;
264 429;
264 434;
264 436;
264 439;
264 442;
264 447;
264 449;
264 451;
264 464;
264 466;
264 473;
264 478;
264 485;
264 49;
264 492;
264 496;
264 5;
264 500;
264 504;
264 508;
264 523;
264 527;
264 534;
264 536;
264 538;
264 540;
264 542;
264 547;
264 549;
264 551;
264 555;
264 563;
264 565;
264 567;
264 572;
264 574;
264 576;
264 578;
264 58;
264 580;
264 582;
264 591;
264 597;
264 600;
264 609;
264 613;
264 616;
264 619;
264 622;
264 627;
264 629;
264 634;
264 639;
264 642;
264 65;
264 651;
264 660;
264 664;
264 671;
264 674;
264 676;
264 685;
264 688;
264 69;
264 697;
264 708;
264 713;
264 716;
264 72;
264 721;
264 725;
264 730;
264 735;
264 742;
264 748;
264 75;
264 752;
264 759;
264 770;
264 792;
264 80;
264 803;
264 806;
264 87;
264 92;
265 201;
265 257;
265 299;
265 366;
265 478;
265 485;
265 517;
265 542;
265 567;
265 58;
265 582;
265 587;
265 654;
265 664;
265 735;
265 748;
265 755;
268 115;
268 130;
268 132;
268 137;
268 139;
268 174;
268 176;
268 185;
268 198;
268 200;
268 204;
268 216;
268 218;
268 223;
268 225;
268 235;
268 237;
268 260;
268 281;
268 29;
268 295;
268 302;
268 31;
268 311;
268 313;
268 317;
268 327;
268 329;
268 33;
268 346;
268 35;
268 350;
268 354;
268 369;
268 37;
268 371;
268 373;
268 375;
268 378;
268 380;
268 410;
268 413;
268 435;
268 448;
268 450;
268 465;
268 481;
268 503;
268 505;
268 507;
268 520;
268 524;
268 526;
268 528;
268 535;
268 537;
268 539;
268 541;
268 548;
268 550;
268 552;
268 556;
268 564;
268 566;
268 573;
268 575;
268 577;
268 579;
268 581;
268 590;
268 6;
268 601;
268 603;
268 605;
268 607;
268 61;
268 610;
268 614;
268 617;
268 628;
268 657;
268 66;
268 661;
268 675;
268 68;
268 722;
268 724;
268 73;
268 751;
268 758;
268 8;
268 804;
268 807;
268 809;
268 88;
268 90;
269 383;
270 11;
270 148;
270 151;
270 286;
270 287;
270 288;
270 297;
270 307;
270 308;
270 530;
270 531;
270 532;
270 558;
270 559;
270 560;
270 561;
270 595;
270 782;
270 817;
271 0;
271 18;
271 258;
271 259;
271 261;
271 262;
271 290;
271 300;
271 301;
271 303;
271 304;
271 461;
271 479;
271 481;
271 482;
271 483;
271 486;
271 487;
271 489;
271 491;
271 497;
271 544;
271 545;
271 569;
271 570;
271 584;
271 585;
271 59;
271 61;
271 62;
271 63;
271 665;
271 666;
271 668;
271 669;
271 670;
271 736;
271 737;
271 739;
271 741;
271 745;
271 746;
271 749;
271 750;
271 789;
271 817;
278 108;
278 111;
278 113;
278 116;
278 118;
278 121;
278 123;
278 125;
278 127;
278 129;
278 132;
278 134;
278 136;
278 138;
278 141;
278 143;
278 144;
278 146;
278 148;
278 150;
278 152;
278 154;
278 157;
278 173;
278 179;
278 181;
278 185;
278 188;
278 191;
278 204;
278 206;
278 208;
278 210;
278 213;
278 215;
278 217;
278 221;
278 226;
278 228;
278 230;
278 232;
278 235;
278 237;
278 239;
278 242;
278 244;
278 250;
278 252;
278 254;
278 256;
278 259;
278 261;
278 263;
278 265;
278 268;
278 270;
278 272;
278 274;
278 276;
278 278;
278 281;
278 283;
278 285;
278 287;
278 289;
278 29;
278 293;
278 295;
278 297;
278 300;
278 302;
278 31;
278 312;
278 313;
278 314;
278 315;
278 319;
278 326;
278 33;
278 332;
278 334;
278 337;
278 338;
278 346;
278 348;
278 350;
278 353;
278 355;
278 357;
278 359;
278 361;
278 363;
278 37;
278 373;
278 377;
278 38;
278 380;
278 382;
278 383;
278 385;
278 387;
278 39;
278 391;
278 393;
278 396;
278 401;
278 403;
278 407;
278 409;
278 411;
278 413;
278 416;
278 422;
278 424;
278 426;
278 428;
278 434;
278 437;
278 439;
278 440;
278 442;
278 443;
278 445;
278 451;
278 453;
278 457;
278 459;
278 46;
278 461;
278 463;
278 466;
278 468;
278 470;
278 473;
278 475;
278 479;
278 48;
278 481;
278 489;
278 498;
278 50;
278 504;
278 507;
278 513;
278 515;
278 517;
278 519;
278 52;
278 525;
278 527;
278 530;
278 532;
278 534;
278 535;
278 537;
278 539;
278 54;
278 541;
278 543;
278 545;
278 548;
278 550;
278 552;
278 554;
278 556;
278 557;
278 558;
278 559;
278 56;
278 560;
278 566;
278 571;
278 576;
278 577;
278 58;
278 580;
278 581;
278 59;
278 601;
278 604;
278 609;
278 61;
278 616;
278 618;
278 620;
278 621;
278 623;
278 625;
278 626;
278 628;
278 63;
278 630;
278 638;
278 640;
278 642;
278 644;
278 645;
278 647;
278 65;
278 650;
278 651;
278 652;
278 653;
278 655;
278 660;
278 662;
278 664;
278 666;
278 667;
278 668;
278 670;
278 672;
278 695;
278 696;
278 697;
278 698;
278 706;
278 708;
278 710;
278 711;
278 713;
278 714;
278 715;
278 718;
278 720;
278 723;
278 738;
278 740;
278 747;
278 749;
278 751;
278 754;
278 756;
278 758;
278 760;
278 767;
278 772;
278 774;
278 779;
278 780;
278 781;
278 782;
278 784;
278 788;
278 790;
278 793;
278 795;
278 798;
278 800;
278 802;
278 805;
279 0;
279 817;
281 103;
281 109;
281 112;
281 117;
281 122;
281 126;
281 13;
281 130;
281 133;
281 137;
281 143;
281 146;
281 149;
281 153;
281 157;
281 159;
281 164;
281 172;
281 174;
281 185;
281 187;
281 189;
281 19;
281 191;
281 193;
281 197;
281 201;
281 204;
281 208;
281 210;
281 213;
281 215;
281 218;
281 221;
281 223;
281 225;
281 228;
281 23;
281 231;
281 235;
281 238;
281 243;
281 248;
281 251;
281 255;
281 260;
281 264;
281 269;
281 273;
281 277;
281 282;
281 287;
281 295;
281 297;
281 301;
281 305;
281 307;
281 319;
281 321;
281 326;
281 333;
281 337;
281 34;
281 341;
281 343;
281 346;
281 348;
281 350;
281 354;
281 358;
281 363;
281 367;
281 374;
281 378;
281 382;
281 385;
281 387;
281 389;
281 392;
281 396;
281 408;
281 412;
281 416;
281 420;
281 423;
281 427;
281 432;
281 435;
281 439;
281 442;
281 445;
281 449;
281 451;
281 456;
281 459;
281 462;
281 466;
281 469;
281 47;
281 474;
281 480;
281 486;
281 489;
281 491;
281 495;
281 501;
281 505;
281 508;
281 51;
281 510;
281 514;
281 518;
281 531;
281 534;
281 537;
281 540;
281 544;
281 549;
281 55;
281 553;
281 564;
281 567;
281 586;
281 590;
281 596;
281 601;
281 608;
281 610;
281 612;
281 614;
281 617;
281 620;
281 622;
281 625;
281 627;
281 630;
281 634;
281 639;
281 641;
281 644;
281 646;
281 648;
281 656;
281 658;
281 662;
281 666;
281 672;
281 677;
281 685;
281 693;
281 704;
281 706;
281 71;
281 710;
281 713;
281 719;
281 723;
281 728;
281 736;
281 739;
281 744;
281 749;
281 756;
281 759;
281 763;
281 767;
281 769;
281 774;
281 778;
281 789;
281 79;
281 794;
281 798;
281 8;
281 801;
281 805;
281 808;
281 812;
281 87;
281 95;
284 105;
284 322;
284 328;
284 371;
284 5;
284 67;
284 673;
284 679;
284 687;
284 724;
284 73;
284 730;
284 81;
284 89;
284 97;
285 105;
285 110;
285 115;
285 120;
285 131;
285 141;
285 144;
285 147;
285 16;
285 19;
285 194;
285 197;
285 201;
285 206;
285 226;
285 229;
285 23;
285 236;
285 241;
285 249;
285 258;
285 267;
285 280;
285 285;
285 293;
285 299;
285 322;
285 328;
285 331;
285 338;
285 352;
285 36;
285 361;
285 364;
285 371;
285 374;
285 378;
285 380;
285 383;
285 390;
285 406;
285 421;
285 437;
285 440;
285 443;
285 45;
285 453;
285 457;
285 460;
285 467;
285 472;
285 478;
285 492;
285 512;
285 532;
285 535;
285 538;
285 547;
285 565;
285 587;
285 618;
285 623;
285 628;
285 631;
285 642;
285 660;
285 664;
285 67;
285 670;
285 673;
285 679;
285 687;
285 708;
285 711;
285 717;
285 724;
285 73;
285 730;
285 737;
285 747;
285 754;
285 757;
285 772;
285 787;
285 792;
285 799;
285 81;
285 89;
285 97;
286 105;
286 108;
286 110;
286 115;
286 120;
286 129;
286 131;
286 141;
286 144;
286 147;
286 156;
286 17;
286 173;
286 184;
286 188;
286 190;
286 195;
286 199;
286 203;
286 206;
286 209;
286 21;
286 212;
286 217;
286 220;
286 226;
286 229;
286 236;
286 241;
286 249;
286 258;
286 267;
286 280;
286 285;
286 293;
286 296;
286 299;
286 318;
286 322;
286 328;
286 33;
286 331;
286 338;
286 345;
286 352;
286 361;
286 364;
286 372;
286 376;
286 380;
286 383;
286 386;
286 390;
286 406;
286 421;
286 434;
286 437;
286 440;
286 443;
286 45;
286 450;
286 453;
286 457;
286 460;
286 467;
286 472;
286 478;
286 488;
286 492;
286 504;
286 507;
286 512;
286 530;
286 532;
286 535;
286 538;
286 547;
286 587;
286 600;
286 609;
286 616;
286 618;
286 621;
286 623;
286 626;
286 628;
286 631;
286 638;
286 640;
286 642;
286 645;
286 647;
286 655;
286 660;
286 664;
286 67;
286 670;
286 673;
286 679;
286 687;
286 705;
286 708;
286 711;
286 717;
286 724;
286 73;
286 730;
286 737;
286 747;
286 754;
286 757;
286 766;
286 772;
286 787;
286 792;
286 799;
286 81;
286 89;
286 97;
287 106;
287 108;
287 110;
287 115;
287 120;
287 129;
287 131;
287 141;
287 144;
287 147;
287 156;
287 173;
287 175;
287 184;
287 188;
287 190;
287 203;
287 206;
287 209;
287 212;
287 217;
287 220;
287 224;
287 226;
287 229;
287 236;
287 241;
287 246;
287 249;
287 25;
287 258;
287 267;
287 280;
287 285;
287 293;
287 296;
287 299;
287 304;
287 318;
287 322;
287 329;
287 33;
287 331;
287 338;
287 342;
287 345;
287 352;
287 361;
287 364;
287 380;
287 383;
287 386;
287 390;
287 397;
287 40;
287 406;
287 421;
287 430;
287 434;
287 437;
287 440;
287 443;
287 45;
287 450;
287 453;
287 457;
287 460;
287 467;
287 472;
287 478;
287 488;
287 492;
287 504;
287 507;
287 509;
287 512;
287 521;
287 530;
287 532;
287 535;
287 538;
287 547;
287 562;
287 565;
287 587;
287 600;
287 606;
287 609;
287 611;
287 616;
287 618;
287 621;
287 623;
287 626;
287 628;
287 63;
287 631;
287 638;
287 640;
287 642;
287 645;
287 647;
287 655;
287 657;
287 660;
287 664;
287 67;
287 670;
287 673;
287 680;
287 688;
287 705;
287 708;
287 711;
287 717;
287 724;
287 731;
287 737;
287 74;
287 742;
287 747;
287 754;
287 757;
287 762;
287 766;
287 772;
287 787;
287 792;
287 799;
287 806;
287 82;
287 90;
287 98;
288 160;
288 322;
288 338;
288 364;
288 417;
288 446;
288 453;
288 483;
288 492;
288 583;
288 587;
288 631;
288 67;
288 673;
288 701;
288 724;
288 775;
291 109;
291 13;
291 130;
291 157;
291 159;
291 174;
291 18;
291 185;
291 187;
291 189;
291 191;
291 193;
291 196;
291 200;
291 204;
291 210;
291 213;
291 215;
291 218;
291 22;
291 221;
291 223;
291 225;
291 297;
291 305;
291 307;
291 319;
291 321;
291 34;
291 341;
291 343;
291 346;
291 348;
291 350;
291 367;
291 373;
291 377;
291 387;
291 389;
291 420;
291 435;
291 449;
291 451;
291 456;
291 486;
291 489;
291 491;
291 495;
291 501;
291 505;
291 508;
291 510;
291 531;
291 586;
291 590;
291 596;
291 601;
291 610;
291 612;
291 614;
291 617;
291 622;
291 627;
291 634;
291 639;
291 641;
291 646;
291 648;
291 656;
291 658;
291 704;
291 706;
291 763;
291 767;
291 769;
291 778;
291 8;
293 289;
293 557;
293 558;
293 559;
293 560;
293 571;
293 576;
293 577;
293 581;
293 59;
293 60;
293 604;
293 61;
293 650;
293 651;
293 652;
293 653;
293 668;
293 715;
293 751;
294 101;
294 103;
294 105;
294 312;
294 314;
294 315;
294 323;
294 324;
294 326;
294 328;
294 339;
294 340;
294 365;
294 366;
294 368;
294 369;
294 454;
294 455;
294 493;
294 495;
294 496;
294 497;
294 499;
294 500;
294 588;
294 590;
294 592;
294 594;
294 596;
294 598;
294 632;
294 634;
294 635;
294 636;
294 674;
294 675;
294 677;
294 678;
294 682;
294 683;
294 685;
294 687;
294 69;
294 691;
294 692;
294 695;
294 697;
294 698;
294 71;
294 725;
294 726;
294 728;
294 73;
294 730;
294 734;
294 735;
294 77;
294 780;
294 781;
294 782;
294 784;
294 79;
294 81;
294 85;
294 87;
294 89;
294 93;
294 95;
294 97;
301 10;
301 103;
301 106;
301 108;
301 110;
301 112;
301 115;
301 117;
301 121;
301 123;
301 131;
301 133;
301 134;
301 135;
301 137;
301 139;
301 140;
301 142;
301 143;
301 144;
301 146;
301 147;
301 148;
301 150;
301 152;
301 156;
301 158;
301 161;
301 163;
301 17;
301 185;
301 187;
301 198;
301 20;
301 212;
301 214;
301 217;
301 219;
301 22;
301 221;
301 223;
301 226;
301 228;
301 231;
301 233;
301 236;
301 237;
301 238;
301 239;
301 24;
301 259;
301 26;
301 260;
301 261;
301 262;
301 264;
301 267;
301 269;
301 271;
301 273;
301 276;
301 278;
301 28;
301 281;
301 283;
301 286;
301 288;
301 291;
301 30;
301 303;
301 305;
301 307;
301 309;
301 31;
301 311;
301 313;
301 315;
301 317;
301 320;
301 322;
301 324;
301 326;
301 33;
301 345;
301 347;
301 349;
301 35;
301 351;
301 357;
301 359;
301 363;
301 365;
301 368;
301 370;
301 372;
301 375;
301 377;
301 379;
301 38;
301 381;
301 383;
301 384;
301 386;
301 387;
301 389;
301 399;
301 40;
301 404;
301 406;
301 41;
301 416;
301 418;
301 422;
301 424;
301 426;
301 428;
301 431;
301 433;
301 436;
301 438;
301 44;
301 440;
301 45;
301 455;
301 457;
301 458;
301 463;
301 465;
301 47;
301 481;
301 483;
301 486;
301 488;
301 491;
301 493;
301 496;
301 498;
301 500;
301 502;
301 503;
301 505;
301 510;
301 512;
301 514;
301 516;
301 519;
301 524;
301 528;
301 530;
301 535;
301 537;
301 539;
301 541;
301 550;
301 562;
301 564;
301 567;
301 579;
301 58;
301 590;
301 592;
301 594;
301 596;
301 60;
301 604;
301 608;
301 613;
301 615;
301 62;
301 625;
301 627;
301 631;
301 632;
301 633;
301 635;
301 638;
301 64;
301 640;
301 644;
301 647;
301 649;
301 66;
301 664;
301 669;
301 670;
301 672;
301 674;
301 676;
301 677;
301 678;
301 679;
301 68;
301 682;
301 684;
301 685;
301 686;
301 688;
301 689;
301 692;
301 694;
301 696;
301 698;
301 699;
301 70;
301 700;
301 705;
301 718;
301 72;
301 722;
301 724;
301 727;
301 731;
301 733;
301 749;
301 75;
301 751;
301 754;
301 761;
301 766;
301 768;
301 769;
301 77;
301 771;
301 772;
301 774;
301 775;
301 777;
301 778;
301 779;
301 780;
301 782;
301 784;
301 786;
301 788;
301 789;
301 79;
301 790;
301 791;
301 793;
301 81;
301 85;
301 87;
304 107;
304 111;
304 116;
304 122;
304 128;
304 132;
304 139;
304 141;
304 15;
304 157;
304 161;
304 163;
304 168;
304 17;
304 174;
304 180;
304 186;
304 192;
304 196;
304 202;
304 205;
304 209;
304 21;
304 213;
304 218;
304 222;
304 227;
304 246;
304 25;
304 254;
304 269;
304 272;
304 277;
304 282;
304 287;
304 29;
304 291;
304 294;
304 297;
304 299;
304 304;
304 308;
304 313;
304 316;
304 321;
304 326;
304 331;
304 339;
304 346;
304 350;
304 364;
304 368;
304 376;
304 380;
304 383;
304 386;
304 389;
304 394;
304 400;
304 404;
304 406;
304 41;
304 411;
304 423;
304 427;
304 432;
304 436;
304 439;
304 446;
304 45;
304 454;
304 457;
304 461;
304 464;
304 471;
304 479;
304 48;
304 481;
304 483;
304 487;
304 492;
304 497;
304 502;
304 505;
304 508;
304 511;
304 515;
304 524;
304 526;
304 528;
304 530;
304 536;
304 540;
304 546;
304 551;
304 556;
304 563;
304 567;
304 571;
304 577;
304 579;
304 581;
304 585;
304 591;
304 595;
304 601;
304 604;
304 606;
304 612;
304 615;
304 620;
304 627;
304 629;
304 63;
304 636;
304 640;
304 643;
304 645;
304 649;
304 655;
304 663;
304 665;
304 668;
304 67;
304 674;
304 684;
304 693;
304 698;
304 71;
304 718;
304 720;
304 723;
304 727;
304 729;
304 732;
304 739;
304 747;
304 75;
304 750;
304 768;
304 77;
304 771;
304 774;
304 777;
304 784;
304 786;
304 79;
304 799;
304 804;
304 807;
304 809;
304 81;
304 83;
304 86;
304 92;
304 98;
305 0;
305 817;
307 150;
307 242;
307 248;
307 256;
307 327;
307 333;
307 341;
307 38;
307 390;
307 396;
307 442;
307 448;
307 467;
307 473;
307 552;
307 558;
307 58;
307 616;
307 622;
307 651;
307 657;
307 735;
307 741;
308 105;
308 114;
308 120;
308 137;
308 150;
308 155;
308 165;
308 184;
308 19;
308 211;
308 216;
308 225;
308 242;
308 248;
308 256;
308 267;
308 270;
308 275;
308 280;
308 285;
308 302;
308 311;
308 314;
308 319;
308 324;
308 327;
308 333;
308 341;
308 344;
308 362;
308 374;
308 38;
308 381;
308 384;
308 387;
308 390;
308 396;
308 41;
308 421;
308 430;
308 437;
308 442;
308 448;
308 45;
308 455;
308 458;
308 462;
308 467;
308 473;
308 485;
308 490;
308 495;
308 500;
308 503;
308 509;
308 534;
308 543;
308 552;
308 558;
308 561;
308 58;
308 582;
308 589;
308 61;
308 613;
308 616;
308 622;
308 625;
308 638;
308 647;
308 651;
308 657;
308 672;
308 682;
308 691;
308 696;
308 721;
308 730;
308 735;
308 741;
308 748;
308 766;
308 769;
308 772;
308 775;
308 782;
308 796;
308 84;
308 89;
309 105;
309 114;
309 120;
309 131;
309 137;
309 140;
309 151;
309 155;
309 16;
309 160;
309 165;
309 184;
309 19;
309 211;
309 216;
309 225;
309 242;
309 248;
309 256;
309 267;
309 270;
309 275;
309 28;
309 280;
309 285;
309 290;
309 302;
309 311;
309 314;
309 319;
309 324;
309 327;
309 333;
309 341;
309 344;
309 362;
309 374;
309 379;
309 381;
309 384;
309 387;
309 39;
309 390;
309 396;
309 399;
309 403;
309 421;
309 43;
309 430;
309 437;
309 442;
309 448;
309 455;
309 458;
309 462;
309 467;
309 47;
309 473;
309 480;
309 485;
309 490;
309 495;
309 500;
309 503;
309 509;
309 523;
309 527;
309 534;
309 543;
309 550;
309 552;
309 558;
309 561;
309 568;
309 578;
309 582;
309 589;
309 59;
309 603;
309 61;
309 613;
309 616;
309 622;
309 625;
309 635;
309 638;
309 644;
309 647;
309 651;
309 657;
309 664;
309 672;
309 682;
309 691;
309 696;
309 702;
309 717;
309 721;
309 726;
309 730;
309 735;
309 741;
309 748;
309 76;
309 766;
309 769;
309 772;
309 775;
309 782;
309 785;
309 796;
309 84;
309 89;
310 105;
310 114;
310 120;
310 13;
310 131;
310 137;
310 140;
310 150;
310 155;
310 16;
310 160;
310 165;
310 184;
310 19;
310 195;
310 200;
310 203;
310 211;
310 216;
310 225;
310 242;
310 249;
310 257;
310 267;
310 270;
310 275;
310 28;
310 280;
310 285;
310 290;
310 293;
310 296;
310 302;
310 311;
310 314;
310 319;
310 324;
310 327;
310 334;
310 342;
310 344;
310 35;
310 353;
310 362;
310 374;
310 379;
310 38;
310 381;
310 384;
310 387;
310 390;
310 397;
310 399;
310 403;
310 412;
310 421;
310 430;
310 437;
310 442;
310 449;
310 455;
310 458;
310 462;
310 467;
310 47;
310 474;
310 480;
310 485;
310 490;
310 495;
310 500;
310 503;
310 506;
310 509;
310 523;
310 527;
310 53;
310 534;
310 543;
310 550;
310 552;
310 559;
310 561;
310 578;
310 58;
310 582;
310 589;
310 603;
310 61;
310 610;
310 613;
310 616;
310 623;
310 625;
310 628;
310 635;
310 638;
310 641;
310 644;
310 647;
310 651;
310 658;
310 664;
310 666;
310 672;
310 682;
310 691;
310 696;
310 702;
310 717;
310 721;
310 726;
310 730;
310 735;
310 742;
310 748;
310 76;
310 766;
310 769;
310 772;
310 775;
310 782;
310 785;
310 796;
310 803;
310 806;
310 84;
310 89;
311 125;
311 165;
311 189;
311 242;
311 327;
311 390;
311 408;
311 442;
311 458;
311 467;
311 543;
311 552;
311 568;
311 582;
311 598;
311 616;
311 651;
311 735;
311 796;
311 89;
314 128;
314 132;
314 141;
314 152;
314 161;
314 163;
314 168;
314 17;
314 174;
314 180;
314 192;
314 196;
314 29;
314 291;
314 294;
314 297;
314 299;
314 380;
314 40;
314 400;
314 404;
314 406;
314 411;
314 44;
314 461;
314 48;
314 481;
314 483;
314 524;
314 526;
314 528;
314 530;
314 546;
314 551;
314 571;
314 577;
314 579;
314 581;
314 585;
314 60;
314 601;
314 604;
314 606;
314 629;
314 636;
314 645;
314 665;
314 718;
314 720;
314 727;
314 729;
314 77;
314 786;
314 79;
314 799;
314 804;
314 807;
314 809;
314 81;
314 83;
314 92;
314 98;
316 103;
316 134;
316 135;
316 143;
316 144;
316 147;
316 148;
316 198;
316 231;
316 233;
316 31;
316 32;
316 33;
316 370;
316 372;
316 519;
316 608;
316 632;
316 633;
316 670;
316 686;
316 689;
316 700;
316 754;
316 779;
317 10;
317 100;
317 166;
317 168;
317 170;
317 172;
317 174;
317 176;
317 178;
317 179;
317 181;
317 182;
317 236;
317 238;
317 239;
317 243;
317 244;
317 246;
317 247;
317 248;
317 251;
317 252;
317 254;
317 255;
317 256;
317 260;
317 261;
317 262;
317 264;
317 328;
317 329;
317 331;
317 332;
317 333;
317 336;
317 337;
317 339;
317 340;
317 341;
317 35;
317 391;
317 392;
317 394;
317 395;
317 396;
317 443;
317 444;
317 446;
317 448;
317 452;
317 453;
317 459;
317 460;
317 468;
317 469;
317 471;
317 473;
317 477;
317 478;
317 544;
317 545;
317 547;
317 548;
317 553;
317 554;
317 556;
317 557;
317 558;
317 569;
317 572;
317 575;
317 583;
317 584;
317 586;
317 587;
317 617;
317 618;
317 620;
317 621;
317 622;
317 652;
317 653;
317 655;
317 656;
317 657;
317 660;
317 661;
317 662;
317 676;
317 678;
317 679;
317 736;
317 737;
317 739;
317 741;
317 745;
317 746;
317 761;
317 780;
317 789;
317 790;
317 791;
317 793;
317 797;
317 798;
317 800;
317 801;
317 90;
317 92;
317 94;
317 96;
317 98;
324 100;
324 103;
324 105;
324 108;
324 110;
324 112;
324 127;
324 129;
324 131;
324 132;
324 133;
324 134;
324 136;
324 138;
324 139;
324 141;
324 143;
324 144;
324 149;
324 165;
324 167;
324 169;
324 172;
324 174;
324 175;
324 177;
324 178;
324 18;
324 180;
324 186;
324 188;
324 20;
324 211;
324 213;
324 214;
324 215;
324 216;
324 219;
324 220;
324 221;
324 226;
324 23;
324 230;
324 233;
324 249;
324 25;
324 251;
324 253;
324 255;
324 256;
324 258;
324 259;
324 263;
324 267;
324 269;
324 270;
324 272;
324 282;
324 284;
324 286;
324 29;
324 293;
324 295;
324 304;
324 306;
324 308;
324 309;
324 31;
324 310;
324 311;
324 313;
324 317;
324 318;
324 319;
324 320;
324 324;
324 326;
324 327;
324 328;
324 329;
324 33;
324 331;
324 335;
324 337;
324 340;
324 342;
324 344;
324 35;
324 350;
324 352;
324 359;
324 361;
324 369;
324 37;
324 374;
324 378;
324 380;
324 381;
324 383;
324 385;
324 386;
324 39;
324 390;
324 392;
324 393;
324 395;
324 398;
324 400;
324 404;
324 41;
324 421;
324 425;
324 429;
324 431;
324 433;
324 435;
324 436;
324 438;
324 439;
324 44;
324 440;
324 441;
324 442;
324 444;
324 448;
324 449;
324 450;
324 451;
324 455;
324 457;
324 458;
324 46;
324 461;
324 463;
324 470;
324 472;
324 473;
324 475;
324 48;
324 485;
324 487;
324 488;
324 490;
324 50;
324 500;
324 504;
324 506;
324 507;
324 512;
324 52;
324 526;
324 528;
324 533;
324 539;
324 54;
324 56;
324 578;
324 58;
324 580;
324 585;
324 59;
324 601;
324 603;
324 607;
324 61;
324 614;
324 616;
324 618;
324 619;
324 62;
324 622;
324 623;
324 63;
324 630;
324 632;
324 633;
324 635;
324 637;
324 64;
324 642;
324 658;
324 659;
324 66;
324 661;
324 663;
324 665;
324 672;
324 68;
324 69;
324 695;
324 697;
324 698;
324 699;
324 702;
324 704;
324 707;
324 709;
324 711;
324 716;
324 728;
324 729;
324 731;
324 732;
324 735;
324 74;
324 743;
324 747;
324 749;
324 751;
324 753;
324 755;
324 756;
324 758;
324 760;
324 762;
324 764;
324 766;
324 770;
324 777;
324 779;
324 780;
324 782;
324 787;
324 788;
324 789;
324 792;
324 793;
324 794;
324 795;
324 809;
324 811;
324 91;
324 98;
327 104;
327 108;
327 111;
327 117;
327 12;
327 123;
327 128;
327 130;
327 138;
327 140;
327 143;
327 145;
327 160;
327 170;
327 174;
327 178;
327 181;
327 184;
327 187;
327 194;
327 202;
327 210;
327 213;
327 222;
327 226;
327 228;
327 23;
327 230;
327 232;
327 234;
327 239;
327 247;
327 25;
327 255;
327 258;
327 262;
327 264;
327 269;
327 27;
327 272;
327 277;
327 284;
327 293;
327 295;
327 299;
327 30;
327 324;
327 336;
327 34;
327 340;
327 343;
327 347;
327 353;
327 357;
327 360;
327 369;
327 377;
327 38;
327 381;
327 385;
327 389;
327 392;
327 395;
327 398;
327 400;
327 404;
327 408;
327 412;
327 42;
327 425;
327 427;
327 429;
327 431;
327 435;
327 438;
327 45;
327 457;
327 459;
327 462;
327 468;
327 472;
327 475;
327 480;
327 487;
327 49;
327 490;
327 495;
327 503;
327 507;
327 528;
327 53;
327 531;
327 533;
327 536;
327 543;
327 548;
327 556;
327 564;
327 572;
327 579;
327 58;
327 61;
327 614;
327 619;
327 623;
327 628;
327 632;
327 635;
327 637;
327 656;
327 663;
327 672;
327 678;
327 686;
327 694;
327 697;
327 70;
327 703;
327 707;
327 709;
327 711;
327 735;
327 737;
327 74;
327 749;
327 755;
327 758;
327 761;
327 765;
327 769;
327 773;
327 775;
327 780;
327 785;
327 8;
327 800;
327 804;
327 81;
327 89;
327 91;
327 93;
330 175;
330 190;
330 196;
330 204;
330 219;
330 235;
330 241;
330 273;
330 279;
330 365;
330 371;
330 378;
330 476;
330 482;
330 491;
330 497;
330 504;
330 544;
330 550;
330 558;
330 566;
330 574;
330 616;
330 66;
330 674;
330 680;
330 688;
330 77;
330 777;
330 83;
331 102;
331 109;
331 114;
331 12;
331 136;
331 141;
331 172;
331 175;
331 178;
331 185;
331 190;
331 196;
331 204;
331 211;
331 219;
331 235;
331 241;
331 253;
331 256;
331 259;
331 267;
331 270;
331 273;
331 279;
331 28;
331 282;
331 334;
331 341;
331 358;
331 365;
331 371;
331 374;
331 378;
331 381;
331 383;
331 386;
331 390;
331 393;
331 409;
331 43;
331 433;
331 436;
331 455;
331 460;
331 470;
331 473;
331 476;
331 482;
331 485;
331 488;
331 491;
331 497;
331 5;
331 500;
331 504;
331 507;
331 526;
331 544;
331 550;
331 558;
331 56;
331 566;
331 574;
331 577;
331 59;
331 616;
331 619;
331 623;
331 630;
331 633;
331 66;
331 661;
331 674;
331 680;
331 688;
331 695;
331 701;
331 747;
331 753;
331 756;
331 759;
331 766;
331 77;
331 770;
331 777;
331 780;
331 782;
331 8;
331 83;
332 10;
332 102;
332 109;
332 114;
332 127;
332 129;
332 136;
332 139;
332 141;
332 144;
332 148;
332 169;
332 172;
332 176;
332 180;
332 185;
332 190;
332 196;
332 204;
332 211;
332 219;
332 22;
332 225;
332 229;
332 233;
332 235;
332 241;
332 253;
332 256;
332 259;
332 263;
332 267;
332 270;
332 273;
332 279;
332 28;
332 282;
332 285;
332 292;
332 323;
332 334;
332 341;
332 352;
332 358;
332 365;
332 371;
332 374;
332 379;
332 383;
332 386;
332 390;
332 393;
332 397;
332 403;
332 409;
332 41;
332 424;
332 428;
332 43;
332 433;
332 436;
332 455;
332 458;
332 460;
332 470;
332 473;
332 476;
332 482;
332 485;
332 488;
332 491;
332 497;
332 500;
332 505;
332 509;
332 526;
332 532;
332 544;
332 550;
332 558;
332 56;
332 566;
332 574;
332 577;
332 582;
332 59;
332 6;
332 606;
332 613;
332 617;
332 621;
332 630;
332 633;
332 636;
332 639;
332 661;
332 664;
332 67;
332 671;
332 674;
332 680;
332 688;
332 69;
332 695;
332 701;
332 706;
332 713;
332 73;
332 734;
332 747;
332 753;
332 756;
332 759;
332 764;
332 766;
332 77;
332 770;
332 778;
332 782;
332 83;
332 90;
333 102;
333 109;
333 114;
333 127;
333 129;
333 136;
333 139;
333 14;
333 141;
333 144;
333 148;
333 161;
333 169;
333 172;
333 175;
333 180;
333 182;
333 185;
333 190;
333 197;
333 205;
333 211;
333 219;
333 22;
333 225;
333 229;
333 233;
333 235;
333 242;
333 253;
333 256;
333 259;
333 263;
333 267;
333 270;
333 273;
333 28;
333 280;
333 282;
333 285;
333 292;
333 297;
333 300;
333 323;
333 334;
333 341;
333 346;
333 352;
333 358;
333 365;
333 372;
333 374;
333 378;
333 383;
333 386;
333 390;
333 393;
333 397;
333 403;
333 406;
333 409;
333 41;
333 424;
333 428;
333 43;
333 433;
333 436;
333 455;
333 458;
333 460;
333 470;
333 473;
333 476;
333 483;
333 485;
333 488;
333 491;
333 498;
333 500;
333 504;
333 509;
333 526;
333 529;
333 532;
333 535;
333 542;
333 544;
333 551;
333 559;
333 56;
333 567;
333 575;
333 577;
333 582;
333 59;
333 597;
333 606;
333 613;
333 616;
333 630;
333 633;
333 636;
333 639;
333 654;
333 66;
333 661;
333 664;
333 671;
333 674;
333 681;
333 689;
333 69;
333 695;
333 701;
333 706;
333 713;
333 73;
333 734;
333 747;
333 753;
333 756;
333 759;
333 764;
333 766;
333 77;
333 770;
333 774;
333 777;
333 782;
333 798;
333 805;
333 84;
333 90;
333 94;
334 114;
334 157;
334 190;
334 235;
334 244;
334 259;
334 273;
334 354;
334 365;
334 374;
334 386;
334 409;
334 465;
334 476;
334 491;
334 500;
334 544;
334 625;
334 674;
334 766;
334 77;
334 770;
334 782;
334 801;
337 11;
337 117;
337 123;
337 128;
337 130;
337 140;
337 145;
337 160;
337 170;
337 177;
337 181;
337 222;
337 226;
337 228;
337 23;
337 230;
337 232;
337 234;
337 247;
337 25;
337 262;
337 264;
337 27;
337 293;
337 295;
337 324;
337 347;
337 353;
337 357;
337 377;
337 380;
337 389;
337 398;
337 400;
337 404;
337 412;
337 42;
337 425;
337 427;
337 429;
337 431;
337 459;
337 468;
337 503;
337 506;
337 533;
337 536;
337 543;
337 614;
337 618;
337 622;
337 628;
337 637;
337 672;
337 68;
337 7;
337 70;
337 707;
337 709;
337 711;
337 735;
337 737;
337 74;
337 765;
337 769;
337 773;
337 775;
337 779;
337 785;
337 804;
337 91;
337 93;
338 286;
338 607;
338 665;
339 132;
339 133;
339 134;
339 215;
339 216;
339 249;
339 251;
339 350;
339 539;
339 63;
339 64;
339 659;
339 699;
339 729;
339 732;
339 751;
339 787;
340 115;
340 117;
340 118;
340 119;
340 121;
340 123;
340 124;
340 125;
340 191;
340 192;
340 194;
340 195;
340 199;
340 200;
340 202;
340 204;
340 208;
340 209;
340 236;
340 237;
340 239;
340 240;
340 241;
340 260;
340 261;
340 274;
340 275;
340 277;
340 278;
340 279;
340 309;
340 310;
340 311;
340 313;
340 317;
340 319;
340 320;
340 327;
340 328;
340 329;
340 331;
340 366;
340 367;
340 369;
340 371;
340 375;
340 376;
340 387;
340 388;
340 410;
340 412;
340 413;
340 414;
340 421;
340 440;
340 441;
340 442;
340 444;
340 448;
340 450;
340 451;
340 477;
340 478;
340 480;
340 481;
340 482;
340 492;
340 493;
340 495;
340 496;
340 497;
340 501;
340 502;
340 545;
340 546;
340 548;
340 550;
340 553;
340 554;
340 556;
340 558;
340 561;
340 562;
340 564;
340 566;
340 570;
340 572;
340 574;
340 675;
340 676;
340 678;
340 679;
340 683;
340 684;
340 686;
340 688;
340 692;
340 693;
340 743;
340 767;
340 768;
340 771;
340 772;
340 78;
340 783;
340 784;
340 788;
340 79;
340 792;
340 794;
340 795;
340 81;
340 82;
340 83;
340 86;
340 87;
340 88;
347 102;
347 103;
347 107;
347 108;
347 111;
347 112;
347 113;
347 118;
347 127;
347 128;
347 132;
347 133;
347 136;
347 137;
347 138;
347 143;
347 145;
347 148;
347 149;
347 153;
347 154;
347 157;
347 158;
347 159;
347 16;
347 164;
347 173;
347 174;
347 178;
347 179;
347 182;
347 183;
347 184;
347 189;
347 191;
347 200;
347 202;
347 225;
347 226;
347 236;
347 237;
347 239;
347 251;
347 252;
347 253;
347 254;
347 278;
347 279;
347 283;
347 284;
347 287;
347 288;
347 289;
347 294;
347 296;
347 303;
347 307;
347 309;
347 311;
347 312;
347 313;
347 314;
347 316;
347 337;
347 339;
347 342;
347 345;
347 347;
347 350;
347 354;
347 356;
347 359;
347 361;
347 363;
347 366;
347 379;
347 384;
347 390;
347 394;
347 398;
347 400;
347 403;
347 405;
347 408;
347 409;
347 413;
347 419;
347 421;
347 424;
347 426;
347 428;
347 430;
347 432;
347 439;
347 443;
347 445;
347 447;
347 448;
347 451;
347 453;
347 467;
347 470;
347 477;
347 479;
347 481;
347 484;
347 492;
347 495;
347 504;
347 505;
347 509;
347 510;
347 513;
347 514;
347 515;
347 520;
347 527;
347 528;
347 532;
347 533;
347 536;
347 537;
347 538;
347 543;
347 552;
347 553;
347 557;
347 558;
347 561;
347 562;
347 563;
347 568;
347 570;
347 575;
347 58;
347 599;
347 60;
347 601;
347 616;
347 617;
347 621;
347 622;
347 625;
347 626;
347 627;
347 632;
347 65;
347 659;
347 660;
347 670;
347 671;
347 673;
347 685;
347 686;
347 687;
347 688;
347 712;
347 713;
347 717;
347 718;
347 721;
347 722;
347 723;
347 728;
347 735;
347 737;
347 739;
347 741;
347 744;
347 760;
347 763;
347 767;
347 771;
347 773;
347 776;
347 778;
347 78;
347 780;
347 782;
347 784;
347 787;
347 789;
347 791;
347 794;
347 797;
347 799;
347 80;
347 802;
347 83;
347 85;
347 88;
347 89;
347 9;
347 90;
347 92;
347 94;
347 95;
347 97;
348 105;
348 130;
348 151;
348 176;
348 240;
348 281;
348 507;
348 530;
348 555;
348 619;
348 674;
348 715;
350 195;
350 24;
350 308;
350 32;
350 323;
350 331;
350 338;
350 342;
350 346;
350 350;
350 352;
350 354;
350 356;
350 360;
350 364;
350 366;
350 379;
350 384;
350 386;
350 390;
350 394;
350 399;
350 40;
350 404;
350 408;
350 410;
350 413;
350 417;
350 419;
350 421;
350 425;
350 429;
350 433;
350 443;
350 448;
350 467;
350 477;
350 48;
350 480;
350 482;
350 493;
350 56;
350 589;
350 59;
350 591;
350 594;
350 596;
350 6;
350 600;
350 606;
350 612;
350 736;
350 740;
350 754;
350 758;
350 760;
350 767;
350 769;
350 772;
350 776;
350 779;
350 783;
350 787;
350 79;
350 790;
350 794;
350 798;
350 802;
350 804;
350 807;
350 809;
350 84;
350 88;
353 20;
353 26;
353 319;
353 325;
353 333;
353 34;
353 42;
353 445;
353 50;
354 20;
354 26;
354 270;
354 306;
354 319;
354 325;
354 333;
354 336;
354 34;
354 344;
354 358;
354 397;
354 402;
354 42;
354 423;
354 445;
354 448;
354 50;
354 57;
354 598;
354 704;
354 734;
354 77;
354 770;
354 777;
354 788;
354 796;
354 82;
355 120;
355 166;
355 20;
355 26;
355 306;
355 319;
355 325;
355 333;
355 336;
355 34;
355 341;
355 344;
355 349;
355 353;
355 358;
355 363;
355 365;
355 378;
355 383;
355 389;
355 393;
355 397;
355 402;
355 409;
355 412;
355 418;
355 42;
355 423;
355 432;
355 442;
355 446;
355 450;
355 466;
355 469;
355 476;
355 479;
355 481;
355 483;
355 492;
355 494;
355 50;
355 522;
355 545;
355 57;
355 572;
355 598;
355 62;
355 734;
355 743;
355 759;
355 766;
355 77;
355 770;
355 777;
355 788;
355 793;
355 796;
355 82;
356 193;
356 196;
356 20;
356 204;
356 27;
356 270;
356 306;
356 319;
356 326;
356 334;
356 336;
356 341;
356 344;
356 349;
356 35;
356 353;
356 358;
356 363;
356 365;
356 372;
356 378;
356 383;
356 389;
356 393;
356 397;
356 402;
356 409;
356 412;
356 415;
356 418;
356 423;
356 43;
356 432;
356 442;
356 445;
356 459;
356 466;
356 469;
356 476;
356 479;
356 481;
356 483;
356 492;
356 494;
356 5;
356 51;
356 57;
356 572;
356 587;
356 590;
356 593;
356 598;
356 603;
356 62;
356 634;
356 638;
356 704;
356 730;
356 734;
356 743;
356 752;
356 759;
356 766;
356 77;
356 770;
356 777;
356 788;
356 793;
356 796;
356 803;
356 806;
356 82;
357 20;
357 319;
357 603;
357 755;
360 342;
360 350;
360 352;
360 354;
360 356;
360 364;
360 366;
360 379;
360 384;
360 386;
360 390;
360 394;
360 410;
360 413;
360 419;
360 421;
360 433;
360 443;
360 447;
360 451;
360 467;
360 477;
360 480;
360 482;
360 493;
360 591;
360 594;
360 596;
360 6;
360 606;
360 612;
360 758;
360 760;
360 767;
360 769;
360 794;
360 804;
360 807;
360 809;
361 470;
362 102;
362 108;
362 111;
362 118;
362 127;
362 133;
362 136;
362 143;
362 145;
362 148;
362 154;
362 157;
362 164;
362 173;
362 179;
362 182;
362 189;
362 191;
362 225;
362 251;
362 253;
362 278;
362 284;
362 287;
362 294;
362 296;
362 453;
362 504;
362 510;
362 513;
362 520;
362 527;
362 533;
362 536;
362 543;
362 552;
362 558;
362 561;
362 568;
362 570;
362 616;
362 622;
362 625;
362 632;
362 659;
362 685;
362 687;
362 712;
362 718;
362 721;
362 728;
362 763;
362 9;
362 90;
362 92;
362 95;
362 97;
363 106;
363 112;
363 131;
363 137;
363 152;
363 158;
363 16;
363 177;
363 183;
363 22;
363 224;
363 235;
363 24;
363 241;
363 254;
363 26;
363 282;
363 288;
363 30;
363 303;
363 312;
363 313;
363 314;
363 316;
363 32;
363 320;
363 321;
363 323;
363 324;
363 328;
363 329;
363 331;
363 333;
363 34;
363 38;
363 40;
363 42;
363 439;
363 46;
363 48;
363 50;
363 508;
363 514;
363 531;
363 537;
363 54;
363 55;
363 556;
363 562;
363 605;
363 611;
363 620;
363 626;
363 658;
363 669;
363 675;
363 688;
363 716;
363 722;
370 101;
370 103;
370 107;
370 109;
370 111;
370 113;
370 116;
370 117;
370 121;
370 122;
370 125;
370 126;
370 127;
370 132;
370 141;
370 142;
370 146;
370 147;
370 150;
370 151;
370 152;
370 157;
370 16;
370 164;
370 166;
370 169;
370 175;
370 179;
370 18;
370 181;
370 184;
370 187;
370 188;
370 200;
370 202;
370 205;
370 206;
370 210;
370 211;
370 214;
370 215;
370 216;
370 22;
370 221;
370 230;
370 231;
370 235;
370 236;
370 239;
370 240;
370 241;
370 246;
370 248;
370 251;
370 252;
370 256;
370 257;
370 26;
370 260;
370 261;
370 262;
370 267;
370 274;
370 275;
370 279;
370 280;
370 283;
370 284;
370 285;
370 290;
370 297;
370 299;
370 30;
370 301;
370 302;
370 303;
370 304;
370 306;
370 310;
370 312;
370 321;
370 323;
370 326;
370 335;
370 337;
370 340;
370 342;
370 352;
370 354;
370 357;
370 380;
370 381;
370 382;
370 404;
370 410;
370 412;
370 414;
370 416;
370 422;
370 424;
370 426;
370 428;
370 431;
370 435;
370 437;
370 439;
370 441;
370 449;
370 451;
370 452;
370 456;
370 485;
370 500;
370 516;
370 517;
370 521;
370 522;
370 525;
370 526;
370 527;
370 532;
370 534;
370 537;
370 538;
370 542;
370 543;
370 547;
370 548;
370 553;
370 562;
370 563;
370 567;
370 568;
370 571;
370 572;
370 573;
370 578;
370 580;
370 583;
370 584;
370 588;
370 589;
370 592;
370 593;
370 594;
370 599;
370 608;
370 615;
370 621;
370 622;
370 626;
370 627;
370 630;
370 631;
370 632;
370 637;
370 644;
370 645;
370 649;
370 650;
370 653;
370 654;
370 655;
370 660;
370 667;
370 668;
370 67;
370 672;
370 673;
370 676;
370 677;
370 678;
370 683;
370 690;
370 691;
370 695;
370 696;
370 699;
370 700;
370 701;
370 706;
370 715;
370 733;
370 746;
370 749;
370 751;
370 778;
370 784;
370 79;
370 797;
370 80;
370 808;
370 810;
370 82;
370 85;
370 86;
370 88;
371 119;
371 144;
371 208;
371 233;
371 254;
371 277;
371 519;
371 540;
371 565;
371 586;
371 624;
371 647;
371 670;
371 693;
373 108;
373 11;
373 112;
373 165;
373 169;
373 180;
373 191;
373 194;
373 196;
373 201;
373 22;
373 24;
373 26;
373 28;
373 298;
373 311;
373 316;
373 338;
373 341;
373 347;
373 353;
373 357;
373 36;
373 362;
373 370;
373 378;
373 388;
373 394;
373 399;
373 401;
373 405;
373 407;
373 411;
373 415;
373 420;
373 423;
373 427;
373 431;
373 436;
373 44;
373 440;
373 446;
373 451;
373 453;
373 456;
373 459;
373 463;
373 469;
373 477;
373 480;
373 513;
373 52;
373 60;
373 7;
373 728;
373 746;
373 748;
373 751;
373 756;
373 764;
373 772;
373 778;
373 780;
373 797;
373 799;
373 803;
373 92;
373 96;
376 32;
376 358;
376 364;
376 372;
376 38;
376 46;
376 465;
376 471;
376 54;
376 752;
376 758;
376 766;
376 774;
377 106;
377 163;
377 178;
377 199;
377 296;
377 309;
377 32;
377 339;
377 344;
377 351;
377 358;
377 364;
377 372;
377 38;
377 385;
377 409;
377 421;
377 434;
377 449;
377 46;
377 54;
377 57;
377 749;
377 752;
377 758;
377 766;
377 774;
378 106;
378 134;
378 159;
378 163;
378 178;
378 199;
378 21;
378 223;
378 25;
378 269;
378 296;
378 309;
378 32;
378 325;
378 337;
378 339;
378 344;
378 351;
378 358;
378 364;
378 372;
378 38;
378 385;
378 404;
378 409;
378 421;
378 430;
378 434;
378 449;
378 452;
378 455;
378 46;
378 482;
378 497;
378 54;
378 555;
378 57;
378 601;
378 64;
378 712;
378 730;
378 745;
378 749;
378 752;
378 758;
378 766;
378 774;
378 777;
378 781;
378 796;
379 106;
379 12;
379 163;
379 178;
379 190;
379 193;
379 199;
379 21;
379 25;
379 292;
379 296;
379 309;
379 314;
379 317;
379 32;
379 325;
379 337;
379 339;
379 344;
379 351;
379 358;
379 365;
379 373;
379 381;
379 385;
379 39;
379 398;
379 404;
379 406;
379 409;
379 418;
379 421;
379 430;
379 434;
379 449;
379 452;
379 455;
379 458;
379 47;
379 478;
379 482;
379 497;
379 5;
379 512;
379 55;
379 57;
379 639;
379 64;
379 662;
379 685;
379 708;
379 712;
379 727;
379 730;
379 745;
379 749;
379 752;
379 759;
379 767;
379 775;
379 777;
379 781;
379 796;
379 804;
379 90;
379 97;
380 32;
380 344;
380 358;
380 385;
380 443;
380 460;
380 465;
380 57;
380 752;
380 8;
380 800;
380 93;
383 11;
383 191;
383 194;
383 196;
383 22;
383 24;
383 26;
383 28;
383 338;
383 347;
383 388;
383 394;
383 399;
383 401;
383 405;
383 407;
383 431;
383 446;
383 453;
383 456;
383 459;
383 463;
383 513;
383 60;
383 728;
383 746;
383 748;
383 778;
383 780;
383 797;
383 799;
383 803;
383 96;
385 116;
385 122;
385 125;
385 132;
385 141;
385 147;
385 150;
385 157;
385 184;
385 187;
385 188;
385 205;
385 211;
385 214;
385 221;
385 230;
385 236;
385 239;
385 246;
385 248;
385 251;
385 257;
385 260;
385 267;
385 274;
385 280;
385 283;
385 290;
385 30;
385 335;
385 516;
385 522;
385 525;
385 532;
385 534;
385 537;
385 543;
385 553;
385 562;
385 568;
385 571;
385 578;
385 580;
385 583;
385 589;
385 592;
385 599;
385 608;
385 621;
385 627;
385 630;
385 637;
385 644;
385 650;
385 653;
385 660;
385 667;
385 673;
385 676;
385 683;
385 690;
385 696;
385 699;
385 706;
385 80;
385 82;
385 86;
385 88;
386 120;
386 126;
386 145;
386 151;
386 175;
386 209;
386 215;
386 234;
386 240;
386 255;
386 261;
386 278;
386 284;
386 302;
386 303;
386 304;
386 306;
386 33;
386 34;
386 345;
386 346;
386 348;
386 349;
386 359;
386 36;
386 360;
386 362;
386 363;
386 367;
386 368;
386 370;
386 372;
386 376;
386 377;
386 38;
386 382;
386 386;
386 388;
386 389;
386 390;
386 392;
386 394;
386 395;
386 396;
386 41;
386 42;
386 44;
386 46;
386 469;
386 476;
386 50;
386 52;
386 520;
386 526;
386 54;
386 541;
386 547;
386 566;
386 572;
386 58;
386 587;
386 59;
386 593;
386 61;
386 615;
386 62;
386 625;
386 631;
386 648;
386 654;
386 671;
386 677;
386 694;
386 700;
386 753;
386 754;
386 756;
386 758;
386 761;
386 762;
386 764;
386 766;
386 770;
386 772;
386 774;
393 10;
393 104;
393 105;
393 109;
393 110;
393 113;
393 114;
393 115;
393 120;
393 129;
393 130;
393 134;
393 135;
393 138;
393 139;
393 140;
393 145;
393 154;
393 155;
393 159;
393 160;
393 163;
393 164;
393 165;
393 170;
393 179;
393 180;
393 184;
393 185;
393 188;
393 189;
393 190;
393 195;
393 204;
393 207;
393 208;
393 212;
393 213;
393 216;
393 217;
393 218;
393 223;
393 230;
393 231;
393 235;
393 236;
393 239;
393 240;
393 241;
393 246;
393 248;
393 25;
393 251;
393 252;
393 256;
393 257;
393 260;
393 261;
393 262;
393 267;
393 278;
393 303;
393 305;
393 308;
393 315;
393 322;
393 336;
393 338;
393 34;
393 36;
393 38;
393 391;
393 393;
393 395;
393 397;
393 40;
393 403;
393 405;
393 415;
393 417;
393 422;
393 424;
393 427;
393 429;
393 43;
393 442;
393 445;
393 447;
393 449;
393 45;
393 451;
393 457;
393 464;
393 467;
393 469;
393 47;
393 471;
393 476;
393 489;
393 49;
393 491;
393 493;
393 494;
393 495;
393 497;
393 498;
393 499;
393 504;
393 509;
393 51;
393 514;
393 515;
393 519;
393 520;
393 523;
393 524;
393 525;
393 53;
393 530;
393 537;
393 538;
393 54;
393 542;
393 543;
393 546;
393 547;
393 548;
393 553;
393 56;
393 562;
393 563;
393 567;
393 568;
393 572;
393 573;
393 578;
393 59;
393 594;
393 596;
393 62;
393 628;
393 63;
393 635;
393 639;
393 644;
393 645;
393 649;
393 650;
393 653;
393 654;
393 655;
393 660;
393 667;
393 668;
393 67;
393 672;
393 673;
393 676;
393 677;
393 678;
393 683;
393 690;
393 691;
393 695;
393 696;
393 699;
393 700;
393 701;
393 706;
393 712;
393 713;
393 714;
393 715;
393 716;
393 721;
393 741;
393 743;
393 745;
393 747;
393 749;
393 751;
393 754;
393 762;
393 764;
393 767;
393 770;
393 772;
393 773;
393 775;
393 776;
393 778;
393 808;
393 810;
393 86;
394 107;
394 132;
394 157;
394 182;
394 210;
394 233;
394 254;
394 517;
394 540;
394 565;
394 647;
394 670;
394 693;
396 15;
396 18;
396 22;
396 293;
396 295;
396 298;
396 300;
396 304;
396 308;
396 310;
396 312;
396 327;
396 330;
396 334;
396 337;
396 344;
396 35;
396 352;
396 361;
396 369;
396 377;
396 385;
396 39;
396 392;
396 396;
396 400;
396 404;
396 410;
396 423;
396 427;
396 43;
396 439;
396 442;
396 446;
396 450;
396 454;
396 46;
396 469;
396 471;
396 489;
396 491;
396 50;
396 505;
396 510;
396 589;
396 59;
396 601;
396 607;
396 610;
396 613;
396 617;
396 620;
396 623;
396 625;
396 640;
396 736;
396 738;
396 742;
396 747;
396 750;
396 754;
396 756;
396 759;
396 764;
396 767;
396 769;
396 772;
396 775;
396 778;
396 783;
396 791;
396 799;
399 340;
399 346;
399 354;
399 357;
399 363;
399 371;
399 379;
399 387;
399 502;
399 779;
399 785;
399 793;
399 801;
400 302;
400 33;
400 335;
400 340;
400 346;
400 354;
400 357;
400 363;
400 371;
400 379;
400 387;
400 390;
400 402;
400 421;
400 44;
400 444;
400 467;
400 502;
400 638;
400 740;
400 745;
400 748;
400 762;
400 770;
400 773;
400 776;
400 779;
400 785;
400 793;
400 801;
401 122;
401 147;
401 172;
401 197;
401 24;
401 269;
401 275;
401 302;
401 33;
401 335;
401 340;
401 346;
401 354;
401 357;
401 363;
401 371;
401 379;
401 387;
401 390;
401 402;
401 421;
401 428;
401 44;
401 441;
401 444;
401 467;
401 470;
401 473;
401 488;
401 555;
401 58;
401 580;
401 598;
401 65;
401 708;
401 718;
401 740;
401 745;
401 748;
401 753;
401 762;
401 766;
401 770;
401 773;
401 776;
401 779;
401 785;
401 793;
401 801;
401 84;
402 13;
402 16;
402 225;
402 24;
402 275;
402 294;
402 297;
402 302;
402 309;
402 325;
402 328;
402 33;
402 335;
402 340;
402 347;
402 355;
402 357;
402 364;
402 372;
402 380;
402 388;
402 390;
402 399;
402 402;
402 411;
402 421;
402 428;
402 437;
402 44;
402 441;
402 444;
402 453;
402 467;
402 470;
402 473;
402 488;
402 532;
402 58;
402 590;
402 598;
402 608;
402 611;
402 619;
402 622;
402 638;
402 65;
402 662;
402 685;
402 718;
402 737;
402 740;
402 745;
402 748;
402 753;
402 757;
402 762;
402 766;
402 770;
402 773;
402 776;
402 779;
402 786;
402 794;
402 802;
402 804;
402 84;
403 290;
403 340;
403 357;
403 407;
403 586;
403 598;
403 733;
403 779;
406 293;
406 295;
406 298;
406 300;
406 310;
406 312;
406 400;
406 410;
406 442;
406 454;
406 471;
406 489;
406 491;
406 505;
406 510;
406 589;
406 59;
406 601;
406 607;
406 620;
406 623;
406 625;
406 736;
406 738;
406 754;
406 756;
406 767;
406 769;
408 104;
408 110;
408 113;
408 120;
408 129;
408 135;
408 138;
408 145;
408 154;
408 160;
408 163;
408 170;
408 179;
408 185;
408 188;
408 195;
408 204;
408 207;
408 213;
408 216;
408 223;
408 230;
408 236;
408 239;
408 246;
408 248;
408 251;
408 257;
408 260;
408 267;
408 315;
408 457;
408 494;
408 495;
408 498;
408 499;
408 514;
408 520;
408 523;
408 530;
408 537;
408 54;
408 543;
408 546;
408 553;
408 56;
408 562;
408 568;
408 578;
408 62;
408 628;
408 63;
408 644;
408 650;
408 653;
408 660;
408 667;
408 673;
408 676;
408 683;
408 690;
408 696;
408 699;
408 706;
408 713;
408 714;
408 715;
408 716;
409 10;
409 108;
409 114;
409 133;
409 139;
409 158;
409 164;
409 183;
409 189;
409 211;
409 217;
409 234;
409 240;
409 255;
409 261;
409 322;
409 341;
409 342;
409 344;
409 345;
409 346;
409 349;
409 350;
409 352;
409 353;
409 354;
409 358;
409 359;
409 361;
409 363;
409 366;
409 367;
409 369;
409 371;
409 374;
409 375;
409 377;
409 379;
409 383;
409 385;
409 387;
409 464;
409 518;
409 524;
409 541;
409 547;
409 566;
409 572;
409 599;
409 600;
409 602;
409 605;
409 606;
409 635;
409 648;
409 654;
409 671;
409 677;
409 694;
409 700;
409 780;
409 781;
409 783;
409 785;
409 788;
409 789;
409 791;
409 793;
409 797;
409 799;
409 801;
416 101;
416 123;
416 124;
416 134;
416 135;
416 137;
416 149;
416 150;
416 151;
416 152;
416 176;
416 177;
416 181;
416 182;
416 185;
416 186;
416 187;
416 192;
416 209;
416 210;
416 214;
416 215;
416 218;
416 219;
416 220;
416 225;
416 227;
416 230;
416 231;
416 235;
416 236;
416 239;
416 240;
416 241;
416 246;
416 253;
416 254;
416 258;
416 259;
416 26;
416 262;
416 263;
416 264;
416 269;
416 276;
416 277;
416 28;
416 281;
416 282;
416 286;
416 287;
416 292;
416 30;
416 307;
416 309;
416 31;
416 316;
416 318;
416 321;
416 323;
416 325;
416 327;
416 33;
416 330;
416 35;
416 353;
416 36;
416 39;
416 393;
416 397;
416 399;
416 41;
416 415;
416 417;
416 420;
416 421;
416 425;
416 426;
416 429;
416 430;
416 431;
416 436;
416 44;
416 443;
416 444;
416 448;
416 449;
416 452;
416 453;
416 454;
416 459;
416 46;
416 466;
416 467;
416 471;
416 472;
416 475;
416 476;
416 477;
416 482;
416 489;
416 49;
416 490;
416 494;
416 495;
416 498;
416 499;
416 500;
416 505;
416 51;
416 532;
416 533;
416 54;
416 543;
416 544;
416 546;
416 558;
416 559;
416 56;
416 560;
416 561;
416 585;
416 586;
416 59;
416 590;
416 591;
416 595;
416 596;
416 601;
416 61;
416 610;
416 617;
416 623;
416 63;
416 641;
416 642;
416 646;
416 647;
416 65;
416 650;
416 651;
416 652;
416 657;
416 664;
416 665;
416 669;
416 67;
416 670;
416 673;
416 674;
416 675;
416 680;
416 687;
416 688;
416 69;
416 692;
416 693;
416 696;
416 697;
416 698;
416 703;
416 71;
416 710;
416 711;
416 715;
416 716;
416 719;
416 720;
416 721;
416 726;
416 73;
416 735;
416 747;
416 749;
416 75;
416 751;
416 754;
416 756;
416 758;
416 76;
416 760;
416 762;
416 764;
416 767;
416 769;
416 771;
416 773;
416 78;
416 81;
416 83;
416 86;
416 88;
416 90;
416 92;
416 93;
416 95;
416 97;
416 99;
417 138;
417 179;
417 212;
417 233;
417 256;
417 279;
417 423;
417 446;
417 469;
417 492;
417 547;
417 588;
417 644;
417 667;
417 690;
417 713;
419 101;
419 13;
419 19;
419 201;
419 207;
419 23;
419 26;
419 303;
419 308;
419 31;
419 313;
419 316;
419 318;
419 322;
419 326;
419 330;
419 335;
419 343;
419 351;
419 353;
419 355;
419 36;
419 360;
419 368;
419 376;
419 384;
419 390;
419 398;
419 40;
419 402;
419 406;
419 410;
419 45;
419 50;
419 55;
419 60;
419 65;
419 68;
419 72;
419 749;
419 751;
419 755;
419 760;
419 767;
419 769;
419 773;
419 778;
419 786;
419 794;
419 8;
419 802;
419 804;
419 807;
419 809;
419 82;
419 86;
419 89;
419 98;
422 28;
422 33;
422 331;
422 337;
422 345;
422 356;
422 362;
422 370;
422 378;
422 386;
422 5;
422 774;
422 780;
422 788;
422 796;
423 16;
423 168;
423 19;
423 23;
423 28;
423 306;
423 31;
423 320;
423 33;
423 331;
423 337;
423 345;
423 356;
423 36;
423 362;
423 370;
423 378;
423 38;
423 386;
423 396;
423 43;
423 48;
423 53;
423 577;
423 58;
423 63;
423 66;
423 747;
423 753;
423 758;
423 771;
423 774;
423 780;
423 788;
423 796;
423 80;
423 87;
423 99;
424 17;
424 194;
424 21;
424 25;
424 29;
424 294;
424 306;
424 315;
424 320;
424 331;
424 337;
424 34;
424 345;
424 352;
424 356;
424 362;
424 370;
424 378;
424 38;
424 386;
424 396;
424 43;
424 48;
424 53;
424 58;
424 603;
424 621;
424 63;
424 659;
424 66;
424 682;
424 732;
424 747;
424 750;
424 753;
424 758;
424 766;
424 771;
424 774;
424 780;
424 788;
424 796;
424 80;
424 87;
424 97;
424 99;
425 102;
425 168;
425 248;
425 25;
425 271;
425 28;
425 306;
425 311;
425 315;
425 320;
425 33;
425 331;
425 338;
425 346;
425 352;
425 356;
425 363;
425 371;
425 379;
425 38;
425 387;
425 389;
425 396;
425 401;
425 404;
425 411;
425 43;
425 438;
425 461;
425 48;
425 484;
425 507;
425 511;
425 53;
425 577;
425 58;
425 621;
425 63;
425 66;
425 705;
425 728;
425 732;
425 747;
425 750;
425 753;
425 758;
425 766;
425 771;
425 774;
425 781;
425 789;
425 797;
425 80;
425 803;
425 806;
425 87;
425 97;
425 99;
426 198;
426 300;
426 331;
426 356;
426 407;
426 774;
426 799;
429 13;
429 18;
429 201;
429 207;
429 22;
429 26;
429 30;
429 303;
429 316;
429 318;
429 35;
429 353;
429 355;
429 390;
429 402;
429 410;
429 751;
429 767;
429 769;
429 8;
429 802;
429 804;
429 807;
429 809;
429 98;
431 123;
431 149;
431 151;
431 176;
431 182;
431 185;
431 192;
431 209;
431 215;
431 218;
431 225;
431 227;
431 230;
431 236;
431 239;
431 246;
431 253;
431 259;
431 262;
431 269;
431 276;
431 282;
431 292;
431 393;
431 420;
431 426;
431 429;
431 436;
431 443;
431 449;
431 452;
431 459;
431 466;
431 472;
431 475;
431 482;
431 489;
431 495;
431 498;
431 505;
431 532;
431 558;
431 560;
431 585;
431 591;
431 601;
431 610;
431 641;
431 647;
431 650;
431 657;
431 664;
431 670;
431 673;
431 680;
431 687;
431 693;
431 696;
431 703;
431 710;
431 716;
431 719;
431 726;
431 76;
431 762;
431 764;
431 78;
431 93;
431 95;
432 122;
432 133;
432 139;
432 152;
432 180;
432 186;
432 213;
432 219;
432 234;
432 240;
432 257;
432 263;
432 280;
432 286;
432 332;
432 333;
432 335;
432 336;
432 340;
432 341;
432 343;
432 345;
432 349;
432 350;
432 357;
432 358;
432 360;
432 362;
432 365;
432 366;
432 368;
432 370;
432 373;
432 374;
432 376;
432 378;
432 382;
432 384;
432 386;
432 424;
432 430;
432 447;
432 453;
432 470;
432 476;
432 493;
432 499;
432 531;
432 542;
432 548;
432 561;
432 589;
432 595;
432 617;
432 645;
432 651;
432 668;
432 674;
432 691;
432 697;
432 714;
432 720;
432 775;
432 776;
432 778;
432 780;
432 783;
432 784;
432 786;
432 788;
432 792;
432 794;
432 796;
439 10;
439 102;
439 104;
439 107;
439 108;
439 112;
439 113;
439 116;
439 117;
439 118;
439 123;
439 125;
439 128;
439 129;
439 133;
439 134;
439 137;
439 138;
439 139;
439 144;
439 146;
439 149;
439 150;
439 154;
439 155;
439 158;
439 159;
439 160;
439 165;
439 167;
439 170;
439 171;
439 175;
439 176;
439 179;
439 180;
439 181;
439 186;
439 202;
439 204;
439 207;
439 208;
439 212;
439 213;
439 216;
439 217;
439 218;
439 223;
439 225;
439 230;
439 231;
439 235;
439 236;
439 239;
439 24;
439 240;
439 241;
439 246;
439 255;
439 256;
439 26;
439 260;
439 261;
439 265;
439 266;
439 271;
439 28;
439 280;
439 282;
439 290;
439 30;
439 302;
439 304;
439 307;
439 309;
439 313;
439 338;
439 342;
439 344;
439 347;
439 349;
439 351;
439 354;
439 356;
439 368;
439 377;
439 379;
439 385;
439 387;
439 389;
439 391;
439 394;
439 398;
439 400;
439 403;
439 405;
439 421;
439 425;
439 427;
439 430;
439 432;
439 435;
439 436;
439 440;
439 441;
439 445;
439 446;
439 451;
439 46;
439 462;
439 464;
439 467;
439 468;
439 472;
439 473;
439 477;
439 478;
439 483;
439 492;
439 493;
439 497;
439 498;
439 501;
439 502;
439 503;
439 508;
439 515;
439 516;
439 520;
439 521;
439 524;
439 525;
439 526;
439 531;
439 538;
439 539;
439 543;
439 544;
439 548;
439 549;
439 554;
439 563;
439 564;
439 568;
439 569;
439 572;
439 573;
439 574;
439 579;
439 58;
439 586;
439 587;
439 59;
439 591;
439 592;
439 596;
439 597;
439 60;
439 602;
439 61;
439 616;
439 621;
439 622;
439 626;
439 627;
439 630;
439 631;
439 632;
439 637;
439 64;
439 644;
439 645;
439 649;
439 65;
439 650;
439 653;
439 654;
439 655;
439 66;
439 660;
439 667;
439 668;
439 67;
439 672;
439 673;
439 676;
439 677;
439 678;
439 683;
439 69;
439 690;
439 691;
439 695;
439 696;
439 699;
439 700;
439 701;
439 706;
439 715;
439 72;
439 729;
439 74;
439 746;
439 752;
439 754;
439 76;
439 760;
439 762;
439 77;
439 78;
439 79;
439 81;
439 85;
439 87;
439 93;
439 97;
439 99;
440 110;
440 131;
440 152;
440 173;
440 210;
440 233;
440 258;
440 438;
440 470;
440 495;
440 518;
440 541;
440 566;
440 589;
440 624;
440 647;
440 670;
440 693;
442 15;
442 18;
442 197;
442 22;
442 25;
442 280;
442 282;
442 286;
442 29;
442 307;
442 309;
442 311;
442 313;
442 315;
442 320;
442 328;
442 336;
442 338;
442 340;
442 343;
442 347;
442 35;
442 350;
442 354;
442 356;
442 361;
442 365;
442 368;
442 373;
442 378;
442 383;
442 386;
442 390;
442 394;
442 396;
442 398;
442 400;
442 404;
442 41;
442 425;
442 427;
442 46;
442 460;
442 462;
442 464;
442 52;
442 611;
442 613;
442 73;
442 747;
442 757;
442 760;
442 762;
442 768;
442 776;
442 784;
442 792;
442 800;
442 807;
442 811;
442 86;
442 90;
442 98;
445 316;
445 322;
445 330;
445 48;
445 54;
445 764;
445 770;
445 778;
445 786;
445 794;
445 802;
446 23;
446 316;
446 32;
446 322;
446 330;
446 341;
446 348;
446 358;
446 361;
446 365;
446 376;
446 384;
446 402;
446 48;
446 54;
446 71;
446 764;
446 770;
446 778;
446 786;
446 794;
446 802;
446 84;
446 96;
447 188;
447 23;
447 248;
447 273;
447 279;
447 289;
447 306;
447 312;
447 316;
447 32;
447 322;
447 330;
447 337;
447 341;
447 348;
447 355;
447 359;
447 363;
447 367;
447 376;
447 384;
447 393;
447 397;
447 402;
447 424;
447 45;
447 453;
447 461;
447 48;
447 485;
447 533;
447 54;
447 556;
447 604;
447 71;
447 712;
447 727;
447 746;
447 759;
447 764;
447 770;
447 778;
447 786;
447 794;
447 802;
447 84;
447 96;
448 13;
448 16;
448 198;
448 23;
448 279;
448 284;
448 289;
448 298;
448 306;
448 312;
448 316;
448 32;
448 323;
448 331;
448 337;
448 341;
448 348;
448 355;
448 367;
448 376;
448 381;
448 384;
448 393;
448 397;
448 402;
448 411;
448 424;
448 45;
448 459;
448 461;
448 48;
448 510;
448 55;
448 581;
448 610;
448 639;
448 662;
448 685;
448 708;
448 71;
448 712;
448 727;
448 746;
448 748;
448 756;
448 759;
448 764;
448 771;
448 779;
448 787;
448 795;
448 803;
448 805;
448 84;
448 89;
448 96;
449 194;
449 316;
449 32;
449 370;
449 48;
449 764;
449 808;
452 197;
452 280;
452 282;
452 307;
452 309;
452 311;
452 313;
452 315;
452 338;
452 340;
452 35;
452 356;
452 360;
452 364;
452 368;
452 373;
452 394;
452 396;
452 398;
452 400;
452 41;
452 425;
452 427;
452 46;
452 460;
452 462;
452 464;
452 611;
452 613;
452 747;
452 757;
452 760;
452 762;
452 811;
452 90;
454 102;
454 104;
454 107;
454 113;
454 116;
454 123;
454 125;
454 128;
454 134;
454 137;
454 144;
454 146;
454 149;
454 155;
454 158;
454 165;
454 167;
454 170;
454 176;
454 179;
454 186;
454 207;
454 213;
454 216;
454 223;
454 225;
454 230;
454 236;
454 239;
454 246;
454 255;
454 261;
454 271;
454 430;
454 432;
454 435;
454 441;
454 451;
454 467;
454 473;
454 483;
454 492;
454 498;
454 501;
454 508;
454 515;
454 521;
454 524;
454 531;
454 538;
454 544;
454 554;
454 563;
454 569;
454 572;
454 579;
454 586;
454 592;
454 602;
454 616;
454 621;
454 627;
454 630;
454 637;
454 644;
454 65;
454 650;
454 653;
454 66;
454 660;
454 667;
454 67;
454 673;
454 676;
454 683;
454 69;
454 690;
454 696;
454 699;
454 706;
454 93;
455 10;
455 111;
455 117;
455 132;
455 138;
455 153;
455 159;
455 174;
455 180;
455 211;
455 217;
455 234;
455 240;
455 259;
455 265;
455 317;
455 318;
455 320;
455 321;
455 325;
455 326;
455 328;
455 33;
455 330;
455 334;
455 335;
455 35;
455 37;
455 39;
455 41;
455 421;
455 43;
455 439;
455 445;
455 471;
455 477;
455 49;
455 496;
455 50;
455 502;
455 519;
455 52;
455 525;
455 53;
455 54;
455 542;
455 548;
455 567;
455 573;
455 58;
455 590;
455 596;
455 60;
455 61;
455 625;
455 631;
455 648;
455 654;
455 671;
455 677;
455 694;
455 700;
455 766;
455 768;
455 77;
455 770;
455 774;
455 776;
455 778;
455 78;
455 782;
455 784;
455 786;
455 79;
455 790;
455 792;
455 794;
455 798;
455 800;
455 802;
455 81;
462 10;
462 100;
462 102;
462 104;
462 108;
462 109;
462 113;
462 114;
462 117;
462 118;
462 119;
462 124;
462 126;
462 129;
462 130;
462 134;
462 135;
462 138;
462 139;
462 140;
462 145;
462 147;
462 150;
462 151;
462 155;
462 156;
462 159;
462 160;
462 161;
462 166;
462 168;
462 174;
462 176;
462 183;
462 184;
462 191;
462 20;
462 207;
462 210;
462 212;
462 22;
462 220;
462 222;
462 225;
462 227;
462 230;
462 231;
462 235;
462 236;
462 239;
462 24;
462 240;
462 241;
462 246;
462 253;
462 254;
462 258;
462 259;
462 26;
462 262;
462 263;
462 264;
462 269;
462 284;
462 286;
462 287;
462 289;
462 29;
462 291;
462 300;
462 31;
462 33;
462 348;
462 35;
462 350;
462 368;
462 369;
462 370;
462 38;
462 389;
462 391;
462 393;
462 395;
462 397;
462 40;
462 407;
462 408;
462 42;
462 44;
462 446;
462 453;
462 459;
462 46;
462 461;
462 464;
462 468;
462 469;
462 470;
462 472;
462 474;
462 476;
462 479;
462 48;
462 481;
462 484;
462 485;
462 487;
462 488;
462 490;
462 496;
462 497;
462 50;
462 501;
462 502;
462 505;
462 506;
462 507;
462 512;
462 519;
462 52;
462 520;
462 524;
462 525;
462 528;
462 529;
462 530;
462 535;
462 537;
462 54;
462 540;
462 541;
462 545;
462 546;
462 549;
462 550;
462 551;
462 556;
462 563;
462 564;
462 568;
462 569;
462 57;
462 573;
462 574;
462 579;
462 6;
462 611;
462 613;
462 616;
462 618;
462 642;
462 643;
462 647;
462 648;
462 651;
462 652;
462 653;
462 658;
462 665;
462 666;
462 670;
462 671;
462 674;
462 675;
462 676;
462 681;
462 688;
462 689;
462 693;
462 694;
462 697;
462 698;
462 699;
462 704;
462 71;
462 710;
462 712;
462 713;
462 715;
462 716;
462 718;
462 724;
462 730;
462 732;
462 733;
462 735;
462 736;
462 737;
462 738;
462 740;
462 742;
462 743;
462 747;
462 754;
462 758;
462 76;
462 762;
462 78;
462 780;
462 807;
462 809;
462 85;
462 91;
462 93;
462 95;
462 96;
462 98;
463 111;
463 132;
463 153;
463 233;
463 256;
463 499;
463 522;
463 543;
463 566;
463 645;
463 668;
463 691;
465 100;
465 102;
465 104;
465 11;
465 13;
465 15;
465 173;
465 176;
465 179;
465 188;
465 21;
465 212;
465 215;
465 225;
465 227;
465 25;
465 277;
465 281;
465 297;
465 30;
465 300;
465 306;
465 314;
465 322;
465 330;
465 338;
465 34;
465 346;
465 358;
465 366;
465 379;
465 38;
465 383;
465 395;
465 397;
465 402;
465 41;
465 413;
465 416;
465 420;
465 425;
465 433;
465 441;
465 447;
465 45;
465 474;
465 476;
465 480;
465 484;
465 487;
465 490;
465 492;
465 50;
465 53;
465 57;
465 590;
465 595;
465 601;
465 605;
465 616;
465 618;
465 62;
465 622;
465 626;
465 630;
465 634;
465 640;
465 71;
465 712;
465 715;
465 718;
465 721;
465 732;
465 735;
465 742;
465 744;
465 754;
465 756;
465 758;
465 78;
465 780;
465 782;
465 786;
465 791;
465 797;
465 801;
465 81;
465 83;
465 86;
465 88;
468 180;
468 302;
468 308;
468 316;
468 324;
468 332;
468 340;
468 354;
468 360;
468 404;
468 421;
468 427;
468 435;
468 443;
468 58;
468 587;
468 64;
468 67;
468 73;
468 783;
468 93;
468 96;
469 174;
469 19;
469 210;
469 28;
469 302;
469 308;
469 316;
469 324;
469 332;
469 340;
469 367;
469 376;
469 379;
469 383;
469 39;
469 393;
469 421;
469 427;
469 435;
469 443;
469 472;
469 478;
469 48;
469 485;
469 488;
469 51;
469 58;
469 598;
469 601;
469 605;
469 64;
469 67;
469 710;
469 713;
469 716;
469 73;
469 730;
469 733;
469 740;
469 76;
469 794;
469 797;
469 801;
469 93;
469 96;
470 10;
470 174;
470 19;
470 210;
470 224;
470 28;
470 299;
470 302;
470 308;
470 316;
470 324;
470 332;
470 340;
470 377;
470 381;
470 39;
470 393;
470 396;
470 421;
470 427;
470 435;
470 443;
470 446;
470 472;
470 475;
470 478;
470 48;
470 485;
470 488;
470 51;
470 58;
470 581;
470 599;
470 603;
470 615;
470 64;
470 67;
470 706;
470 710;
470 713;
470 716;
470 723;
470 73;
470 730;
470 733;
470 740;
470 743;
470 746;
470 753;
470 757;
470 76;
470 760;
470 779;
470 795;
470 799;
470 85;
470 94;
470 97;
470 99;
471 10;
471 12;
471 174;
471 177;
471 187;
471 19;
471 197;
471 210;
471 213;
471 216;
471 224;
471 248;
471 271;
471 275;
471 28;
471 280;
471 291;
471 299;
471 302;
471 309;
471 317;
471 325;
471 333;
471 341;
471 371;
471 385;
471 39;
471 393;
471 396;
471 411;
471 414;
471 421;
471 428;
471 436;
471 444;
471 446;
471 472;
471 475;
471 478;
471 48;
471 485;
471 488;
471 491;
471 51;
471 514;
471 558;
471 58;
471 607;
471 615;
471 620;
471 65;
471 660;
471 67;
471 683;
471 710;
471 713;
471 716;
471 719;
471 723;
471 730;
471 733;
471 74;
471 740;
471 743;
471 746;
471 753;
471 757;
471 76;
471 760;
471 779;
471 79;
471 803;
471 82;
471 85;
471 87;
471 93;
471 96;
471 99;
472 170;
472 180;
472 294;
472 302;
472 354;
472 399;
472 404;
472 421;
472 58;
472 627;
472 631;
472 67;
474 0;
475 0;
475 100;
475 102;
475 104;
475 11;
475 13;
475 15;
475 173;
475 188;
475 225;
475 227;
475 281;
475 297;
475 300;
475 378;
475 382;
475 397;
475 402;
475 447;
475 476;
475 492;
475 590;
475 595;
475 600;
475 604;
475 616;
475 618;
475 630;
475 634;
475 640;
475 744;
475 754;
475 756;
475 758;
475 780;
475 782;
475 786;
475 791;
475 796;
475 800;
475 83;
475 86;
475 88;
475 95;
475 98;
476 0;
476 724;
476 747;
477 108;
477 114;
477 117;
477 124;
477 126;
477 129;
477 135;
477 138;
477 145;
477 147;
477 150;
477 156;
477 159;
477 166;
477 168;
477 191;
477 230;
477 236;
477 239;
477 246;
477 253;
477 259;
477 262;
477 269;
477 284;
477 287;
477 288;
477 289;
477 348;
477 350;
477 459;
477 461;
477 464;
477 469;
477 470;
477 496;
477 502;
477 505;
477 512;
477 519;
477 525;
477 528;
477 535;
477 537;
477 540;
477 546;
477 549;
477 556;
477 563;
477 569;
477 579;
477 6;
477 642;
477 648;
477 651;
477 658;
477 665;
477 671;
477 674;
477 681;
477 688;
477 694;
477 697;
477 704;
477 737;
477 738;
477 91;
478 0;
478 112;
478 118;
478 133;
478 139;
478 154;
478 160;
478 207;
478 234;
478 240;
478 257;
478 263;
478 291;
478 304;
478 306;
478 308;
478 312;
478 314;
478 316;
478 320;
478 322;
478 324;
478 328;
478 330;
478 332;
478 336;
478 338;
478 340;
478 344;
478 345;
478 358;
478 365;
478 422;
478 423;
478 425;
478 427;
478 430;
478 431;
478 433;
478 435;
478 439;
478 441;
478 443;
478 453;
478 500;
478 506;
478 523;
478 529;
478 544;
478 550;
478 567;
478 573;
478 59;
478 60;
478 62;
478 63;
478 64;
478 646;
478 652;
478 669;
478 675;
478 68;
478 69;
478 692;
478 698;
478 71;
478 73;
479 0;
480 0;
481 0;
482 0;
483 0;
484 0;
485 0;
485 101;
485 102;
485 105;
485 106;
485 107;
485 112;
485 114;
485 117;
485 118;
485 12;
485 122;
485 123;
485 126;
485 127;
485 128;
485 13;
485 133;
485 135;
485 140;
485 141;
485 145;
485 146;
485 149;
485 150;
485 151;
485 156;
485 158;
485 16;
485 160;
485 161;
485 165;
485 167;
485 168;
485 172;
485 174;
485 177;
485 18;
485 19;
485 203;
485 205;
485 208;
485 211;
485 216;
485 219;
485 221;
485 227;
485 229;
485 232;
485 233;
485 237;
485 238;
485 24;
485 241;
485 242;
485 243;
485 248;
485 25;
485 257;
485 258;
485 262;
485 263;
485 266;
485 267;
485 268;
485 273;
485 282;
485 283;
485 287;
485 288;
485 291;
485 292;
485 293;
485 298;
485 304;
485 331;
485 337;
485 339;
485 342;
485 344;
485 346;
485 348;
485 35;
485 351;
485 353;
485 355;
485 358;
485 385;
485 390;
485 392;
485 395;
485 397;
485 403;
485 405;
485 406;
485 422;
485 427;
485 430;
485 432;
485 435;
485 438;
485 442;
485 444;
485 446;
485 448;
485 450;
485 451;
485 452;
485 454;
485 456;
485 460;
485 462;
485 464;
485 466;
485 469;
485 474;
485 476;
485 479;
485 486;
485 488;
485 490;
485 492;
485 494;
485 496;
485 497;
485 499;
485 52;
485 521;
485 537;
485 54;
485 544;
485 545;
485 546;
485 549;
485 55;
485 554;
485 556;
485 558;
485 560;
485 563;
485 565;
485 566;
485 57;
485 570;
485 576;
485 579;
485 58;
485 587;
485 588;
485 593;
485 594;
485 596;
485 597;
485 600;
485 604;
485 608;
485 61;
485 610;
485 616;
485 618;
485 622;
485 624;
485 626;
485 627;
485 629;
485 631;
485 633;
485 635;
485 638;
485 640;
485 642;
485 645;
485 647;
485 650;
485 652;
485 654;
485 656;
485 658;
485 66;
485 662;
485 663;
485 665;
485 667;
485 668;
485 669;
485 67;
485 671;
485 673;
485 675;
485 676;
485 681;
485 683;
485 685;
485 686;
485 688;
485 689;
485 690;
485 692;
485 694;
485 695;
485 704;
485 709;
485 717;
485 719;
485 720;
485 721;
485 723;
485 726;
485 73;
485 730;
485 731;
485 732;
485 734;
485 736;
485 737;
485 74;
485 741;
485 744;
485 754;
485 756;
485 758;
485 759;
485 761;
485 763;
485 765;
485 766;
485 770;
485 773;
485 775;
485 777;
485 778;
485 779;
485 78;
485 780;
485 787;
485 79;
485 790;
485 792;
485 795;
485 805;
485 808;
485 817;
485 82;
485 83;
485 84;
485 89;
485 91;
485 96;
485 97;
486 0;
486 120;
486 143;
486 235;
486 260;
486 285;
486 76;
486 99;
487 0;
488 0;
488 11;
488 165;
488 173;
488 185;
488 189;
488 193;
488 197;
488 209;
488 211;
488 216;
488 219;
488 22;
488 221;
488 30;
488 305;
488 310;
488 318;
488 326;
488 330;
488 332;
488 335;
488 343;
488 347;
488 351;
488 355;
488 359;
488 364;
488 372;
488 380;
488 386;
488 395;
488 397;
488 402;
488 405;
488 407;
488 410;
488 416;
488 422;
488 424;
488 428;
488 435;
488 441;
488 447;
488 456;
488 461;
488 465;
488 469;
488 487;
488 491;
488 497;
488 500;
488 504;
488 510;
488 514;
488 520;
488 522;
488 526;
488 53;
488 533;
488 537;
488 539;
488 542;
488 555;
488 559;
488 563;
488 573;
488 577;
488 592;
488 604;
488 606;
488 609;
488 611;
488 615;
488 618;
488 622;
488 628;
488 631;
488 634;
488 640;
488 642;
488 646;
488 65;
488 650;
488 653;
488 656;
488 661;
488 666;
488 672;
488 675;
488 677;
488 680;
488 682;
488 688;
488 694;
488 698;
488 7;
488 70;
488 710;
488 712;
488 714;
488 724;
488 729;
488 735;
488 742;
488 755;
488 760;
488 762;
488 765;
488 767;
488 771;
488 774;
488 777;
488 785;
488 787;
488 791;
488 795;
488 798;
488 802;
488 806;
488 812;
489 0;
491 0;
491 306;
491 312;
491 320;
491 360;
491 366;
491 374;
491 382;
491 412;
491 418;
491 430;
491 437;
491 442;
491 494;
491 624;
491 657;
491 683;
491 725;
491 756;
492 0;
492 171;
492 190;
492 193;
492 197;
492 306;
492 312;
492 320;
492 341;
492 353;
492 360;
492 366;
492 374;
492 382;
492 403;
492 412;
492 418;
492 430;
492 437;
492 442;
492 445;
492 454;
492 459;
492 485;
492 494;
492 497;
492 523;
492 553;
492 570;
492 616;
492 624;
492 629;
492 632;
492 638;
492 644;
492 654;
492 657;
492 673;
492 683;
492 686;
492 692;
492 695;
492 725;
492 756;
492 763;
492 775;
492 789;
493 0;
493 164;
493 171;
493 176;
493 191;
493 195;
493 208;
493 210;
493 215;
493 218;
493 250;
493 275;
493 300;
493 304;
493 306;
493 312;
493 320;
493 33;
493 331;
493 341;
493 350;
493 353;
493 358;
493 360;
493 366;
493 374;
493 382;
493 385;
493 394;
493 403;
493 406;
493 412;
493 418;
493 421;
493 427;
493 431;
493 434;
493 437;
493 443;
493 445;
493 454;
493 459;
493 478;
493 485;
493 495;
493 499;
493 501;
493 52;
493 521;
493 523;
493 536;
493 553;
493 570;
493 576;
493 578;
493 603;
493 608;
493 610;
493 616;
493 621;
493 625;
493 627;
493 629;
493 632;
493 638;
493 641;
493 644;
493 652;
493 654;
493 657;
493 665;
493 671;
493 673;
493 676;
493 681;
493 684;
493 686;
493 692;
493 695;
493 709;
493 723;
493 725;
493 734;
493 741;
493 743;
493 754;
493 757;
493 759;
493 761;
493 763;
493 766;
493 770;
493 773;
493 775;
493 786;
493 789;
493 805;
494 0;
494 164;
494 171;
494 176;
494 183;
494 199;
494 208;
494 21;
494 210;
494 215;
494 218;
494 223;
494 304;
494 306;
494 313;
494 321;
494 33;
494 331;
494 333;
494 341;
494 350;
494 353;
494 358;
494 360;
494 367;
494 375;
494 383;
494 385;
494 394;
494 403;
494 406;
494 408;
494 412;
494 419;
494 421;
494 427;
494 430;
494 434;
494 437;
494 442;
494 445;
494 454;
494 459;
494 470;
494 478;
494 485;
494 494;
494 499;
494 5;
494 501;
494 52;
494 521;
494 523;
494 536;
494 540;
494 553;
494 570;
494 576;
494 578;
494 590;
494 603;
494 608;
494 610;
494 616;
494 621;
494 624;
494 627;
494 629;
494 63;
494 632;
494 638;
494 641;
494 644;
494 652;
494 654;
494 657;
494 665;
494 671;
494 673;
494 676;
494 678;
494 681;
494 683;
494 686;
494 69;
494 692;
494 695;
494 709;
494 711;
494 723;
494 725;
494 734;
494 741;
494 743;
494 754;
494 756;
494 759;
494 761;
494 763;
494 766;
494 770;
494 773;
494 775;
494 786;
494 789;
494 796;
494 805;
494 810;
495 0;
495 186;
495 27;
495 306;
495 327;
495 360;
495 399;
495 412;
495 437;
495 501;
495 511;
495 523;
495 530;
495 570;
495 612;
495 657;
495 695;
495 725;
495 782;
495 8;
496 0;
498 11;
498 165;
498 189;
498 192;
498 196;
498 209;
498 211;
498 216;
498 219;
498 22;
498 221;
498 30;
498 305;
498 330;
498 332;
498 351;
498 359;
498 386;
498 395;
498 397;
498 402;
498 407;
498 422;
498 424;
498 428;
498 432;
498 435;
498 444;
498 496;
498 500;
498 504;
498 510;
498 514;
498 520;
498 522;
498 526;
498 53;
498 533;
498 537;
498 539;
498 573;
498 577;
498 604;
498 606;
498 609;
498 611;
498 615;
498 622;
498 626;
498 628;
498 642;
498 653;
498 666;
498 672;
498 677;
498 682;
498 685;
498 698;
498 70;
498 710;
498 712;
498 714;
498 724;
498 735;
498 742;
498 755;
498 758;
498 760;
498 762;
498 767;
498 771;
498 774;
498 785;
498 787;
498 806;
499 177;
499 479;
500 102;
500 105;
500 112;
500 114;
500 117;
500 123;
500 126;
500 13;
500 133;
500 135;
500 140;
500 146;
500 149;
500 156;
500 158;
500 16;
500 161;
500 168;
500 19;
500 232;
500 238;
500 241;
500 248;
500 25;
500 257;
500 263;
500 266;
500 273;
500 282;
500 288;
500 291;
500 298;
500 337;
500 339;
500 390;
500 392;
500 451;
500 452;
500 545;
500 546;
500 549;
500 55;
500 566;
500 58;
500 588;
500 594;
500 597;
500 600;
500 61;
500 663;
500 668;
500 669;
500 67;
500 690;
500 717;
500 720;
500 721;
500 73;
500 731;
500 732;
500 737;
500 779;
500 780;
500 79;
500 808;
500 82;
500 89;
500 91;
500 96;
501 100;
501 106;
501 121;
501 127;
501 144;
501 150;
501 236;
501 242;
501 261;
501 267;
501 286;
501 292;
501 307;
501 308;
501 310;
501 311;
501 315;
501 316;
501 318;
501 320;
501 324;
501 325;
501 361;
501 362;
501 364;
501 366;
501 369;
501 370;
501 372;
501 374;
501 378;
501 380;
501 382;
501 413;
501 414;
501 416;
501 417;
501 418;
501 439;
501 440;
501 502;
501 503;
501 505;
501 508;
501 509;
501 524;
501 525;
501 527;
501 528;
501 571;
501 572;
501 659;
501 660;
501 696;
501 697;
501 704;
501 727;
501 728;
501 77;
501 83;
508 10;
508 100;
508 102;
508 105;
508 106;
508 11;
508 110;
508 111;
508 114;
508 115;
508 116;
508 121;
508 123;
508 128;
508 129;
508 133;
508 134;
508 137;
508 138;
508 139;
508 14;
508 144;
508 15;
508 151;
508 152;
508 156;
508 157;
508 160;
508 161;
508 162;
508 167;
508 169;
508 172;
508 173;
508 177;
508 178;
508 181;
508 182;
508 183;
508 188;
508 190;
508 209;
508 21;
508 211;
508 215;
508 216;
508 220;
508 221;
508 225;
508 226;
508 23;
508 231;
508 240;
508 241;
508 245;
508 246;
508 249;
508 250;
508 251;
508 256;
508 258;
508 261;
508 262;
508 266;
508 267;
508 27;
508 270;
508 271;
508 272;
508 277;
508 279;
508 28;
508 282;
508 283;
508 287;
508 288;
508 292;
508 293;
508 298;
508 306;
508 308;
508 311;
508 313;
508 314;
508 316;
508 319;
508 321;
508 324;
508 328;
508 330;
508 344;
508 345;
508 347;
508 349;
508 35;
508 350;
508 351;
508 352;
508 36;
508 360;
508 363;
508 365;
508 367;
508 369;
508 370;
508 371;
508 373;
508 375;
508 376;
508 378;
508 38;
508 380;
508 381;
508 383;
508 385;
508 386;
508 389;
508 392;
508 394;
508 398;
508 40;
508 400;
508 402;
508 404;
508 406;
508 408;
508 409;
508 41;
508 412;
508 417;
508 42;
508 420;
508 422;
508 423;
508 428;
508 430;
508 434;
508 435;
508 437;
508 44;
508 443;
508 446;
508 452;
508 454;
508 458;
508 46;
508 460;
508 462;
508 464;
508 468;
508 47;
508 478;
508 48;
508 483;
508 485;
508 486;
508 488;
508 489;
508 49;
508 493;
508 495;
508 496;
508 497;
508 498;
508 507;
508 51;
508 512;
508 515;
508 517;
508 525;
508 526;
508 53;
508 530;
508 532;
508 540;
508 542;
508 544;
508 546;
508 549;
508 55;
508 551;
508 553;
508 555;
508 56;
508 57;
508 570;
508 572;
508 577;
508 579;
508 580;
508 581;
508 583;
508 585;
508 587;
508 589;
508 593;
508 595;
508 596;
508 598;
508 599;
508 601;
508 602;
508 603;
508 604;
508 605;
508 609;
508 61;
508 611;
508 616;
508 618;
508 62;
508 623;
508 627;
508 632;
508 638;
508 640;
508 644;
508 646;
508 648;
508 651;
508 653;
508 654;
508 656;
508 658;
508 659;
508 66;
508 661;
508 662;
508 664;
508 666;
508 667;
508 669;
508 67;
508 670;
508 671;
508 673;
508 674;
508 675;
508 676;
508 680;
508 681;
508 683;
508 685;
508 686;
508 688;
508 689;
508 697;
508 699;
508 70;
508 702;
508 703;
508 704;
508 706;
508 707;
508 708;
508 71;
508 712;
508 714;
508 715;
508 716;
508 717;
508 719;
508 72;
508 723;
508 725;
508 726;
508 730;
508 732;
508 737;
508 739;
508 753;
508 754;
508 757;
508 759;
508 760;
508 766;
508 768;
508 769;
508 77;
508 771;
508 772;
508 774;
508 775;
508 777;
508 778;
508 779;
508 780;
508 782;
508 784;
508 789;
508 791;
508 792;
508 793;
508 796;
508 84;
508 85;
508 89;
508 90;
508 93;
508 94;
508 95;
509 108;
509 131;
509 154;
509 175;
509 218;
509 243;
509 264;
509 285;
509 64;
509 87;
511 195;
511 199;
511 203;
511 325;
511 33;
511 330;
511 335;
511 343;
511 357;
511 360;
511 364;
511 369;
511 377;
511 380;
511 382;
511 387;
511 389;
511 393;
511 399;
511 403;
511 409;
511 416;
511 418;
511 422;
511 424;
511 428;
511 430;
511 432;
511 438;
511 442;
511 444;
511 454;
511 459;
511 463;
511 467;
511 471;
511 475;
511 481;
511 485;
511 488;
511 492;
511 495;
511 502;
511 506;
511 510;
511 516;
511 518;
511 52;
511 520;
511 523;
511 532;
511 536;
511 541;
511 545;
511 550;
511 554;
511 560;
511 566;
511 572;
511 575;
511 578;
511 584;
511 587;
511 592;
511 595;
511 6;
511 600;
511 611;
511 615;
511 618;
511 621;
511 626;
511 630;
511 635;
511 640;
511 643;
511 646;
511 653;
511 655;
511 658;
511 661;
511 663;
511 666;
511 668;
511 685;
511 688;
511 692;
511 722;
511 725;
511 729;
511 732;
511 736;
511 739;
511 742;
511 745;
511 749;
511 763;
511 768;
511 771;
511 774;
511 777;
511 784;
511 788;
511 790;
511 8;
511 804;
511 807;
511 811;
514 306;
514 311;
514 314;
514 319;
514 347;
514 373;
514 38;
514 383;
514 406;
514 44;
514 53;
514 588;
514 596;
514 631;
514 712;
515 196;
515 199;
515 203;
515 306;
515 311;
515 314;
515 319;
515 328;
515 347;
515 362;
515 367;
515 373;
515 378;
515 38;
515 383;
515 391;
515 397;
515 406;
515 409;
515 420;
515 44;
515 452;
515 457;
515 468;
515 472;
515 483;
515 486;
515 489;
515 493;
515 507;
515 53;
515 530;
515 539;
515 548;
515 557;
515 570;
515 585;
515 588;
515 593;
515 596;
515 609;
515 616;
515 623;
515 627;
515 631;
515 638;
515 644;
515 651;
515 656;
515 659;
515 664;
515 683;
515 686;
515 689;
515 712;
515 719;
515 723;
515 726;
515 730;
515 737;
515 766;
515 769;
515 772;
515 775;
515 782;
516 197;
516 201;
516 233;
516 300;
516 307;
516 312;
516 315;
516 320;
516 324;
516 328;
516 348;
516 359;
516 362;
516 367;
516 374;
516 376;
516 378;
516 381;
516 384;
516 386;
516 388;
516 39;
516 391;
516 397;
516 407;
516 411;
516 417;
516 420;
516 423;
516 427;
516 437;
516 443;
516 445;
516 45;
516 452;
516 457;
516 468;
516 472;
516 483;
516 486;
516 489;
516 493;
516 507;
516 51;
516 515;
516 517;
516 530;
516 539;
516 54;
516 548;
516 557;
516 570;
516 577;
516 583;
516 585;
516 588;
516 593;
516 597;
516 599;
516 609;
516 616;
516 623;
516 627;
516 631;
516 638;
516 644;
516 651;
516 654;
516 656;
516 659;
516 662;
516 664;
516 667;
516 683;
516 686;
516 689;
516 713;
516 719;
516 723;
516 726;
516 730;
516 737;
516 766;
516 769;
516 772;
516 775;
516 782;
516 789;
516 795;
517 146;
517 17;
517 205;
517 306;
517 311;
517 314;
517 319;
517 324;
517 328;
517 347;
517 359;
517 362;
517 367;
517 373;
517 376;
517 378;
517 38;
517 381;
517 383;
517 386;
517 388;
517 391;
517 397;
517 406;
517 417;
517 420;
517 423;
517 427;
517 437;
517 44;
517 443;
517 445;
517 452;
517 457;
517 466;
517 468;
517 472;
517 483;
517 486;
517 489;
517 493;
517 5;
517 500;
517 507;
517 51;
517 515;
517 517;
517 519;
517 522;
517 53;
517 530;
517 539;
517 548;
517 557;
517 570;
517 573;
517 577;
517 583;
517 585;
517 588;
517 593;
517 596;
517 599;
517 609;
517 616;
517 619;
517 623;
517 627;
517 631;
517 638;
517 641;
517 644;
517 651;
517 654;
517 656;
517 659;
517 662;
517 664;
517 667;
517 683;
517 686;
517 689;
517 693;
517 712;
517 719;
517 723;
517 726;
517 730;
517 737;
517 740;
517 743;
517 762;
517 766;
517 769;
517 772;
517 775;
517 782;
517 789;
517 79;
517 795;
517 802;
517 805;
518 192;
518 30;
518 331;
518 354;
518 413;
518 439;
518 468;
518 472;
518 489;
518 503;
518 507;
518 533;
518 557;
518 588;
518 612;
518 623;
518 627;
518 631;
518 689;
518 719;
518 726;
518 733;
518 785;
521 195;
521 198;
521 202;
521 308;
521 313;
521 316;
521 321;
521 325;
521 33;
521 349;
521 357;
521 360;
521 375;
521 377;
521 382;
521 385;
521 387;
521 389;
521 40;
521 408;
521 412;
521 416;
521 418;
521 424;
521 428;
521 430;
521 432;
521 438;
521 442;
521 444;
521 46;
521 467;
521 471;
521 475;
521 481;
521 492;
521 506;
521 510;
521 516;
521 518;
521 52;
521 520;
521 523;
521 536;
521 55;
521 560;
521 566;
521 578;
521 584;
521 598;
521 6;
521 600;
521 615;
521 626;
521 630;
521 655;
521 663;
521 668;
521 692;
521 714;
521 722;
521 729;
521 736;
521 763;
521 788;
521 790;
521 8;
522 446;
522 796;
523 100;
523 102;
523 105;
523 11;
523 111;
523 114;
523 121;
523 123;
523 128;
523 134;
523 137;
523 144;
523 15;
523 151;
523 157;
523 160;
523 167;
523 169;
523 172;
523 178;
523 181;
523 188;
523 190;
523 215;
523 221;
523 231;
523 240;
523 246;
523 249;
523 256;
523 258;
523 261;
523 267;
523 270;
523 277;
523 279;
523 28;
523 282;
523 288;
523 298;
523 345;
523 35;
523 351;
523 352;
523 36;
523 371;
523 42;
523 435;
523 48;
523 49;
523 497;
523 498;
523 512;
523 526;
523 57;
523 580;
523 581;
523 602;
523 603;
523 604;
523 605;
523 61;
523 648;
523 67;
523 670;
523 671;
523 674;
523 675;
523 676;
523 681;
523 70;
523 703;
523 704;
523 707;
523 708;
523 716;
523 717;
523 753;
523 754;
523 757;
523 760;
523 77;
523 779;
523 780;
523 792;
523 793;
523 84;
523 90;
523 93;
524 109;
524 115;
524 132;
524 138;
524 155;
524 161;
524 176;
524 182;
524 219;
524 225;
524 244;
524 250;
524 265;
524 271;
524 286;
524 292;
524 469;
524 470;
524 473;
524 474;
524 476;
524 477;
524 479;
524 480;
524 490;
524 491;
524 508;
524 509;
524 558;
524 560;
524 562;
524 564;
524 566;
524 568;
524 590;
524 591;
524 624;
524 625;
524 628;
524 629;
524 633;
524 634;
524 65;
524 690;
524 691;
524 71;
524 720;
524 721;
524 727;
524 728;
524 88;
524 94;
531 0;
531 10;
531 108;
531 109;
531 111;
531 123;
531 124;
531 125;
531 126;
531 14;
531 15;
531 150;
531 151;
531 155;
531 156;
531 159;
531 160;
531 161;
531 166;
531 168;
531 171;
531 172;
531 176;
531 177;
531 180;
531 181;
531 182;
531 187;
531 189;
531 19;
531 20;
531 203;
531 215;
531 216;
531 220;
531 221;
531 224;
531 225;
531 226;
531 23;
531 231;
531 233;
531 24;
531 25;
531 256;
531 257;
531 267;
531 268;
531 270;
531 282;
531 283;
531 284;
531 285;
531 30;
531 309;
531 310;
531 314;
531 315;
531 318;
531 319;
531 32;
531 320;
531 325;
531 332;
531 333;
531 337;
531 338;
531 341;
531 342;
531 343;
531 348;
531 35;
531 355;
531 356;
531 36;
531 360;
531 361;
531 364;
531 365;
531 366;
531 371;
531 380;
531 381;
531 385;
531 386;
531 389;
531 390;
531 391;
531 396;
531 40;
531 407;
531 41;
531 412;
531 414;
531 415;
531 417;
531 419;
531 421;
531 424;
531 427;
531 429;
531 430;
531 432;
531 434;
531 435;
531 437;
531 438;
531 439;
531 44;
531 443;
531 45;
531 46;
531 461;
531 463;
531 465;
531 466;
531 470;
531 472;
531 477;
531 479;
531 480;
531 482;
531 483;
531 486;
531 487;
531 488;
531 498;
531 500;
531 501;
531 503;
531 504;
531 507;
531 51;
531 510;
531 512;
531 513;
531 515;
531 523;
531 525;
531 527;
531 528;
531 53;
531 530;
531 533;
531 534;
531 536;
531 538;
531 539;
531 541;
531 543;
531 545;
531 548;
531 550;
531 552;
531 553;
531 554;
531 557;
531 56;
531 563;
531 565;
531 568;
531 569;
531 57;
531 570;
531 571;
531 573;
531 575;
531 577;
531 580;
531 582;
531 587;
531 588;
531 590;
531 592;
531 593;
531 595;
531 596;
531 598;
531 602;
531 607;
531 608;
531 61;
531 614;
531 616;
531 617;
531 619;
531 62;
531 620;
531 621;
531 623;
531 624;
531 628;
531 631;
531 632;
531 640;
531 642;
531 644;
531 645;
531 647;
531 648;
531 649;
531 65;
531 651;
531 653;
531 654;
531 655;
531 657;
531 659;
531 66;
531 664;
531 67;
531 670;
531 672;
531 673;
531 674;
531 678;
531 680;
531 685;
531 687;
531 691;
531 693;
531 694;
531 696;
531 697;
531 698;
531 699;
531 700;
531 702;
531 703;
531 705;
531 707;
531 708;
531 710;
531 715;
531 718;
531 72;
531 720;
531 722;
531 727;
531 729;
531 730;
531 731;
531 733;
531 735;
531 74;
531 740;
531 742;
531 743;
531 744;
531 745;
531 746;
531 753;
531 755;
531 759;
531 761;
531 762;
531 764;
531 765;
531 766;
531 768;
531 772;
531 776;
531 778;
531 779;
531 781;
531 782;
531 786;
531 787;
531 788;
531 790;
531 791;
531 792;
531 793;
531 797;
531 799;
531 800;
531 802;
531 807;
531 809;
531 817;
531 97;
531 98;
532 112;
532 153;
532 17;
532 174;
532 218;
532 271;
532 312;
532 335;
532 358;
532 38;
532 383;
532 59;
534 193;
534 195;
534 198;
534 200;
534 414;
534 417;
534 422;
534 425;
534 429;
534 432;
534 461;
534 465;
534 467;
534 472;
534 476;
534 479;
534 482;
534 484;
534 493;
534 497;
534 500;
534 503;
534 505;
534 508;
534 515;
534 518;
534 522;
534 524;
534 538;
534 541;
534 544;
534 549;
534 558;
534 561;
534 564;
534 568;
534 575;
534 582;
534 584;
534 592;
534 595;
534 598;
534 601;
534 603;
534 612;
534 614;
534 629;
534 637;
534 641;
534 643;
534 652;
534 659;
534 662;
534 667;
534 671;
534 680;
534 684;
534 686;
534 690;
534 693;
534 695;
534 710;
534 713;
534 716;
534 722;
534 724;
534 729;
534 734;
534 738;
534 742;
534 751;
534 755;
534 758;
534 763;
534 771;
534 775;
534 778;
534 781;
534 785;
534 799;
537 510;
537 525;
537 528;
537 705;
537 759;
537 800;
538 142;
538 301;
538 412;
538 415;
538 427;
538 430;
538 463;
538 470;
538 477;
538 480;
538 498;
538 501;
538 510;
538 513;
538 525;
538 528;
538 536;
538 539;
538 542;
538 547;
538 562;
538 573;
538 580;
538 590;
538 593;
538 596;
538 657;
538 664;
538 678;
538 687;
538 691;
538 705;
538 708;
538 720;
538 727;
538 735;
538 740;
538 753;
538 759;
538 768;
538 772;
538 776;
538 779;
538 782;
538 797;
538 800;
539 327;
539 373;
539 412;
539 415;
539 421;
539 424;
539 427;
539 430;
539 441;
539 460;
539 463;
539 466;
539 470;
539 477;
539 480;
539 483;
539 498;
539 501;
539 504;
539 507;
539 511;
539 513;
539 523;
539 526;
539 529;
539 536;
539 539;
539 542;
539 547;
539 557;
539 562;
539 573;
539 580;
539 590;
539 593;
539 596;
539 602;
539 613;
539 628;
539 640;
539 642;
539 651;
539 657;
539 664;
539 670;
539 678;
539 685;
539 687;
539 691;
539 694;
539 706;
539 708;
539 715;
539 720;
539 727;
539 733;
539 735;
539 740;
539 753;
539 760;
539 762;
539 768;
539 772;
539 776;
539 779;
539 782;
539 797;
539 801;
540 142;
540 191;
540 194;
540 197;
540 209;
540 235;
540 301;
540 350;
540 398;
540 412;
540 415;
540 421;
540 424;
540 427;
540 430;
540 441;
540 460;
540 463;
540 466;
540 470;
540 477;
540 480;
540 483;
540 487;
540 491;
540 498;
540 501;
540 504;
540 507;
540 510;
540 513;
540 516;
540 523;
540 525;
540 528;
540 536;
540 539;
540 542;
540 547;
540 557;
540 559;
540 562;
540 573;
540 580;
540 583;
540 590;
540 593;
540 596;
540 599;
540 602;
540 610;
540 613;
540 628;
540 640;
540 642;
540 651;
540 657;
540 660;
540 664;
540 670;
540 678;
540 685;
540 687;
540 691;
540 694;
540 705;
540 708;
540 711;
540 715;
540 720;
540 723;
540 727;
540 733;
540 735;
540 740;
540 753;
540 756;
540 759;
540 76;
540 762;
540 768;
540 772;
540 776;
540 779;
540 782;
540 797;
540 800;
540 803;
541 473;
541 519;
541 634;
541 664;
541 681;
541 687;
541 735;
541 748;
541 768;
541 772;
541 782;
544 195;
544 198;
544 200;
544 422;
544 425;
544 461;
544 467;
544 476;
544 484;
544 505;
544 508;
544 512;
544 522;
544 524;
544 527;
544 530;
544 558;
544 584;
544 603;
544 614;
544 629;
544 637;
544 641;
544 643;
544 652;
544 667;
544 671;
544 684;
544 686;
544 690;
544 695;
544 707;
544 716;
544 724;
544 734;
544 738;
544 751;
544 761;
544 763;
544 771;
544 775;
544 785;
544 802;
546 123;
546 125;
546 14;
546 150;
546 156;
546 159;
546 166;
546 168;
546 171;
546 177;
546 180;
546 187;
546 189;
546 20;
546 203;
546 215;
546 221;
546 224;
546 23;
546 231;
546 233;
546 256;
546 282;
546 284;
546 30;
546 309;
546 315;
546 318;
546 32;
546 325;
546 332;
546 338;
546 341;
546 348;
546 35;
546 355;
546 361;
546 364;
546 371;
546 380;
546 386;
546 389;
546 396;
546 41;
546 419;
546 435;
546 438;
546 439;
546 44;
546 51;
546 53;
546 534;
546 553;
546 554;
546 56;
546 570;
546 571;
546 577;
546 588;
546 607;
546 608;
546 617;
546 62;
546 620;
546 621;
546 624;
546 632;
546 645;
546 648;
546 649;
546 65;
546 654;
546 655;
546 673;
546 674;
546 697;
546 698;
546 699;
546 700;
546 703;
546 718;
546 72;
546 731;
546 74;
546 744;
546 745;
546 746;
546 765;
546 766;
546 787;
546 788;
546 791;
546 792;
546 793;
546 97;
547 10;
547 107;
547 113;
547 126;
547 154;
547 160;
547 175;
547 18;
547 181;
547 219;
547 225;
547 24;
547 255;
547 266;
547 272;
547 285;
547 313;
547 319;
547 336;
547 342;
547 359;
547 365;
547 384;
547 39;
547 390;
547 407;
547 45;
547 488;
547 60;
547 66;
547 665;
547 666;
547 688;
547 689;
547 736;
547 737;
547 769;
547 770;
547 773;
547 774;
547 783;
547 784;
547 96;
554 102;
554 104;
554 107;
554 108;
554 112;
554 113;
554 116;
554 117;
554 118;
554 123;
554 125;
554 128;
554 129;
554 133;
554 134;
554 137;
554 138;
554 139;
554 14;
554 144;
554 146;
554 149;
554 15;
554 150;
554 154;
554 155;
554 158;
554 159;
554 160;
554 165;
554 167;
554 170;
554 171;
554 175;
554 176;
554 179;
554 180;
554 181;
554 186;
554 188;
554 19;
554 192;
554 193;
554 20;
554 212;
554 214;
554 218;
554 219;
554 223;
554 224;
554 227;
554 228;
554 229;
554 234;
554 236;
554 239;
554 24;
554 240;
554 244;
554 245;
554 248;
554 249;
554 25;
554 250;
554 255;
554 257;
554 260;
554 261;
554 265;
554 266;
554 269;
554 270;
554 271;
554 276;
554 278;
554 28;
554 281;
554 282;
554 286;
554 287;
554 29;
554 290;
554 291;
554 292;
554 297;
554 299;
554 30;
554 302;
554 303;
554 307;
554 308;
554 311;
554 312;
554 313;
554 318;
554 325;
554 327;
554 330;
554 331;
554 335;
554 336;
554 339;
554 340;
554 341;
554 346;
554 35;
554 352;
554 354;
554 356;
554 357;
554 359;
554 361;
554 362;
554 365;
554 37;
554 378;
554 380;
554 383;
554 385;
554 386;
554 389;
554 391;
554 398;
554 415;
554 416;
554 417;
554 42;
554 421;
554 425;
554 428;
554 43;
554 436;
554 437;
554 438;
554 440;
554 442;
554 443;
554 446;
554 448;
554 449;
554 451;
554 452;
554 454;
554 455;
554 456;
554 462;
554 464;
554 467;
554 469;
554 47;
554 471;
554 473;
554 474;
554 475;
554 478;
554 48;
554 480;
554 483;
554 486;
554 488;
554 490;
554 492;
554 493;
554 495;
554 496;
554 498;
554 500;
554 501;
554 503;
554 51;
554 510;
554 512;
554 513;
554 515;
554 518;
554 52;
554 520;
554 529;
554 53;
554 533;
554 535;
554 540;
554 542;
554 543;
554 546;
554 548;
554 549;
554 552;
554 554;
554 563;
554 567;
554 571;
554 572;
554 573;
554 577;
554 578;
554 58;
554 581;
554 583;
554 586;
554 587;
554 588;
554 591;
554 593;
554 594;
554 596;
554 597;
554 599;
554 60;
554 600;
554 602;
554 603;
554 605;
554 606;
554 607;
554 608;
554 613;
554 615;
554 617;
554 619;
554 621;
554 622;
554 624;
554 626;
554 627;
554 629;
554 63;
554 634;
554 636;
554 638;
554 64;
554 640;
554 642;
554 644;
554 647;
554 649;
554 651;
554 653;
554 655;
554 657;
554 658;
554 661;
554 663;
554 665;
554 667;
554 672;
554 673;
554 675;
554 677;
554 678;
554 679;
554 68;
554 681;
554 683;
554 69;
554 690;
554 692;
554 699;
554 706;
554 718;
554 719;
554 72;
554 720;
554 722;
554 724;
554 725;
554 728;
554 73;
554 732;
554 734;
554 736;
554 74;
554 740;
554 744;
554 746;
554 747;
554 749;
554 751;
554 753;
554 755;
554 763;
554 765;
554 766;
554 768;
554 769;
554 772;
554 776;
554 777;
554 779;
554 780;
554 782;
554 785;
554 787;
554 788;
554 79;
554 790;
554 791;
554 793;
554 794;
554 795;
554 796;
554 797;
554 801;
554 803;
554 804;
554 806;
554 81;
554 86;
554 87;
554 91;
554 92;
554 95;
554 96;
554 97;
555 110;
555 131;
555 152;
555 173;
555 22;
555 221;
555 242;
555 263;
555 284;
555 305;
555 333;
555 45;
555 66;
555 89;
557 12;
557 198;
557 202;
557 206;
557 325;
557 327;
557 353;
557 356;
557 369;
557 372;
557 376;
557 387;
557 395;
557 424;
557 426;
557 429;
557 433;
557 442;
557 444;
557 449;
557 460;
557 463;
557 468;
557 473;
557 479;
557 483;
557 492;
557 494;
557 507;
557 518;
557 520;
557 525;
557 530;
557 539;
557 542;
557 544;
557 548;
557 550;
557 557;
557 561;
557 563;
557 565;
557 568;
557 582;
557 586;
557 593;
557 596;
557 599;
557 602;
557 605;
557 612;
557 615;
557 621;
557 623;
557 626;
557 629;
557 631;
557 636;
557 640;
557 642;
557 644;
557 647;
557 649;
557 653;
557 657;
557 659;
557 663;
557 667;
557 671;
557 676;
557 683;
557 686;
557 724;
557 726;
557 731;
557 734;
557 739;
557 743;
557 746;
557 748;
557 751;
557 755;
557 758;
557 762;
557 765;
557 768;
557 770;
557 773;
557 783;
557 787;
557 790;
557 793;
557 8;
557 803;
557 810;
560 357;
560 378;
560 383;
560 389;
560 446;
560 498;
560 501;
560 510;
560 513;
560 533;
560 552;
560 735;
560 804;
561 12;
561 199;
561 202;
561 206;
561 354;
561 357;
561 378;
561 383;
561 389;
561 421;
561 440;
561 446;
561 449;
561 461;
561 466;
561 471;
561 477;
561 490;
561 498;
561 5;
561 501;
561 510;
561 513;
561 522;
561 533;
561 540;
561 546;
561 552;
561 580;
561 591;
561 594;
561 597;
561 600;
561 603;
561 613;
561 619;
561 624;
561 627;
561 634;
561 638;
561 651;
561 655;
561 661;
561 665;
561 681;
561 722;
561 728;
561 732;
561 735;
561 740;
561 744;
561 749;
561 753;
561 763;
561 766;
561 785;
561 788;
561 791;
561 8;
561 801;
561 804;
562 10;
562 200;
562 204;
562 324;
562 348;
562 352;
562 354;
562 358;
562 379;
562 384;
562 386;
562 390;
562 396;
562 421;
562 425;
562 428;
562 440;
562 443;
562 447;
562 461;
562 466;
562 471;
562 477;
562 490;
562 493;
562 499;
562 502;
562 511;
562 514;
562 517;
562 522;
562 529;
562 534;
562 540;
562 543;
562 546;
562 549;
562 553;
562 562;
562 567;
562 580;
562 591;
562 594;
562 597;
562 6;
562 600;
562 603;
562 613;
562 619;
562 622;
562 624;
562 627;
562 634;
562 638;
562 641;
562 646;
562 651;
562 655;
562 658;
562 661;
562 665;
562 675;
562 681;
562 703;
562 722;
562 725;
562 728;
562 732;
562 735;
562 740;
562 744;
562 747;
562 749;
562 753;
562 763;
562 766;
562 769;
562 772;
562 782;
562 785;
562 788;
562 791;
562 801;
562 805;
563 208;
563 320;
563 324;
563 352;
563 354;
563 357;
563 367;
563 370;
563 378;
563 383;
563 386;
563 389;
563 396;
563 421;
563 425;
563 428;
563 440;
563 443;
563 446;
563 458;
563 461;
563 466;
563 471;
563 477;
563 490;
563 493;
563 498;
563 501;
563 510;
563 513;
563 517;
563 522;
563 529;
563 533;
563 540;
563 543;
563 546;
563 549;
563 552;
563 555;
563 562;
563 567;
563 580;
563 591;
563 594;
563 597;
563 600;
563 603;
563 610;
563 613;
563 619;
563 622;
563 624;
563 627;
563 630;
563 634;
563 638;
563 641;
563 646;
563 651;
563 655;
563 658;
563 661;
563 665;
563 675;
563 681;
563 684;
563 703;
563 722;
563 725;
563 728;
563 732;
563 735;
563 740;
563 744;
563 747;
563 749;
563 753;
563 756;
563 763;
563 766;
563 769;
563 772;
563 782;
563 785;
563 788;
563 791;
563 801;
563 804;
564 195;
564 392;
564 421;
564 430;
564 504;
564 522;
564 536;
564 558;
564 668;
564 728;
564 735;
564 740;
564 759;
564 807;
567 11;
567 198;
567 201;
567 205;
567 325;
567 327;
567 353;
567 359;
567 380;
567 385;
567 387;
567 391;
567 395;
567 424;
567 426;
567 429;
567 433;
567 444;
567 448;
567 494;
567 500;
567 503;
567 507;
567 512;
567 515;
567 518;
567 520;
567 525;
567 530;
567 535;
567 539;
567 544;
567 550;
567 554;
567 561;
567 563;
567 565;
567 568;
567 623;
567 631;
567 642;
567 644;
567 647;
567 649;
567 659;
567 671;
567 676;
567 7;
567 726;
567 731;
567 743;
567 748;
567 762;
567 770;
567 773;
567 783;
567 806;
567 810;
569 102;
569 104;
569 107;
569 113;
569 116;
569 123;
569 125;
569 128;
569 134;
569 137;
569 144;
569 146;
569 149;
569 15;
569 155;
569 158;
569 165;
569 167;
569 170;
569 176;
569 179;
569 186;
569 188;
569 19;
569 193;
569 218;
569 224;
569 227;
569 234;
569 236;
569 239;
569 245;
569 248;
569 25;
569 255;
569 257;
569 260;
569 266;
569 269;
569 276;
569 278;
569 28;
569 281;
569 287;
569 290;
569 297;
569 299;
569 302;
569 308;
569 311;
569 318;
569 330;
569 336;
569 339;
569 346;
569 35;
569 361;
569 365;
569 37;
569 416;
569 417;
569 42;
569 437;
569 438;
569 452;
569 455;
569 456;
569 475;
569 48;
569 486;
569 488;
569 496;
569 51;
569 572;
569 573;
569 577;
569 58;
569 588;
569 60;
569 607;
569 608;
569 617;
569 63;
569 673;
569 678;
569 679;
569 69;
569 690;
569 692;
569 719;
569 72;
569 720;
569 777;
569 780;
569 79;
569 795;
569 796;
569 797;
569 81;
569 86;
569 92;
569 95;
570 111;
570 117;
570 132;
570 138;
570 153;
570 159;
570 174;
570 180;
570 222;
570 228;
570 23;
570 243;
570 249;
570 264;
570 270;
570 285;
570 29;
570 291;
570 306;
570 312;
570 334;
570 340;
570 422;
570 423;
570 46;
570 52;
570 523;
570 525;
570 526;
570 527;
570 67;
570 699;
570 729;
570 73;
570 730;
570 737;
570 738;
570 741;
570 742;
570 90;
570 96;
577 0;
577 101;
577 103;
577 106;
577 107;
577 111;
577 112;
577 115;
577 116;
577 117;
577 122;
577 124;
577 127;
577 128;
577 132;
577 133;
577 136;
577 137;
577 138;
577 143;
577 145;
577 150;
577 151;
577 155;
577 156;
577 159;
577 160;
577 161;
577 166;
577 168;
577 171;
577 172;
577 176;
577 177;
577 180;
577 181;
577 182;
577 187;
577 213;
577 215;
577 219;
577 220;
577 224;
577 225;
577 228;
577 229;
577 230;
577 235;
577 237;
577 240;
577 241;
577 245;
577 246;
577 249;
577 25;
577 250;
577 251;
577 256;
577 258;
577 261;
577 262;
577 266;
577 267;
577 270;
577 271;
577 272;
577 277;
577 284;
577 285;
577 289;
577 290;
577 293;
577 294;
577 295;
577 300;
577 307;
577 308;
577 312;
577 313;
577 316;
577 317;
577 318;
577 323;
577 333;
577 334;
577 338;
577 339;
577 342;
577 343;
577 344;
577 349;
577 355;
577 356;
577 357;
577 360;
577 362;
577 370;
577 372;
577 374;
577 376;
577 379;
577 383;
577 384;
577 385;
577 389;
577 39;
577 391;
577 392;
577 393;
577 398;
577 40;
577 400;
577 402;
577 404;
577 405;
577 407;
577 409;
577 410;
577 411;
577 413;
577 415;
577 422;
577 424;
577 427;
577 428;
577 430;
577 434;
577 436;
577 438;
577 439;
577 44;
577 440;
577 443;
577 446;
577 448;
577 45;
577 461;
577 463;
577 466;
577 468;
577 470;
577 473;
577 475;
577 478;
577 48;
577 480;
577 483;
577 485;
577 488;
577 49;
577 493;
577 494;
577 495;
577 50;
577 501;
577 503;
577 506;
577 508;
577 510;
577 511;
577 515;
577 516;
577 519;
577 520;
577 521;
577 526;
577 533;
577 534;
577 538;
577 539;
577 542;
577 543;
577 544;
577 549;
577 55;
577 562;
577 564;
577 570;
577 572;
577 573;
577 575;
577 577;
577 581;
577 583;
577 585;
577 586;
577 587;
577 588;
577 590;
577 591;
577 594;
577 598;
577 599;
577 601;
577 602;
577 604;
577 609;
577 616;
577 618;
577 619;
577 62;
577 621;
577 622;
577 623;
577 629;
577 63;
577 630;
577 632;
577 634;
577 638;
577 640;
577 641;
577 643;
577 645;
577 648;
577 650;
577 652;
577 653;
577 655;
577 657;
577 658;
577 660;
577 667;
577 669;
577 67;
577 670;
577 672;
577 673;
577 676;
577 677;
577 68;
577 681;
577 682;
577 683;
577 685;
577 689;
577 690;
577 691;
577 693;
577 697;
577 701;
577 702;
577 704;
577 707;
577 708;
577 71;
577 715;
577 717;
577 719;
577 72;
577 720;
577 722;
577 723;
577 726;
577 727;
577 73;
577 733;
577 735;
577 736;
577 738;
577 743;
577 745;
577 746;
577 749;
577 753;
577 759;
577 766;
577 772;
577 773;
577 774;
577 775;
577 78;
577 780;
577 784;
577 786;
577 787;
577 789;
577 790;
577 792;
577 794;
577 796;
577 797;
577 798;
577 808;
577 810;
577 817;
577 85;
577 86;
577 9;
577 90;
577 91;
577 94;
577 95;
577 96;
578 109;
578 130;
578 153;
578 174;
578 222;
578 243;
578 264;
578 287;
578 310;
578 336;
578 42;
578 513;
578 536;
578 65;
578 88;
580 195;
580 199;
580 203;
580 207;
580 30;
580 33;
580 330;
580 365;
580 369;
580 37;
580 371;
580 380;
580 399;
580 404;
580 407;
580 414;
580 416;
580 419;
580 423;
580 427;
580 430;
580 433;
580 435;
580 437;
580 452;
580 458;
580 462;
580 466;
580 468;
580 470;
580 474;
580 479;
580 484;
580 488;
580 492;
580 499;
580 556;
580 560;
580 562;
580 564;
580 568;
580 572;
580 575;
580 581;
580 585;
580 594;
580 596;
580 6;
580 605;
580 607;
580 610;
580 614;
580 618;
580 621;
580 627;
580 634;
580 636;
580 640;
580 643;
580 650;
580 657;
580 660;
580 662;
580 664;
580 673;
580 680;
580 688;
580 696;
580 700;
580 705;
580 711;
580 716;
580 723;
580 728;
580 732;
580 735;
580 738;
580 741;
580 747;
580 760;
580 762;
580 783;
580 786;
580 791;
580 793;
580 795;
580 799;
580 803;
583 360;
583 372;
583 389;
583 446;
583 501;
583 506;
583 667;
583 670;
583 717;
583 720;
583 743;
583 779;
583 787;
583 796;
584 200;
584 203;
584 207;
584 360;
584 372;
584 389;
584 397;
584 402;
584 405;
584 421;
584 428;
584 446;
584 460;
584 472;
584 477;
584 482;
584 501;
584 506;
584 570;
584 573;
584 583;
584 616;
584 619;
584 632;
584 638;
584 641;
584 648;
584 655;
584 658;
584 667;
584 670;
584 673;
584 677;
584 685;
584 693;
584 697;
584 717;
584 720;
584 723;
584 733;
584 736;
584 743;
584 779;
584 784;
584 787;
584 796;
585 189;
585 201;
585 205;
585 302;
585 325;
585 351;
585 361;
585 370;
585 373;
585 379;
585 390;
585 397;
585 402;
585 405;
585 413;
585 415;
585 421;
585 428;
585 434;
585 436;
585 447;
585 449;
585 460;
585 467;
585 472;
585 477;
585 482;
585 502;
585 507;
585 551;
585 561;
585 57;
585 570;
585 573;
585 580;
585 583;
585 593;
585 604;
585 609;
585 616;
585 619;
585 632;
585 638;
585 641;
585 648;
585 655;
585 658;
585 668;
585 671;
585 675;
585 677;
585 685;
585 693;
585 697;
585 704;
585 715;
585 718;
585 721;
585 725;
585 727;
585 733;
585 736;
585 744;
585 746;
585 752;
585 759;
585 765;
585 779;
585 784;
585 788;
585 790;
585 792;
585 794;
585 796;
585 80;
586 15;
586 193;
586 209;
586 279;
586 28;
586 31;
586 329;
586 360;
586 363;
586 370;
586 372;
586 379;
586 389;
586 397;
586 402;
586 405;
586 413;
586 415;
586 418;
586 421;
586 428;
586 431;
586 434;
586 436;
586 446;
586 449;
586 460;
586 467;
586 472;
586 477;
586 482;
586 497;
586 5;
586 501;
586 506;
586 528;
586 555;
586 561;
586 566;
586 570;
586 573;
586 580;
586 583;
586 593;
586 604;
586 606;
586 609;
586 616;
586 619;
586 625;
586 632;
586 635;
586 638;
586 641;
586 648;
586 655;
586 658;
586 661;
586 667;
586 670;
586 677;
586 685;
586 693;
586 697;
586 704;
586 710;
586 715;
586 717;
586 720;
586 727;
586 733;
586 736;
586 739;
586 743;
586 746;
586 752;
586 759;
586 761;
586 765;
586 779;
586 784;
586 787;
586 790;
586 792;
586 794;
586 796;
586 804;
587 196;
587 366;
587 449;
587 489;
587 557;
587 611;
587 677;
587 685;
587 693;
587 697;
587 729;
587 779;
587 800;
590 199;
590 202;
590 206;
590 330;
590 362;
590 369;
590 371;
590 374;
590 380;
590 391;
590 414;
590 416;
590 419;
590 435;
590 437;
590 448;
590 452;
590 458;
590 468;
590 470;
590 492;
590 503;
590 508;
590 556;
590 560;
590 562;
590 564;
590 581;
590 594;
590 596;
590 6;
590 605;
590 607;
590 610;
590 614;
590 636;
590 662;
590 664;
590 669;
590 672;
590 676;
590 680;
590 688;
590 696;
590 700;
590 705;
590 711;
590 716;
590 719;
590 722;
590 726;
590 728;
590 732;
590 745;
590 747;
590 760;
590 762;
590 789;
590 791;
590 793;
590 795;
590 799;
590 803;
591 753;
591 766;
592 101;
592 103;
592 106;
592 112;
592 115;
592 122;
592 124;
592 127;
592 133;
592 136;
592 143;
592 145;
592 150;
592 156;
592 159;
592 166;
592 168;
592 171;
592 177;
592 180;
592 187;
592 219;
592 225;
592 228;
592 235;
592 237;
592 240;
592 246;
592 249;
592 256;
592 258;
592 261;
592 267;
592 270;
592 277;
592 284;
592 290;
592 293;
592 300;
592 307;
592 313;
592 316;
592 323;
592 333;
592 339;
592 342;
592 349;
592 356;
592 357;
592 376;
592 384;
592 385;
592 39;
592 393;
592 410;
592 411;
592 439;
592 440;
592 443;
592 45;
592 48;
592 494;
592 495;
592 510;
592 516;
592 519;
592 526;
592 533;
592 539;
592 542;
592 549;
592 55;
592 577;
592 587;
592 588;
592 591;
592 598;
592 602;
592 62;
592 623;
592 629;
592 645;
592 652;
592 68;
592 682;
592 683;
592 690;
592 691;
592 702;
592 707;
592 708;
592 71;
592 749;
592 773;
592 774;
592 775;
592 78;
592 85;
592 9;
592 91;
592 94;
593 110;
593 116;
593 131;
593 137;
593 154;
593 160;
593 175;
593 181;
593 223;
593 229;
593 244;
593 25;
593 250;
593 265;
593 271;
593 288;
593 294;
593 311;
593 317;
593 337;
593 343;
593 43;
593 450;
593 451;
593 453;
593 456;
593 457;
593 49;
593 514;
593 520;
593 537;
593 543;
593 66;
593 678;
593 679;
593 686;
593 687;
593 694;
593 695;
593 698;
593 699;
593 72;
593 781;
593 782;
593 89;
593 95;
600 101;
600 103;
600 105;
600 108;
600 110;
600 113;
600 114;
600 115;
600 116;
600 118;
600 120;
600 121;
600 122;
600 123;
600 125;
600 127;
600 129;
600 130;
600 132;
600 134;
600 136;
600 137;
600 139;
600 140;
600 142;
600 143;
600 148;
600 152;
600 153;
600 154;
600 156;
600 157;
600 158;
600 161;
600 170;
600 179;
600 181;
600 184;
600 187;
600 189;
600 192;
600 194;
600 201;
600 203;
600 207;
600 209;
600 211;
600 213;
600 215;
600 217;
600 218;
600 22;
600 220;
600 223;
600 225;
600 226;
600 23;
600 230;
600 232;
600 233;
600 235;
600 237;
600 24;
600 241;
600 243;
600 245;
600 247;
600 251;
600 255;
600 259;
600 264;
600 265;
600 269;
600 27;
600 271;
600 272;
600 274;
600 275;
600 278;
600 280;
600 282;
600 283;
600 284;
600 286;
600 29;
600 291;
600 293;
600 295;
600 296;
600 297;
600 299;
600 301;
600 302;
600 304;
600 306;
600 31;
600 312;
600 319;
600 322;
600 324;
600 326;
600 328;
600 33;
600 331;
600 332;
600 334;
600 335;
600 336;
600 339;
600 341;
600 344;
600 347;
600 349;
600 35;
600 352;
600 354;
600 355;
600 357;
600 360;
600 363;
600 367;
600 37;
600 370;
600 372;
600 374;
600 376;
600 377;
600 379;
600 38;
600 381;
600 382;
600 386;
600 387;
600 388;
600 390;
600 391;
600 392;
600 394;
600 395;
600 40;
600 405;
600 407;
600 409;
600 41;
600 411;
600 412;
600 413;
600 414;
600 42;
600 422;
600 423;
600 427;
600 428;
600 431;
600 432;
600 433;
600 438;
600 44;
600 445;
600 446;
600 450;
600 451;
600 454;
600 455;
600 456;
600 46;
600 461;
600 468;
600 469;
600 473;
600 474;
600 477;
600 478;
600 479;
600 48;
600 484;
600 49;
600 491;
600 492;
600 496;
600 497;
600 50;
600 500;
600 501;
600 502;
600 507;
600 51;
600 514;
600 515;
600 519;
600 520;
600 523;
600 524;
600 525;
600 53;
600 530;
600 537;
600 538;
600 542;
600 543;
600 546;
600 547;
600 548;
600 55;
600 553;
600 560;
600 561;
600 565;
600 566;
600 569;
600 57;
600 570;
600 571;
600 576;
600 583;
600 584;
600 588;
600 589;
600 59;
600 592;
600 593;
600 594;
600 599;
600 60;
600 619;
600 62;
600 624;
600 625;
600 629;
600 630;
600 633;
600 634;
600 635;
600 640;
600 647;
600 648;
600 65;
600 652;
600 653;
600 656;
600 657;
600 658;
600 663;
600 670;
600 671;
600 675;
600 676;
600 679;
600 68;
600 680;
600 681;
600 686;
600 693;
600 694;
600 698;
600 699;
600 70;
600 702;
600 703;
600 704;
600 709;
600 716;
600 717;
600 721;
600 722;
600 725;
600 726;
600 727;
600 732;
600 739;
600 740;
600 744;
600 745;
600 748;
600 749;
600 750;
600 755;
600 762;
600 763;
600 767;
600 768;
600 771;
600 772;
600 773;
600 778;
600 78;
600 785;
600 786;
600 790;
600 791;
600 794;
600 795;
600 796;
600 80;
600 801;
600 81;
600 811;
600 83;
600 86;
600 88;
600 9;
600 90;
600 92;
600 94;
600 97;
600 99;
601 425;
601 448;
601 471;
601 494;
601 517;
601 540;
601 563;
601 586;
601 627;
601 650;
601 673;
601 696;
601 719;
601 742;
601 765;
601 788;
603 102;
603 106;
603 109;
603 126;
603 129;
603 13;
603 131;
603 133;
603 136;
603 139;
603 142;
603 146;
603 151;
603 16;
603 164;
603 168;
603 173;
603 176;
603 180;
603 194;
603 198;
603 20;
603 203;
603 208;
603 212;
603 214;
603 217;
603 225;
603 229;
603 232;
603 235;
603 240;
603 243;
603 246;
603 252;
603 256;
603 259;
603 261;
603 271;
603 273;
603 279;
603 287;
603 290;
603 292;
603 295;
603 304;
603 306;
603 308;
603 31;
603 310;
603 315;
603 317;
603 324;
603 326;
603 328;
603 33;
603 340;
603 345;
603 348;
603 354;
603 356;
603 358;
603 361;
603 366;
603 368;
603 371;
603 381;
603 385;
603 39;
603 400;
603 411;
603 418;
603 45;
603 47;
603 54;
603 56;
603 6;
603 66;
603 69;
603 75;
603 80;
603 808;
603 87;
603 92;
603 94;
603 98;
606 118;
606 147;
606 160;
606 169;
606 187;
606 218;
606 236;
606 27;
606 299;
606 35;
606 372;
606 57;
606 60;
606 81;
606 88;
607 107;
607 118;
607 127;
607 134;
607 137;
607 140;
607 143;
607 147;
607 160;
607 169;
607 178;
607 187;
607 192;
607 201;
607 206;
607 215;
607 218;
607 223;
607 226;
607 230;
607 233;
607 236;
607 241;
607 244;
607 269;
607 27;
607 277;
607 293;
607 299;
607 302;
607 312;
607 322;
607 338;
607 346;
607 35;
607 352;
607 363;
607 372;
607 379;
607 382;
607 409;
607 57;
607 60;
607 67;
607 78;
607 81;
607 88;
607 96;
608 105;
608 107;
608 119;
608 125;
608 127;
608 130;
608 132;
608 134;
608 137;
608 140;
608 143;
608 147;
608 160;
608 169;
608 178;
608 188;
608 192;
608 201;
608 206;
608 211;
608 213;
608 215;
608 219;
608 223;
608 226;
608 230;
608 233;
608 236;
608 241;
608 244;
608 251;
608 255;
608 258;
608 269;
608 272;
608 277;
608 28;
608 286;
608 291;
608 293;
608 30;
608 300;
608 302;
608 305;
608 312;
608 322;
608 325;
608 338;
608 344;
608 346;
608 352;
608 355;
608 357;
608 36;
608 360;
608 363;
608 367;
608 370;
608 373;
608 379;
608 38;
608 382;
608 409;
608 44;
608 46;
608 463;
608 509;
608 53;
608 532;
608 55;
608 58;
608 601;
608 61;
608 642;
608 65;
608 665;
608 67;
608 711;
608 78;
608 82;
608 86;
608 89;
608 91;
608 96;
609 105;
609 107;
609 11;
609 118;
609 125;
609 127;
609 130;
609 132;
609 134;
609 137;
609 14;
609 140;
609 143;
609 147;
609 160;
609 169;
609 174;
609 178;
609 187;
609 192;
609 201;
609 206;
609 211;
609 213;
609 215;
609 218;
609 223;
609 226;
609 230;
609 233;
609 236;
609 241;
609 244;
609 251;
609 255;
609 258;
609 269;
609 27;
609 272;
609 277;
609 286;
609 288;
609 291;
609 293;
609 299;
609 30;
609 302;
609 305;
609 309;
609 312;
609 316;
609 322;
609 325;
609 338;
609 344;
609 346;
609 35;
609 352;
609 355;
609 357;
609 360;
609 363;
609 367;
609 370;
609 372;
609 379;
609 38;
609 382;
609 401;
609 409;
609 416;
609 44;
609 440;
609 46;
609 486;
609 5;
609 53;
609 55;
609 555;
609 57;
609 578;
609 60;
609 609;
609 65;
609 67;
609 688;
609 734;
609 757;
609 78;
609 780;
609 803;
609 807;
609 81;
609 86;
609 88;
609 91;
609 96;
610 143;
610 147;
610 160;
610 165;
610 169;
610 195;
610 226;
610 236;
610 312;
610 363;
610 382;
610 397;
610 72;
613 106;
613 120;
613 126;
613 131;
613 133;
613 146;
613 168;
613 189;
613 198;
613 212;
613 214;
613 220;
613 229;
613 252;
613 256;
613 259;
613 261;
613 273;
613 287;
613 29;
613 292;
613 301;
613 306;
613 308;
613 31;
613 310;
613 315;
613 317;
613 326;
613 328;
613 33;
613 345;
613 356;
613 358;
613 361;
613 366;
613 368;
613 37;
613 371;
613 374;
613 385;
613 39;
613 400;
613 45;
613 47;
613 54;
613 56;
613 59;
613 6;
613 62;
613 66;
613 75;
613 808;
613 83;
613 87;
613 90;
613 92;
613 94;
615 113;
615 114;
615 115;
615 116;
615 122;
615 123;
615 153;
615 154;
615 157;
615 158;
615 184;
615 23;
615 24;
615 265;
615 275;
615 283;
615 284;
615 297;
615 319;
615 332;
615 335;
615 336;
615 377;
615 387;
615 388;
615 391;
615 392;
615 395;
615 41;
615 413;
615 414;
615 42;
615 422;
615 428;
615 431;
615 438;
615 445;
615 451;
615 454;
615 461;
615 468;
615 474;
615 477;
615 484;
615 49;
615 491;
615 497;
615 50;
615 500;
615 507;
615 51;
615 514;
615 520;
615 523;
615 530;
615 537;
615 543;
615 546;
615 553;
615 560;
615 566;
615 569;
615 576;
615 583;
615 589;
615 592;
615 599;
615 624;
615 630;
615 633;
615 640;
615 647;
615 653;
615 656;
615 663;
615 670;
615 676;
615 679;
615 686;
615 693;
615 699;
615 702;
615 709;
615 716;
615 722;
615 725;
615 732;
615 739;
615 745;
615 748;
615 755;
615 762;
615 768;
615 771;
615 778;
615 785;
615 791;
615 794;
615 801;
615 811;
615 9;
616 144;
616 145;
616 149;
616 150;
616 162;
616 163;
616 171;
616 172;
616 227;
616 228;
616 238;
616 239;
616 313;
616 314;
616 364;
616 365;
616 383;
616 384;
616 426;
616 432;
616 449;
616 455;
616 472;
616 478;
616 495;
616 501;
616 518;
616 524;
616 541;
616 547;
616 564;
616 570;
616 587;
616 593;
616 619;
616 628;
616 634;
616 651;
616 657;
616 674;
616 680;
616 697;
616 703;
616 720;
616 726;
616 743;
616 749;
616 766;
616 772;
616 789;
616 795;
621 817;
623 0;
623 104;
623 108;
623 110;
623 111;
623 113;
623 115;
623 116;
623 117;
623 118;
623 120;
623 122;
623 123;
623 125;
623 131;
623 132;
623 133;
623 135;
623 136;
623 137;
623 139;
623 141;
623 142;
623 144;
623 146;
623 147;
623 148;
623 150;
623 152;
623 154;
623 156;
623 157;
623 159;
623 16;
623 163;
623 165;
623 166;
623 168;
623 170;
623 171;
623 173;
623 177;
623 179;
623 18;
623 180;
623 181;
623 182;
623 184;
623 186;
623 187;
623 189;
623 190;
623 191;
623 192;
623 193;
623 195;
623 197;
623 202;
623 204;
623 21;
623 210;
623 213;
623 219;
623 23;
623 235;
623 239;
623 244;
623 246;
623 248;
623 251;
623 253;
623 259;
623 261;
623 264;
623 267;
623 27;
623 271;
623 273;
623 274;
623 276;
623 277;
623 279;
623 281;
623 283;
623 285;
623 287;
623 288;
623 290;
623 300;
623 304;
623 306;
623 309;
623 31;
623 311;
623 315;
623 317;
623 320;
623 322;
623 323;
623 325;
623 326;
623 328;
623 329;
623 33;
623 331;
623 333;
623 334;
623 337;
623 342;
623 347;
623 349;
623 35;
623 357;
623 359;
623 361;
623 363;
623 365;
623 367;
623 37;
623 370;
623 372;
623 374;
623 376;
623 384;
623 393;
623 395;
623 396;
623 399;
623 40;
623 402;
623 404;
623 418;
623 420;
623 424;
623 425;
623 429;
623 430;
623 433;
623 434;
623 435;
623 440;
623 442;
623 445;
623 446;
623 450;
623 451;
623 454;
623 455;
623 456;
623 461;
623 468;
623 469;
623 473;
623 474;
623 477;
623 478;
623 479;
623 484;
623 491;
623 492;
623 496;
623 497;
623 500;
623 501;
623 502;
623 507;
623 514;
623 515;
623 519;
623 520;
623 523;
623 524;
623 525;
623 530;
623 537;
623 538;
623 54;
623 542;
623 543;
623 546;
623 547;
623 548;
623 553;
623 56;
623 560;
623 561;
623 565;
623 566;
623 569;
623 570;
623 571;
623 576;
623 58;
623 583;
623 584;
623 588;
623 589;
623 592;
623 593;
623 594;
623 599;
623 60;
623 624;
623 625;
623 629;
623 630;
623 633;
623 634;
623 635;
623 640;
623 647;
623 648;
623 652;
623 653;
623 656;
623 657;
623 658;
623 663;
623 670;
623 671;
623 675;
623 676;
623 679;
623 680;
623 681;
623 686;
623 693;
623 694;
623 698;
623 699;
623 702;
623 703;
623 704;
623 709;
623 716;
623 717;
623 721;
623 722;
623 725;
623 726;
623 727;
623 732;
623 739;
623 740;
623 744;
623 745;
623 748;
623 749;
623 750;
623 755;
623 762;
623 763;
623 767;
623 768;
623 771;
623 772;
623 773;
623 778;
623 793;
623 809;
623 817;
623 91;
623 93;
623 96;
624 427;
624 448;
624 471;
624 494;
624 517;
624 540;
624 563;
624 586;
624 627;
624 650;
624 673;
624 696;
624 719;
624 742;
624 765;
626 101;
626 107;
626 11;
626 110;
626 112;
626 119;
626 124;
626 128;
626 141;
626 143;
626 145;
626 151;
626 153;
626 156;
626 162;
626 165;
626 167;
626 170;
626 172;
626 176;
626 186;
626 189;
626 199;
626 205;
626 209;
626 21;
626 211;
626 214;
626 217;
626 219;
626 225;
626 23;
626 233;
626 238;
626 242;
626 244;
626 246;
626 249;
626 25;
626 253;
626 257;
626 260;
626 264;
626 268;
626 27;
626 273;
626 279;
626 281;
626 283;
626 287;
626 29;
626 290;
626 295;
626 301;
626 306;
626 309;
626 311;
626 317;
626 32;
626 325;
626 329;
626 333;
626 335;
626 340;
626 345;
626 348;
626 354;
626 36;
626 362;
626 366;
626 371;
626 375;
626 381;
626 387;
626 390;
626 395;
626 397;
626 40;
626 400;
626 408;
626 412;
626 44;
626 50;
626 56;
626 59;
626 607;
626 611;
626 615;
626 620;
626 66;
626 7;
626 73;
626 785;
626 788;
626 79;
626 790;
626 86;
626 97;
629 113;
629 116;
629 120;
629 157;
629 177;
629 195;
629 221;
629 227;
629 234;
629 274;
629 291;
629 297;
629 320;
629 326;
629 336;
629 341;
629 357;
629 402;
629 612;
630 108;
630 113;
630 116;
630 120;
630 125;
630 139;
630 154;
630 157;
630 163;
630 168;
630 173;
630 177;
630 184;
630 187;
630 195;
630 221;
630 227;
630 234;
630 239;
630 251;
630 258;
630 266;
630 271;
630 274;
630 277;
630 285;
630 288;
630 291;
630 297;
630 30;
630 304;
630 315;
630 320;
630 323;
630 326;
630 329;
630 331;
630 336;
630 341;
630 346;
630 357;
630 360;
630 369;
630 378;
630 393;
630 402;
630 405;
630 408;
630 41;
630 412;
630 54;
630 57;
630 63;
630 70;
630 98;
631 108;
631 111;
631 114;
631 116;
631 121;
631 123;
631 125;
631 139;
631 142;
631 144;
631 150;
631 152;
631 154;
631 158;
631 163;
631 166;
631 168;
631 171;
631 173;
631 178;
631 184;
631 187;
631 196;
631 20;
631 204;
631 210;
631 213;
631 218;
631 221;
631 227;
631 234;
631 239;
631 243;
631 248;
631 251;
631 258;
631 26;
631 271;
631 275;
631 277;
631 280;
631 285;
631 288;
631 291;
631 297;
631 30;
631 300;
631 304;
631 308;
631 315;
631 321;
631 323;
631 327;
631 331;
631 334;
631 336;
631 341;
631 346;
631 358;
631 360;
631 369;
631 378;
631 393;
631 396;
631 399;
631 403;
631 406;
631 41;
631 410;
631 486;
631 532;
631 54;
631 555;
631 57;
631 601;
631 63;
631 642;
631 688;
631 70;
631 711;
631 734;
631 96;
631 98;
632 108;
632 111;
632 113;
632 116;
632 12;
632 120;
632 123;
632 125;
632 139;
632 142;
632 144;
632 150;
632 152;
632 154;
632 157;
632 160;
632 163;
632 166;
632 168;
632 171;
632 173;
632 177;
632 184;
632 187;
632 195;
632 198;
632 20;
632 204;
632 210;
632 213;
632 215;
632 218;
632 221;
632 228;
632 234;
632 239;
632 243;
632 248;
632 251;
632 258;
632 26;
632 266;
632 271;
632 274;
632 277;
632 280;
632 285;
632 288;
632 291;
632 298;
632 30;
632 300;
632 304;
632 308;
632 315;
632 320;
632 323;
632 326;
632 331;
632 334;
632 336;
632 341;
632 346;
632 357;
632 360;
632 369;
632 378;
632 388;
632 393;
632 396;
632 399;
632 402;
632 41;
632 414;
632 463;
632 5;
632 509;
632 54;
632 57;
632 578;
632 605;
632 63;
632 665;
632 70;
632 757;
632 780;
632 784;
632 787;
632 799;
632 87;
632 96;
632 98;
633 125;
633 173;
633 206;
633 221;
633 234;
633 239;
633 254;
633 291;
633 336;
633 341;
633 351;
633 378;
633 41;
633 608;
633 63;
633 70;
633 8;
633 83;
633 98;
636 101;
636 107;
636 11;
636 112;
636 115;
636 119;
636 122;
636 124;
636 128;
636 143;
636 145;
636 151;
636 153;
636 159;
636 167;
636 172;
636 176;
636 179;
636 197;
636 199;
636 205;
636 209;
636 21;
636 211;
636 214;
636 219;
636 23;
636 242;
636 244;
636 246;
636 249;
636 25;
636 257;
636 27;
636 276;
636 281;
636 283;
636 29;
636 301;
636 309;
636 311;
636 322;
636 328;
636 335;
636 354;
636 359;
636 381;
636 387;
636 397;
636 400;
636 404;
636 407;
636 411;
636 44;
636 50;
636 611;
636 615;
636 620;
636 66;
636 73;
636 785;
636 788;
636 79;
636 790;
636 86;
636 97;
638 132;
638 133;
638 136;
638 137;
638 147;
638 148;
638 181;
638 182;
638 191;
638 192;
638 193;
638 202;
638 424;
638 430;
638 433;
638 440;
638 442;
638 445;
638 451;
638 454;
638 461;
638 468;
638 474;
638 477;
638 484;
638 491;
638 497;
638 500;
638 507;
638 514;
638 520;
638 523;
638 530;
638 537;
638 543;
638 546;
638 553;
638 560;
638 566;
638 569;
638 576;
638 583;
638 589;
638 592;
638 599;
638 624;
638 630;
638 633;
638 640;
638 647;
638 653;
638 656;
638 663;
638 670;
638 676;
638 679;
638 686;
638 693;
638 699;
638 702;
638 709;
638 716;
638 722;
638 725;
638 732;
638 739;
638 745;
638 748;
638 755;
638 762;
638 768;
638 771;
638 778;
638 793;
639 101;
639 102;
639 103;
639 105;
639 106;
639 126;
639 127;
639 174;
639 175;
639 222;
639 223;
639 225;
639 227;
639 231;
639 232;
639 236;
639 237;
639 240;
639 241;
639 292;
639 293;
639 295;
639 296;
639 297;
639 338;
639 339;
639 343;
639 344;
639 379;
639 380;
639 382;
639 383;
639 385;
639 386;
639 42;
639 428;
639 434;
639 44;
639 449;
639 455;
639 46;
639 472;
639 478;
639 48;
639 495;
639 50;
639 501;
639 518;
639 52;
639 524;
639 541;
639 547;
639 564;
639 570;
639 587;
639 593;
639 628;
639 634;
639 64;
639 651;
639 657;
639 66;
639 67;
639 674;
639 68;
639 680;
639 697;
639 703;
639 71;
639 720;
639 726;
639 73;
639 743;
639 749;
639 75;
639 766;
639 77;
639 772;
639 79;
639 809;
639 81;
639 99;
646 100;
646 103;
646 105;
646 111;
646 115;
646 117;
646 118;
646 120;
646 121;
646 122;
646 124;
646 128;
646 13;
646 145;
646 147;
646 15;
646 153;
646 157;
646 158;
646 159;
646 161;
646 163;
646 164;
646 166;
646 167;
646 169;
646 171;
646 172;
646 176;
646 178;
646 179;
646 180;
646 183;
646 187;
646 189;
646 19;
646 190;
646 192;
646 193;
646 197;
646 199;
646 200;
646 202;
646 206;
646 21;
646 211;
646 212;
646 213;
646 214;
646 217;
646 218;
646 219;
646 220;
646 223;
646 224;
646 225;
646 226;
646 229;
646 23;
646 231;
646 232;
646 235;
646 237;
646 245;
646 247;
646 250;
646 251;
646 253;
646 255;
646 259;
646 267;
646 271;
646 274;
646 276;
646 279;
646 281;
646 283;
646 285;
646 286;
646 288;
646 290;
646 306;
646 309;
646 31;
646 313;
646 315;
646 319;
646 321;
646 324;
646 326;
646 327;
646 329;
646 337;
646 339;
646 341;
646 343;
646 346;
646 35;
646 357;
646 359;
646 36;
646 361;
646 379;
646 381;
646 386;
646 389;
646 39;
646 391;
646 400;
646 402;
646 404;
646 406;
646 407;
646 409;
646 411;
646 415;
646 416;
646 420;
646 421;
646 424;
646 425;
646 426;
646 431;
646 438;
646 439;
646 443;
646 444;
646 447;
646 448;
646 449;
646 454;
646 461;
646 462;
646 466;
646 467;
646 47;
646 470;
646 471;
646 472;
646 477;
646 484;
646 49;
646 50;
646 507;
646 508;
646 518;
646 519;
646 52;
646 521;
646 533;
646 534;
646 535;
646 536;
646 54;
646 55;
646 560;
646 561;
646 565;
646 566;
646 569;
646 57;
646 570;
646 571;
646 576;
646 583;
646 584;
646 588;
646 589;
646 59;
646 592;
646 593;
646 594;
646 599;
646 60;
646 614;
646 616;
646 619;
646 62;
646 620;
646 624;
646 625;
646 628;
646 629;
646 630;
646 635;
646 64;
646 644;
646 645;
646 649;
646 650;
646 653;
646 654;
646 655;
646 66;
646 660;
646 687;
646 688;
646 69;
646 698;
646 699;
646 70;
646 701;
646 71;
646 713;
646 714;
646 715;
646 716;
646 73;
646 740;
646 741;
646 745;
646 746;
646 749;
646 750;
646 751;
646 756;
646 763;
646 764;
646 768;
646 769;
646 772;
646 773;
646 774;
646 779;
646 78;
646 786;
646 787;
646 791;
646 792;
646 795;
646 796;
646 797;
646 80;
646 802;
646 809;
646 83;
647 418;
647 441;
647 464;
647 522;
647 563;
647 586;
647 622;
647 647;
647 702;
647 743;
647 766;
647 789;
648 0;
649 101;
649 104;
649 106;
649 109;
649 114;
649 117;
649 119;
649 125;
649 147;
649 168;
649 171;
649 175;
649 177;
649 186;
649 19;
649 192;
649 194;
649 199;
649 202;
649 209;
649 21;
649 231;
649 233;
649 237;
649 24;
649 241;
649 246;
649 250;
649 252;
649 254;
649 256;
649 259;
649 264;
649 270;
649 272;
649 275;
649 28;
649 280;
649 285;
649 288;
649 291;
649 297;
649 305;
649 307;
649 309;
649 311;
649 314;
649 319;
649 321;
649 326;
649 329;
649 333;
649 338;
649 34;
649 342;
649 349;
649 353;
649 359;
649 361;
649 363;
649 367;
649 373;
649 380;
649 384;
649 386;
649 390;
649 395;
649 408;
649 411;
649 42;
649 45;
649 484;
649 51;
649 54;
649 56;
649 609;
649 62;
649 65;
649 76;
649 8;
649 80;
652 110;
652 161;
652 164;
652 182;
652 187;
652 205;
652 293;
652 299;
652 345;
652 38;
652 404;
652 47;
652 57;
653 110;
653 115;
653 145;
653 161;
653 164;
653 169;
653 172;
653 182;
653 187;
653 190;
653 197;
653 200;
653 205;
653 229;
653 235;
653 244;
653 25;
653 267;
653 273;
653 278;
653 283;
653 286;
653 293;
653 299;
653 312;
653 324;
653 327;
653 336;
653 345;
653 350;
653 357;
653 364;
653 38;
653 381;
653 388;
653 404;
653 409;
653 47;
653 52;
653 552;
653 57;
653 60;
653 63;
653 73;
653 732;
653 78;
654 100;
654 103;
654 105;
654 110;
654 115;
654 118;
654 124;
654 126;
654 145;
654 162;
654 165;
654 167;
654 169;
654 172;
654 176;
654 18;
654 182;
654 188;
654 190;
654 193;
654 197;
654 200;
654 205;
654 229;
654 23;
654 232;
654 235;
654 244;
654 25;
654 251;
654 253;
654 255;
654 258;
654 267;
654 271;
654 273;
654 278;
654 283;
654 286;
654 290;
654 293;
654 299;
654 306;
654 308;
654 312;
654 318;
654 324;
654 327;
654 336;
654 345;
654 350;
654 357;
654 360;
654 364;
654 379;
654 38;
654 381;
654 385;
654 388;
654 405;
654 407;
654 409;
654 479;
654 48;
654 483;
654 50;
654 52;
654 55;
654 578;
654 58;
654 60;
654 601;
654 63;
654 637;
654 662;
654 73;
654 78;
654 804;
654 81;
655 100;
655 103;
655 105;
655 107;
655 110;
655 115;
655 118;
655 124;
655 126;
655 145;
655 161;
655 164;
655 167;
655 169;
655 172;
655 176;
655 18;
655 182;
655 187;
655 190;
655 193;
655 197;
655 200;
655 205;
655 229;
655 23;
655 232;
655 235;
655 244;
655 25;
655 251;
655 253;
655 255;
655 258;
655 267;
655 271;
655 273;
655 278;
655 283;
655 286;
655 290;
655 293;
655 300;
655 306;
655 308;
655 312;
655 318;
655 324;
655 327;
655 336;
655 345;
655 350;
655 357;
655 360;
655 364;
655 379;
655 38;
655 381;
655 385;
655 388;
655 393;
655 396;
655 404;
655 407;
655 409;
655 43;
655 433;
655 456;
655 47;
655 483;
655 486;
655 50;
655 52;
655 55;
655 552;
655 57;
655 60;
655 607;
655 610;
655 63;
655 666;
655 73;
655 732;
655 758;
655 78;
655 781;
655 81;
655 9;
656 110;
656 172;
656 182;
656 205;
656 238;
656 25;
656 261;
656 267;
656 293;
656 330;
656 345;
656 350;
656 364;
656 38;
656 381;
656 5;
656 73;
659 101;
659 104;
659 106;
659 119;
659 125;
659 163;
659 166;
659 168;
659 175;
659 177;
659 189;
659 19;
659 194;
659 21;
659 233;
659 24;
659 241;
659 252;
659 254;
659 256;
659 259;
659 264;
659 270;
659 272;
659 28;
659 291;
659 307;
659 309;
659 311;
659 319;
659 321;
659 333;
659 34;
659 353;
659 361;
659 363;
659 367;
659 373;
659 380;
659 384;
659 386;
659 406;
659 408;
659 484;
659 49;
659 51;
659 56;
659 59;
659 76;
659 8;
660 0;
661 121;
661 122;
661 158;
661 159;
661 179;
661 180;
661 211;
661 212;
661 213;
661 214;
661 217;
661 218;
661 219;
661 220;
661 223;
661 224;
661 225;
661 226;
661 36;
661 415;
661 421;
661 424;
661 431;
661 438;
661 444;
661 447;
661 454;
661 461;
661 467;
661 470;
661 477;
661 507;
661 533;
661 535;
661 560;
661 566;
661 569;
661 576;
661 583;
661 589;
661 592;
661 599;
661 619;
661 625;
661 628;
661 635;
661 644;
661 650;
661 653;
661 660;
661 687;
661 70;
661 71;
661 713;
661 715;
661 740;
661 746;
661 749;
661 756;
661 763;
661 769;
661 772;
661 779;
661 786;
661 792;
661 795;
661 802;
661 809;
662 112;
662 113;
662 153;
662 173;
662 174;
662 184;
662 185;
662 207;
662 208;
662 26;
662 268;
662 269;
662 27;
662 29;
662 294;
662 295;
662 297;
662 299;
662 30;
662 303;
662 304;
662 32;
662 33;
662 347;
662 348;
662 351;
662 352;
662 354;
662 355;
662 365;
662 367;
662 369;
662 371;
662 373;
662 375;
662 382;
662 383;
662 40;
662 41;
662 419;
662 425;
662 442;
662 448;
662 465;
662 471;
662 506;
662 517;
662 523;
662 536;
662 564;
662 570;
662 587;
662 593;
662 623;
662 629;
662 648;
662 654;
662 686;
662 697;
662 703;
662 716;
662 74;
662 744;
662 75;
662 750;
662 767;
662 773;
662 790;
662 796;
669 103;
669 104;
669 105;
669 114;
669 116;
669 117;
669 119;
669 120;
669 122;
669 123;
669 125;
669 127;
669 128;
669 129;
669 13;
669 134;
669 136;
669 137;
669 139;
669 140;
669 141;
669 142;
669 143;
669 144;
669 146;
669 149;
669 151;
669 153;
669 158;
669 162;
669 164;
669 166;
669 167;
669 168;
669 169;
669 171;
669 172;
669 173;
669 177;
669 179;
669 180;
669 185;
669 190;
669 194;
669 198;
669 200;
669 204;
669 206;
669 208;
669 211;
669 217;
669 218;
669 219;
669 220;
669 223;
669 225;
669 227;
669 229;
669 231;
669 236;
669 238;
669 240;
669 242;
669 262;
669 265;
669 267;
669 269;
669 27;
669 271;
669 287;
669 289;
669 292;
669 294;
669 296;
669 298;
669 301;
669 303;
669 305;
669 307;
669 312;
669 315;
669 324;
669 326;
669 328;
669 330;
669 346;
669 351;
669 358;
669 360;
669 363;
669 365;
669 370;
669 373;
669 377;
669 379;
669 383;
669 385;
669 390;
669 392;
669 397;
669 409;
669 411;
669 417;
669 422;
669 423;
669 427;
669 428;
669 431;
669 432;
669 433;
669 438;
669 445;
669 446;
669 450;
669 451;
669 454;
669 455;
669 456;
669 461;
669 468;
669 469;
669 473;
669 474;
669 477;
669 478;
669 479;
669 484;
669 491;
669 492;
669 496;
669 497;
669 500;
669 501;
669 502;
669 507;
669 514;
669 515;
669 519;
669 520;
669 523;
669 524;
669 525;
669 530;
669 537;
669 538;
669 54;
669 542;
669 543;
669 546;
669 547;
669 548;
669 553;
669 560;
669 561;
669 565;
669 566;
669 569;
669 570;
669 571;
669 576;
669 58;
669 583;
669 584;
669 588;
669 589;
669 59;
669 592;
669 593;
669 594;
669 599;
669 60;
669 608;
669 622;
669 623;
669 627;
669 628;
669 63;
669 631;
669 632;
669 633;
669 638;
669 645;
669 646;
669 650;
669 651;
669 654;
669 655;
669 656;
669 661;
669 668;
669 669;
669 67;
669 673;
669 674;
669 677;
669 678;
669 679;
669 684;
669 69;
669 691;
669 692;
669 696;
669 697;
669 700;
669 701;
669 702;
669 707;
669 71;
669 716;
669 717;
669 72;
669 721;
669 722;
669 725;
669 726;
669 727;
669 732;
669 739;
669 74;
669 740;
669 744;
669 745;
669 748;
669 749;
669 75;
669 750;
669 755;
669 762;
669 763;
669 767;
669 768;
669 77;
669 771;
669 772;
669 773;
669 778;
669 78;
669 785;
669 786;
669 79;
669 790;
669 791;
669 794;
669 795;
669 796;
669 80;
669 801;
669 82;
669 84;
669 88;
669 93;
670 425;
670 448;
670 471;
670 494;
670 517;
670 540;
670 563;
670 586;
670 625;
670 648;
670 671;
670 694;
670 719;
670 742;
670 765;
670 788;
672 100;
672 110;
672 116;
672 122;
672 124;
672 126;
672 133;
672 136;
672 147;
672 150;
672 153;
672 156;
672 161;
672 164;
672 179;
672 183;
672 188;
672 193;
672 197;
672 200;
672 203;
672 206;
672 214;
672 225;
672 227;
672 231;
672 234;
672 237;
672 241;
672 248;
672 256;
672 266;
672 270;
672 277;
672 285;
672 288;
672 293;
672 297;
672 302;
672 306;
672 310;
672 313;
672 316;
672 320;
672 325;
672 330;
672 335;
672 343;
672 347;
672 352;
672 356;
672 358;
672 360;
672 364;
672 369;
672 371;
672 374;
672 378;
672 382;
672 385;
672 400;
672 403;
672 407;
672 411;
672 46;
672 50;
672 52;
672 55;
672 6;
672 66;
672 68;
672 71;
672 74;
672 77;
672 8;
672 808;
672 810;
672 84;
672 91;
672 96;
675 117;
675 137;
675 157;
675 184;
675 189;
675 210;
675 244;
675 250;
675 258;
675 273;
675 279;
675 331;
675 337;
675 344;
675 396;
675 62;
675 87;
675 92;
676 107;
676 114;
676 117;
676 120;
676 134;
676 137;
676 151;
676 157;
676 162;
676 177;
676 180;
676 184;
676 189;
676 194;
676 198;
676 204;
676 210;
676 223;
676 229;
676 235;
676 244;
676 250;
676 258;
676 264;
676 273;
676 279;
676 286;
676 291;
676 300;
676 323;
676 328;
676 331;
676 337;
676 344;
676 362;
676 376;
676 383;
676 396;
676 409;
676 62;
676 69;
676 72;
676 75;
676 82;
676 87;
676 92;
677 10;
677 107;
677 114;
677 118;
677 120;
677 123;
677 125;
677 134;
677 138;
677 146;
677 149;
677 151;
677 157;
677 162;
677 177;
677 180;
677 184;
677 189;
677 194;
677 198;
677 204;
677 210;
677 223;
677 226;
677 229;
677 235;
677 244;
677 25;
677 250;
677 258;
677 264;
677 273;
677 279;
677 286;
677 291;
677 300;
677 312;
677 315;
677 323;
677 328;
677 331;
677 337;
677 357;
677 362;
677 370;
677 373;
677 376;
677 383;
677 396;
677 409;
677 463;
677 509;
677 532;
677 54;
677 555;
677 578;
677 601;
677 62;
677 640;
677 663;
677 67;
677 69;
677 709;
677 72;
677 734;
677 75;
677 757;
677 780;
677 803;
677 82;
677 87;
677 92;
678 10;
678 107;
678 114;
678 117;
678 120;
678 123;
678 125;
678 131;
678 134;
678 137;
678 146;
678 149;
678 151;
678 154;
678 157;
678 162;
678 177;
678 180;
678 184;
678 189;
678 194;
678 198;
678 201;
678 204;
678 210;
678 223;
678 226;
678 229;
678 232;
678 235;
678 244;
678 25;
678 251;
678 259;
678 264;
678 273;
678 280;
678 286;
678 291;
678 300;
678 309;
678 312;
678 315;
678 323;
678 328;
678 331;
678 338;
678 355;
678 357;
678 362;
678 367;
678 370;
678 373;
678 376;
678 381;
678 383;
678 386;
678 396;
678 401;
678 409;
678 44;
678 440;
678 486;
678 5;
678 51;
678 54;
678 614;
678 62;
678 67;
678 686;
678 69;
678 72;
678 75;
678 807;
678 82;
678 87;
678 92;
679 107;
679 157;
679 180;
679 184;
679 189;
679 194;
679 210;
679 244;
679 273;
679 317;
679 331;
679 396;
679 404;
679 47;
679 62;
679 87;
679 92;
679 97;
682 0;
682 100;
682 110;
682 119;
682 124;
682 126;
682 139;
682 147;
682 150;
682 183;
682 197;
682 227;
682 310;
682 313;
682 316;
682 320;
682 347;
682 352;
682 356;
682 358;
682 360;
682 371;
682 374;
682 382;
682 407;
682 50;
682 52;
682 55;
682 6;
682 68;
682 8;
682 808;
682 810;
684 104;
684 105;
684 128;
684 129;
684 141;
684 142;
684 143;
684 144;
684 166;
684 167;
684 168;
684 169;
684 172;
684 173;
684 208;
684 217;
684 218;
684 219;
684 220;
684 262;
684 422;
684 428;
684 431;
684 438;
684 445;
684 451;
684 454;
684 461;
684 468;
684 474;
684 477;
684 484;
684 491;
684 497;
684 500;
684 507;
684 514;
684 520;
684 523;
684 530;
684 537;
684 543;
684 546;
684 553;
684 560;
684 566;
684 569;
684 576;
684 583;
684 589;
684 59;
684 592;
684 599;
684 60;
684 608;
684 622;
684 628;
684 631;
684 638;
684 645;
684 651;
684 654;
684 661;
684 668;
684 674;
684 677;
684 684;
684 691;
684 697;
684 700;
684 707;
684 716;
684 722;
684 725;
684 732;
684 739;
684 745;
684 748;
684 755;
684 762;
684 768;
684 771;
684 778;
684 785;
684 79;
684 791;
684 794;
684 80;
684 801;
685 108;
685 109;
685 111;
685 112;
685 159;
685 160;
685 181;
685 182;
685 186;
685 187;
685 191;
685 192;
685 195;
685 196;
685 212;
685 213;
685 245;
685 246;
685 248;
685 249;
685 253;
685 254;
685 256;
685 258;
685 274;
685 275;
685 277;
685 279;
685 283;
685 284;
685 332;
685 333;
685 335;
685 337;
685 341;
685 342;
685 398;
685 399;
685 417;
685 426;
685 432;
685 449;
685 455;
685 472;
685 478;
685 495;
685 501;
685 518;
685 524;
685 541;
685 547;
685 564;
685 570;
685 587;
685 593;
685 626;
685 632;
685 64;
685 649;
685 65;
685 655;
685 672;
685 678;
685 695;
685 701;
685 720;
685 726;
685 743;
685 749;
685 766;
685 772;
685 789;
685 795;
685 89;
685 90;
685 94;
685 95;
692 100;
692 101;
692 108;
692 11;
692 110;
692 112;
692 114;
692 116;
692 118;
692 119;
692 121;
692 122;
692 124;
692 125;
692 126;
692 127;
692 129;
692 13;
692 131;
692 132;
692 133;
692 135;
692 137;
692 139;
692 141;
692 154;
692 159;
692 178;
692 180;
692 184;
692 186;
692 189;
692 19;
692 191;
692 193;
692 194;
692 195;
692 197;
692 199;
692 204;
692 206;
692 21;
692 217;
692 218;
692 219;
692 226;
692 228;
692 230;
692 232;
692 237;
692 239;
692 241;
692 243;
692 245;
692 247;
692 249;
692 251;
692 253;
692 255;
692 258;
692 260;
692 263;
692 264;
692 265;
692 266;
692 267;
692 269;
692 27;
692 274;
692 276;
692 279;
692 281;
692 283;
692 285;
692 288;
692 294;
692 296;
692 298;
692 300;
692 306;
692 309;
692 311;
692 320;
692 322;
692 325;
692 327;
692 329;
692 331;
692 332;
692 335;
692 337;
692 340;
692 342;
692 350;
692 351;
692 352;
692 369;
692 374;
692 376;
692 384;
692 389;
692 391;
692 393;
692 395;
692 398;
692 400;
692 402;
692 404;
692 422;
692 424;
692 429;
692 431;
692 434;
692 44;
692 441;
692 442;
692 446;
692 447;
692 450;
692 451;
692 452;
692 457;
692 46;
692 466;
692 467;
692 471;
692 472;
692 475;
692 476;
692 477;
692 482;
692 491;
692 492;
692 496;
692 497;
692 500;
692 501;
692 502;
692 507;
692 51;
692 514;
692 515;
692 519;
692 520;
692 523;
692 524;
692 525;
692 53;
692 530;
692 537;
692 538;
692 54;
692 542;
692 543;
692 546;
692 547;
692 548;
692 553;
692 560;
692 561;
692 565;
692 566;
692 569;
692 570;
692 571;
692 576;
692 590;
692 606;
692 630;
692 632;
692 640;
692 642;
692 647;
692 648;
692 652;
692 653;
692 656;
692 657;
692 658;
692 663;
692 670;
692 671;
692 675;
692 676;
692 679;
692 680;
692 681;
692 686;
692 693;
692 694;
692 698;
692 699;
692 702;
692 703;
692 704;
692 709;
692 716;
692 717;
692 721;
692 722;
692 725;
692 726;
692 727;
692 732;
692 739;
692 740;
692 744;
692 745;
692 748;
692 749;
692 750;
692 755;
692 762;
692 763;
692 767;
692 768;
692 771;
692 772;
692 773;
692 778;
692 80;
692 808;
692 810;
692 84;
692 85;
692 87;
692 89;
692 93;
692 94;
692 95;
692 96;
692 98;
693 0;
693 444;
693 469;
693 494;
693 517;
693 540;
693 563;
693 650;
693 673;
693 696;
693 719;
693 742;
693 765;
695 106;
695 109;
695 11;
695 113;
695 121;
695 124;
695 130;
695 136;
695 14;
695 144;
695 147;
695 151;
695 157;
695 162;
695 165;
695 17;
695 170;
695 174;
695 180;
695 183;
695 186;
695 191;
695 199;
695 203;
695 206;
695 209;
695 213;
695 227;
695 231;
695 238;
695 242;
695 246;
695 250;
695 254;
695 259;
695 274;
695 276;
695 280;
695 284;
695 288;
695 292;
695 295;
695 299;
695 304;
695 307;
695 311;
695 315;
695 321;
695 326;
695 332;
695 335;
695 337;
695 341;
695 347;
695 356;
695 360;
695 366;
695 372;
695 375;
695 381;
695 387;
695 390;
695 394;
695 399;
695 404;
695 408;
695 412;
695 416;
695 429;
695 431;
695 46;
695 50;
695 55;
695 58;
695 585;
695 587;
695 6;
695 61;
695 611;
695 614;
695 618;
695 622;
695 625;
695 635;
695 640;
695 642;
695 65;
695 71;
695 77;
695 787;
695 792;
695 798;
695 802;
695 83;
695 89;
695 99;
698 116;
698 137;
698 140;
698 153;
698 158;
698 329;
698 383;
698 51;
698 784;
699 107;
699 116;
699 119;
699 122;
699 137;
699 140;
699 153;
699 158;
699 167;
699 170;
699 174;
699 178;
699 184;
699 189;
699 197;
699 204;
699 216;
699 225;
699 236;
699 257;
699 278;
699 293;
699 309;
699 312;
699 319;
699 324;
699 329;
699 332;
699 339;
699 357;
699 373;
699 383;
699 388;
699 397;
699 402;
699 409;
699 412;
699 416;
699 44;
699 51;
699 68;
699 795;
699 798;
699 802;
699 87;
700 10;
700 107;
700 117;
700 119;
700 122;
700 129;
700 13;
700 135;
700 138;
700 140;
700 153;
700 158;
700 168;
700 172;
700 178;
700 184;
700 189;
700 197;
700 204;
700 225;
700 236;
700 25;
700 257;
700 273;
700 278;
700 293;
700 306;
700 309;
700 312;
700 319;
700 324;
700 330;
700 334;
700 339;
700 357;
700 373;
700 383;
700 388;
700 397;
700 402;
700 410;
700 414;
700 428;
700 433;
700 44;
700 459;
700 484;
700 509;
700 52;
700 532;
700 54;
700 555;
700 578;
700 639;
700 665;
700 68;
700 688;
700 711;
700 780;
700 796;
700 800;
700 87;
700 98;
701 10;
701 107;
701 116;
701 119;
701 122;
701 129;
701 13;
701 135;
701 137;
701 140;
701 145;
701 15;
701 153;
701 158;
701 163;
701 178;
701 181;
701 184;
701 189;
701 197;
701 204;
701 207;
701 220;
701 225;
701 236;
701 25;
701 257;
701 269;
701 273;
701 278;
701 293;
701 302;
701 306;
701 309;
701 312;
701 319;
701 324;
701 329;
701 334;
701 339;
701 354;
701 357;
701 373;
701 380;
701 383;
701 388;
701 397;
701 402;
701 418;
701 428;
701 433;
701 44;
701 5;
701 51;
701 54;
701 56;
701 584;
701 59;
701 596;
701 609;
701 612;
701 621;
701 624;
701 626;
701 634;
701 639;
701 68;
701 734;
701 757;
701 804;
701 87;
701 98;
702 103;
702 140;
702 153;
702 158;
702 200;
702 289;
702 312;
702 344;
702 357;
702 383;
702 405;
702 47;
702 68;
704 0;
705 106;
705 11;
705 118;
705 130;
705 136;
705 139;
705 14;
705 169;
705 173;
705 203;
705 274;
705 276;
705 292;
705 307;
705 315;
705 331;
705 335;
705 337;
705 347;
705 360;
705 366;
705 372;
705 381;
705 408;
705 411;
705 415;
705 429;
705 431;
705 50;
705 53;
705 55;
705 585;
705 587;
705 6;
705 622;
705 625;
705 635;
705 640;
705 642;
705 71;
705 77;
705 787;
705 792;
705 797;
705 801;
705 83;
705 99;
706 434;
707 101;
707 126;
707 127;
707 132;
707 133;
707 19;
707 194;
707 195;
707 21;
707 351;
707 352;
707 441;
707 447;
707 450;
707 457;
707 466;
707 472;
707 475;
707 482;
707 491;
707 497;
707 500;
707 507;
707 514;
707 520;
707 523;
707 530;
707 537;
707 543;
707 546;
707 553;
707 560;
707 566;
707 569;
707 576;
707 590;
707 647;
707 653;
707 656;
707 663;
707 670;
707 676;
707 679;
707 686;
707 693;
707 699;
707 702;
707 709;
707 716;
707 722;
707 725;
707 732;
707 739;
707 745;
707 748;
707 755;
707 762;
707 768;
707 771;
707 778;
707 85;
707 93;
707 94;
707 95;
707 96;
708 142;
708 143;
708 155;
708 156;
708 160;
708 161;
708 263;
708 264;
708 266;
708 267;
708 313;
708 314;
708 316;
708 317;
708 358;
708 360;
708 362;
708 364;
708 366;
708 368;
708 370;
708 371;
708 385;
708 386;
708 445;
708 451;
708 470;
708 476;
708 495;
708 501;
708 518;
708 524;
708 541;
708 547;
708 564;
708 570;
708 606;
708 651;
708 657;
708 674;
708 680;
708 69;
708 697;
708 703;
708 71;
708 720;
708 726;
708 73;
708 743;
708 749;
708 75;
708 766;
708 77;
708 772;
708 79;
708 81;
708 82;
715 101;
715 103;
715 105;
715 107;
715 109;
715 110;
715 112;
715 113;
715 118;
715 121;
715 132;
715 15;
715 151;
715 153;
715 154;
715 156;
715 157;
715 159;
715 161;
715 163;
715 165;
715 167;
715 168;
715 17;
715 170;
715 171;
715 173;
715 174;
715 176;
715 179;
715 180;
715 181;
715 184;
715 186;
715 187;
715 188;
715 189;
715 198;
715 199;
715 20;
715 200;
715 202;
715 204;
715 206;
715 207;
715 211;
715 213;
715 214;
715 215;
715 22;
715 228;
715 230;
715 231;
715 236;
715 238;
715 24;
715 241;
715 243;
715 244;
715 249;
715 256;
715 258;
715 26;
715 260;
715 262;
715 264;
715 266;
715 269;
715 271;
715 273;
715 275;
715 278;
715 28;
715 282;
715 284;
715 289;
715 291;
715 294;
715 296;
715 298;
715 30;
715 304;
715 306;
715 308;
715 310;
715 312;
715 315;
715 317;
715 32;
715 320;
715 321;
715 323;
715 325;
715 326;
715 327;
715 329;
715 331;
715 333;
715 335;
715 337;
715 339;
715 341;
715 343;
715 352;
715 354;
715 355;
715 357;
715 359;
715 361;
715 365;
715 367;
715 368;
715 370;
715 372;
715 374;
715 377;
715 378;
715 379;
715 380;
715 382;
715 384;
715 385;
715 389;
715 39;
715 391;
715 392;
715 393;
715 398;
715 400;
715 402;
715 404;
715 405;
715 407;
715 409;
715 410;
715 415;
715 416;
715 418;
715 419;
715 421;
715 422;
715 424;
715 425;
715 428;
715 436;
715 44;
715 454;
715 455;
715 456;
715 459;
715 461;
715 464;
715 467;
715 468;
715 47;
715 472;
715 475;
715 476;
715 478;
715 479;
715 482;
715 485;
715 486;
715 495;
715 496;
715 497;
715 50;
715 501;
715 505;
715 511;
715 513;
715 516;
715 517;
715 518;
715 519;
715 52;
715 525;
715 527;
715 530;
715 532;
715 535;
715 536;
715 54;
715 540;
715 541;
715 545;
715 546;
715 551;
715 560;
715 562;
715 565;
715 566;
715 568;
715 571;
715 573;
715 578;
715 58;
715 584;
715 588;
715 590;
715 592;
715 593;
715 595;
715 596;
715 599;
715 60;
715 600;
715 602;
715 603;
715 604;
715 605;
715 607;
715 608;
715 610;
715 611;
715 612;
715 614;
715 62;
715 620;
715 622;
715 626;
715 628;
715 629;
715 630;
715 632;
715 634;
715 635;
715 636;
715 638;
715 64;
715 640;
715 642;
715 644;
715 647;
715 649;
715 652;
715 654;
715 656;
715 66;
715 660;
715 663;
715 665;
715 666;
715 667;
715 669;
715 671;
715 672;
715 674;
715 675;
715 677;
715 678;
715 679;
715 68;
715 681;
715 683;
715 684;
715 685;
715 688;
715 691;
715 692;
715 696;
715 697;
715 698;
715 699;
715 70;
715 701;
715 703;
715 706;
715 709;
715 71;
715 711;
715 715;
715 716;
715 72;
715 723;
715 726;
715 728;
715 729;
715 73;
715 731;
715 732;
715 733;
715 735;
715 737;
715 738;
715 739;
715 74;
715 742;
715 746;
715 748;
715 749;
715 751;
715 758;
715 76;
715 760;
715 762;
715 767;
715 768;
715 770;
715 772;
715 773;
715 774;
715 777;
715 779;
715 780;
715 782;
715 789;
715 791;
715 792;
715 794;
715 797;
715 799;
715 80;
715 800;
715 801;
715 807;
715 809;
715 85;
715 87;
715 89;
715 91;
715 93;
715 95;
715 97;
715 99;
716 538;
718 102;
718 106;
718 109;
718 11;
718 112;
718 116;
718 118;
718 121;
718 124;
718 126;
718 153;
718 156;
718 167;
718 170;
718 173;
718 176;
718 186;
718 194;
718 20;
718 203;
718 206;
718 210;
718 212;
718 219;
718 225;
718 230;
718 234;
718 236;
718 238;
718 24;
718 240;
718 243;
718 247;
718 249;
718 251;
718 254;
718 257;
718 261;
718 265;
718 27;
718 270;
718 274;
718 278;
718 282;
718 284;
718 286;
718 289;
718 291;
718 294;
718 296;
718 298;
718 31;
718 310;
718 313;
718 316;
718 320;
718 322;
718 324;
718 331;
718 333;
718 335;
718 339;
718 342;
718 347;
718 351;
718 354;
718 357;
718 359;
718 361;
718 367;
718 370;
718 373;
718 377;
718 384;
718 388;
718 390;
718 399;
718 404;
718 407;
718 414;
718 45;
718 460;
718 465;
718 47;
718 473;
718 482;
718 490;
718 494;
718 50;
718 504;
718 506;
718 52;
718 523;
718 525;
718 527;
718 530;
718 532;
718 54;
718 56;
718 561;
718 565;
718 577;
718 579;
718 58;
718 582;
718 585;
718 589;
718 596;
718 60;
718 602;
718 615;
718 62;
718 627;
718 631;
718 64;
718 640;
718 643;
718 647;
718 649;
718 652;
718 656;
718 659;
718 66;
718 661;
718 671;
718 674;
718 676;
718 689;
718 7;
718 70;
718 703;
718 707;
718 721;
718 724;
718 728;
718 730;
718 745;
718 748;
718 751;
718 755;
718 760;
718 763;
718 779;
718 782;
718 786;
718 791;
718 793;
718 795;
718 86;
718 90;
718 94;
718 98;
721 157;
721 500;
721 566;
721 571;
721 590;
721 593;
721 628;
721 663;
721 741;
721 797;
722 107;
722 110;
722 113;
722 151;
722 154;
722 157;
722 165;
722 168;
722 171;
722 174;
722 184;
722 191;
722 204;
722 207;
722 22;
722 228;
722 231;
722 241;
722 244;
722 25;
722 255;
722 268;
722 308;
722 314;
722 329;
722 337;
722 340;
722 352;
722 355;
722 365;
722 368;
722 371;
722 382;
722 385;
722 397;
722 402;
722 405;
722 458;
722 500;
722 559;
722 566;
722 571;
722 590;
722 593;
722 596;
722 600;
722 628;
722 634;
722 638;
722 641;
722 654;
722 663;
722 669;
722 672;
722 68;
722 681;
722 701;
722 726;
722 735;
722 741;
722 746;
722 749;
722 758;
722 770;
722 777;
722 780;
722 789;
722 797;
722 84;
723 105;
723 107;
723 110;
723 113;
723 117;
723 120;
723 130;
723 151;
723 154;
723 158;
723 165;
723 168;
723 171;
723 174;
723 184;
723 19;
723 191;
723 202;
723 204;
723 207;
723 211;
723 22;
723 228;
723 231;
723 235;
723 241;
723 244;
723 248;
723 25;
723 255;
723 268;
723 281;
723 288;
723 293;
723 308;
723 312;
723 314;
723 321;
723 323;
723 329;
723 332;
723 337;
723 340;
723 352;
723 355;
723 358;
723 365;
723 368;
723 371;
723 382;
723 385;
723 389;
723 397;
723 402;
723 405;
723 427;
723 434;
723 44;
723 458;
723 46;
723 464;
723 472;
723 481;
723 49;
723 500;
723 505;
723 524;
723 529;
723 553;
723 559;
723 567;
723 57;
723 572;
723 578;
723 584;
723 588;
723 591;
723 594;
723 598;
723 600;
723 614;
723 626;
723 628;
723 638;
723 641;
723 648;
723 651;
723 654;
723 660;
723 664;
723 669;
723 672;
723 675;
723 68;
723 688;
723 701;
723 706;
723 723;
723 726;
723 729;
723 741;
723 746;
723 749;
723 758;
723 762;
723 777;
723 780;
723 789;
723 792;
723 794;
723 798;
723 84;
724 105;
724 107;
724 110;
724 113;
724 117;
724 120;
724 123;
724 130;
724 151;
724 154;
724 157;
724 165;
724 168;
724 171;
724 174;
724 184;
724 19;
724 191;
724 202;
724 204;
724 207;
724 211;
724 217;
724 22;
724 228;
724 231;
724 235;
724 241;
724 244;
724 248;
724 25;
724 252;
724 255;
724 268;
724 281;
724 288;
724 293;
724 300;
724 308;
724 312;
724 314;
724 321;
724 323;
724 329;
724 332;
724 337;
724 340;
724 345;
724 352;
724 355;
724 358;
724 365;
724 368;
724 371;
724 382;
724 385;
724 389;
724 397;
724 402;
724 405;
724 412;
724 427;
724 434;
724 44;
724 458;
724 46;
724 464;
724 472;
724 481;
724 488;
724 49;
724 5;
724 500;
724 505;
724 507;
724 522;
724 524;
724 529;
724 559;
724 566;
724 57;
724 571;
724 578;
724 580;
724 584;
724 588;
724 590;
724 593;
724 600;
724 614;
724 616;
724 626;
724 628;
724 633;
724 638;
724 641;
724 648;
724 651;
724 654;
724 657;
724 660;
724 663;
724 669;
724 672;
724 675;
724 68;
724 683;
724 688;
724 701;
724 706;
724 723;
724 726;
724 729;
724 737;
724 741;
724 746;
724 749;
724 758;
724 762;
724 772;
724 777;
724 780;
724 789;
724 792;
724 794;
724 797;
724 803;
724 84;
725 113;
725 191;
725 207;
725 222;
725 231;
725 244;
725 348;
725 385;
725 491;
725 500;
725 574;
725 718;
725 741;
725 752;
725 783;
725 8;
726 0;
728 106;
728 11;
728 116;
728 118;
728 121;
728 124;
728 126;
728 159;
728 194;
728 20;
728 203;
728 210;
728 212;
728 225;
728 234;
728 236;
728 238;
728 240;
728 247;
728 249;
728 251;
728 282;
728 284;
728 286;
728 289;
728 291;
728 294;
728 296;
728 298;
728 313;
728 322;
728 324;
728 333;
728 335;
728 351;
728 359;
728 361;
728 388;
728 390;
728 45;
728 465;
728 47;
728 473;
728 482;
728 494;
728 50;
728 506;
728 52;
728 523;
728 525;
728 527;
728 530;
728 532;
728 54;
728 56;
728 568;
728 573;
728 577;
728 579;
728 58;
728 585;
728 589;
728 592;
728 595;
728 599;
728 60;
728 615;
728 62;
728 627;
728 631;
728 636;
728 64;
728 649;
728 652;
728 66;
728 661;
728 665;
728 676;
728 689;
728 707;
728 721;
728 724;
728 730;
728 755;
728 763;
728 786;
728 793;
728 795;
728 799;
729 0;
729 428;
730 15;
730 161;
730 163;
730 17;
730 180;
730 181;
730 188;
730 189;
730 199;
730 200;
730 214;
730 215;
730 326;
730 327;
730 379;
730 380;
730 392;
730 393;
730 410;
730 416;
730 419;
730 422;
730 425;
730 455;
730 456;
730 468;
730 476;
730 479;
730 486;
730 496;
730 497;
730 516;
730 517;
730 518;
730 519;
730 535;
730 541;
730 551;
730 604;
730 605;
730 608;
730 611;
730 612;
730 667;
730 678;
730 679;
730 692;
730 697;
730 698;
730 699;
730 709;
730 711;
730 716;
730 732;
730 733;
730 767;
730 80;
730 801;
731 114;
731 115;
731 192;
731 193;
731 195;
731 196;
731 208;
731 209;
731 232;
731 233;
731 245;
731 246;
731 386;
731 387;
731 39;
731 502;
731 503;
731 539;
731 545;
731 72;
731 73;
731 74;
731 743;
731 744;
731 76;
738 101;
738 103;
738 105;
738 107;
738 109;
738 111;
738 113;
738 115;
738 118;
738 120;
738 122;
738 124;
738 126;
738 128;
738 130;
738 132;
738 134;
738 136;
738 138;
738 140;
738 142;
738 152;
738 154;
738 158;
738 160;
738 162;
738 164;
738 166;
738 168;
738 171;
738 173;
738 174;
738 175;
738 177;
738 180;
738 182;
738 184;
738 186;
738 188;
738 191;
738 194;
738 199;
738 201;
738 203;
738 206;
738 207;
738 208;
738 21;
738 213;
738 214;
738 215;
738 217;
738 219;
738 221;
738 222;
738 225;
738 229;
738 230;
738 231;
738 233;
738 235;
738 236;
738 24;
738 241;
738 242;
738 243;
738 245;
738 247;
738 248;
738 249;
738 25;
738 252;
738 254;
738 256;
738 258;
738 26;
738 261;
738 263;
738 265;
738 268;
738 27;
738 270;
738 272;
738 274;
738 276;
738 278;
738 280;
738 282;
738 285;
738 287;
738 289;
738 291;
738 293;
738 302;
738 304;
738 306;
738 307;
738 308;
738 31;
738 312;
738 313;
738 314;
738 320;
738 321;
738 327;
738 33;
738 35;
738 37;
738 370;
738 374;
738 376;
738 377;
738 378;
738 380;
738 384;
738 386;
738 387;
738 388;
738 39;
738 402;
738 403;
738 404;
738 406;
738 408;
738 41;
738 410;
738 418;
738 420;
738 422;
738 423;
738 426;
738 43;
738 430;
738 432;
738 435;
738 437;
738 440;
738 443;
738 45;
738 460;
738 461;
738 47;
738 473;
738 475;
738 477;
738 479;
738 49;
738 504;
738 505;
738 506;
738 507;
738 512;
738 513;
738 517;
738 518;
738 52;
738 521;
738 522;
738 523;
738 528;
738 53;
738 537;
738 538;
738 542;
738 543;
738 547;
738 548;
738 55;
738 553;
738 562;
738 563;
738 567;
738 568;
738 57;
738 571;
738 572;
738 573;
738 578;
738 58;
738 585;
738 586;
738 590;
738 591;
738 594;
738 595;
738 596;
738 60;
738 601;
738 61;
738 615;
738 616;
738 617;
738 619;
738 622;
738 624;
738 625;
738 627;
738 628;
738 63;
738 630;
738 635;
738 637;
738 638;
738 64;
738 640;
738 645;
738 646;
738 648;
738 649;
738 652;
738 657;
738 664;
738 669;
738 67;
738 671;
738 676;
738 678;
738 679;
738 68;
738 681;
738 682;
738 684;
738 690;
738 691;
738 692;
738 693;
738 696;
738 697;
738 699;
738 70;
738 701;
738 702;
738 703;
738 704;
738 707;
738 712;
738 714;
738 715;
738 716;
738 718;
738 72;
738 720;
738 721;
738 722;
738 724;
738 729;
738 73;
738 730;
738 732;
738 734;
738 735;
738 736;
738 738;
738 740;
738 745;
738 747;
738 748;
738 75;
738 750;
738 752;
738 757;
738 759;
738 760;
738 761;
738 764;
738 765;
738 767;
738 768;
738 769;
738 776;
738 778;
738 780;
738 781;
738 782;
738 783;
738 785;
738 787;
738 789;
738 79;
738 790;
738 791;
738 792;
738 794;
738 796;
738 805;
738 807;
738 81;
738 85;
738 86;
738 88;
738 90;
738 92;
738 93;
738 95;
738 97;
739 515;
739 540;
739 565;
739 588;
741 102;
741 106;
741 110;
741 114;
741 119;
741 12;
741 123;
741 127;
741 131;
741 135;
741 139;
741 143;
741 147;
741 159;
741 16;
741 163;
741 167;
741 171;
741 178;
741 182;
741 184;
741 186;
741 188;
741 190;
741 192;
741 194;
741 196;
741 200;
741 203;
741 21;
741 212;
741 218;
741 223;
741 228;
741 235;
741 239;
741 253;
741 257;
741 261;
741 263;
741 265;
741 269;
741 273;
741 277;
741 281;
741 285;
741 287;
741 289;
741 291;
741 293;
741 297;
741 319;
741 32;
741 324;
741 330;
741 335;
741 343;
741 348;
741 356;
741 36;
741 361;
741 369;
741 373;
741 375;
741 383;
741 385;
741 395;
741 40;
741 401;
741 407;
741 410;
741 413;
741 431;
741 436;
741 44;
741 440;
741 464;
741 469;
741 474;
741 478;
741 48;
741 484;
741 490;
741 495;
741 502;
741 57;
741 60;
741 608;
741 613;
741 620;
741 624;
741 627;
741 63;
741 630;
741 634;
741 637;
741 640;
741 643;
741 65;
741 655;
741 671;
741 673;
741 678;
741 681;
741 684;
741 688;
741 711;
741 714;
741 719;
741 72;
741 725;
741 727;
741 74;
741 740;
741 744;
741 747;
741 750;
741 756;
741 76;
741 772;
741 774;
741 777;
741 780;
741 787;
741 796;
741 8;
741 800;
741 81;
741 810;
741 90;
741 97;
744 219;
744 224;
744 326;
744 331;
744 337;
744 344;
744 350;
744 357;
744 363;
744 491;
744 497;
744 651;
744 699;
744 732;
745 100;
745 117;
745 12;
745 157;
745 16;
745 180;
745 201;
745 219;
745 224;
745 233;
745 236;
745 247;
745 251;
745 267;
745 30;
745 326;
745 331;
745 337;
745 344;
745 350;
745 357;
745 363;
745 370;
745 380;
745 408;
745 429;
745 434;
745 472;
745 491;
745 497;
745 55;
745 58;
745 61;
745 622;
745 625;
745 628;
745 635;
745 638;
745 651;
745 669;
745 676;
745 679;
745 682;
745 699;
745 70;
745 712;
745 732;
745 738;
745 745;
745 748;
745 757;
745 778;
745 785;
745 79;
745 794;
745 88;
745 9;
745 95;
746 10;
746 100;
746 117;
746 14;
746 142;
746 157;
746 177;
746 180;
746 183;
746 191;
746 193;
746 199;
746 20;
746 201;
746 217;
746 220;
746 222;
746 224;
746 233;
746 236;
746 251;
746 262;
746 267;
746 284;
746 30;
746 326;
746 331;
746 337;
746 344;
746 350;
746 357;
746 363;
746 370;
746 374;
746 380;
746 384;
746 392;
746 406;
746 408;
746 429;
746 434;
746 441;
746 472;
746 481;
746 491;
746 497;
746 530;
746 55;
746 555;
746 58;
746 580;
746 603;
746 61;
746 619;
746 622;
746 625;
746 628;
746 635;
746 638;
746 64;
746 651;
746 669;
746 676;
746 679;
746 682;
746 70;
746 700;
746 712;
746 718;
746 724;
746 73;
746 733;
746 738;
746 745;
746 748;
746 75;
746 776;
746 778;
746 785;
746 79;
746 794;
746 88;
746 95;
747 100;
747 117;
747 142;
747 148;
747 157;
747 177;
747 180;
747 183;
747 191;
747 193;
747 199;
747 20;
747 201;
747 210;
747 217;
747 219;
747 222;
747 224;
747 233;
747 236;
747 246;
747 251;
747 262;
747 267;
747 284;
747 295;
747 298;
747 30;
747 323;
747 326;
747 331;
747 338;
747 344;
747 351;
747 357;
747 364;
747 370;
747 374;
747 380;
747 384;
747 392;
747 406;
747 408;
747 411;
747 414;
747 429;
747 434;
747 441;
747 463;
747 467;
747 472;
747 491;
747 498;
747 500;
747 55;
747 58;
747 607;
747 61;
747 619;
747 622;
747 625;
747 628;
747 635;
747 638;
747 64;
747 641;
747 651;
747 669;
747 672;
747 676;
747 679;
747 682;
747 699;
747 70;
747 709;
747 712;
747 718;
747 724;
747 726;
747 73;
747 732;
747 738;
747 745;
747 748;
747 75;
747 754;
747 759;
747 771;
747 776;
747 778;
747 785;
747 79;
747 794;
747 801;
747 809;
747 88;
747 95;
748 0;
748 144;
748 224;
748 236;
748 316;
748 326;
748 331;
748 344;
748 357;
748 370;
748 380;
748 392;
748 481;
748 491;
748 5;
748 610;
748 631;
748 651;
748 685;
748 741;
748 797;
751 11;
751 143;
751 147;
751 15;
751 178;
751 184;
751 186;
751 188;
751 190;
751 192;
751 194;
751 196;
751 200;
751 21;
751 218;
751 221;
751 223;
751 239;
751 249;
751 263;
751 265;
751 285;
751 287;
751 289;
751 291;
751 293;
751 319;
751 324;
751 373;
751 375;
751 383;
751 385;
751 395;
751 401;
751 407;
751 464;
751 484;
751 490;
751 608;
751 613;
751 620;
751 634;
751 65;
751 673;
751 688;
751 701;
751 719;
751 725;
751 727;
751 734;
751 74;
751 744;
751 76;
751 772;
751 774;
751 777;
751 8;
751 800;
751 810;
753 173;
753 207;
753 208;
753 214;
753 215;
753 230;
753 231;
753 242;
753 243;
753 307;
753 308;
753 313;
753 314;
753 321;
753 377;
753 378;
753 387;
753 388;
753 403;
753 404;
753 423;
753 426;
753 461;
753 504;
753 505;
753 506;
753 507;
753 512;
753 518;
753 52;
753 521;
753 528;
753 537;
753 543;
753 553;
753 562;
753 568;
753 571;
753 578;
753 585;
753 591;
753 594;
753 601;
753 616;
753 617;
753 646;
753 649;
753 657;
753 67;
753 690;
753 691;
753 692;
753 693;
753 696;
753 703;
753 704;
753 707;
753 716;
753 721;
753 722;
753 730;
753 736;
753 752;
753 764;
753 768;
753 769;
753 782;
753 783;
753 789;
753 790;
753 791;
753 792;
753 85;
753 92;
754 174;
754 226;
754 227;
754 237;
754 238;
754 24;
754 26;
754 27;
754 328;
754 329;
754 332;
754 333;
754 335;
754 336;
754 337;
754 340;
754 341;
754 342;
754 345;
754 346;
754 348;
754 349;
754 350;
754 353;
754 354;
754 355;
754 358;
754 359;
754 361;
754 363;
754 367;
754 368;
754 371;
754 372;
754 381;
754 382;
754 393;
754 394;
754 396;
754 399;
754 400;
754 482;
754 485;
754 488;
754 492;
754 493;
754 495;
754 496;
754 497;
754 516;
754 522;
754 541;
754 547;
754 566;
754 572;
754 589;
754 595;
754 653;
754 654;
754 664;
761 100;
761 105;
761 107;
761 109;
761 111;
761 113;
761 115;
761 117;
761 119;
761 122;
761 124;
761 126;
761 128;
761 130;
761 132;
761 134;
761 136;
761 138;
761 14;
761 141;
761 143;
761 145;
761 147;
761 149;
761 151;
761 154;
761 156;
761 160;
761 162;
761 164;
761 166;
761 168;
761 17;
761 170;
761 172;
761 174;
761 177;
761 178;
761 181;
761 182;
761 183;
761 184;
761 185;
761 187;
761 21;
761 211;
761 213;
761 226;
761 228;
761 230;
761 232;
761 234;
761 236;
761 239;
761 24;
761 241;
761 243;
761 245;
761 247;
761 249;
761 251;
761 254;
761 257;
761 259;
761 261;
761 263;
761 266;
761 268;
761 270;
761 272;
761 274;
761 276;
761 279;
761 28;
761 281;
761 283;
761 285;
761 287;
761 289;
761 291;
761 293;
761 295;
761 297;
761 299;
761 31;
761 319;
761 322;
761 324;
761 326;
761 328;
761 33;
761 331;
761 334;
761 335;
761 336;
761 337;
761 34;
761 340;
761 342;
761 344;
761 346;
761 349;
761 35;
761 38;
761 397;
761 399;
761 40;
761 401;
761 403;
761 406;
761 41;
761 415;
761 42;
761 424;
761 429;
761 431;
761 432;
761 438;
761 44;
761 446;
761 448;
761 449;
761 451;
761 453;
761 454;
761 458;
761 46;
761 460;
761 464;
761 467;
761 468;
761 469;
761 47;
761 470;
761 472;
761 473;
761 48;
761 480;
761 482;
761 484;
761 485;
761 486;
761 489;
761 491;
761 492;
761 494;
761 495;
761 496;
761 497;
761 500;
761 502;
761 505;
761 507;
761 510;
761 52;
761 53;
761 532;
761 533;
761 54;
761 543;
761 544;
761 546;
761 558;
761 559;
761 56;
761 560;
761 561;
761 58;
761 585;
761 586;
761 59;
761 590;
761 591;
761 595;
761 596;
761 60;
761 601;
761 618;
761 619;
761 620;
761 622;
761 623;
761 625;
761 627;
761 629;
761 630;
761 631;
761 632;
761 634;
761 638;
761 640;
761 646;
761 648;
761 650;
761 651;
761 652;
761 654;
761 656;
761 657;
761 658;
761 66;
761 665;
761 668;
761 672;
761 674;
761 676;
761 679;
761 68;
761 681;
761 682;
761 684;
761 685;
761 687;
761 688;
761 690;
761 697;
761 699;
761 70;
761 700;
761 701;
761 703;
761 705;
761 706;
761 707;
761 718;
761 72;
761 721;
761 722;
761 725;
761 729;
761 73;
761 730;
761 732;
761 733;
761 734;
761 736;
761 738;
761 739;
761 74;
761 741;
761 742;
761 744;
761 745;
761 747;
761 748;
761 750;
761 757;
761 759;
761 760;
761 761;
761 763;
761 766;
761 767;
761 768;
761 770;
761 772;
761 773;
761 779;
761 780;
761 782;
761 784;
761 785;
761 787;
761 788;
761 790;
761 791;
761 793;
761 794;
761 796;
761 805;
761 808;
761 81;
761 83;
761 87;
761 90;
761 92;
761 94;
761 96;
761 98;
762 547;
762 588;
764 106;
764 11;
764 110;
764 114;
764 118;
764 122;
764 125;
764 129;
764 133;
764 137;
764 142;
764 146;
764 15;
764 150;
764 154;
764 156;
764 158;
764 161;
764 165;
764 169;
764 173;
764 177;
764 179;
764 193;
764 197;
764 20;
764 201;
764 205;
764 218;
764 22;
764 224;
764 227;
764 231;
764 235;
764 239;
764 242;
764 246;
764 250;
764 254;
764 258;
764 262;
764 267;
764 27;
764 271;
764 275;
764 279;
764 282;
764 286;
764 29;
764 290;
764 294;
764 298;
764 304;
764 310;
764 318;
764 320;
764 323;
764 327;
764 331;
764 341;
764 345;
764 349;
764 352;
764 356;
764 360;
764 366;
764 373;
764 379;
764 386;
764 392;
764 398;
764 402;
764 410;
764 415;
764 424;
764 431;
764 433;
764 438;
764 444;
764 450;
764 453;
764 455;
764 463;
764 465;
764 478;
764 482;
764 491;
764 494;
764 501;
764 506;
764 510;
764 611;
764 615;
764 626;
764 629;
764 637;
764 640;
764 643;
764 646;
764 671;
764 674;
764 681;
764 684;
764 687;
764 690;
764 692;
764 694;
764 698;
764 7;
764 71;
764 712;
764 714;
764 719;
764 728;
764 741;
764 744;
764 747;
764 750;
764 754;
764 764;
764 772;
764 774;
764 778;
764 787;
764 79;
764 790;
764 793;
764 796;
764 799;
764 803;
764 806;
764 812;
764 88;
764 91;
764 95;
764 99;
767 16;
767 23;
767 306;
767 312;
767 411;
767 417;
767 420;
767 426;
767 434;
767 440;
767 446;
767 458;
767 724;
767 736;
767 782;
768 104;
768 123;
768 140;
768 159;
768 16;
768 198;
768 201;
768 205;
768 225;
768 23;
768 240;
768 256;
768 265;
768 280;
768 306;
768 31;
768 312;
768 321;
768 339;
768 357;
768 370;
768 38;
768 383;
768 396;
768 411;
768 417;
768 420;
768 426;
768 429;
768 434;
768 44;
768 440;
768 446;
768 451;
768 458;
768 480;
768 489;
768 492;
768 499;
768 504;
768 577;
768 58;
768 627;
768 634;
768 638;
768 648;
768 654;
768 668;
768 672;
768 679;
768 682;
768 685;
768 688;
768 703;
768 724;
768 736;
768 739;
768 742;
768 745;
768 748;
768 759;
768 770;
768 782;
768 785;
768 788;
768 791;
768 794;
768 89;
769 104;
769 123;
769 14;
769 140;
769 153;
769 159;
769 16;
769 178;
769 199;
769 203;
769 21;
769 225;
769 23;
769 240;
769 256;
769 265;
769 28;
769 280;
769 306;
769 312;
769 319;
769 321;
769 330;
769 339;
769 357;
769 370;
769 383;
769 396;
769 411;
769 417;
769 420;
769 426;
769 429;
769 432;
769 434;
769 440;
769 447;
769 449;
769 451;
769 454;
769 459;
769 464;
769 480;
769 489;
769 492;
769 499;
769 504;
769 603;
769 625;
769 627;
769 634;
769 638;
769 645;
769 668;
769 672;
769 679;
769 682;
769 685;
769 688;
769 697;
769 70;
769 718;
769 724;
769 737;
769 739;
769 742;
769 745;
769 748;
769 763;
769 770;
769 773;
769 783;
769 785;
769 788;
769 791;
769 794;
769 805;
769 87;
769 89;
770 0;
770 104;
770 123;
770 14;
770 140;
770 153;
770 159;
770 16;
770 178;
770 187;
770 191;
770 207;
770 21;
770 215;
770 225;
770 23;
770 240;
770 256;
770 265;
770 28;
770 280;
770 306;
770 313;
770 319;
770 321;
770 33;
770 330;
770 339;
770 350;
770 357;
770 370;
770 383;
770 396;
770 40;
770 408;
770 411;
770 418;
770 420;
770 427;
770 429;
770 432;
770 434;
770 441;
770 443;
770 446;
770 449;
770 451;
770 454;
770 458;
770 46;
770 462;
770 464;
770 480;
770 485;
770 489;
770 492;
770 499;
770 5;
770 504;
770 511;
770 57;
770 577;
770 609;
770 62;
770 625;
770 627;
770 634;
770 638;
770 641;
770 645;
770 650;
770 656;
770 668;
770 672;
770 679;
770 682;
770 685;
770 688;
770 691;
770 697;
770 70;
770 705;
770 713;
770 718;
770 724;
770 736;
770 739;
770 742;
770 745;
770 748;
770 758;
770 763;
770 770;
770 773;
770 782;
770 785;
770 788;
770 791;
770 794;
770 797;
770 805;
770 810;
770 87;
770 89;
771 16;
771 194;
771 215;
771 23;
771 301;
771 306;
771 357;
771 370;
771 383;
771 411;
771 420;
771 434;
771 475;
771 634;
771 668;
771 709;
771 724;
771 751;
771 76;
771 775;
774 15;
774 154;
774 156;
774 158;
774 179;
774 197;
774 200;
774 204;
774 218;
774 22;
774 224;
774 29;
774 304;
774 320;
774 331;
774 360;
774 366;
774 373;
774 379;
774 386;
774 392;
774 433;
774 444;
774 448;
774 450;
774 455;
774 460;
774 463;
774 465;
774 478;
774 60;
774 626;
774 637;
774 646;
774 671;
774 692;
774 694;
774 698;
774 71;
774 712;
774 714;
774 719;
774 738;
774 754;
774 761;
774 764;
774 774;
774 778;
774 784;
774 79;
774 806;
774 88;
776 334;
776 335;
776 336;
776 337;
776 406;
776 467;
776 468;
776 469;
776 470;
776 473;
776 496;
776 497;
776 53;
776 532;
776 54;
776 558;
776 560;
776 585;
776 591;
776 601;
776 619;
776 620;
776 623;
776 631;
776 632;
776 676;
776 700;
776 701;
776 722;
776 73;
776 730;
776 733;
776 734;
776 74;
776 767;
776 768;
776 780;
776 808;
776 81;
776 83;
777 18;
777 181;
777 182;
777 184;
777 185;
777 19;
777 217;
777 223;
777 25;
777 26;
777 307;
777 308;
777 310;
777 312;
777 316;
777 317;
777 358;
777 360;
777 362;
777 364;
777 366;
777 368;
777 371;
777 373;
777 375;
777 377;
777 379;
777 381;
777 384;
777 386;
777 388;
777 390;
777 392;
777 394;
777 412;
777 413;
777 415;
777 417;
777 421;
777 422;
777 424;
777 426;
777 435;
777 436;
777 438;
777 440;
777 486;
777 531;
777 542;
777 548;
777 561;
777 589;
777 595;
777 635;
777 636;
777 665;
777 669;
777 670;
777 726;
777 727;
784 112;
784 114;
784 116;
784 118;
784 120;
784 122;
784 124;
784 126;
784 128;
784 13;
784 130;
784 133;
784 135;
784 137;
784 139;
784 141;
784 143;
784 145;
784 147;
784 149;
784 15;
784 151;
784 184;
784 186;
784 187;
784 201;
784 205;
784 207;
784 209;
784 211;
784 213;
784 215;
784 223;
784 225;
784 227;
784 229;
784 231;
784 233;
784 235;
784 237;
784 239;
784 241;
784 242;
784 244;
784 245;
784 246;
784 249;
784 251;
784 254;
784 256;
784 258;
784 260;
784 262;
784 265;
784 267;
784 269;
784 271;
784 273;
784 275;
784 277;
784 279;
784 281;
784 284;
784 286;
784 288;
784 29;
784 290;
784 292;
784 294;
784 296;
784 298;
784 300;
784 302;
784 304;
784 306;
784 308;
784 310;
784 313;
784 315;
784 317;
784 319;
784 321;
784 323;
784 325;
784 327;
784 329;
784 330;
784 333;
784 334;
784 337;
784 339;
784 34;
784 341;
784 350;
784 352;
784 36;
784 37;
784 371;
784 375;
784 377;
784 379;
784 38;
784 394;
784 40;
784 402;
784 409;
784 413;
784 415;
784 418;
784 42;
784 43;
784 44;
784 441;
784 448;
784 451;
784 453;
784 454;
784 456;
784 458;
784 46;
784 460;
784 465;
784 467;
784 468;
784 470;
784 472;
784 474;
784 477;
784 479;
784 48;
784 481;
784 483;
784 486;
784 487;
784 488;
784 489;
784 49;
784 492;
784 494;
784 495;
784 498;
784 499;
784 50;
784 500;
784 502;
784 503;
784 504;
784 507;
784 509;
784 514;
784 515;
784 519;
784 52;
784 520;
784 523;
784 524;
784 525;
784 530;
784 537;
784 538;
784 54;
784 542;
784 543;
784 546;
784 547;
784 548;
784 55;
784 553;
784 56;
784 560;
784 561;
784 565;
784 566;
784 569;
784 570;
784 571;
784 576;
784 58;
784 583;
784 584;
784 588;
784 589;
784 592;
784 593;
784 594;
784 599;
784 609;
784 61;
784 611;
784 613;
784 625;
784 629;
784 63;
784 631;
784 633;
784 638;
784 640;
784 641;
784 643;
784 644;
784 645;
784 646;
784 648;
784 650;
784 651;
784 653;
784 659;
784 66;
784 664;
784 665;
784 669;
784 67;
784 670;
784 671;
784 673;
784 675;
784 680;
784 681;
784 684;
784 688;
784 69;
784 692;
784 693;
784 695;
784 696;
784 697;
784 699;
784 702;
784 703;
784 704;
784 706;
784 708;
784 709;
784 71;
784 710;
784 711;
784 717;
784 720;
784 722;
784 723;
784 724;
784 726;
784 728;
784 729;
784 73;
784 730;
784 731;
784 733;
784 735;
784 736;
784 738;
784 739;
784 741;
784 748;
784 75;
784 750;
784 751;
784 753;
784 755;
784 767;
784 769;
784 77;
784 770;
784 771;
784 773;
784 775;
784 78;
784 782;
784 784;
784 785;
784 786;
784 787;
784 789;
784 790;
784 791;
784 793;
784 796;
784 80;
784 800;
784 801;
784 803;
784 804;
784 805;
784 82;
784 83;
784 84;
784 85;
784 88;
784 91;
784 93;
784 95;
784 97;
785 517;
785 540;
785 563;
785 586;
787 101;
787 104;
787 108;
787 113;
787 117;
787 121;
787 125;
787 129;
787 134;
787 138;
787 142;
787 146;
787 150;
787 156;
787 162;
787 168;
787 174;
787 18;
787 180;
787 186;
787 190;
787 195;
787 205;
787 207;
787 209;
787 21;
787 211;
787 213;
787 215;
787 218;
787 220;
787 224;
787 228;
787 23;
787 232;
787 236;
787 250;
787 254;
787 257;
787 261;
787 265;
787 268;
787 272;
787 276;
787 280;
787 285;
787 289;
787 29;
787 293;
787 297;
787 302;
787 305;
787 309;
787 313;
787 316;
787 320;
787 324;
787 330;
787 334;
787 339;
787 341;
787 345;
787 355;
787 360;
787 366;
787 371;
787 373;
787 375;
787 377;
787 379;
787 381;
787 385;
787 391;
787 397;
787 399;
787 414;
787 418;
787 424;
787 432;
787 440;
787 442;
787 446;
787 448;
787 450;
787 453;
787 455;
787 458;
787 461;
787 464;
787 467;
787 470;
787 473;
787 478;
787 482;
787 493;
787 508;
787 59;
787 614;
787 618;
787 62;
787 622;
787 628;
787 630;
787 633;
787 637;
787 640;
787 643;
787 650;
787 653;
787 656;
787 66;
787 662;
787 674;
787 676;
787 679;
787 68;
787 691;
787 700;
787 707;
787 71;
787 716;
787 718;
787 735;
787 738;
787 74;
787 741;
787 745;
787 750;
787 753;
787 759;
787 762;
787 766;
787 775;
787 777;
787 779;
787 784;
787 794;
787 799;
787 8;
787 809;
787 811;
787 82;
787 88;
787 92;
787 96;
790 191;
790 197;
790 239;
790 25;
790 31;
790 327;
790 420;
790 426;
790 434;
790 658;
790 687;
790 726;
790 795;
791 111;
791 132;
791 153;
791 184;
791 187;
791 191;
791 197;
791 222;
791 239;
791 242;
791 248;
791 25;
791 255;
791 266;
791 283;
791 300;
791 303;
791 31;
791 314;
791 327;
791 330;
791 334;
791 34;
791 357;
791 382;
791 40;
791 412;
791 420;
791 426;
791 434;
791 451;
791 456;
791 465;
791 468;
791 471;
791 476;
791 48;
791 506;
791 54;
791 60;
791 615;
791 618;
791 622;
791 625;
791 631;
791 638;
791 641;
791 648;
791 651;
791 658;
791 687;
791 69;
791 72;
791 722;
791 726;
791 733;
791 736;
791 739;
791 748;
791 751;
791 769;
791 773;
791 782;
791 795;
791 80;
791 90;
792 0;
792 111;
792 132;
792 153;
792 184;
792 187;
792 191;
792 197;
792 204;
792 222;
792 240;
792 248;
792 25;
792 255;
792 266;
792 283;
792 300;
792 303;
792 31;
792 314;
792 328;
792 332;
792 336;
792 338;
792 357;
792 370;
792 374;
792 382;
792 412;
792 417;
792 420;
792 426;
792 434;
792 441;
792 447;
792 451;
792 454;
792 456;
792 460;
792 465;
792 468;
792 471;
792 476;
792 492;
792 506;
792 555;
792 578;
792 58;
792 60;
792 601;
792 613;
792 616;
792 620;
792 625;
792 629;
792 631;
792 638;
792 641;
792 648;
792 651;
792 658;
792 67;
792 673;
792 675;
792 687;
792 69;
792 699;
792 706;
792 717;
792 72;
792 727;
792 733;
792 736;
792 739;
792 748;
792 751;
792 773;
792 782;
792 793;
792 795;
792 80;
792 87;
792 90;
793 102;
793 111;
793 132;
793 153;
793 17;
793 184;
793 187;
793 191;
793 198;
793 20;
793 204;
793 217;
793 222;
793 239;
793 244;
793 248;
793 25;
793 255;
793 266;
793 283;
793 300;
793 303;
793 314;
793 32;
793 327;
793 338;
793 343;
793 346;
793 354;
793 357;
793 36;
793 370;
793 374;
793 382;
793 398;
793 412;
793 417;
793 42;
793 420;
793 427;
793 435;
793 441;
793 447;
793 451;
793 454;
793 456;
793 460;
793 462;
793 465;
793 468;
793 47;
793 471;
793 476;
793 492;
793 506;
793 53;
793 532;
793 58;
793 60;
793 605;
793 613;
793 625;
793 629;
793 631;
793 638;
793 641;
793 648;
793 651;
793 654;
793 658;
793 67;
793 673;
793 675;
793 677;
793 687;
793 69;
793 699;
793 706;
793 717;
793 72;
793 721;
793 726;
793 733;
793 736;
793 739;
793 748;
793 751;
793 757;
793 760;
793 768;
793 773;
793 776;
793 782;
793 793;
793 795;
793 80;
793 807;
793 810;
793 87;
793 9;
793 90;
793 99;
794 153;
794 187;
794 191;
794 25;
794 357;
794 382;
794 420;
794 443;
794 5;
794 625;
794 634;
794 658;
794 687;
794 713;
794 742;
794 795;
797 156;
797 162;
797 168;
797 174;
797 18;
797 180;
797 190;
797 205;
797 207;
797 209;
797 21;
797 211;
797 213;
797 215;
797 218;
797 220;
797 23;
797 241;
797 329;
797 333;
797 337;
797 339;
797 341;
797 355;
797 360;
797 366;
797 371;
797 373;
797 375;
797 377;
797 379;
797 381;
797 385;
797 391;
797 397;
797 399;
797 418;
797 442;
797 446;
797 448;
797 450;
797 455;
797 461;
797 493;
797 50;
797 56;
797 59;
797 614;
797 617;
797 621;
797 628;
797 630;
797 637;
797 674;
797 676;
797 68;
797 700;
797 707;
797 716;
797 718;
797 724;
797 728;
797 745;
797 771;
797 777;
797 779;
797 794;
797 8;
797 811;
797 88;
799 201;
799 402;
799 495;
799 499;
799 500;
799 503;
799 504;
799 514;
799 520;
799 523;
799 530;
799 537;
799 543;
799 546;
799 553;
799 560;
799 566;
799 569;
799 576;
799 583;
799 589;
799 592;
799 599;
799 645;
799 646;
799 665;
799 670;
799 671;
799 681;
799 684;
799 693;
799 696;
799 697;
799 703;
799 704;
799 709;
799 710;
799 711;
799 730;
799 731;
799 755;
799 78;
799 786;
799 787;
799 790;
799 791;
799 801;
799 804;
799 805;
799 84;
799 85;
800 154;
800 156;
800 158;
800 160;
800 162;
800 164;
800 166;
800 168;
800 170;
800 172;
800 174;
800 176;
800 178;
800 179;
800 181;
800 182;
800 188;
800 189;
800 192;
800 193;
800 195;
800 196;
800 197;
800 26;
800 27;
800 29;
800 31;
800 358;
800 360;
800 362;
800 364;
800 366;
800 368;
800 383;
800 385;
800 387;
800 389;
800 391;
800 393;
800 395;
800 396;
800 409;
800 421;
800 422;
800 424;
800 425;
800 429;
800 430;
800 432;
800 434;
800 438;
800 439;
800 486;
800 488;
800 489;
800 518;
800 524;
800 541;
800 547;
800 564;
800 570;
800 587;
800 593;
800 626;
800 627;
800 660;
800 661;
800 689;
800 690;
800 797;
800 798;
807 12;
807 14;
807 142;
807 147;
807 15;
807 167;
807 17;
807 171;
807 175;
807 178;
807 18;
807 180;
807 182;
807 183;
807 185;
807 191;
807 193;
807 195;
807 197;
807 198;
807 199;
807 20;
807 204;
807 207;
807 213;
807 22;
807 223;
807 225;
807 227;
807 229;
807 231;
807 233;
807 235;
807 236;
807 237;
807 238;
807 24;
807 240;
807 242;
807 243;
807 244;
807 246;
807 249;
807 251;
807 253;
807 255;
807 258;
807 259;
807 261;
807 263;
807 266;
807 268;
807 270;
807 273;
807 275;
807 277;
807 28;
807 280;
807 282;
807 283;
807 289;
807 294;
807 296;
807 30;
807 31;
807 318;
807 32;
807 323;
807 324;
807 325;
807 34;
807 353;
807 355;
807 357;
807 359;
807 360;
807 363;
807 364;
807 367;
807 368;
807 37;
807 370;
807 371;
807 374;
807 375;
807 378;
807 379;
807 382;
807 385;
807 387;
807 389;
807 39;
807 391;
807 393;
807 395;
807 397;
807 399;
807 40;
807 417;
807 419;
807 42;
807 421;
807 423;
807 424;
807 426;
807 429;
807 43;
807 433;
807 434;
807 435;
807 436;
807 438;
807 44;
807 441;
807 443;
807 448;
807 454;
807 456;
807 459;
807 46;
807 465;
807 467;
807 469;
807 470;
807 472;
807 474;
807 476;
807 479;
807 48;
807 481;
807 484;
807 485;
807 487;
807 489;
807 49;
807 493;
807 495;
807 496;
807 498;
807 500;
807 502;
807 505;
807 507;
807 509;
807 51;
807 511;
807 514;
807 515;
807 519;
807 520;
807 523;
807 524;
807 525;
807 53;
807 530;
807 537;
807 538;
807 54;
807 542;
807 543;
807 546;
807 547;
807 548;
807 55;
807 553;
807 560;
807 561;
807 565;
807 566;
807 569;
807 570;
807 571;
807 576;
807 582;
807 584;
807 60;
807 608;
807 610;
807 62;
807 620;
807 622;
807 623;
807 625;
807 63;
807 631;
807 635;
807 638;
807 639;
807 64;
807 641;
807 642;
807 643;
807 645;
807 65;
807 652;
807 653;
807 654;
807 656;
807 659;
807 66;
807 666;
807 669;
807 673;
807 678;
807 68;
807 69;
807 691;
807 692;
807 696;
807 697;
807 700;
807 701;
807 702;
807 707;
807 71;
807 713;
807 715;
807 716;
807 719;
807 723;
807 725;
807 726;
807 728;
807 73;
807 730;
807 735;
807 737;
807 738;
807 739;
807 74;
807 741;
807 742;
807 743;
807 745;
807 748;
807 751;
807 752;
807 753;
807 757;
807 76;
807 760;
807 761;
807 764;
807 768;
807 770;
807 771;
807 773;
807 78;
807 785;
807 787;
807 789;
807 791;
807 792;
807 793;
807 795;
807 798;
807 80;
807 800;
807 809;
807 811;
807 83;
807 85;
807 86;
807 87;
807 89;
807 9;
807 91;
807 92;
807 93;
807 95;
807 97;
807 98;
807 99;
808 517;
808 540;
808 563;
808 694;
810 103;
810 105;
810 108;
810 110;
810 115;
810 121;
810 127;
810 133;
810 139;
810 14;
810 145;
810 152;
810 158;
810 164;
810 17;
810 170;
810 174;
810 176;
810 179;
810 182;
810 185;
810 189;
810 19;
810 191;
810 194;
810 203;
810 205;
810 208;
810 21;
810 211;
810 220;
810 24;
810 247;
810 250;
810 254;
810 258;
810 260;
810 267;
810 27;
810 274;
810 281;
810 288;
810 292;
810 294;
810 296;
810 298;
810 303;
810 309;
810 315;
810 321;
810 330;
810 336;
810 343;
810 347;
810 35;
810 360;
810 364;
810 371;
810 375;
810 379;
810 382;
810 386;
810 39;
810 390;
810 394;
810 398;
810 404;
810 408;
810 41;
810 413;
810 418;
810 423;
810 425;
810 427;
810 432;
810 443;
810 448;
810 455;
810 459;
810 462;
810 466;
810 469;
810 472;
810 475;
810 480;
810 484;
810 487;
810 495;
810 498;
810 50;
810 501;
810 506;
810 510;
810 588;
810 59;
810 594;
810 598;
810 6;
810 602;
810 613;
810 616;
810 618;
810 62;
810 622;
810 625;
810 629;
810 634;
810 636;
810 646;
810 650;
810 657;
810 660;
810 664;
810 667;
810 672;
810 674;
810 714;
810 722;
810 725;
810 728;
810 73;
810 734;
810 737;
810 746;
810 749;
810 75;
810 758;
810 767;
810 770;
810 773;
810 776;
810 78;
810 780;
810 791;
810 796;
810 800;
810 804;
813 261;
813 268;
813 275;
813 357;
813 368;
813 405;
813 428;
813 444;
813 450;
813 46;
813 582;
813 630;
813 668;
813 718;
813 763;
814 0;
814 112;
814 12;
814 149;
814 15;
814 171;
814 180;
814 183;
814 195;
814 22;
814 225;
814 232;
814 240;
814 248;
814 261;
814 268;
814 275;
814 28;
814 289;
814 300;
814 327;
814 340;
814 343;
814 347;
814 357;
814 360;
814 364;
814 368;
814 37;
814 371;
814 375;
814 379;
814 384;
814 416;
814 421;
814 428;
814 441;
814 444;
814 450;
814 453;
814 46;
814 467;
814 470;
814 473;
814 478;
814 485;
814 493;
814 496;
814 499;
814 504;
814 53;
814 582;
814 595;
814 598;
814 60;
814 602;
814 620;
814 623;
814 630;
814 668;
814 71;
814 718;
814 723;
814 726;
814 735;
814 76;
814 763;
814 768;
814 771;
814 789;
814 798;
814 85;
814 91;
814 97;
815 112;
815 12;
815 149;
815 15;
815 171;
815 175;
815 178;
815 18;
815 180;
815 183;
815 190;
815 193;
815 20;
815 204;
815 207;
815 212;
815 22;
815 246;
815 248;
815 259;
815 262;
815 266;
815 269;
815 273;
815 276;
815 280;
815 289;
815 293;
815 300;
815 327;
815 34;
815 341;
815 345;
815 358;
815 362;
815 366;
815 369;
815 37;
815 373;
815 377;
815 381;
815 384;
815 40;
815 416;
815 421;
815 424;
815 426;
815 428;
815 441;
815 444;
815 450;
815 453;
815 465;
815 467;
815 47;
815 470;
815 473;
815 478;
815 485;
815 49;
815 493;
815 496;
815 499;
815 504;
815 532;
815 555;
815 578;
815 583;
815 596;
815 60;
815 600;
815 620;
815 623;
815 630;
815 635;
815 645;
815 656;
815 659;
815 666;
815 668;
815 673;
815 675;
815 709;
815 71;
815 713;
815 718;
815 723;
815 726;
815 735;
815 74;
815 745;
815 748;
815 757;
815 76;
815 763;
815 768;
815 771;
815 789;
815 795;
815 798;
816 101;
816 104;
816 107;
816 112;
816 12;
816 149;
816 15;
816 171;
816 175;
816 178;
816 18;
816 180;
816 183;
816 190;
816 193;
816 197;
816 20;
816 201;
816 204;
816 207;
816 209;
816 212;
816 219;
816 22;
816 232;
816 242;
816 246;
816 248;
816 25;
816 259;
816 261;
816 266;
816 268;
816 273;
816 275;
816 280;
816 289;
816 293;
816 30;
816 300;
816 327;
816 34;
816 349;
816 357;
816 368;
816 37;
816 381;
816 384;
816 40;
816 416;
816 421;
816 424;
816 426;
816 428;
816 441;
816 444;
816 451;
816 453;
816 46;
816 460;
816 465;
816 467;
816 470;
816 473;
816 478;
816 485;
816 49;
816 493;
816 496;
816 499;
816 5;
816 504;
816 52;
816 57;
816 582;
816 60;
816 604;
816 612;
816 615;
816 620;
816 623;
816 630;
816 635;
816 645;
816 656;
816 659;
816 666;
816 668;
816 673;
816 675;
816 71;
816 713;
816 718;
816 723;
816 726;
816 732;
816 735;
816 74;
816 745;
816 748;
816 757;
816 76;
816 763;
816 768;
816 771;
816 774;
816 781;
816 789;
816 795;
816 798;
816 805;
816 84;
816 90;
816 96;
817 112;
817 149;
817 171;
817 186;
817 285;
817 289;
817 300;
817 327;
817 401;
817 428;
817 444;
817 585;
817 626;
817 630;
817 647;
817 661;
817 668;
817 718;
817 763;
817 777;
817 801;
820 105;
820 108;
820 110;
820 115;
820 121;
820 127;
820 133;
820 139;
820 145;
820 152;
820 158;
820 164;
820 170;
820 174;
820 176;
820 179;
820 189;
820 19;
820 191;
820 194;
820 205;
820 208;
820 21;
820 220;
820 234;
820 247;
820 260;
820 263;
820 267;
820 270;
820 274;
820 277;
820 281;
820 288;
820 292;
820 294;
820 296;
820 298;
820 303;
820 309;
820 315;
820 321;
820 330;
820 336;
820 342;
820 346;
820 35;
820 359;
820 363;
820 367;
820 370;
820 374;
820 378;
820 382;
820 404;
820 408;
820 41;
820 413;
820 425;
820 427;
820 466;
820 48;
820 50;
820 55;
820 584;
820 588;
820 594;
820 597;
820 6;
820 601;
820 613;
820 616;
820 618;
820 629;
820 636;
820 646;
820 650;
820 657;
820 660;
820 664;
820 667;
820 674;
820 714;
820 746;
820 749;
820 75;
820 758;
820 780;
820 796;
820 804;
820 87;
820 93;
820 99;
821 213;
822 147;
822 223;
822 236;
822 237;
822 238;
822 283;
822 323;
822 324;
822 325;
822 43;
822 44;
822 489;
822 514;
822 520;
822 523;
822 530;
822 537;
822 543;
822 546;
822 553;
822 560;
822 566;
822 569;
822 576;
822 639;
822 64;
822 642;
822 643;
822 65;
822 653;
822 654;
822 66;
822 69;
822 691;
822 697;
822 700;
822 707;
822 716;
822 730;
822 739;
822 742;
822 743;
822 752;
822 753;
822 761;
822 793;
822 80;
822 9;
823 113;
823 115;
823 117;
823 119;
823 121;
823 123;
823 125;
823 127;
823 129;
823 131;
823 133;
823 135;
823 137;
823 139;
823 141;
823 143;
823 144;
823 150;
823 152;
823 154;
823 156;
823 158;
823 160;
823 162;
823 164;
823 166;
823 168;
823 169;
823 172;
823 173;
823 290;
823 291;
823 301;
823 303;
823 305;
823 307;
823 309;
823 311;
823 313;
823 315;
823 317;
823 319;
823 320;
823 328;
823 330;
823 332;
823 334;
823 336;
823 338;
823 430;
823 431;
823 434;
823 435;
823 436;
823 438;
823 445;
823 446;
823 448;
823 450;
823 518;
823 524;
823 541;
823 547;
823 564;
823 570;
823 632;
823 633;
823 670;
823 671;
823 695;
823 701;
823 720;
823 721;
823 765;
823 766;
830 10;
830 100;
830 11;
830 110;
830 111;
830 113;
830 125;
830 126;
830 127;
830 128;
830 152;
830 153;
830 157;
830 158;
830 16;
830 161;
830 162;
830 163;
830 168;
830 17;
830 170;
830 173;
830 174;
830 178;
830 179;
830 182;
830 183;
830 184;
830 189;
830 191;
830 204;
830 206;
830 209;
830 21;
830 210;
830 214;
830 215;
830 218;
830 219;
830 22;
830 220;
830 225;
830 25;
830 254;
830 255;
830 26;
830 265;
830 266;
830 268;
830 27;
830 280;
830 281;
830 282;
830 283;
830 307;
830 308;
830 312;
830 313;
830 316;
830 317;
830 318;
830 32;
830 323;
830 330;
830 331;
830 335;
830 336;
830 34;
830 340;
830 341;
830 346;
830 355;
830 356;
830 360;
830 361;
830 364;
830 365;
830 366;
830 37;
830 371;
830 38;
830 380;
830 381;
830 385;
830 386;
830 389;
830 390;
830 391;
830 396;
830 398;
830 403;
830 405;
830 408;
830 410;
830 412;
830 414;
830 416;
830 419;
830 42;
830 421;
830 43;
830 430;
830 432;
830 436;
830 453;
830 455;
830 46;
830 460;
830 462;
830 466;
830 47;
830 48;
830 485;
830 486;
830 488;
830 492;
830 497;
830 499;
830 502;
830 504;
830 507;
830 512;
830 514;
830 516;
830 519;
830 520;
830 521;
830 53;
830 531;
830 538;
830 55;
830 560;
830 564;
830 565;
830 566;
830 568;
830 570;
830 572;
830 573;
830 574;
830 575;
830 577;
830 578;
830 579;
830 58;
830 581;
830 585;
830 59;
830 603;
830 604;
830 606;
830 615;
830 617;
830 620;
830 621;
830 625;
830 626;
830 629;
830 63;
830 630;
830 631;
830 636;
830 64;
830 643;
830 644;
830 648;
830 649;
830 652;
830 653;
830 654;
830 659;
830 661;
830 67;
830 68;
830 686;
830 687;
830 69;
830 697;
830 698;
830 700;
830 712;
830 713;
830 714;
830 715;
830 739;
830 74;
830 740;
830 744;
830 745;
830 748;
830 749;
830 750;
830 755;
830 76;
830 762;
830 763;
830 767;
830 768;
830 771;
830 772;
830 773;
830 778;
830 785;
830 786;
830 790;
830 791;
830 794;
830 795;
830 796;
830 801;
830 803;
830 809;
830 811;
830 99;
831 114;
831 155;
831 176;
831 19;
831 212;
831 269;
831 310;
831 333;
831 358;
831 383;
831 40;
831 61;
831 623;
831 646;
831 701;
831 742;
831 765;
831 788;
833 195;
833 199;
833 404;
833 408;
833 411;
833 415;
833 419;
833 421;
833 425;
833 454;
833 458;
833 462;
833 465;
833 469;
833 475;
833 481;
833 491;
833 495;
833 498;
833 503;
833 507;
833 510;
833 512;
833 514;
833 516;
833 531;
833 570;
833 582;
833 607;
833 610;
833 7;
836 0;
836 527;
836 533;
837 144;
837 299;
837 402;
837 409;
837 455;
837 460;
837 466;
837 472;
837 488;
837 492;
837 496;
837 501;
837 518;
837 527;
837 533;
837 568;
837 731;
838 227;
838 325;
838 348;
838 373;
838 402;
838 409;
838 418;
838 434;
838 453;
838 455;
838 460;
838 466;
838 472;
838 488;
838 492;
838 496;
838 501;
838 511;
838 527;
838 533;
838 536;
838 568;
838 581;
838 583;
838 606;
838 638;
838 757;
838 780;
839 144;
839 193;
839 200;
839 233;
839 299;
839 402;
839 409;
839 418;
839 423;
839 426;
839 434;
839 453;
839 455;
839 460;
839 463;
839 466;
839 472;
839 488;
839 492;
839 496;
839 5;
839 501;
839 508;
839 511;
839 522;
839 527;
839 534;
839 536;
839 568;
839 581;
839 583;
839 606;
839 608;
839 611;
839 665;
839 731;
839 78;
839 805;
840 196;
840 455;
840 466;
840 472;
840 488;
840 492;
840 527;
843 199;
843 419;
843 421;
843 454;
843 458;
843 469;
843 475;
843 481;
843 491;
843 495;
843 512;
843 514;
843 516;
843 582;
843 607;
845 11;
845 125;
845 127;
845 152;
845 158;
845 16;
845 161;
845 168;
845 170;
845 173;
845 179;
845 182;
845 189;
845 191;
845 209;
845 215;
845 218;
845 22;
845 225;
845 25;
845 254;
845 280;
845 282;
845 307;
845 313;
845 316;
845 32;
845 323;
845 330;
845 336;
845 34;
845 346;
845 355;
845 361;
845 364;
845 37;
845 371;
845 380;
845 386;
845 389;
845 396;
845 398;
845 43;
845 46;
845 486;
845 53;
845 55;
845 565;
845 566;
845 572;
845 573;
845 574;
845 575;
845 578;
845 579;
845 58;
845 604;
845 620;
845 626;
845 629;
845 636;
845 64;
845 643;
845 649;
845 652;
845 659;
845 661;
845 67;
845 686;
845 712;
845 714;
845 739;
845 74;
845 745;
845 748;
845 755;
845 76;
845 762;
845 768;
845 771;
845 778;
845 785;
845 791;
845 794;
845 801;
845 803;
845 99;
846 109;
846 115;
846 128;
846 156;
846 162;
846 177;
846 183;
846 20;
846 213;
846 219;
846 253;
846 26;
846 264;
846 270;
846 283;
846 311;
846 317;
846 334;
846 340;
846 359;
846 365;
846 384;
846 390;
846 41;
846 456;
846 457;
846 467;
846 468;
846 47;
846 473;
846 475;
846 476;
846 477;
846 479;
846 481;
846 482;
846 483;
846 489;
846 490;
846 493;
846 494;
846 528;
846 529;
846 531;
846 533;
846 560;
846 62;
846 624;
846 630;
846 647;
846 653;
846 68;
846 685;
846 696;
846 702;
846 715;
846 743;
846 749;
846 766;
846 772;
846 789;
846 795;
846 98;
853 102;
853 104;
853 107;
853 108;
853 112;
853 113;
853 116;
853 117;
853 118;
853 123;
853 125;
853 128;
853 129;
853 133;
853 134;
853 137;
853 138;
853 139;
853 144;
853 146;
853 149;
853 150;
853 154;
853 155;
853 158;
853 159;
853 160;
853 165;
853 167;
853 170;
853 171;
853 175;
853 176;
853 179;
853 180;
853 181;
853 186;
853 188;
853 206;
853 208;
853 211;
853 212;
853 216;
853 217;
853 220;
853 221;
853 222;
853 227;
853 236;
853 237;
853 241;
853 242;
853 245;
853 246;
853 247;
853 252;
853 259;
853 260;
853 264;
853 265;
853 268;
853 269;
853 270;
853 275;
853 282;
853 283;
853 287;
853 288;
853 291;
853 292;
853 293;
853 298;
853 307;
853 308;
853 312;
853 313;
853 316;
853 317;
853 318;
853 323;
853 330;
853 331;
853 335;
853 336;
853 339;
853 340;
853 341;
853 346;
853 348;
853 352;
853 355;
853 357;
853 360;
853 362;
853 371;
853 373;
853 376;
853 383;
853 385;
853 386;
853 388;
853 402;
853 404;
853 407;
853 408;
853 409;
853 418;
853 42;
853 421;
853 423;
853 424;
853 427;
853 43;
853 430;
853 448;
853 451;
853 453;
853 460;
853 467;
853 47;
853 470;
853 475;
853 477;
853 48;
853 480;
853 482;
853 484;
853 486;
853 488;
853 489;
853 491;
853 509;
853 51;
853 511;
853 52;
853 53;
853 532;
853 537;
853 538;
853 539;
853 546;
853 547;
853 548;
853 554;
853 555;
853 556;
853 562;
853 563;
853 564;
853 565;
853 567;
853 570;
853 572;
853 575;
853 577;
853 58;
853 580;
853 582;
853 586;
853 590;
853 60;
853 611;
853 613;
853 624;
853 625;
853 629;
853 630;
853 633;
853 634;
853 635;
853 640;
853 647;
853 648;
853 65;
853 652;
853 653;
853 656;
853 657;
853 658;
853 66;
853 663;
853 670;
853 671;
853 675;
853 676;
853 679;
853 680;
853 681;
853 686;
853 693;
853 694;
853 698;
853 699;
853 70;
853 702;
853 703;
853 704;
853 709;
853 71;
853 711;
853 716;
853 717;
853 721;
853 722;
853 725;
853 726;
853 727;
853 732;
853 734;
853 739;
853 74;
853 740;
853 744;
853 745;
853 748;
853 749;
853 75;
853 750;
853 755;
853 76;
853 762;
853 763;
853 767;
853 768;
853 771;
853 772;
853 773;
853 778;
853 785;
853 786;
853 790;
853 791;
853 794;
853 795;
853 796;
853 801;
853 81;
853 83;
853 86;
853 87;
853 91;
853 92;
853 95;
853 96;
853 97;
854 110;
854 131;
854 152;
854 173;
854 214;
854 239;
854 262;
854 285;
854 310;
854 333;
854 45;
854 627;
854 650;
854 673;
854 68;
854 696;
854 719;
854 742;
854 765;
854 788;
854 89;
856 12;
856 18;
856 192;
856 196;
856 200;
856 22;
856 27;
856 33;
856 353;
856 356;
856 360;
856 362;
856 367;
856 37;
856 377;
856 381;
856 387;
856 391;
856 394;
856 398;
856 417;
856 419;
856 424;
856 448;
856 450;
856 457;
856 461;
856 464;
856 468;
856 473;
856 476;
856 480;
856 483;
856 489;
856 494;
856 498;
856 504;
856 509;
856 511;
856 513;
856 517;
856 523;
856 529;
856 535;
856 560;
856 568;
856 571;
856 576;
856 580;
856 587;
856 616;
856 619;
856 621;
856 8;
856 810;
858 0;
859 19;
859 383;
859 421;
859 451;
859 486;
860 193;
860 196;
860 200;
860 30;
860 33;
860 354;
860 37;
860 383;
860 388;
860 406;
860 421;
860 424;
860 451;
860 470;
860 474;
860 481;
860 486;
860 489;
860 491;
860 495;
860 514;
860 536;
860 545;
860 569;
860 574;
861 194;
861 198;
861 229;
861 277;
861 31;
861 325;
861 35;
861 352;
861 354;
861 359;
861 376;
861 384;
861 386;
861 388;
861 418;
861 422;
861 426;
861 428;
861 447;
861 452;
861 460;
861 467;
861 470;
861 474;
861 481;
861 487;
861 491;
861 495;
861 508;
861 514;
861 567;
861 569;
861 574;
861 586;
861 588;
861 642;
861 665;
861 688;
861 757;
861 780;
861 803;
862 190;
862 202;
862 254;
862 300;
862 352;
862 354;
862 359;
862 376;
862 383;
862 386;
862 388;
862 392;
862 410;
862 415;
862 418;
862 421;
862 428;
862 447;
862 451;
862 460;
862 462;
862 467;
862 470;
862 474;
862 481;
862 486;
862 491;
862 495;
862 508;
862 514;
862 540;
862 549;
862 558;
862 567;
862 569;
862 574;
862 586;
862 588;
862 607;
862 615;
862 618;
863 364;
863 378;
863 388;
863 454;
863 470;
863 491;
863 495;
863 5;
863 514;
863 807;
863 9;
866 12;
866 18;
866 195;
866 199;
866 22;
866 27;
866 32;
866 353;
866 36;
866 360;
866 362;
866 367;
866 377;
866 381;
866 385;
866 387;
866 391;
866 419;
866 423;
866 427;
866 448;
866 450;
866 453;
866 457;
866 461;
866 468;
866 473;
866 488;
866 494;
866 498;
866 504;
866 509;
866 511;
866 513;
866 517;
866 523;
866 529;
866 535;
866 568;
866 587;
866 616;
866 619;
866 621;
866 8;
866 810;
868 102;
868 104;
868 107;
868 113;
868 116;
868 123;
868 125;
868 128;
868 134;
868 137;
868 144;
868 146;
868 149;
868 155;
868 158;
868 165;
868 167;
868 170;
868 176;
868 179;
868 186;
868 188;
868 211;
868 217;
868 220;
868 227;
868 236;
868 242;
868 245;
868 252;
868 259;
868 265;
868 268;
868 275;
868 282;
868 288;
868 291;
868 298;
868 307;
868 313;
868 316;
868 323;
868 330;
868 336;
868 339;
868 346;
868 348;
868 371;
868 373;
868 402;
868 404;
868 42;
868 48;
868 51;
868 555;
868 562;
868 563;
868 564;
868 565;
868 58;
868 582;
868 60;
868 624;
868 630;
868 633;
868 640;
868 647;
868 65;
868 653;
868 656;
868 663;
868 670;
868 676;
868 679;
868 686;
868 693;
868 699;
868 702;
868 709;
868 71;
868 711;
868 716;
868 722;
868 725;
868 732;
868 734;
868 739;
868 74;
868 745;
868 748;
868 755;
868 762;
868 768;
868 771;
868 778;
868 785;
868 791;
868 794;
868 801;
868 81;
868 83;
868 86;
868 92;
868 95;
869 111;
869 117;
869 132;
869 138;
869 153;
869 159;
869 174;
869 180;
869 215;
869 221;
869 240;
869 246;
869 263;
869 269;
869 286;
869 292;
869 311;
869 317;
869 334;
869 340;
869 389;
869 390;
869 46;
869 471;
869 472;
869 492;
869 493;
869 496;
869 498;
869 499;
869 500;
869 502;
869 504;
869 505;
869 506;
869 515;
869 517;
869 519;
869 52;
869 521;
869 523;
869 525;
869 527;
869 529;
869 531;
869 533;
869 534;
869 556;
869 628;
869 634;
869 651;
869 657;
869 674;
869 680;
869 69;
869 697;
869 703;
869 720;
869 726;
869 743;
869 749;
869 75;
869 766;
869 772;
869 789;
869 795;
869 90;
869 96;
876 104;
876 105;
876 109;
876 110;
876 113;
876 114;
876 115;
876 120;
876 122;
876 125;
876 126;
876 130;
876 131;
876 134;
876 135;
876 136;
876 14;
876 141;
876 143;
876 146;
876 147;
876 15;
876 151;
876 152;
876 155;
876 156;
876 157;
876 162;
876 169;
876 170;
876 174;
876 175;
876 178;
876 179;
876 180;
876 185;
876 19;
876 195;
876 197;
876 20;
876 201;
876 203;
876 23;
876 233;
876 236;
876 237;
876 24;
876 241;
876 242;
876 245;
876 246;
876 247;
876 25;
876 252;
876 259;
876 260;
876 264;
876 265;
876 268;
876 269;
876 270;
876 275;
876 282;
876 283;
876 287;
876 288;
876 291;
876 292;
876 293;
876 298;
876 30;
876 305;
876 306;
876 310;
876 311;
876 314;
876 315;
876 316;
876 321;
876 329;
876 330;
876 333;
876 336;
876 338;
876 353;
876 355;
876 357;
876 358;
876 361;
876 362;
876 365;
876 367;
876 369;
876 37;
876 371;
876 373;
876 376;
876 378;
876 38;
876 380;
876 382;
876 392;
876 394;
876 398;
876 400;
876 403;
876 405;
876 408;
876 416;
876 42;
876 422;
876 424;
876 426;
876 428;
876 43;
876 433;
876 435;
876 437;
876 439;
876 441;
876 443;
876 445;
876 447;
876 449;
876 451;
876 454;
876 456;
876 458;
876 46;
876 461;
876 466;
876 467;
876 468;
876 47;
876 473;
876 475;
876 477;
876 478;
876 479;
876 48;
876 480;
876 482;
876 485;
876 486;
876 487;
876 488;
876 489;
876 492;
876 494;
876 496;
876 498;
876 500;
876 502;
876 505;
876 53;
876 545;
876 547;
876 549;
876 55;
876 551;
876 554;
876 555;
876 556;
876 563;
876 565;
876 567;
876 569;
876 571;
876 573;
876 58;
876 584;
876 585;
876 586;
876 59;
876 590;
876 608;
876 615;
876 624;
876 625;
876 629;
876 63;
876 630;
876 633;
876 634;
876 635;
876 64;
876 640;
876 647;
876 648;
876 652;
876 653;
876 656;
876 657;
876 658;
876 663;
876 665;
876 67;
876 670;
876 671;
876 675;
876 676;
876 679;
876 68;
876 680;
876 681;
876 686;
876 69;
876 693;
876 694;
876 698;
876 699;
876 702;
876 703;
876 704;
876 709;
876 716;
876 717;
876 721;
876 722;
876 725;
876 726;
876 727;
876 732;
876 739;
876 74;
876 740;
876 744;
876 745;
876 748;
876 749;
876 750;
876 755;
876 76;
876 762;
876 763;
876 767;
876 768;
876 771;
876 772;
876 773;
876 778;
876 808;
876 81;
876 810;
876 82;
876 86;
876 87;
876 90;
876 91;
876 92;
876 97;
876 99;
877 107;
877 128;
877 149;
877 17;
877 172;
877 239;
877 262;
877 285;
877 308;
877 40;
877 61;
877 627;
877 650;
877 673;
877 696;
877 719;
877 742;
877 765;
877 84;
879 11;
879 203;
879 206;
879 210;
879 214;
879 219;
879 225;
879 229;
879 234;
879 338;
879 342;
879 344;
879 347;
879 349;
879 353;
879 358;
879 362;
879 368;
879 372;
879 377;
879 381;
879 386;
879 390;
879 393;
879 399;
879 404;
879 408;
879 412;
879 416;
879 418;
879 422;
879 424;
879 426;
879 428;
879 430;
879 434;
879 438;
879 442;
879 446;
879 450;
879 454;
879 456;
879 458;
879 461;
879 463;
879 473;
879 483;
879 493;
879 497;
879 501;
879 505;
879 509;
879 515;
879 523;
879 531;
879 539;
879 546;
879 550;
879 564;
879 568;
879 572;
879 577;
879 581;
879 620;
879 7;
879 787;
879 792;
879 798;
879 802;
880 0;
882 211;
882 355;
882 475;
882 511;
882 517;
882 525;
882 533;
882 541;
882 784;
883 201;
883 222;
883 225;
883 229;
883 336;
883 355;
883 358;
883 362;
883 366;
883 375;
883 391;
883 397;
883 402;
883 432;
883 475;
883 491;
883 511;
883 517;
883 525;
883 533;
883 541;
883 544;
883 553;
883 562;
883 795;
883 798;
883 802;
884 201;
884 223;
884 227;
884 233;
884 254;
884 277;
884 300;
884 323;
884 336;
884 352;
884 356;
884 360;
884 364;
884 366;
884 375;
884 391;
884 397;
884 402;
884 415;
884 421;
884 432;
884 453;
884 460;
884 472;
884 476;
884 482;
884 491;
884 511;
884 517;
884 525;
884 533;
884 541;
884 544;
884 562;
884 588;
884 642;
884 688;
884 711;
884 734;
884 757;
884 780;
884 796;
884 800;
885 164;
885 187;
885 191;
885 201;
885 204;
885 233;
885 32;
885 336;
885 343;
885 346;
885 352;
885 355;
885 366;
885 375;
885 384;
885 391;
885 397;
885 402;
885 415;
885 421;
885 432;
885 453;
885 460;
885 472;
885 475;
885 482;
885 491;
885 5;
885 511;
885 518;
885 526;
885 534;
885 542;
885 544;
885 557;
885 562;
885 575;
885 588;
885 618;
885 804;
886 207;
886 339;
886 409;
886 506;
886 511;
889 210;
889 214;
889 219;
889 224;
889 228;
889 234;
889 342;
889 344;
889 347;
889 349;
889 353;
889 357;
889 361;
889 365;
889 412;
889 416;
889 418;
889 422;
889 424;
889 426;
889 428;
889 430;
889 454;
889 456;
889 458;
889 461;
889 463;
889 473;
889 477;
889 483;
889 509;
889 787;
889 792;
889 797;
889 801;
891 104;
891 110;
891 113;
891 120;
891 122;
891 125;
891 131;
891 134;
891 14;
891 141;
891 143;
891 146;
891 152;
891 155;
891 162;
891 169;
891 175;
891 178;
891 185;
891 20;
891 23;
891 236;
891 242;
891 245;
891 252;
891 259;
891 265;
891 268;
891 275;
891 282;
891 288;
891 291;
891 298;
891 30;
891 305;
891 311;
891 314;
891 321;
891 330;
891 333;
891 37;
891 43;
891 46;
891 467;
891 468;
891 479;
891 480;
891 486;
891 487;
891 488;
891 489;
891 53;
891 55;
891 58;
891 585;
891 586;
891 608;
891 624;
891 630;
891 633;
891 64;
891 640;
891 647;
891 653;
891 656;
891 663;
891 665;
891 67;
891 670;
891 676;
891 679;
891 686;
891 693;
891 699;
891 702;
891 709;
891 716;
891 722;
891 725;
891 732;
891 739;
891 74;
891 745;
891 748;
891 755;
891 76;
891 762;
891 768;
891 771;
891 778;
891 81;
891 87;
891 90;
891 97;
891 99;
892 108;
892 114;
892 129;
892 135;
892 150;
892 156;
892 173;
892 179;
892 18;
892 24;
892 240;
892 246;
892 263;
892 269;
892 286;
892 292;
892 309;
892 315;
892 41;
892 47;
892 512;
892 513;
892 515;
892 517;
892 520;
892 521;
892 523;
892 525;
892 528;
892 529;
892 531;
892 533;
892 537;
892 539;
892 541;
892 615;
892 62;
892 628;
892 634;
892 651;
892 657;
892 674;
892 68;
892 680;
892 697;
892 703;
892 720;
892 726;
892 743;
892 749;
892 766;
892 772;
892 85;
892 91;
899 102;
899 103;
899 107;
899 108;
899 111;
899 112;
899 113;
899 118;
899 12;
899 120;
899 123;
899 124;
899 128;
899 129;
899 13;
899 132;
899 133;
899 134;
899 139;
899 141;
899 144;
899 145;
899 149;
899 150;
899 153;
899 154;
899 155;
899 16;
899 160;
899 162;
899 167;
899 168;
899 172;
899 173;
899 176;
899 177;
899 178;
899 183;
899 185;
899 189;
899 190;
899 205;
899 207;
899 211;
899 212;
899 216;
899 217;
899 220;
899 221;
899 222;
899 227;
899 23;
899 233;
899 236;
899 237;
899 241;
899 242;
899 245;
899 246;
899 247;
899 252;
899 259;
899 26;
899 260;
899 264;
899 265;
899 268;
899 269;
899 27;
899 270;
899 275;
899 282;
899 283;
899 287;
899 288;
899 291;
899 292;
899 293;
899 298;
899 30;
899 304;
899 31;
899 310;
899 312;
899 317;
899 321;
899 325;
899 327;
899 329;
899 33;
899 333;
899 335;
899 340;
899 342;
899 344;
899 346;
899 349;
899 35;
899 351;
899 353;
899 355;
899 357;
899 358;
899 359;
899 36;
899 360;
899 362;
899 364;
899 365;
899 368;
899 369;
899 372;
899 374;
899 375;
899 379;
899 38;
899 383;
899 385;
899 386;
899 387;
899 388;
899 389;
899 39;
899 391;
899 393;
899 394;
899 396;
899 397;
899 399;
899 40;
899 400;
899 401;
899 402;
899 407;
899 409;
899 411;
899 412;
899 414;
899 415;
899 417;
899 418;
899 42;
899 420;
899 421;
899 423;
899 425;
899 428;
899 430;
899 434;
899 437;
899 44;
899 441;
899 443;
899 446;
899 447;
899 449;
899 45;
899 451;
899 453;
899 457;
899 459;
899 460;
899 463;
899 466;
899 467;
899 468;
899 472;
899 474;
899 475;
899 477;
899 479;
899 48;
899 481;
899 485;
899 486;
899 487;
899 49;
899 504;
899 505;
899 51;
899 511;
899 513;
899 517;
899 519;
899 52;
899 520;
899 522;
899 524;
899 528;
899 529;
899 530;
899 531;
899 533;
899 535;
899 537;
899 54;
899 540;
899 541;
899 542;
899 549;
899 55;
899 550;
899 551;
899 552;
899 556;
899 558;
899 560;
899 563;
899 565;
899 567;
899 569;
899 571;
899 573;
899 575;
899 577;
899 578;
899 58;
899 580;
899 581;
899 582;
899 584;
899 586;
899 59;
899 594;
899 600;
899 602;
899 604;
899 605;
899 607;
899 609;
899 614;
899 616;
899 624;
899 625;
899 629;
899 63;
899 630;
899 633;
899 634;
899 635;
899 64;
899 640;
899 647;
899 648;
899 652;
899 653;
899 656;
899 657;
899 658;
899 663;
899 67;
899 670;
899 671;
899 675;
899 676;
899 679;
899 68;
899 680;
899 681;
899 686;
899 69;
899 693;
899 694;
899 698;
899 699;
899 702;
899 703;
899 704;
899 709;
899 711;
899 716;
899 717;
899 721;
899 722;
899 725;
899 726;
899 727;
899 732;
899 739;
899 74;
899 740;
899 744;
899 745;
899 748;
899 749;
899 750;
899 755;
899 757;
899 762;
899 763;
899 767;
899 768;
899 771;
899 772;
899 773;
899 778;
899 785;
899 786;
899 790;
899 791;
899 794;
899 795;
899 796;
899 801;
899 81;
899 82;
899 86;
899 87;
899 90;
899 91;
899 92;
899 97;
899 99;
900 105;
900 126;
900 147;
900 170;
900 214;
900 239;
900 262;
900 285;
900 61;
900 627;
900 650;
900 673;
900 696;
900 719;
900 742;
900 765;
900 788;
900 84;
902 0;
902 11;
902 195;
902 199;
902 234;
902 305;
902 308;
902 317;
902 322;
902 325;
902 329;
902 332;
902 334;
902 338;
902 341;
902 346;
902 35;
902 351;
902 354;
902 365;
902 369;
902 37;
902 374;
902 376;
902 380;
902 385;
902 393;
902 398;
902 406;
902 408;
902 414;
902 417;
902 420;
902 423;
902 432;
902 435;
902 437;
902 439;
902 442;
902 446;
902 448;
902 450;
902 456;
902 46;
902 461;
902 464;
902 476;
902 479;
902 484;
902 494;
902 500;
902 510;
902 516;
902 519;
902 522;
902 535;
902 537;
902 556;
902 558;
902 560;
902 564;
902 568;
902 572;
902 579;
902 583;
902 588;
902 590;
902 601;
902 604;
902 606;
902 619;
902 7;
902 810;
905 362;
905 394;
905 409;
905 42;
905 428;
905 451;
905 457;
905 472;
905 480;
905 511;
905 575;
905 580;
905 584;
905 607;
906 192;
906 195;
906 199;
906 327;
906 33;
906 335;
906 339;
906 344;
906 349;
906 352;
906 362;
906 365;
906 369;
906 372;
906 383;
906 391;
906 394;
906 409;
906 412;
906 415;
906 418;
906 42;
906 421;
906 428;
906 440;
906 451;
906 457;
906 472;
906 477;
906 480;
906 491;
906 511;
906 517;
906 520;
906 533;
906 539;
906 562;
906 575;
906 580;
906 584;
906 602;
906 607;
907 193;
907 197;
907 229;
907 233;
907 254;
907 277;
907 300;
907 304;
907 316;
907 321;
907 324;
907 327;
907 33;
907 333;
907 335;
907 339;
907 344;
907 349;
907 352;
907 36;
907 363;
907 367;
907 372;
907 375;
907 379;
907 383;
907 391;
907 395;
907 397;
907 407;
907 410;
907 412;
907 415;
907 418;
907 421;
907 429;
907 43;
907 434;
907 436;
907 440;
907 447;
907 449;
907 45;
907 452;
907 458;
907 460;
907 463;
907 473;
907 475;
907 477;
907 480;
907 491;
907 512;
907 517;
907 520;
907 533;
907 536;
907 555;
907 562;
907 576;
907 578;
907 580;
907 585;
907 593;
907 600;
907 602;
907 605;
907 608;
907 642;
907 665;
907 688;
907 734;
907 780;
907 803;
908 201;
908 233;
908 304;
908 306;
908 316;
908 321;
908 324;
908 327;
908 33;
908 330;
908 333;
908 335;
908 339;
908 344;
908 349;
908 352;
908 36;
908 362;
908 372;
908 375;
908 379;
908 383;
908 391;
908 394;
908 397;
908 404;
908 407;
908 409;
908 412;
908 415;
908 418;
908 42;
908 421;
908 428;
908 431;
908 434;
908 436;
908 440;
908 447;
908 449;
908 45;
908 451;
908 454;
908 457;
908 460;
908 463;
908 472;
908 475;
908 477;
908 480;
908 491;
908 5;
908 511;
908 514;
908 517;
908 520;
908 533;
908 536;
908 543;
908 555;
908 562;
908 575;
908 578;
908 580;
908 584;
908 587;
908 593;
908 600;
908 602;
908 605;
908 607;
908 610;
908 618;
908 76;
909 335;
909 480;
909 491;
909 507;
909 8;
909 807;
912 11;
912 194;
912 198;
912 234;
912 305;
912 317;
912 322;
912 325;
912 334;
912 338;
912 364;
912 368;
912 37;
912 376;
912 380;
912 396;
912 398;
912 408;
912 411;
912 430;
912 432;
912 435;
912 437;
912 439;
912 44;
912 448;
912 450;
912 453;
912 459;
912 46;
912 461;
912 464;
912 474;
912 476;
912 494;
912 500;
912 510;
912 513;
912 537;
912 556;
912 558;
912 560;
912 577;
912 579;
912 583;
912 586;
912 588;
912 590;
912 601;
912 606;
912 609;
912 619;
912 810;
913 594;
914 102;
914 108;
914 111;
914 118;
914 120;
914 123;
914 129;
914 13;
914 132;
914 139;
914 141;
914 144;
914 150;
914 153;
914 16;
914 160;
914 162;
914 167;
914 173;
914 176;
914 183;
914 185;
914 190;
914 211;
914 217;
914 220;
914 227;
914 236;
914 242;
914 245;
914 252;
914 259;
914 265;
914 268;
914 27;
914 275;
914 282;
914 288;
914 291;
914 298;
914 30;
914 310;
914 312;
914 358;
914 359;
914 360;
914 387;
914 388;
914 389;
914 39;
914 40;
914 400;
914 401;
914 402;
914 425;
914 467;
914 468;
914 486;
914 487;
914 49;
914 505;
914 52;
914 524;
914 529;
914 530;
914 531;
914 55;
914 58;
914 624;
914 630;
914 633;
914 64;
914 640;
914 647;
914 653;
914 656;
914 663;
914 67;
914 670;
914 676;
914 679;
914 686;
914 693;
914 699;
914 702;
914 709;
914 711;
914 716;
914 722;
914 725;
914 732;
914 739;
914 74;
914 745;
914 748;
914 755;
914 757;
914 762;
914 768;
914 771;
914 778;
914 785;
914 791;
914 794;
914 801;
914 81;
914 87;
914 90;
914 97;
914 99;
915 106;
915 112;
915 127;
915 133;
915 148;
915 154;
915 171;
915 177;
915 215;
915 221;
915 23;
915 240;
915 246;
915 263;
915 269;
915 286;
915 292;
915 336;
915 337;
915 482;
915 483;
915 492;
915 494;
915 495;
915 496;
915 498;
915 500;
915 501;
915 502;
915 549;
915 551;
915 552;
915 62;
915 628;
915 634;
915 651;
915 657;
915 674;
915 68;
915 680;
915 697;
915 703;
915 720;
915 726;
915 743;
915 749;
915 766;
915 772;
915 789;
915 795;
915 85;
915 91;
922 0;
922 103;
922 104;
922 108;
922 109;
922 112;
922 113;
922 114;
922 119;
922 121;
922 124;
922 125;
922 129;
922 130;
922 133;
922 134;
922 135;
922 140;
922 142;
922 147;
922 148;
922 152;
922 153;
922 156;
922 157;
922 158;
922 16;
922 163;
922 165;
922 169;
922 170;
922 173;
922 174;
922 178;
922 179;
922 182;
922 183;
922 184;
922 189;
922 20;
922 205;
922 207;
922 211;
922 212;
922 216;
922 217;
922 22;
922 220;
922 221;
922 222;
922 227;
922 236;
922 237;
922 24;
922 241;
922 242;
922 245;
922 246;
922 247;
922 25;
922 252;
922 26;
922 261;
922 262;
922 266;
922 267;
922 270;
922 271;
922 272;
922 277;
922 279;
922 28;
922 284;
922 285;
922 289;
922 290;
922 293;
922 294;
922 295;
922 30;
922 300;
922 302;
922 306;
922 308;
922 309;
922 31;
922 310;
922 312;
922 314;
922 315;
922 316;
922 318;
922 319;
922 32;
922 320;
922 324;
922 326;
922 327;
922 329;
922 330;
922 332;
922 334;
922 337;
922 339;
922 34;
922 341;
922 343;
922 352;
922 354;
922 359;
922 36;
922 361;
922 362;
922 363;
922 369;
922 371;
922 372;
922 373;
922 374;
922 376;
922 378;
922 379;
922 38;
922 380;
922 381;
922 383;
922 386;
922 388;
922 389;
922 39;
922 390;
922 392;
922 394;
922 405;
922 407;
922 41;
922 42;
922 44;
922 443;
922 445;
922 447;
922 449;
922 452;
922 457;
922 46;
922 47;
922 480;
922 482;
922 485;
922 487;
922 493;
922 496;
922 498;
922 501;
922 505;
922 507;
922 512;
922 514;
922 516;
922 518;
922 520;
922 523;
922 526;
922 528;
922 53;
922 530;
922 532;
922 534;
922 536;
922 538;
922 539;
922 546;
922 551;
922 555;
922 557;
922 559;
922 561;
922 563;
922 565;
922 567;
922 57;
922 571;
922 577;
922 579;
922 58;
922 580;
922 582;
922 583;
922 584;
922 586;
922 589;
922 591;
922 594;
922 597;
922 599;
922 601;
922 603;
922 618;
922 62;
922 620;
922 624;
922 625;
922 629;
922 63;
922 630;
922 633;
922 634;
922 635;
922 640;
922 647;
922 648;
922 652;
922 653;
922 656;
922 657;
922 658;
922 66;
922 663;
922 67;
922 670;
922 671;
922 675;
922 676;
922 679;
922 68;
922 680;
922 681;
922 686;
922 688;
922 693;
922 694;
922 698;
922 699;
922 702;
922 703;
922 704;
922 709;
922 716;
922 717;
922 721;
922 722;
922 725;
922 726;
922 727;
922 73;
922 732;
922 739;
922 740;
922 744;
922 745;
922 748;
922 749;
922 750;
922 755;
922 762;
922 763;
922 767;
922 768;
922 771;
922 772;
922 773;
922 778;
922 785;
922 786;
922 790;
922 791;
922 794;
922 795;
922 796;
922 80;
922 801;
922 803;
922 809;
922 81;
922 811;
922 817;
922 85;
922 86;
922 89;
922 90;
922 91;
922 96;
922 98;
923 106;
923 127;
923 150;
923 176;
923 214;
923 239;
923 264;
923 287;
923 60;
923 627;
923 650;
923 673;
923 696;
923 719;
923 742;
923 765;
923 788;
923 83;
924 0;
925 10;
925 14;
925 19;
925 200;
925 21;
925 321;
925 326;
925 329;
925 331;
925 334;
925 339;
925 347;
925 35;
925 351;
925 354;
925 356;
925 368;
925 370;
925 382;
925 384;
925 393;
925 397;
925 400;
925 413;
925 421;
925 429;
925 43;
925 437;
925 444;
925 448;
925 452;
925 454;
925 46;
925 463;
925 469;
925 475;
925 48;
925 481;
925 485;
925 487;
925 489;
925 493;
925 497;
925 50;
925 501;
925 505;
925 507;
925 513;
925 517;
925 521;
925 523;
925 527;
925 531;
925 535;
925 539;
925 544;
925 546;
925 551;
925 553;
925 555;
925 557;
925 559;
925 563;
925 565;
925 567;
925 569;
925 580;
925 589;
925 591;
925 593;
925 595;
925 598;
925 602;
925 608;
925 612;
925 7;
928 15;
928 318;
928 36;
928 376;
928 379;
928 386;
928 39;
928 409;
928 415;
928 423;
928 431;
928 439;
928 536;
928 577;
929 15;
929 22;
929 28;
929 308;
929 314;
929 318;
929 324;
929 327;
929 332;
929 337;
929 352;
929 36;
929 376;
929 379;
929 386;
929 39;
929 394;
929 409;
929 415;
929 423;
929 431;
929 439;
929 44;
929 442;
929 460;
929 479;
929 495;
929 511;
929 525;
929 536;
929 539;
929 561;
929 577;
929 580;
929 596;
929 605;
929 608;
929 612;
930 15;
930 191;
930 20;
930 229;
930 254;
930 318;
930 324;
930 327;
930 330;
930 332;
930 337;
930 34;
930 352;
930 369;
930 37;
930 377;
930 379;
930 383;
930 387;
930 392;
930 394;
930 40;
930 409;
930 415;
930 42;
930 423;
930 431;
930 439;
930 44;
930 442;
930 460;
930 47;
930 479;
930 486;
930 492;
930 495;
930 504;
930 511;
930 520;
930 522;
930 525;
930 534;
930 537;
930 545;
930 550;
930 554;
930 561;
930 564;
930 570;
930 578;
930 588;
930 594;
930 596;
930 606;
930 610;
930 642;
930 665;
930 711;
930 734;
930 757;
930 780;
931 15;
931 20;
931 201;
931 24;
931 30;
931 307;
931 313;
931 318;
931 324;
931 327;
931 330;
931 332;
931 337;
931 34;
931 345;
931 352;
931 355;
931 36;
931 369;
931 376;
931 379;
931 383;
931 386;
931 39;
931 392;
931 394;
931 398;
931 401;
931 409;
931 416;
931 42;
931 424;
931 432;
931 44;
931 440;
931 442;
931 453;
931 460;
931 47;
931 479;
931 486;
931 49;
931 492;
931 495;
931 5;
931 504;
931 511;
931 520;
931 522;
931 525;
931 534;
931 536;
931 545;
931 550;
931 554;
931 561;
931 564;
931 570;
931 577;
931 588;
931 594;
931 596;
931 614;
931 75;
931 8;
931 805;
932 15;
932 197;
932 348;
932 365;
932 394;
932 409;
932 460;
932 541;
935 200;
935 21;
935 310;
935 316;
935 321;
935 331;
935 35;
935 351;
935 356;
935 368;
935 370;
935 378;
935 38;
935 382;
935 384;
935 388;
935 393;
935 397;
935 41;
935 43;
935 454;
935 463;
935 469;
935 475;
935 48;
935 487;
935 489;
935 493;
935 50;
935 505;
935 507;
935 521;
935 523;
935 535;
935 538;
935 544;
935 546;
935 551;
935 553;
935 555;
935 557;
935 559;
935 565;
935 567;
935 569;
935 579;
935 589;
935 591;
935 593;
935 595;
935 607;
935 611;
936 571;
937 103;
937 109;
937 112;
937 119;
937 121;
937 124;
937 130;
937 133;
937 140;
937 142;
937 147;
937 153;
937 156;
937 163;
937 165;
937 170;
937 173;
937 179;
937 182;
937 189;
937 211;
937 217;
937 220;
937 227;
937 236;
937 242;
937 245;
937 252;
937 261;
937 267;
937 270;
937 277;
937 279;
937 284;
937 290;
937 293;
937 300;
937 302;
937 341;
937 343;
937 359;
937 362;
937 363;
937 372;
937 373;
937 374;
937 390;
937 457;
937 53;
937 57;
937 583;
937 584;
937 586;
937 624;
937 63;
937 630;
937 633;
937 640;
937 647;
937 653;
937 656;
937 66;
937 663;
937 670;
937 676;
937 679;
937 686;
937 688;
937 693;
937 699;
937 702;
937 709;
937 716;
937 722;
937 725;
937 73;
937 732;
937 739;
937 745;
937 748;
937 755;
937 762;
937 768;
937 771;
937 778;
937 785;
937 791;
937 794;
937 80;
937 801;
937 803;
937 86;
937 89;
937 96;
937 98;
938 107;
938 113;
938 128;
938 134;
938 151;
938 157;
938 17;
938 177;
938 18;
938 183;
938 215;
938 221;
938 240;
938 246;
938 265;
938 271;
938 288;
938 294;
938 395;
938 396;
938 410;
938 411;
938 413;
938 415;
938 418;
938 419;
938 421;
938 423;
938 426;
938 427;
938 429;
938 431;
938 435;
938 437;
938 439;
938 461;
938 463;
938 465;
938 467;
938 469;
938 471;
938 473;
938 474;
938 476;
938 477;
938 61;
938 628;
938 634;
938 651;
938 657;
938 67;
938 674;
938 680;
938 697;
938 703;
938 720;
938 726;
938 743;
938 749;
938 766;
938 772;
938 789;
938 795;
938 84;
938 90;
945 101;
945 103;
945 106;
945 107;
945 111;
945 112;
945 115;
945 116;
945 117;
945 12;
945 122;
945 129;
945 130;
945 134;
945 135;
945 138;
945 139;
945 14;
945 140;
945 145;
945 147;
945 15;
945 151;
945 154;
945 155;
945 159;
945 160;
945 163;
945 164;
945 165;
945 17;
945 170;
945 172;
945 176;
945 177;
945 18;
945 181;
945 183;
945 184;
945 185;
945 20;
945 22;
945 228;
945 230;
945 233;
945 234;
945 238;
945 239;
945 24;
945 242;
945 243;
945 244;
945 249;
945 258;
945 259;
945 26;
945 263;
945 264;
945 267;
945 268;
945 269;
945 274;
945 276;
945 281;
945 282;
945 286;
945 287;
945 29;
945 290;
945 291;
945 292;
945 297;
945 299;
945 303;
945 305;
945 306;
945 307;
945 309;
945 31;
945 311;
945 312;
945 313;
945 316;
945 32;
945 323;
945 330;
945 34;
945 343;
945 357;
945 359;
945 36;
945 361;
945 363;
945 366;
945 368;
945 37;
945 370;
945 376;
945 378;
945 38;
945 380;
945 381;
945 383;
945 385;
945 387;
945 39;
945 390;
945 400;
945 402;
945 406;
945 413;
945 415;
945 417;
945 419;
945 422;
945 427;
945 431;
945 433;
945 436;
945 439;
945 441;
945 444;
945 447;
945 45;
945 451;
945 453;
945 456;
945 47;
945 491;
945 498;
945 500;
945 502;
945 504;
945 507;
945 509;
945 51;
945 525;
945 527;
945 529;
945 53;
945 531;
945 534;
945 536;
945 538;
945 539;
945 54;
945 542;
945 546;
945 548;
945 55;
945 550;
945 552;
945 556;
945 57;
945 574;
945 576;
945 579;
945 581;
945 587;
945 59;
945 60;
945 603;
945 605;
945 607;
945 608;
945 61;
945 613;
945 620;
945 626;
945 627;
945 63;
945 631;
945 632;
945 635;
945 636;
945 637;
945 64;
945 642;
945 649;
945 65;
945 650;
945 654;
945 655;
945 658;
945 659;
945 660;
945 665;
945 667;
945 672;
945 673;
945 677;
945 678;
945 68;
945 681;
945 682;
945 683;
945 688;
945 695;
945 696;
945 70;
945 700;
945 701;
945 704;
945 705;
945 706;
945 711;
945 713;
945 718;
945 719;
945 72;
945 723;
945 724;
945 727;
945 728;
945 729;
945 734;
945 741;
945 742;
945 746;
945 747;
945 750;
945 751;
945 752;
945 757;
945 76;
945 764;
945 765;
945 769;
945 770;
945 773;
945 774;
945 775;
945 780;
945 809;
945 811;
945 82;
945 85;
945 86;
945 90;
945 91;
945 94;
945 95;
945 96;
946 0;
946 109;
946 132;
946 157;
946 236;
946 261;
946 284;
946 629;
946 652;
946 675;
946 698;
946 721;
946 744;
946 767;
946 88;
948 11;
948 14;
948 152;
948 17;
948 189;
948 19;
948 193;
948 197;
948 203;
948 207;
948 21;
948 212;
948 218;
948 222;
948 24;
948 27;
948 33;
948 339;
948 351;
948 355;
948 359;
948 36;
948 362;
948 366;
948 370;
948 373;
948 376;
948 380;
948 383;
948 386;
948 397;
948 403;
948 414;
948 418;
948 422;
948 425;
948 436;
948 440;
948 444;
948 463;
948 469;
948 475;
948 480;
948 482;
948 488;
948 494;
948 498;
948 500;
948 502;
948 504;
948 507;
948 509;
948 514;
948 520;
948 526;
948 530;
948 534;
948 539;
948 547;
948 551;
948 574;
948 576;
948 579;
948 581;
948 583;
948 612;
948 614;
948 7;
948 70;
948 75;
948 789;
948 79;
948 795;
948 799;
948 803;
948 83;
951 204;
951 29;
951 536;
951 71;
952 12;
952 15;
952 183;
952 215;
952 218;
952 22;
952 222;
952 29;
952 305;
952 309;
952 34;
952 357;
952 360;
952 368;
952 378;
952 381;
952 384;
952 412;
952 438;
952 460;
952 485;
952 511;
952 524;
952 53;
952 536;
952 539;
952 545;
952 59;
952 68;
952 71;
952 76;
952 796;
952 799;
952 803;
953 12;
953 15;
953 151;
953 18;
953 20;
953 216;
953 22;
953 220;
953 251;
953 26;
953 30;
953 315;
953 32;
953 322;
953 329;
953 34;
953 342;
953 357;
953 360;
953 365;
953 368;
953 375;
953 378;
953 381;
953 384;
953 389;
953 402;
953 405;
953 412;
953 435;
953 438;
953 443;
953 460;
953 485;
953 497;
953 506;
953 511;
953 524;
953 537;
953 541;
953 545;
953 554;
953 573;
953 578;
953 584;
953 613;
953 644;
953 68;
953 690;
953 71;
953 736;
953 759;
953 76;
953 782;
953 797;
953 801;
953 82;
954 12;
954 124;
954 15;
954 151;
954 18;
954 182;
954 187;
954 20;
954 22;
954 224;
954 26;
954 29;
954 304;
954 311;
954 315;
954 32;
954 322;
954 329;
954 34;
954 342;
954 349;
954 357;
954 360;
954 365;
954 368;
954 371;
954 375;
954 378;
954 381;
954 384;
954 389;
954 396;
954 402;
954 405;
954 41;
954 412;
954 423;
954 435;
954 438;
954 443;
954 460;
954 479;
954 485;
954 497;
954 5;
954 506;
954 511;
954 52;
954 524;
954 536;
954 545;
954 554;
954 573;
954 578;
954 58;
954 584;
954 599;
954 610;
954 613;
954 68;
954 71;
954 76;
954 805;
954 82;
955 190;
955 194;
955 336;
955 460;
955 485;
955 511;
955 71;
955 76;
955 786;
955 8;
958 11;
958 152;
958 185;
958 19;
958 193;
958 197;
958 203;
958 207;
958 21;
958 212;
958 217;
958 221;
958 27;
958 307;
958 31;
958 33;
958 339;
958 366;
958 376;
958 397;
958 403;
958 436;
958 444;
958 463;
958 469;
958 475;
958 480;
958 482;
958 488;
958 494;
958 498;
958 500;
958 502;
958 504;
958 507;
958 509;
958 514;
958 520;
958 538;
958 542;
958 55;
958 574;
958 576;
958 579;
958 581;
958 583;
958 61;
958 614;
958 789;
958 79;
958 795;
958 798;
958 802;
958 83;
959 316;
959 323;
959 330;
959 343;
959 390;
959 406;
960 101;
960 103;
960 106;
960 112;
960 115;
960 122;
960 129;
960 135;
960 138;
960 145;
960 147;
960 154;
960 160;
960 163;
960 170;
960 172;
960 177;
960 233;
960 239;
960 242;
960 249;
960 258;
960 264;
960 267;
960 274;
960 276;
960 281;
960 287;
960 290;
960 297;
960 299;
960 38;
960 39;
960 400;
960 431;
960 433;
960 451;
960 453;
960 456;
960 608;
960 626;
960 632;
960 635;
960 64;
960 642;
960 649;
960 65;
960 655;
960 658;
960 665;
960 667;
960 672;
960 678;
960 681;
960 688;
960 695;
960 701;
960 704;
960 711;
960 713;
960 718;
960 724;
960 727;
960 734;
960 741;
960 747;
960 750;
960 757;
960 764;
960 770;
960 773;
960 780;
960 85;
960 91;
960 94;
961 110;
961 116;
961 133;
961 139;
961 158;
961 164;
961 237;
961 243;
961 262;
961 268;
961 285;
961 291;
961 427;
961 447;
961 461;
961 463;
961 465;
961 467;
961 469;
961 471;
961 473;
961 474;
961 476;
961 477;
961 486;
961 487;
961 489;
961 490;
961 492;
961 493;
961 512;
961 514;
961 516;
961 518;
961 520;
961 522;
961 620;
961 630;
961 636;
961 653;
961 659;
961 676;
961 682;
961 699;
961 705;
961 722;
961 728;
961 73;
961 74;
961 745;
961 751;
961 768;
961 77;
961 774;
961 78;
961 89;
961 95;
969 170;
969 213;
969 256;
969 299;
969 307;
969 342;
969 385;
969 414;
969 428;
969 435;
969 471;
969 515;
969 543;
969 558;
969 582;
969 586;
969 601;
969 644;
969 687;
969 730;
969 773;
969 815
]
sitesCoordinates = clientsCoordinates

clientsCoordinates, sitesCoordinates
