n = 28534
m = 28534
clientsCoordinates = [
0 105;
0 113;
0 121;
0 129;
0 137;
0 145;
0 153;
0 161;
0 169;
0 17;
0 177;
0 185;
0 193;
0 201;
0 209;
0 217;
0 225;
0 233;
0 241;
0 249;
0 25;
0 257;
0 265;
0 273;
0 281;
0 289;
0 297;
0 305;
0 313;
0 321;
0 329;
0 33;
0 337;
0 345;
0 353;
0 361;
0 362;
0 369;
0 377;
0 385;
0 393;
0 397;
0 401;
0 403;
0 409;
0 41;
0 417;
0 419;
0 425;
0 433;
0 441;
0 443;
0 449;
0 454;
0 457;
0 465;
0 473;
0 481;
0 484;
0 488;
0 489;
0 49;
0 497;
0 504;
0 505;
0 513;
0 521;
0 529;
0 537;
0 542;
0 545;
0 553;
0 561;
0 565;
0 569;
0 57;
0 577;
0 585;
0 593;
0 596;
0 599;
0 601;
0 604;
0 609;
0 612;
0 617;
0 620;
0 624;
0 625;
0 628;
0 633;
0 636;
0 641;
0 644;
0 649;
0 65;
0 652;
0 657;
0 660;
0 662;
0 668;
0 672;
0 676;
0 684;
0 692;
0 7;
0 700;
0 707;
0 708;
0 716;
0 720;
0 724;
0 727;
0 73;
0 732;
0 740;
0 748;
0 756;
0 764;
0 772;
0 780;
0 788;
0 796;
0 797;
0 801;
0 804;
0 81;
0 812;
0 820;
0 828;
0 832;
0 89;
0 9;
0 97;
2 0;
2 111;
2 113;
2 122;
2 131;
2 133;
2 135;
2 136;
2 138;
2 139;
2 141;
2 143;
2 145;
2 149;
2 155;
2 157;
2 159;
2 16;
2 161;
2 162;
2 163;
2 164;
2 165;
2 167;
2 169;
2 175;
2 177;
2 178;
2 18;
2 180;
2 182;
2 185;
2 187;
2 188;
2 189;
2 191;
2 193;
2 195;
2 20;
2 209;
2 221;
2 223;
2 224;
2 226;
2 228;
2 230;
2 231;
2 232;
2 235;
2 236;
2 239;
2 241;
2 243;
2 245;
2 247;
2 249;
2 251;
2 252;
2 253;
2 264;
2 266;
2 267;
2 269;
2 271;
2 273;
2 275;
2 276;
2 277;
2 279;
2 296;
2 297;
2 298;
2 301;
2 302;
2 307;
2 309;
2 31;
2 311;
2 33;
2 335;
2 336;
2 346;
2 347;
2 349;
2 35;
2 36;
2 361;
2 362;
2 363;
2 364;
2 38;
2 388;
2 389;
2 39;
2 393;
2 394;
2 397;
2 398;
2 399;
2 404;
2 41;
2 418;
2 42;
2 420;
2 424;
2 425;
2 429;
2 430;
2 433;
2 434;
2 435;
2 44;
2 440;
2 442;
2 449;
2 45;
2 450;
2 454;
2 455;
2 458;
2 459;
2 460;
2 465;
2 467;
2 47;
2 470;
2 474;
2 475;
2 479;
2 48;
2 480;
2 483;
2 484;
2 485;
2 49;
2 490;
2 492;
2 499;
2 50;
2 500;
2 504;
2 505;
2 508;
2 509;
2 510;
2 515;
2 517;
2 544;
2 545;
2 555;
2 556;
2 558;
2 57;
2 570;
2 571;
2 572;
2 573;
2 597;
2 598;
2 602;
2 603;
2 606;
2 607;
2 608;
2 613;
2 615;
2 649;
2 650;
2 66;
2 660;
2 661;
2 663;
2 675;
2 676;
2 677;
2 678;
2 702;
2 703;
2 707;
2 708;
2 711;
2 712;
2 713;
2 718;
2 720;
2 736;
2 741;
2 743;
2 744;
2 746;
2 747;
2 749;
2 750;
2 752;
2 762;
2 764;
2 765;
2 767;
2 777;
2 779;
2 780;
2 782;
2 785;
2 787;
2 788;
2 790;
2 791;
2 792;
2 794;
2 796;
2 797;
2 799;
2 800;
2 802;
2 803;
2 805;
2 806;
2 808;
2 812;
2 814;
2 816;
2 828;
2 830;
2 837;
2 91;
2 93;
2 94;
2 96;
2 97;
2 99;
3 350;
3 391;
3 427;
3 452;
3 477;
3 502;
3 559;
3 600;
3 664;
3 705;
5 11;
5 113;
5 118;
5 123;
5 127;
5 132;
5 135;
5 138;
5 140;
5 143;
5 148;
5 150;
5 154;
5 156;
5 158;
5 161;
5 172;
5 177;
5 180;
5 183;
5 187;
5 194;
5 196;
5 200;
5 207;
5 21;
5 210;
5 213;
5 216;
5 220;
5 223;
5 226;
5 240;
5 243;
5 250;
5 259;
5 26;
5 266;
5 269;
5 280;
5 284;
5 291;
5 299;
5 306;
5 308;
5 311;
5 32;
5 35;
5 38;
5 41;
5 413;
5 44;
5 446;
5 46;
5 495;
5 522;
5 619;
5 622;
5 626;
5 63;
5 69;
5 7;
5 74;
5 743;
5 746;
5 749;
5 752;
5 757;
5 764;
5 767;
5 772;
5 779;
5 782;
5 787;
5 790;
5 796;
5 799;
5 802;
5 805;
5 807;
5 811;
5 813;
5 816;
5 819;
5 82;
5 823;
5 90;
5 93;
5 96;
8 144;
8 167;
8 22;
8 255;
8 261;
8 28;
8 287;
8 293;
8 296;
8 70;
8 753;
8 759;
8 76;
8 768;
8 774;
8 84;
8 97;
9 111;
9 115;
9 124;
9 133;
9 136;
9 141;
9 144;
9 159;
9 162;
9 167;
9 175;
9 178;
9 185;
9 197;
9 22;
9 221;
9 224;
9 241;
9 255;
9 261;
9 264;
9 267;
9 28;
9 287;
9 293;
9 296;
9 309;
9 33;
9 36;
9 380;
9 39;
9 42;
9 47;
9 589;
9 60;
9 694;
9 70;
9 741;
9 744;
9 747;
9 750;
9 753;
9 759;
9 76;
9 762;
9 765;
9 768;
9 774;
9 777;
9 780;
9 785;
9 788;
9 794;
9 797;
9 800;
9 803;
9 808;
9 814;
9 84;
9 91;
9 94;
9 97;
10 111;
10 115;
10 122;
10 124;
10 131;
10 133;
10 136;
10 139;
10 141;
10 144;
10 149;
10 155;
10 157;
10 159;
10 168;
10 175;
10 178;
10 182;
10 185;
10 193;
10 195;
10 197;
10 20;
10 209;
10 22;
10 221;
10 224;
10 239;
10 241;
10 249;
10 255;
10 261;
10 264;
10 267;
10 279;
10 28;
10 287;
10 293;
10 296;
10 307;
10 309;
10 31;
10 33;
10 36;
10 39;
10 42;
10 45;
10 60;
10 70;
10 741;
10 744;
10 747;
10 750;
10 753;
10 759;
10 76;
10 762;
10 765;
10 768;
10 774;
10 777;
10 780;
10 785;
10 788;
10 794;
10 797;
10 800;
10 803;
10 806;
10 808;
10 812;
10 814;
10 84;
10 91;
10 94;
10 98;
11 104;
11 111;
11 115;
11 12;
11 122;
11 124;
11 131;
11 133;
11 136;
11 139;
11 141;
11 144;
11 149;
11 155;
11 157;
11 159;
11 167;
11 170;
11 175;
11 178;
11 182;
11 185;
11 193;
11 195;
11 197;
11 20;
11 209;
11 211;
11 214;
11 22;
11 221;
11 224;
11 239;
11 241;
11 249;
11 255;
11 262;
11 264;
11 267;
11 279;
11 287;
11 29;
11 294;
11 296;
11 304;
11 307;
11 309;
11 31;
11 314;
11 33;
11 36;
11 380;
11 39;
11 406;
11 414;
11 42;
11 444;
11 45;
11 494;
11 5;
11 523;
11 589;
11 60;
11 617;
11 620;
11 628;
11 694;
11 70;
11 726;
11 741;
11 744;
11 747;
11 750;
11 753;
11 760;
11 762;
11 765;
11 768;
11 77;
11 775;
11 777;
11 780;
11 785;
11 788;
11 794;
11 797;
11 800;
11 803;
11 806;
11 808;
11 812;
11 814;
11 817;
11 824;
11 85;
11 91;
11 94;
11 97;
12 115;
12 124;
12 144;
12 151;
12 197;
12 204;
12 22;
12 255;
12 281;
12 287;
12 410;
12 519;
12 60;
12 70;
12 753;
12 768;
12 8;
12 808;
12 820;
15 11;
15 118;
15 123;
15 127;
15 132;
15 140;
15 150;
15 154;
15 156;
15 158;
15 169;
15 183;
15 194;
15 196;
15 200;
15 207;
15 21;
15 210;
15 240;
15 250;
15 280;
15 284;
15 299;
15 308;
15 32;
15 413;
15 46;
15 495;
15 522;
15 63;
15 69;
15 807;
15 811;
15 813;
15 823;
15 99;
17 163;
17 164;
17 165;
17 189;
17 191;
17 228;
17 231;
17 232;
17 235;
17 236;
17 245;
17 247;
17 252;
17 253;
17 271;
17 273;
17 276;
17 277;
17 301;
17 302;
17 335;
17 361;
17 363;
17 388;
17 394;
17 397;
17 404;
17 424;
17 430;
17 433;
17 440;
17 442;
17 449;
17 455;
17 458;
17 465;
17 467;
17 470;
17 474;
17 48;
17 480;
17 483;
17 49;
17 490;
17 492;
17 499;
17 50;
17 505;
17 508;
17 515;
17 517;
17 544;
17 570;
17 572;
17 597;
17 603;
17 606;
17 613;
17 615;
17 649;
17 675;
17 677;
17 702;
17 708;
17 711;
17 718;
17 720;
17 792;
18 116;
18 118;
18 119;
18 120;
18 125;
18 127;
18 128;
18 129;
18 146;
18 147;
18 198;
18 200;
18 201;
18 202;
18 23;
18 24;
18 256;
18 257;
18 259;
18 26;
18 260;
18 261;
18 27;
18 28;
18 288;
18 289;
18 291;
18 292;
18 293;
18 334;
18 345;
18 351;
18 364;
18 392;
18 398;
18 428;
18 434;
18 453;
18 459;
18 478;
18 484;
18 503;
18 509;
18 543;
18 554;
18 560;
18 57;
18 573;
18 601;
18 607;
18 61;
18 63;
18 64;
18 648;
18 65;
18 659;
18 665;
18 67;
18 678;
18 68;
18 706;
18 71;
18 712;
18 72;
18 736;
18 74;
18 75;
18 754;
18 755;
18 757;
18 758;
18 759;
18 769;
18 770;
18 772;
18 773;
18 774;
18 79;
18 80;
18 809;
18 810;
18 82;
18 84;
18 88;
18 89;
25 101;
25 104;
25 11;
25 111;
25 118;
25 156;
25 158;
25 159;
25 161;
25 162;
25 164;
25 165;
25 167;
25 169;
25 171;
25 176;
25 178;
25 18;
25 182;
25 184;
25 185;
25 187;
25 188;
25 190;
25 191;
25 192;
25 193;
25 195;
25 197;
25 198;
25 200;
25 201;
25 203;
25 204;
25 206;
25 207;
25 208;
25 209;
25 211;
25 212;
25 213;
25 215;
25 217;
25 222;
25 228;
25 233;
25 235;
25 237;
25 239;
25 240;
25 241;
25 242;
25 249;
25 250;
25 254;
25 257;
25 259;
25 265;
25 266;
25 268;
25 272;
25 274;
25 275;
25 277;
25 278;
25 279;
25 281;
25 284;
25 286;
25 288;
25 290;
25 293;
25 296;
25 298;
25 301;
25 303;
25 304;
25 308;
25 310;
25 312;
25 320;
25 321;
25 325;
25 326;
25 329;
25 330;
25 331;
25 336;
25 338;
25 341;
25 342;
25 346;
25 347;
25 350;
25 351;
25 352;
25 357;
25 359;
25 362;
25 363;
25 367;
25 368;
25 371;
25 372;
25 373;
25 378;
25 38;
25 380;
25 383;
25 384;
25 388;
25 389;
25 392;
25 393;
25 394;
25 399;
25 40;
25 401;
25 407;
25 42;
25 420;
25 422;
25 425;
25 43;
25 44;
25 45;
25 46;
25 475;
25 477;
25 48;
25 482;
25 483;
25 486;
25 487;
25 49;
25 491;
25 492;
25 495;
25 496;
25 497;
25 50;
25 502;
25 509;
25 510;
25 514;
25 515;
25 518;
25 519;
25 52;
25 520;
25 525;
25 527;
25 534;
25 535;
25 539;
25 54;
25 540;
25 543;
25 544;
25 545;
25 55;
25 550;
25 552;
25 555;
25 556;
25 56;
25 560;
25 561;
25 564;
25 565;
25 566;
25 57;
25 571;
25 573;
25 576;
25 577;
25 58;
25 581;
25 582;
25 585;
25 586;
25 587;
25 592;
25 594;
25 597;
25 598;
25 60;
25 602;
25 603;
25 606;
25 607;
25 608;
25 613;
25 615;
25 628;
25 630;
25 634;
25 635;
25 639;
25 640;
25 643;
25 644;
25 645;
25 650;
25 652;
25 655;
25 656;
25 660;
25 661;
25 664;
25 665;
25 666;
25 671;
25 673;
25 676;
25 677;
25 681;
25 682;
25 685;
25 686;
25 687;
25 692;
25 694;
25 697;
25 698;
25 702;
25 703;
25 706;
25 707;
25 708;
25 71;
25 713;
25 715;
25 721;
25 73;
25 737;
25 74;
25 741;
25 743;
25 744;
25 746;
25 747;
25 749;
25 750;
25 752;
25 76;
25 760;
25 762;
25 764;
25 765;
25 767;
25 777;
25 779;
25 78;
25 785;
25 787;
25 789;
25 791;
25 793;
25 794;
25 795;
25 796;
25 798;
25 800;
25 801;
25 803;
25 804;
25 806;
25 807;
25 809;
25 810;
25 812;
25 813;
25 815;
25 817;
25 818;
25 82;
25 820;
25 829;
25 831;
25 84;
25 86;
25 87;
25 91;
25 92;
25 93;
25 94;
25 96;
25 97;
25 99;
26 323;
26 344;
26 365;
26 386;
26 489;
26 512;
26 537;
26 558;
26 579;
26 600;
26 637;
26 658;
26 679;
26 700;
28 105;
28 108;
28 112;
28 126;
28 134;
28 143;
28 151;
28 158;
28 161;
28 164;
28 167;
28 171;
28 184;
28 187;
28 190;
28 197;
28 200;
28 203;
28 206;
28 221;
28 225;
28 231;
28 238;
28 247;
28 25;
28 255;
28 259;
28 263;
28 271;
28 274;
28 276;
28 286;
28 289;
28 294;
28 298;
28 303;
28 307;
28 309;
28 312;
28 316;
28 33;
28 39;
28 404;
28 411;
28 414;
28 418;
28 42;
28 429;
28 432;
28 436;
28 440;
28 444;
28 450;
28 454;
28 459;
28 465;
28 469;
28 51;
28 530;
28 6;
28 619;
28 623;
28 63;
28 67;
28 69;
28 718;
28 743;
28 746;
28 749;
28 75;
28 752;
28 756;
28 761;
28 764;
28 767;
28 77;
28 772;
28 779;
28 783;
28 791;
28 8;
28 800;
28 803;
28 806;
28 809;
28 81;
28 812;
28 814;
28 817;
28 824;
28 83;
28 86;
28 90;
31 122;
31 128;
31 136;
31 139;
31 145;
31 153;
31 21;
31 215;
31 27;
31 35;
31 451;
31 48;
31 52;
31 71;
31 768;
31 774;
31 785;
31 818;
32 122;
32 128;
32 136;
32 139;
32 145;
32 153;
32 156;
32 159;
32 162;
32 165;
32 169;
32 182;
32 185;
32 188;
32 195;
32 198;
32 201;
32 204;
32 21;
32 215;
32 222;
32 228;
32 239;
32 257;
32 268;
32 27;
32 272;
32 284;
32 287;
32 296;
32 301;
32 304;
32 310;
32 35;
32 40;
32 462;
32 465;
32 469;
32 48;
32 52;
32 60;
32 71;
32 741;
32 744;
32 747;
32 750;
32 753;
32 762;
32 765;
32 768;
32 774;
32 777;
32 78;
32 785;
32 789;
32 798;
32 801;
32 804;
32 807;
32 810;
32 815;
32 818;
32 84;
32 87;
33 104;
33 111;
33 122;
33 128;
33 136;
33 139;
33 145;
33 153;
33 156;
33 159;
33 162;
33 165;
33 169;
33 182;
33 185;
33 188;
33 195;
33 198;
33 201;
33 204;
33 21;
33 216;
33 222;
33 228;
33 237;
33 254;
33 257;
33 268;
33 27;
33 272;
33 275;
33 284;
33 287;
33 293;
33 296;
33 301;
33 304;
33 308;
33 310;
33 35;
33 38;
33 40;
33 463;
33 467;
33 48;
33 53;
33 60;
33 72;
33 74;
33 741;
33 744;
33 747;
33 750;
33 753;
33 76;
33 760;
33 762;
33 765;
33 768;
33 774;
33 777;
33 78;
33 786;
33 789;
33 798;
33 801;
33 804;
33 807;
33 810;
33 813;
33 815;
33 819;
33 82;
33 84;
33 87;
34 101;
34 104;
34 106;
34 111;
34 122;
34 129;
34 137;
34 139;
34 146;
34 154;
34 156;
34 159;
34 162;
34 165;
34 169;
34 172;
34 182;
34 185;
34 188;
34 195;
34 198;
34 201;
34 204;
34 21;
34 215;
34 222;
34 228;
34 237;
34 254;
34 257;
34 268;
34 272;
34 275;
34 28;
34 284;
34 287;
34 293;
34 296;
34 301;
34 304;
34 308;
34 310;
34 36;
34 38;
34 40;
34 403;
34 409;
34 412;
34 427;
34 430;
34 471;
34 48;
34 5;
34 504;
34 52;
34 529;
34 60;
34 617;
34 624;
34 68;
34 71;
34 717;
34 727;
34 74;
34 741;
34 744;
34 747;
34 750;
34 753;
34 76;
34 760;
34 762;
34 765;
34 768;
34 775;
34 777;
34 78;
34 785;
34 789;
34 798;
34 801;
34 804;
34 807;
34 810;
34 813;
34 815;
34 818;
34 82;
34 825;
34 84;
34 87;
35 122;
35 139;
35 21;
35 218;
35 222;
35 228;
35 244;
35 260;
35 268;
35 304;
35 313;
35 437;
35 441;
35 60;
35 620;
35 64;
35 753;
35 768;
35 78;
35 780;
35 821;
35 87;
38 105;
38 112;
38 217;
38 221;
38 225;
38 231;
38 238;
38 247;
38 255;
38 263;
38 271;
38 276;
38 294;
38 307;
38 309;
38 316;
38 39;
38 404;
38 440;
38 444;
38 450;
38 454;
38 459;
38 464;
38 468;
38 51;
38 530;
38 54;
38 6;
38 623;
38 63;
38 67;
38 69;
38 718;
38 73;
38 75;
38 756;
38 761;
38 77;
38 783;
38 787;
38 8;
38 81;
38 814;
38 820;
38 824;
38 83;
38 90;
40 11;
40 192;
40 193;
40 208;
40 209;
40 212;
40 213;
40 233;
40 235;
40 240;
40 241;
40 242;
40 249;
40 250;
40 266;
40 278;
40 279;
40 281;
40 320;
40 326;
40 329;
40 336;
40 338;
40 341;
40 347;
40 350;
40 357;
40 359;
40 362;
40 368;
40 371;
40 378;
40 380;
40 383;
40 389;
40 392;
40 399;
40 401;
40 407;
40 420;
40 422;
40 425;
40 44;
40 45;
40 46;
40 482;
40 486;
40 492;
40 495;
40 502;
40 509;
40 515;
40 518;
40 525;
40 527;
40 534;
40 540;
40 543;
40 550;
40 552;
40 555;
40 56;
40 561;
40 564;
40 57;
40 571;
40 573;
40 576;
40 58;
40 582;
40 585;
40 592;
40 594;
40 597;
40 603;
40 606;
40 613;
40 615;
40 634;
40 640;
40 643;
40 650;
40 652;
40 655;
40 661;
40 664;
40 671;
40 673;
40 676;
40 682;
40 685;
40 692;
40 694;
40 697;
40 703;
40 706;
40 713;
40 715;
40 721;
40 793;
40 794;
40 795;
40 796;
40 92;
40 93;
40 94;
40 97;
40 98;
40 99;
41 101;
41 118;
41 123;
41 124;
41 126;
41 127;
41 131;
41 132;
41 134;
41 136;
41 140;
41 141;
41 143;
41 144;
41 145;
41 148;
41 149;
41 151;
41 152;
41 153;
41 18;
41 22;
41 223;
41 224;
41 229;
41 23;
41 230;
41 25;
41 26;
41 269;
41 270;
41 30;
41 305;
41 306;
41 31;
41 324;
41 33;
41 330;
41 345;
41 35;
41 351;
41 366;
41 372;
41 387;
41 393;
41 490;
41 496;
41 513;
41 519;
41 538;
41 544;
41 559;
41 565;
41 580;
41 586;
41 601;
41 607;
41 61;
41 62;
41 638;
41 644;
41 659;
41 665;
41 680;
41 686;
41 701;
41 707;
41 737;
41 754;
41 756;
41 757;
41 758;
41 769;
41 770;
41 772;
41 773;
41 774;
41 79;
41 80;
41 88;
41 89;
48 108;
48 113;
48 118;
48 122;
48 126;
48 130;
48 131;
48 132;
48 134;
48 136;
48 140;
48 144;
48 150;
48 186;
48 188;
48 193;
48 195;
48 199;
48 200;
48 201;
48 217;
48 222;
48 224;
48 226;
48 227;
48 231;
48 233;
48 234;
48 236;
48 241;
48 246;
48 248;
48 249;
48 253;
48 255;
48 257;
48 258;
48 260;
48 262;
48 263;
48 265;
48 275;
48 276;
48 280;
48 282;
48 303;
48 304;
48 308;
48 309;
48 31;
48 315;
48 317;
48 320;
48 321;
48 325;
48 326;
48 329;
48 33;
48 330;
48 331;
48 336;
48 338;
48 34;
48 341;
48 342;
48 346;
48 347;
48 350;
48 351;
48 352;
48 357;
48 359;
48 362;
48 363;
48 367;
48 368;
48 371;
48 372;
48 373;
48 378;
48 380;
48 383;
48 384;
48 388;
48 389;
48 392;
48 393;
48 394;
48 399;
48 401;
48 433;
48 434;
48 438;
48 439;
48 442;
48 443;
48 444;
48 449;
48 45;
48 456;
48 457;
48 461;
48 462;
48 465;
48 466;
48 467;
48 47;
48 472;
48 479;
48 480;
48 484;
48 485;
48 488;
48 489;
48 49;
48 490;
48 495;
48 502;
48 503;
48 507;
48 508;
48 511;
48 512;
48 513;
48 518;
48 520;
48 523;
48 527;
48 528;
48 532;
48 533;
48 536;
48 537;
48 538;
48 543;
48 545;
48 55;
48 552;
48 553;
48 557;
48 558;
48 561;
48 562;
48 563;
48 568;
48 57;
48 570;
48 573;
48 574;
48 578;
48 579;
48 58;
48 582;
48 583;
48 584;
48 589;
48 591;
48 594;
48 595;
48 599;
48 60;
48 600;
48 603;
48 604;
48 605;
48 610;
48 612;
48 625;
48 627;
48 630;
48 631;
48 635;
48 636;
48 639;
48 640;
48 641;
48 646;
48 648;
48 651;
48 652;
48 656;
48 657;
48 660;
48 661;
48 662;
48 667;
48 676;
48 677;
48 681;
48 682;
48 685;
48 686;
48 687;
48 692;
48 694;
48 697;
48 698;
48 70;
48 702;
48 703;
48 706;
48 707;
48 708;
48 713;
48 72;
48 73;
48 735;
48 737;
48 739;
48 741;
48 742;
48 744;
48 745;
48 747;
48 749;
48 75;
48 750;
48 751;
48 752;
48 753;
48 754;
48 756;
48 758;
48 759;
48 761;
48 762;
48 764;
48 765;
48 767;
48 768;
48 770;
48 771;
48 772;
48 773;
48 774;
48 776;
48 778;
48 783;
48 785;
48 787;
48 792;
48 794;
48 795;
48 797;
48 798;
48 800;
48 802;
48 803;
48 804;
48 805;
48 807;
48 809;
48 810;
48 812;
48 814;
48 818;
48 819;
48 83;
48 85;
49 323;
49 344;
49 365;
49 386;
49 436;
49 459;
49 482;
49 505;
49 530;
49 555;
49 576;
49 597;
49 633;
49 654;
49 679;
49 700;
51 106;
51 11;
51 111;
51 116;
51 121;
51 125;
51 129;
51 135;
51 139;
51 143;
51 147;
51 153;
51 158;
51 166;
51 174;
51 18;
51 182;
51 192;
51 198;
51 223;
51 226;
51 230;
51 233;
51 236;
51 241;
51 248;
51 252;
51 254;
51 257;
51 259;
51 26;
51 263;
51 266;
51 270;
51 281;
51 288;
51 296;
51 33;
51 35;
51 40;
51 405;
51 409;
51 413;
51 418;
51 424;
51 428;
51 53;
51 548;
51 57;
51 59;
51 616;
51 620;
51 63;
51 65;
51 67;
51 7;
51 72;
51 721;
51 725;
51 729;
51 741;
51 744;
51 746;
51 749;
51 75;
51 758;
51 761;
51 764;
51 767;
51 770;
51 778;
51 780;
51 79;
51 791;
51 794;
51 797;
51 800;
51 809;
51 812;
51 817;
51 823;
51 826;
51 830;
51 85;
51 90;
51 98;
54 100;
54 107;
54 112;
54 117;
54 14;
54 162;
54 168;
54 176;
54 186;
54 193;
54 20;
54 237;
54 243;
54 260;
54 28;
54 284;
54 290;
54 298;
54 36;
54 410;
54 42;
54 45;
54 785;
54 813;
54 86;
54 92;
55 100;
55 107;
55 112;
55 117;
55 122;
55 126;
55 136;
55 14;
55 140;
55 144;
55 150;
55 155;
55 162;
55 168;
55 176;
55 179;
55 186;
55 193;
55 20;
55 224;
55 227;
55 231;
55 234;
55 237;
55 243;
55 246;
55 249;
55 255;
55 260;
55 263;
55 267;
55 279;
55 28;
55 284;
55 290;
55 298;
55 31;
55 36;
55 42;
55 421;
55 424;
55 428;
55 45;
55 55;
55 60;
55 70;
55 722;
55 725;
55 729;
55 73;
55 739;
55 742;
55 747;
55 756;
55 759;
55 76;
55 762;
55 765;
55 768;
55 776;
55 785;
55 792;
55 795;
55 798;
55 807;
55 810;
55 813;
55 83;
55 86;
55 92;
56 100;
56 107;
56 112;
56 117;
56 122;
56 126;
56 134;
56 136;
56 14;
56 140;
56 144;
56 150;
56 155;
56 162;
56 168;
56 176;
56 179;
56 187;
56 194;
56 20;
56 222;
56 224;
56 227;
56 231;
56 234;
56 237;
56 243;
56 246;
56 249;
56 253;
56 255;
56 258;
56 261;
56 265;
56 267;
56 279;
56 28;
56 284;
56 290;
56 298;
56 31;
56 34;
56 36;
56 42;
56 422;
56 426;
56 46;
56 55;
56 58;
56 60;
56 70;
56 723;
56 727;
56 73;
56 739;
56 742;
56 745;
56 747;
56 756;
56 759;
56 76;
56 762;
56 765;
56 768;
56 776;
56 786;
56 792;
56 795;
56 798;
56 807;
56 810;
56 813;
56 83;
56 86;
56 92;
57 101;
57 107;
57 112;
57 117;
57 122;
57 126;
57 134;
57 136;
57 14;
57 140;
57 144;
57 150;
57 155;
57 162;
57 169;
57 177;
57 179;
57 186;
57 193;
57 196;
57 207;
57 21;
57 222;
57 224;
57 227;
57 231;
57 234;
57 237;
57 244;
57 246;
57 249;
57 253;
57 255;
57 258;
57 260;
57 265;
57 267;
57 279;
57 284;
57 29;
57 291;
57 299;
57 31;
57 311;
57 34;
57 36;
57 403;
57 43;
57 45;
57 451;
57 474;
57 497;
57 5;
57 51;
57 547;
57 55;
57 58;
57 60;
57 614;
57 621;
57 64;
57 669;
57 70;
57 715;
57 719;
57 73;
57 731;
57 739;
57 742;
57 745;
57 747;
57 756;
57 759;
57 76;
57 762;
57 765;
57 768;
57 776;
57 779;
57 785;
57 792;
57 795;
57 798;
57 807;
57 810;
57 813;
57 821;
57 824;
57 83;
57 86;
57 93;
58 107;
58 112;
58 117;
58 122;
58 126;
58 136;
58 14;
58 140;
58 144;
58 150;
58 155;
58 162;
58 179;
58 189;
58 227;
58 237;
58 249;
58 267;
58 284;
58 36;
58 406;
58 60;
58 617;
58 76;
58 788;
58 813;
58 86;
61 125;
61 129;
61 135;
61 139;
61 143;
61 147;
61 153;
61 158;
61 182;
61 188;
61 192;
61 195;
61 223;
61 230;
61 252;
61 254;
61 259;
61 262;
61 266;
61 270;
61 35;
61 409;
61 413;
61 418;
61 423;
61 427;
61 47;
61 548;
61 59;
61 620;
61 63;
61 65;
61 67;
61 724;
61 728;
61 746;
61 780;
61 787;
61 79;
61 791;
63 131;
63 132;
63 200;
63 201;
63 275;
63 276;
63 303;
63 304;
63 309;
63 320;
63 326;
63 329;
63 336;
63 338;
63 341;
63 347;
63 350;
63 357;
63 359;
63 362;
63 368;
63 371;
63 378;
63 380;
63 383;
63 389;
63 392;
63 399;
63 401;
63 433;
63 439;
63 442;
63 449;
63 456;
63 462;
63 465;
63 472;
63 479;
63 485;
63 488;
63 49;
63 495;
63 502;
63 508;
63 511;
63 518;
63 520;
63 523;
63 527;
63 533;
63 536;
63 543;
63 545;
63 552;
63 558;
63 561;
63 568;
63 570;
63 573;
63 579;
63 582;
63 589;
63 591;
63 594;
63 600;
63 603;
63 610;
63 612;
63 630;
63 636;
63 639;
63 646;
63 648;
63 651;
63 657;
63 660;
63 667;
63 676;
63 682;
63 685;
63 692;
63 694;
63 697;
63 703;
63 706;
63 713;
63 751;
63 752;
63 753;
63 754;
63 772;
63 773;
63 774;
63 783;
63 802;
63 803;
63 804;
63 805;
63 819;
64 100;
64 104;
64 105;
64 109;
64 110;
64 114;
64 115;
64 119;
64 120;
64 123;
64 124;
64 127;
64 128;
64 137;
64 138;
64 141;
64 142;
64 145;
64 146;
64 15;
64 151;
64 152;
64 156;
64 158;
64 159;
64 16;
64 160;
64 163;
64 164;
64 166;
64 167;
64 168;
64 171;
64 172;
64 174;
64 175;
64 176;
64 18;
64 180;
64 182;
64 183;
64 184;
64 19;
64 20;
64 217;
64 228;
64 229;
64 23;
64 238;
64 239;
64 24;
64 241;
64 243;
64 250;
64 251;
64 26;
64 268;
64 27;
64 270;
64 271;
64 272;
64 28;
64 285;
64 286;
64 288;
64 289;
64 290;
64 293;
64 294;
64 296;
64 297;
64 298;
64 324;
64 330;
64 345;
64 351;
64 366;
64 37;
64 372;
64 38;
64 387;
64 393;
64 40;
64 41;
64 42;
64 437;
64 443;
64 460;
64 466;
64 483;
64 489;
64 506;
64 512;
64 531;
64 537;
64 556;
64 562;
64 577;
64 583;
64 598;
64 604;
64 61;
64 62;
64 634;
64 640;
64 655;
64 661;
64 680;
64 686;
64 701;
64 707;
64 77;
64 79;
64 80;
64 81;
64 815;
64 816;
64 87;
64 88;
64 90;
64 91;
64 95;
64 96;
64 98;
71 10;
71 100;
71 103;
71 107;
71 109;
71 113;
71 117;
71 121;
71 123;
71 124;
71 126;
71 131;
71 133;
71 134;
71 135;
71 14;
71 146;
71 150;
71 156;
71 158;
71 161;
71 163;
71 17;
71 179;
71 181;
71 183;
71 184;
71 20;
71 21;
71 228;
71 23;
71 245;
71 247;
71 25;
71 251;
71 252;
71 254;
71 258;
71 26;
71 261;
71 263;
71 282;
71 284;
71 285;
71 287;
71 292;
71 293;
71 296;
71 30;
71 300;
71 304;
71 306;
71 308;
71 310;
71 314;
71 317;
71 318;
71 32;
71 322;
71 323;
71 326;
71 327;
71 328;
71 33;
71 333;
71 335;
71 338;
71 339;
71 34;
71 343;
71 344;
71 347;
71 348;
71 349;
71 35;
71 354;
71 356;
71 359;
71 360;
71 364;
71 365;
71 368;
71 369;
71 37;
71 370;
71 375;
71 377;
71 379;
71 381;
71 382;
71 384;
71 385;
71 39;
71 40;
71 415;
71 417;
71 42;
71 420;
71 422;
71 426;
71 436;
71 438;
71 44;
71 443;
71 444;
71 45;
71 456;
71 458;
71 466;
71 47;
71 482;
71 489;
71 490;
71 493;
71 494;
71 497;
71 498;
71 501;
71 502;
71 505;
71 506;
71 509;
71 510;
71 514;
71 515;
71 518;
71 519;
71 520;
71 525;
71 534;
71 535;
71 539;
71 540;
71 543;
71 544;
71 545;
71 55;
71 550;
71 552;
71 555;
71 556;
71 560;
71 561;
71 564;
71 565;
71 566;
71 57;
71 571;
71 573;
71 576;
71 577;
71 581;
71 582;
71 585;
71 586;
71 587;
71 59;
71 592;
71 61;
71 624;
71 626;
71 634;
71 635;
71 639;
71 640;
71 643;
71 644;
71 645;
71 650;
71 652;
71 655;
71 656;
71 66;
71 660;
71 661;
71 664;
71 665;
71 666;
71 671;
71 673;
71 676;
71 677;
71 68;
71 681;
71 682;
71 685;
71 686;
71 687;
71 692;
71 694;
71 707;
71 71;
71 714;
71 733;
71 735;
71 736;
71 737;
71 738;
71 739;
71 740;
71 742;
71 744;
71 745;
71 747;
71 748;
71 749;
71 75;
71 753;
71 755;
71 757;
71 758;
71 759;
71 760;
71 762;
71 764;
71 765;
71 767;
71 768;
71 769;
71 772;
71 774;
71 779;
71 781;
71 785;
71 787;
71 79;
71 791;
71 793;
71 794;
71 796;
71 798;
71 80;
71 800;
71 801;
71 803;
71 804;
71 806;
71 807;
71 809;
71 81;
71 817;
71 819;
71 820;
71 822;
71 827;
71 829;
71 84;
71 89;
71 93;
71 95;
71 96;
72 320;
72 341;
72 362;
72 512;
72 537;
72 558;
72 579;
72 637;
72 658;
72 679;
74 101;
74 106;
74 109;
74 112;
74 116;
74 120;
74 126;
74 128;
74 142;
74 149;
74 15;
74 153;
74 162;
74 164;
74 168;
74 175;
74 180;
74 185;
74 190;
74 198;
74 207;
74 215;
74 223;
74 231;
74 235;
74 239;
74 255;
74 259;
74 263;
74 267;
74 273;
74 281;
74 284;
74 286;
74 288;
74 29;
74 297;
74 303;
74 306;
74 31;
74 315;
74 381;
74 384;
74 386;
74 39;
74 390;
74 394;
74 399;
74 405;
74 409;
74 41;
74 427;
74 431;
74 44;
74 448;
74 452;
74 461;
74 463;
74 487;
74 49;
74 51;
74 56;
74 603;
74 608;
74 614;
74 618;
74 629;
74 64;
74 699;
74 705;
74 708;
74 719;
74 722;
74 726;
74 730;
74 735;
74 74;
74 744;
74 747;
74 755;
74 764;
74 767;
74 774;
74 78;
74 787;
74 790;
74 796;
74 800;
74 803;
74 806;
74 809;
74 813;
74 819;
74 822;
74 87;
74 92;
74 95;
74 97;
77 102;
77 121;
77 156;
77 181;
77 186;
77 192;
77 200;
77 203;
77 209;
77 217;
77 225;
77 23;
77 269;
77 275;
77 391;
77 45;
77 57;
77 60;
77 600;
77 66;
77 70;
77 791;
77 83;
77 88;
78 102;
78 107;
78 113;
78 117;
78 121;
78 124;
78 139;
78 146;
78 150;
78 156;
78 165;
78 172;
78 181;
78 186;
78 192;
78 200;
78 203;
78 209;
78 217;
78 225;
78 228;
78 23;
78 232;
78 235;
78 239;
78 26;
78 261;
78 269;
78 275;
78 282;
78 300;
78 304;
78 37;
78 379;
78 382;
78 402;
78 405;
78 409;
78 42;
78 45;
78 57;
78 60;
78 611;
78 614;
78 618;
78 66;
78 70;
78 733;
78 742;
78 745;
78 75;
78 753;
78 762;
78 765;
78 772;
78 785;
78 791;
78 794;
78 798;
78 801;
78 804;
78 807;
78 810;
78 817;
78 820;
78 83;
78 88;
78 93;
79 100;
79 102;
79 107;
79 113;
79 117;
79 122;
79 124;
79 139;
79 14;
79 146;
79 150;
79 157;
79 161;
79 163;
79 165;
79 172;
79 179;
79 182;
79 184;
79 186;
79 192;
79 200;
79 203;
79 209;
79 217;
79 225;
79 228;
79 233;
79 237;
79 24;
79 254;
79 258;
79 26;
79 261;
79 269;
79 275;
79 282;
79 285;
79 287;
79 296;
79 30;
79 300;
79 304;
79 314;
79 37;
79 379;
79 382;
79 385;
79 40;
79 403;
79 407;
79 42;
79 426;
79 46;
79 527;
79 55;
79 58;
79 594;
79 60;
79 612;
79 616;
79 67;
79 70;
79 707;
79 733;
79 742;
79 745;
79 75;
79 753;
79 762;
79 765;
79 772;
79 785;
79 792;
79 794;
79 798;
79 801;
79 804;
79 807;
79 810;
79 817;
79 820;
79 83;
79 88;
79 93;
79 96;
80 100;
80 102;
80 107;
80 110;
80 113;
80 117;
80 121;
80 124;
80 127;
80 139;
80 14;
80 146;
80 150;
80 156;
80 161;
80 163;
80 165;
80 172;
80 179;
80 181;
80 184;
80 186;
80 193;
80 201;
80 203;
80 210;
80 218;
80 226;
80 228;
80 23;
80 241;
80 254;
80 258;
80 26;
80 261;
80 269;
80 276;
80 282;
80 285;
80 287;
80 296;
80 30;
80 300;
80 304;
80 314;
80 37;
80 379;
80 382;
80 385;
80 40;
80 411;
80 42;
80 426;
80 432;
80 446;
80 45;
80 460;
80 472;
80 48;
80 485;
80 55;
80 57;
80 60;
80 620;
80 628;
80 66;
80 70;
80 707;
80 717;
80 720;
80 733;
80 742;
80 745;
80 75;
80 753;
80 762;
80 765;
80 772;
80 775;
80 785;
80 788;
80 791;
80 794;
80 798;
80 801;
80 804;
80 807;
80 810;
80 817;
80 820;
80 823;
80 83;
80 88;
80 93;
80 96;
81 102;
81 113;
81 117;
81 139;
81 146;
81 150;
81 165;
81 172;
81 186;
81 203;
81 228;
81 26;
81 264;
81 269;
81 300;
81 387;
81 428;
81 60;
81 696;
81 70;
81 727;
81 75;
81 810;
81 83;
81 88;
84 101;
84 116;
84 120;
84 123;
84 128;
84 142;
84 149;
84 15;
84 153;
84 158;
84 162;
84 164;
84 168;
84 175;
84 180;
84 183;
84 185;
84 231;
84 234;
84 238;
84 25;
84 255;
84 259;
84 267;
84 286;
84 288;
84 29;
84 297;
84 303;
84 31;
84 315;
84 386;
84 390;
84 394;
84 399;
84 404;
84 408;
84 41;
84 427;
84 431;
84 461;
84 463;
84 47;
84 49;
84 51;
84 56;
84 59;
84 603;
84 608;
84 613;
84 617;
84 629;
84 68;
84 699;
84 705;
84 708;
84 730;
84 78;
84 793;
84 813;
84 97;
86 131;
86 134;
86 135;
86 17;
86 21;
86 251;
86 292;
86 293;
86 308;
86 310;
86 317;
86 323;
86 326;
86 33;
86 333;
86 335;
86 338;
86 34;
86 344;
86 347;
86 35;
86 354;
86 356;
86 359;
86 365;
86 368;
86 375;
86 377;
86 420;
86 422;
86 443;
86 456;
86 458;
86 466;
86 489;
86 493;
86 497;
86 501;
86 505;
86 509;
86 515;
86 518;
86 525;
86 534;
86 540;
86 543;
86 550;
86 552;
86 555;
86 561;
86 564;
86 571;
86 573;
86 576;
86 582;
86 585;
86 592;
86 634;
86 640;
86 643;
86 650;
86 652;
86 655;
86 661;
86 664;
86 671;
86 673;
86 676;
86 682;
86 685;
86 692;
86 694;
86 737;
86 738;
86 739;
86 740;
86 749;
86 757;
86 758;
86 759;
86 760;
86 769;
86 80;
86 81;
87 10;
87 104;
87 105;
87 114;
87 115;
87 118;
87 119;
87 140;
87 142;
87 143;
87 144;
87 147;
87 148;
87 151;
87 152;
87 166;
87 168;
87 169;
87 170;
87 173;
87 175;
87 176;
87 177;
87 187;
87 188;
87 190;
87 191;
87 192;
87 195;
87 196;
87 198;
87 199;
87 200;
87 204;
87 205;
87 207;
87 209;
87 212;
87 213;
87 215;
87 217;
87 221;
87 223;
87 225;
87 229;
87 230;
87 27;
87 270;
87 271;
87 273;
87 274;
87 275;
87 278;
87 279;
87 28;
87 280;
87 301;
87 302;
87 321;
87 327;
87 342;
87 348;
87 363;
87 369;
87 482;
87 513;
87 519;
87 538;
87 544;
87 559;
87 565;
87 580;
87 586;
87 62;
87 63;
87 638;
87 644;
87 659;
87 665;
87 680;
87 686;
87 714;
87 72;
87 73;
87 76;
87 77;
87 811;
87 813;
87 814;
87 815;
87 85;
87 86;
87 90;
87 91;
94 100;
94 101;
94 102;
94 104;
94 105;
94 106;
94 107;
94 113;
94 116;
94 118;
94 119;
94 120;
94 121;
94 122;
94 124;
94 126;
94 127;
94 128;
94 130;
94 131;
94 132;
94 133;
94 139;
94 141;
94 143;
94 156;
94 168;
94 170;
94 171;
94 172;
94 173;
94 174;
94 189;
94 191;
94 192;
94 194;
94 195;
94 197;
94 198;
94 200;
94 201;
94 204;
94 22;
94 246;
94 25;
94 262;
94 266;
94 267;
94 268;
94 270;
94 272;
94 274;
94 275;
94 277;
94 279;
94 281;
94 282;
94 283;
94 284;
94 287;
94 289;
94 29;
94 291;
94 292;
94 294;
94 296;
94 297;
94 298;
94 300;
94 302;
94 303;
94 305;
94 307;
94 31;
94 310;
94 320;
94 321;
94 325;
94 326;
94 329;
94 33;
94 330;
94 331;
94 336;
94 338;
94 341;
94 342;
94 346;
94 347;
94 350;
94 351;
94 352;
94 357;
94 359;
94 361;
94 362;
94 363;
94 365;
94 366;
94 367;
94 37;
94 373;
94 375;
94 376;
94 377;
94 378;
94 381;
94 384;
94 388;
94 389;
94 39;
94 390;
94 392;
94 394;
94 395;
94 396;
94 397;
94 399;
94 401;
94 403;
94 404;
94 405;
94 407;
94 409;
94 412;
94 414;
94 419;
94 425;
94 427;
94 428;
94 429;
94 43;
94 430;
94 432;
94 434;
94 436;
94 437;
94 439;
94 440;
94 441;
94 442;
94 445;
94 448;
94 45;
94 450;
94 457;
94 465;
94 466;
94 474;
94 476;
94 478;
94 479;
94 480;
94 485;
94 486;
94 488;
94 492;
94 494;
94 496;
94 497;
94 499;
94 501;
94 502;
94 504;
94 505;
94 506;
94 507;
94 510;
94 513;
94 515;
94 516;
94 517;
94 518;
94 525;
94 526;
94 530;
94 531;
94 534;
94 535;
94 536;
94 541;
94 543;
94 55;
94 550;
94 551;
94 555;
94 556;
94 559;
94 560;
94 561;
94 566;
94 568;
94 57;
94 571;
94 572;
94 576;
94 577;
94 580;
94 581;
94 582;
94 587;
94 589;
94 59;
94 592;
94 596;
94 597;
94 601;
94 602;
94 605;
94 606;
94 607;
94 61;
94 612;
94 614;
94 629;
94 631;
94 64;
94 642;
94 643;
94 647;
94 648;
94 65;
94 653;
94 654;
94 658;
94 659;
94 662;
94 663;
94 664;
94 669;
94 67;
94 671;
94 673;
94 674;
94 678;
94 680;
94 682;
94 684;
94 686;
94 688;
94 690;
94 691;
94 692;
94 698;
94 70;
94 700;
94 701;
94 703;
94 705;
94 707;
94 71;
94 711;
94 713;
94 715;
94 717;
94 718;
94 72;
94 720;
94 721;
94 722;
94 727;
94 74;
94 745;
94 748;
94 750;
94 752;
94 757;
94 76;
94 760;
94 762;
94 764;
94 765;
94 767;
94 769;
94 77;
94 785;
94 787;
94 788;
94 79;
94 790;
94 791;
94 793;
94 794;
94 796;
94 797;
94 799;
94 800;
94 802;
94 803;
94 81;
94 814;
94 815;
94 816;
94 819;
94 97;
94 99;
95 323;
95 344;
95 528;
95 553;
95 574;
95 599;
95 656;
97 11;
97 110;
97 117;
97 125;
97 129;
97 146;
97 15;
97 151;
97 159;
97 162;
97 166;
97 169;
97 180;
97 188;
97 19;
97 194;
97 197;
97 200;
97 202;
97 207;
97 212;
97 221;
97 229;
97 23;
97 237;
97 243;
97 271;
97 273;
97 28;
97 280;
97 288;
97 299;
97 305;
97 308;
97 31;
97 311;
97 314;
97 318;
97 36;
97 370;
97 38;
97 382;
97 385;
97 391;
97 394;
97 400;
97 402;
97 409;
97 414;
97 418;
97 42;
97 420;
97 423;
97 431;
97 433;
97 443;
97 453;
97 455;
97 458;
97 460;
97 471;
97 475;
97 491;
97 493;
97 496;
97 498;
97 50;
97 501;
97 503;
97 511;
97 514;
97 523;
97 547;
97 60;
97 619;
97 623;
97 634;
97 637;
97 639;
97 64;
97 67;
97 680;
97 683;
97 687;
97 690;
97 697;
97 7;
97 700;
97 702;
97 705;
97 710;
97 713;
97 717;
97 720;
97 726;
97 73;
97 730;
97 750;
97 755;
97 761;
97 764;
97 767;
97 772;
97 776;
97 778;
97 781;
97 783;
97 787;
97 79;
97 790;
97 793;
97 796;
97 799;
97 802;
97 804;
97 809;
97 823;
97 826;
97 830;
97 84;
97 87;
97 92;
97 98;
100 126;
100 147;
100 153;
100 176;
100 182;
100 189;
100 203;
100 208;
100 214;
100 217;
100 223;
100 231;
100 239;
100 24;
100 289;
100 292;
100 296;
100 300;
100 32;
100 388;
100 425;
100 428;
100 43;
100 434;
100 437;
100 440;
100 46;
100 52;
100 55;
100 70;
100 706;
100 74;
100 751;
100 768;
100 80;
100 805;
100 811;
100 88;
100 94;
101 12;
101 126;
101 143;
101 147;
101 15;
101 153;
101 156;
101 176;
101 182;
101 189;
101 19;
101 192;
101 195;
101 198;
101 203;
101 208;
101 214;
101 217;
101 223;
101 231;
101 239;
101 24;
101 289;
101 29;
101 292;
101 296;
101 300;
101 303;
101 32;
101 388;
101 39;
101 392;
101 407;
101 412;
101 425;
101 428;
101 43;
101 434;
101 437;
101 440;
101 46;
101 478;
101 488;
101 494;
101 499;
101 52;
101 55;
101 58;
101 616;
101 619;
101 623;
101 65;
101 678;
101 681;
101 688;
101 698;
101 70;
101 703;
101 706;
101 711;
101 715;
101 718;
101 727;
101 74;
101 748;
101 751;
101 762;
101 765;
101 768;
101 77;
101 785;
101 788;
101 791;
101 794;
101 797;
101 80;
101 800;
101 805;
101 811;
101 88;
101 94;
101 99;
102 116;
102 124;
102 126;
102 13;
102 143;
102 147;
102 153;
102 156;
102 168;
102 17;
102 176;
102 182;
102 190;
102 192;
102 195;
102 198;
102 201;
102 203;
102 208;
102 214;
102 217;
102 22;
102 223;
102 231;
102 239;
102 24;
102 270;
102 272;
102 279;
102 287;
102 29;
102 290;
102 293;
102 296;
102 301;
102 303;
102 307;
102 310;
102 32;
102 37;
102 381;
102 384;
102 388;
102 39;
102 392;
102 399;
102 401;
102 407;
102 412;
102 419;
102 426;
102 428;
102 432;
102 435;
102 438;
102 44;
102 440;
102 457;
102 46;
102 474;
102 488;
102 492;
102 494;
102 497;
102 499;
102 502;
102 510;
102 513;
102 52;
102 56;
102 58;
102 617;
102 621;
102 65;
102 678;
102 681;
102 686;
102 688;
102 698;
102 70;
102 701;
102 703;
102 706;
102 711;
102 715;
102 718;
102 727;
102 748;
102 75;
102 751;
102 760;
102 762;
102 765;
102 768;
102 77;
102 785;
102 788;
102 791;
102 794;
102 797;
102 80;
102 800;
102 803;
102 805;
102 811;
102 88;
102 94;
102 97;
103 109;
103 116;
103 124;
103 126;
103 135;
103 143;
103 147;
103 154;
103 156;
103 160;
103 168;
103 176;
103 183;
103 189;
103 192;
103 195;
103 198;
103 201;
103 203;
103 208;
103 215;
103 217;
103 22;
103 224;
103 232;
103 24;
103 240;
103 242;
103 252;
103 270;
103 272;
103 279;
103 287;
103 289;
103 29;
103 292;
103 296;
103 300;
103 303;
103 307;
103 310;
103 312;
103 32;
103 369;
103 37;
103 381;
103 384;
103 388;
103 39;
103 392;
103 399;
103 401;
103 407;
103 412;
103 419;
103 421;
103 425;
103 428;
103 43;
103 432;
103 434;
103 437;
103 440;
103 452;
103 457;
103 459;
103 46;
103 474;
103 477;
103 488;
103 492;
103 494;
103 497;
103 499;
103 5;
103 502;
103 510;
103 513;
103 53;
103 545;
103 55;
103 58;
103 625;
103 633;
103 636;
103 65;
103 678;
103 681;
103 686;
103 688;
103 698;
103 70;
103 701;
103 703;
103 706;
103 711;
103 715;
103 718;
103 724;
103 727;
103 735;
103 74;
103 748;
103 751;
103 760;
103 762;
103 765;
103 768;
103 77;
103 777;
103 780;
103 785;
103 788;
103 791;
103 794;
103 797;
103 80;
103 800;
103 803;
103 805;
103 812;
103 821;
103 824;
103 85;
103 88;
103 95;
103 97;
104 143;
104 147;
104 156;
104 163;
104 176;
104 203;
104 208;
104 217;
104 24;
104 315;
104 32;
104 39;
104 415;
104 46;
104 468;
104 488;
104 520;
104 694;
104 706;
104 727;
104 751;
104 768;
104 773;
104 8;
104 80;
104 805;
104 88;
107 11;
107 110;
107 117;
107 125;
107 129;
107 14;
107 146;
107 159;
107 166;
107 169;
107 18;
107 191;
107 202;
107 23;
107 243;
107 271;
107 273;
107 280;
107 288;
107 291;
107 294;
107 299;
107 302;
107 308;
107 311;
107 318;
107 370;
107 38;
107 382;
107 385;
107 391;
107 400;
107 402;
107 418;
107 42;
107 420;
107 427;
107 431;
107 433;
107 436;
107 439;
107 443;
107 45;
107 453;
107 455;
107 458;
107 460;
107 471;
107 475;
107 480;
107 491;
107 493;
107 498;
107 503;
107 511;
107 514;
107 523;
107 57;
107 618;
107 622;
107 634;
107 637;
107 639;
107 687;
107 697;
107 702;
107 73;
107 730;
107 76;
107 761;
107 776;
107 778;
107 781;
107 783;
107 804;
107 98;
109 100;
109 101;
109 102;
109 105;
109 106;
109 107;
109 113;
109 119;
109 120;
109 121;
109 122;
109 131;
109 132;
109 133;
109 171;
109 172;
109 173;
109 174;
109 246;
109 267;
109 268;
109 275;
109 277;
109 282;
109 283;
109 284;
109 320;
109 326;
109 329;
109 336;
109 338;
109 341;
109 347;
109 350;
109 357;
109 359;
109 362;
109 363;
109 366;
109 367;
109 373;
109 376;
109 377;
109 378;
109 396;
109 397;
109 404;
109 405;
109 445;
109 448;
109 450;
109 465;
109 485;
109 505;
109 506;
109 507;
109 516;
109 517;
109 518;
109 525;
109 531;
109 534;
109 541;
109 543;
109 550;
109 556;
109 559;
109 566;
109 568;
109 571;
109 577;
109 580;
109 587;
109 589;
109 592;
109 596;
109 602;
109 605;
109 612;
109 614;
109 643;
109 648;
109 653;
109 659;
109 662;
109 669;
109 671;
109 674;
109 692;
109 722;
109 757;
109 815;
109 816;
109 819;
110 144;
110 145;
110 148;
110 149;
110 151;
110 152;
110 153;
110 157;
110 158;
110 177;
110 178;
110 180;
110 182;
110 186;
110 187;
110 205;
110 206;
110 209;
110 210;
110 212;
110 213;
110 214;
110 218;
110 219;
110 221;
110 223;
110 226;
110 227;
110 229;
110 231;
110 235;
110 237;
110 239;
110 26;
110 262;
110 27;
110 324;
110 330;
110 34;
110 345;
110 35;
110 351;
110 40;
110 41;
110 47;
110 48;
110 489;
110 490;
110 50;
110 51;
110 52;
110 529;
110 535;
110 554;
110 560;
110 575;
110 581;
110 600;
110 606;
110 657;
110 663;
110 708;
110 709;
110 728;
110 729;
110 745;
110 753;
110 754;
110 770;
110 771;
110 806;
110 807;
110 809;
110 810;
110 811;
110 82;
110 83;
110 89;
110 90;
110 92;
110 93;
110 94;
117 101;
117 111;
117 113;
117 117;
117 119;
117 12;
117 122;
117 126;
117 130;
117 134;
117 136;
117 14;
117 140;
117 144;
117 146;
117 148;
117 152;
117 156;
117 169;
117 173;
117 174;
117 175;
117 176;
117 179;
117 181;
117 204;
117 206;
117 210;
117 214;
117 216;
117 218;
117 25;
117 267;
117 269;
117 270;
117 272;
117 276;
117 278;
117 281;
117 282;
117 283;
117 285;
117 287;
117 289;
117 290;
117 291;
117 292;
117 293;
117 295;
117 296;
117 297;
117 299;
117 30;
117 301;
117 302;
117 303;
117 304;
117 308;
117 310;
117 312;
117 320;
117 321;
117 325;
117 326;
117 329;
117 330;
117 331;
117 336;
117 338;
117 34;
117 341;
117 342;
117 346;
117 347;
117 350;
117 351;
117 352;
117 357;
117 359;
117 361;
117 363;
117 364;
117 365;
117 366;
117 368;
117 370;
117 372;
117 379;
117 38;
117 383;
117 384;
117 385;
117 387;
117 389;
117 390;
117 392;
117 394;
117 395;
117 396;
117 397;
117 399;
117 40;
117 401;
117 408;
117 41;
117 410;
117 412;
117 414;
117 419;
117 428;
117 429;
117 43;
117 430;
117 431;
117 434;
117 436;
117 438;
117 439;
117 44;
117 443;
117 445;
117 447;
117 448;
117 450;
117 458;
117 460;
117 465;
117 467;
117 47;
117 472;
117 474;
117 475;
117 477;
117 479;
117 480;
117 484;
117 490;
117 493;
117 495;
117 496;
117 497;
117 501;
117 503;
117 504;
117 505;
117 506;
117 508;
117 510;
117 512;
117 513;
117 515;
117 521;
117 523;
117 527;
117 528;
117 532;
117 533;
117 536;
117 537;
117 538;
117 543;
117 545;
117 550;
117 551;
117 555;
117 556;
117 559;
117 560;
117 561;
117 566;
117 568;
117 571;
117 572;
117 576;
117 577;
117 580;
117 581;
117 582;
117 587;
117 589;
117 594;
117 595;
117 599;
117 600;
117 603;
117 604;
117 605;
117 610;
117 612;
117 634;
117 636;
117 639;
117 64;
117 640;
117 641;
117 643;
117 645;
117 646;
117 648;
117 650;
117 655;
117 658;
117 660;
117 661;
117 663;
117 667;
117 669;
117 670;
117 671;
117 673;
117 675;
117 68;
117 680;
117 683;
117 685;
117 686;
117 688;
117 689;
117 690;
117 691;
117 693;
117 694;
117 699;
117 701;
117 702;
117 704;
117 706;
117 708;
117 711;
117 713;
117 715;
117 719;
117 721;
117 722;
117 724;
117 726;
117 728;
117 733;
117 735;
117 737;
117 739;
117 74;
117 740;
117 745;
117 753;
117 755;
117 759;
117 761;
117 763;
117 765;
117 766;
117 767;
117 768;
117 770;
117 772;
117 773;
117 777;
117 779;
117 785;
117 787;
117 788;
117 79;
117 790;
117 795;
117 80;
117 800;
117 802;
117 804;
117 805;
117 807;
117 808;
117 81;
117 810;
117 811;
117 813;
117 815;
117 816;
117 817;
117 818;
117 824;
117 826;
117 83;
117 84;
117 85;
117 86;
117 88;
117 90;
117 92;
117 93;
117 94;
117 95;
117 97;
117 99;
118 323;
118 344;
118 530;
118 553;
118 574;
118 597;
120 100;
120 102;
120 106;
120 118;
120 125;
120 129;
120 133;
120 135;
120 139;
120 143;
120 151;
120 155;
120 159;
120 165;
120 17;
120 172;
120 180;
120 187;
120 195;
120 20;
120 213;
120 215;
120 218;
120 22;
120 223;
120 231;
120 239;
120 247;
120 251;
120 257;
120 261;
120 265;
120 271;
120 275;
120 277;
120 279;
120 28;
120 286;
120 289;
120 298;
120 300;
120 309;
120 311;
120 315;
120 318;
120 362;
120 37;
120 370;
120 389;
120 391;
120 393;
120 401;
120 403;
120 405;
120 410;
120 414;
120 418;
120 420;
120 423;
120 427;
120 43;
120 435;
120 438;
120 442;
120 444;
120 45;
120 454;
120 471;
120 474;
120 476;
120 479;
120 481;
120 485;
120 489;
120 491;
120 50;
120 502;
120 509;
120 512;
120 515;
120 519;
120 52;
120 59;
120 616;
120 620;
120 624;
120 628;
120 645;
120 648;
120 653;
120 662;
120 666;
120 668;
120 67;
120 677;
120 681;
120 685;
120 688;
120 69;
120 698;
120 7;
120 701;
120 704;
120 708;
120 713;
120 718;
120 723;
120 725;
120 728;
120 74;
120 743;
120 748;
120 752;
120 755;
120 758;
120 761;
120 772;
120 776;
120 781;
120 783;
120 787;
120 790;
120 795;
120 801;
120 804;
120 807;
120 810;
120 813;
120 829;
120 90;
120 98;
123 121;
123 144;
123 147;
123 183;
123 189;
123 197;
123 209;
123 219;
123 225;
123 233;
123 24;
123 241;
123 267;
123 295;
123 33;
123 38;
123 445;
123 448;
123 46;
123 521;
123 55;
123 61;
123 649;
123 658;
123 673;
123 70;
123 714;
123 719;
123 737;
123 744;
123 76;
123 777;
123 791;
123 797;
124 116;
124 121;
124 126;
124 130;
124 136;
124 140;
124 144;
124 147;
124 152;
124 156;
124 162;
124 169;
124 178;
124 183;
124 189;
124 197;
124 209;
124 216;
124 219;
124 225;
124 233;
124 24;
124 241;
124 258;
124 261;
124 265;
124 267;
124 272;
124 287;
124 295;
124 312;
124 33;
124 368;
124 38;
124 387;
124 399;
124 408;
124 41;
124 412;
124 436;
124 439;
124 445;
124 448;
124 46;
124 472;
124 477;
124 495;
124 510;
124 513;
124 521;
124 55;
124 61;
124 621;
124 624;
124 628;
124 64;
124 643;
124 646;
124 649;
124 658;
124 663;
124 673;
124 683;
124 686;
124 699;
124 70;
124 702;
124 706;
124 711;
124 714;
124 719;
124 726;
124 737;
124 740;
124 744;
124 753;
124 759;
124 76;
124 765;
124 770;
124 773;
124 777;
124 785;
124 788;
124 791;
124 797;
124 802;
124 805;
124 808;
124 811;
124 88;
125 101;
125 116;
125 121;
125 126;
125 130;
125 134;
125 136;
125 140;
125 145;
125 147;
125 152;
125 156;
125 162;
125 169;
125 178;
125 183;
125 189;
125 197;
125 209;
125 214;
125 216;
125 219;
125 225;
125 233;
125 24;
125 241;
125 259;
125 263;
125 268;
125 270;
125 272;
125 276;
125 278;
125 285;
125 287;
125 295;
125 299;
125 308;
125 310;
125 312;
125 33;
125 361;
125 368;
125 387;
125 39;
125 390;
125 392;
125 399;
125 408;
125 41;
125 412;
125 419;
125 434;
125 436;
125 439;
125 44;
125 443;
125 446;
125 449;
125 46;
125 472;
125 475;
125 477;
125 480;
125 484;
125 490;
125 501;
125 508;
125 510;
125 513;
125 522;
125 55;
125 61;
125 622;
125 626;
125 64;
125 643;
125 646;
125 649;
125 659;
125 661;
125 663;
125 667;
125 674;
125 68;
125 680;
125 683;
125 686;
125 699;
125 70;
125 702;
125 706;
125 711;
125 714;
125 720;
125 722;
125 724;
125 726;
125 738;
125 740;
125 744;
125 753;
125 759;
125 76;
125 770;
125 773;
125 778;
125 785;
125 788;
125 791;
125 797;
125 800;
125 802;
125 805;
125 808;
125 811;
125 88;
125 97;
125 99;
126 101;
126 107;
126 116;
126 121;
126 126;
126 130;
126 134;
126 136;
126 140;
126 144;
126 147;
126 152;
126 156;
126 16;
126 162;
126 169;
126 178;
126 183;
126 19;
126 190;
126 198;
126 200;
126 209;
126 214;
126 216;
126 219;
126 226;
126 234;
126 24;
126 242;
126 267;
126 270;
126 272;
126 276;
126 278;
126 285;
126 287;
126 295;
126 299;
126 308;
126 310;
126 312;
126 316;
126 33;
126 361;
126 368;
126 38;
126 387;
126 390;
126 392;
126 399;
126 402;
126 408;
126 41;
126 412;
126 419;
126 421;
126 434;
126 436;
126 439;
126 44;
126 443;
126 445;
126 448;
126 46;
126 469;
126 472;
126 475;
126 477;
126 480;
126 484;
126 490;
126 494;
126 5;
126 501;
126 508;
126 51;
126 510;
126 513;
126 521;
126 55;
126 614;
126 62;
126 630;
126 64;
126 643;
126 646;
126 649;
126 658;
126 661;
126 663;
126 667;
126 673;
126 676;
126 68;
126 680;
126 683;
126 686;
126 696;
126 699;
126 70;
126 702;
126 706;
126 711;
126 714;
126 719;
126 722;
126 724;
126 726;
126 729;
126 737;
126 740;
126 744;
126 753;
126 756;
126 759;
126 77;
126 770;
126 773;
126 777;
126 780;
126 785;
126 788;
126 791;
126 798;
126 8;
126 800;
126 802;
126 805;
126 808;
126 811;
126 820;
126 828;
126 88;
126 97;
126 99;
127 103;
127 121;
127 126;
127 130;
127 136;
127 140;
127 147;
127 152;
127 156;
127 162;
127 169;
127 183;
127 209;
127 219;
127 24;
127 248;
127 272;
127 312;
127 33;
127 415;
127 439;
127 451;
127 46;
127 486;
127 516;
127 55;
127 617;
127 64;
127 649;
127 663;
127 70;
127 714;
127 740;
127 744;
127 749;
127 773;
127 791;
130 100;
130 102;
130 106;
130 129;
130 133;
130 135;
130 139;
130 143;
130 146;
130 155;
130 159;
130 165;
130 17;
130 172;
130 20;
130 215;
130 22;
130 251;
130 257;
130 260;
130 264;
130 269;
130 271;
130 275;
130 277;
130 279;
130 286;
130 298;
130 300;
130 309;
130 311;
130 315;
130 362;
130 391;
130 393;
130 40;
130 403;
130 405;
130 418;
130 420;
130 435;
130 442;
130 444;
130 447;
130 45;
130 450;
130 454;
130 476;
130 481;
130 485;
130 489;
130 491;
130 497;
130 502;
130 509;
130 519;
130 52;
130 523;
130 620;
130 623;
130 627;
130 660;
130 662;
130 666;
130 668;
130 67;
130 675;
130 677;
130 681;
130 69;
130 721;
130 723;
130 725;
130 739;
130 743;
130 752;
130 776;
130 779;
130 781;
130 783;
130 801;
130 829;
130 98;
132 174;
132 175;
132 176;
132 282;
132 283;
132 291;
132 292;
132 293;
132 30;
132 302;
132 303;
132 304;
132 320;
132 326;
132 329;
132 336;
132 338;
132 341;
132 347;
132 350;
132 357;
132 359;
132 364;
132 365;
132 366;
132 372;
132 384;
132 385;
132 395;
132 396;
132 397;
132 429;
132 430;
132 431;
132 458;
132 460;
132 465;
132 467;
132 504;
132 505;
132 506;
132 527;
132 533;
132 536;
132 543;
132 545;
132 550;
132 556;
132 559;
132 566;
132 568;
132 571;
132 577;
132 580;
132 587;
132 589;
132 594;
132 600;
132 603;
132 610;
132 612;
132 640;
132 641;
132 655;
132 670;
132 671;
132 690;
132 691;
132 694;
132 763;
132 766;
132 767;
132 768;
132 80;
132 81;
132 815;
132 816;
132 817;
132 818;
132 84;
132 85;
132 86;
132 92;
132 93;
132 94;
132 95;
133 123;
133 124;
133 127;
133 128;
133 131;
133 132;
133 137;
133 138;
133 141;
133 142;
133 149;
133 150;
133 153;
133 154;
133 157;
133 158;
133 163;
133 165;
133 166;
133 167;
133 170;
133 171;
133 184;
133 185;
133 187;
133 188;
133 189;
133 192;
133 193;
133 195;
133 196;
133 197;
133 211;
133 212;
133 221;
133 223;
133 225;
133 229;
133 231;
133 233;
133 236;
133 237;
133 239;
133 241;
133 245;
133 246;
133 26;
133 27;
133 273;
133 274;
133 313;
133 314;
133 324;
133 330;
133 345;
133 35;
133 351;
133 36;
133 379;
133 440;
133 441;
133 48;
133 49;
133 531;
133 537;
133 554;
133 56;
133 560;
133 57;
133 575;
133 581;
133 59;
133 598;
133 60;
133 604;
133 61;
133 65;
133 651;
133 652;
133 66;
133 664;
133 665;
133 71;
133 716;
133 717;
133 72;
133 74;
133 741;
133 742;
133 746;
133 747;
133 76;
133 774;
133 775;
133 792;
133 793;
133 795;
133 797;
140 114;
140 118;
140 119;
140 120;
140 121;
140 122;
140 124;
140 126;
140 128;
140 130;
140 132;
140 136;
140 138;
140 140;
140 142;
140 143;
140 144;
140 145;
140 146;
140 151;
140 153;
140 154;
140 158;
140 159;
140 160;
140 161;
140 164;
140 172;
140 173;
140 174;
140 175;
140 177;
140 181;
140 182;
140 183;
140 185;
140 189;
140 191;
140 192;
140 196;
140 197;
140 198;
140 200;
140 208;
140 210;
140 212;
140 215;
140 217;
140 218;
140 220;
140 222;
140 223;
140 224;
140 225;
140 227;
140 228;
140 229;
140 231;
140 232;
140 233;
140 234;
140 239;
140 24;
140 242;
140 245;
140 246;
140 247;
140 249;
140 25;
140 250;
140 251;
140 252;
140 254;
140 256;
140 257;
140 258;
140 259;
140 262;
140 264;
140 267;
140 270;
140 272;
140 274;
140 278;
140 279;
140 280;
140 281;
140 283;
140 284;
140 285;
140 287;
140 289;
140 29;
140 290;
140 292;
140 294;
140 297;
140 298;
140 299;
140 301;
140 303;
140 305;
140 307;
140 31;
140 310;
140 314;
140 316;
140 32;
140 320;
140 321;
140 325;
140 326;
140 329;
140 330;
140 331;
140 336;
140 338;
140 34;
140 341;
140 342;
140 346;
140 347;
140 350;
140 351;
140 352;
140 357;
140 359;
140 364;
140 365;
140 366;
140 368;
140 369;
140 370;
140 371;
140 377;
140 379;
140 38;
140 381;
140 382;
140 384;
140 385;
140 387;
140 389;
140 390;
140 391;
140 393;
140 395;
140 396;
140 397;
140 398;
140 401;
140 402;
140 403;
140 405;
140 407;
140 412;
140 414;
140 416;
140 429;
140 431;
140 432;
140 434;
140 436;
140 439;
140 440;
140 441;
140 443;
140 446;
140 447;
140 448;
140 449;
140 451;
140 453;
140 454;
140 455;
140 456;
140 459;
140 461;
140 463;
140 464;
140 466;
140 468;
140 477;
140 479;
140 481;
140 483;
140 485;
140 486;
140 487;
140 49;
140 491;
140 493;
140 496;
140 498;
140 500;
140 501;
140 503;
140 504;
140 506;
140 507;
140 508;
140 51;
140 510;
140 511;
140 512;
140 513;
140 515;
140 516;
140 517;
140 519;
140 52;
140 521;
140 523;
140 524;
140 528;
140 529;
140 53;
140 532;
140 533;
140 534;
140 539;
140 54;
140 541;
140 548;
140 549;
140 55;
140 553;
140 554;
140 557;
140 558;
140 559;
140 564;
140 566;
140 57;
140 573;
140 574;
140 578;
140 579;
140 58;
140 582;
140 583;
140 584;
140 589;
140 59;
140 591;
140 596;
140 597;
140 60;
140 601;
140 602;
140 605;
140 606;
140 607;
140 61;
140 612;
140 63;
140 633;
140 635;
140 638;
140 640;
140 642;
140 65;
140 650;
140 652;
140 653;
140 655;
140 656;
140 658;
140 66;
140 660;
140 662;
140 663;
140 665;
140 667;
140 675;
140 677;
140 680;
140 681;
140 682;
140 684;
140 686;
140 687;
140 689;
140 694;
140 695;
140 696;
140 698;
140 700;
140 701;
140 703;
140 704;
140 706;
140 707;
140 709;
140 710;
140 711;
140 712;
140 714;
140 716;
140 718;
140 720;
140 722;
140 724;
140 733;
140 735;
140 738;
140 739;
140 740;
140 742;
140 744;
140 746;
140 748;
140 749;
140 75;
140 753;
140 755;
140 756;
140 757;
140 758;
140 759;
140 76;
140 761;
140 763;
140 764;
140 768;
140 769;
140 77;
140 770;
140 771;
140 773;
140 775;
140 777;
140 78;
140 782;
140 784;
140 786;
140 787;
140 789;
140 790;
140 792;
140 793;
140 795;
140 796;
140 800;
140 802;
140 807;
140 809;
140 81;
140 810;
140 812;
140 813;
140 815;
140 827;
140 829;
141 323;
141 344;
141 526;
141 551;
141 576;
141 599;
143 105;
143 109;
143 117;
143 126;
143 132;
143 134;
143 138;
143 14;
143 141;
143 150;
143 153;
143 155;
143 165;
143 169;
143 18;
143 180;
143 184;
143 188;
143 191;
143 193;
143 203;
143 213;
143 217;
143 219;
143 22;
143 221;
143 238;
143 240;
143 248;
143 264;
143 268;
143 271;
143 275;
143 286;
143 289;
143 292;
143 295;
143 300;
143 302;
143 304;
143 31;
143 311;
143 316;
143 33;
143 363;
143 37;
143 374;
143 381;
143 386;
143 388;
143 39;
143 392;
143 394;
143 407;
143 411;
143 420;
143 423;
143 427;
143 431;
143 433;
143 436;
143 44;
143 444;
143 452;
143 460;
143 463;
143 465;
143 472;
143 482;
143 497;
143 50;
143 505;
143 518;
143 521;
143 546;
143 570;
143 623;
143 627;
143 64;
143 640;
143 645;
143 649;
143 652;
143 655;
143 658;
143 662;
143 665;
143 670;
143 674;
143 677;
143 686;
143 689;
143 693;
143 70;
143 700;
143 703;
143 706;
143 709;
143 715;
143 718;
143 721;
143 724;
143 728;
143 74;
143 743;
143 745;
143 748;
143 752;
143 767;
143 781;
143 783;
143 786;
143 789;
143 792;
143 795;
143 799;
143 8;
143 802;
143 804;
143 809;
143 812;
143 815;
143 819;
143 84;
143 89;
143 97;
146 113;
146 181;
146 245;
146 254;
146 283;
146 297;
146 305;
146 382;
146 389;
146 40;
146 412;
146 46;
146 466;
146 491;
146 498;
146 501;
146 515;
146 641;
146 666;
146 753;
146 761;
146 773;
146 80;
146 85;
146 91;
146 99;
147 106;
147 113;
147 124;
147 130;
147 136;
147 15;
147 151;
147 177;
147 18;
147 181;
147 185;
147 189;
147 200;
147 215;
147 22;
147 222;
147 231;
147 245;
147 254;
147 262;
147 269;
147 283;
147 287;
147 29;
147 290;
147 297;
147 305;
147 314;
147 34;
147 379;
147 382;
147 389;
147 40;
147 405;
147 412;
147 429;
147 434;
147 46;
147 461;
147 466;
147 485;
147 491;
147 498;
147 501;
147 510;
147 515;
147 519;
147 620;
147 623;
147 627;
147 638;
147 641;
147 650;
147 653;
147 656;
147 660;
147 663;
147 666;
147 675;
147 684;
147 687;
147 698;
147 701;
147 704;
147 707;
147 716;
147 722;
147 746;
147 749;
147 75;
147 753;
147 756;
147 761;
147 764;
147 768;
147 773;
147 784;
147 787;
147 790;
147 793;
147 796;
147 80;
147 800;
147 807;
147 810;
147 813;
147 816;
147 85;
147 91;
147 99;
148 106;
148 113;
148 124;
148 130;
148 136;
148 140;
148 151;
148 154;
148 16;
148 164;
148 177;
148 181;
148 185;
148 189;
148 192;
148 20;
148 200;
148 212;
148 215;
148 218;
148 220;
148 239;
148 245;
148 255;
148 262;
148 267;
148 269;
148 274;
148 283;
148 287;
148 29;
148 290;
148 294;
148 297;
148 301;
148 303;
148 306;
148 310;
148 314;
148 32;
148 34;
148 379;
148 38;
148 383;
148 385;
148 387;
148 389;
148 393;
148 40;
148 405;
148 413;
148 429;
148 432;
148 434;
148 443;
148 451;
148 459;
148 46;
148 461;
148 464;
148 467;
148 481;
148 49;
148 492;
148 496;
148 499;
148 502;
148 504;
148 515;
148 519;
148 614;
148 621;
148 625;
148 63;
148 638;
148 641;
148 650;
148 653;
148 656;
148 660;
148 663;
148 666;
148 675;
148 684;
148 687;
148 698;
148 701;
148 704;
148 707;
148 714;
148 716;
148 720;
148 722;
148 742;
148 744;
148 746;
148 749;
148 754;
148 762;
148 764;
148 774;
148 782;
148 784;
148 787;
148 790;
148 793;
148 796;
148 80;
148 800;
148 807;
148 810;
148 813;
148 816;
148 85;
148 91;
148 99;
149 100;
149 106;
149 113;
149 124;
149 130;
149 133;
149 136;
149 140;
149 148;
149 151;
149 154;
149 164;
149 177;
149 181;
149 185;
149 189;
149 192;
149 200;
149 204;
149 212;
149 215;
149 218;
149 220;
149 236;
149 239;
149 245;
149 254;
149 262;
149 267;
149 269;
149 274;
149 283;
149 287;
149 29;
149 290;
149 294;
149 297;
149 301;
149 303;
149 305;
149 310;
149 314;
149 32;
149 34;
149 361;
149 373;
149 379;
149 38;
149 382;
149 385;
149 387;
149 389;
149 393;
149 40;
149 405;
149 412;
149 418;
149 421;
149 429;
149 432;
149 434;
149 443;
149 451;
149 459;
149 461;
149 464;
149 466;
149 47;
149 473;
149 481;
149 484;
149 49;
149 491;
149 496;
149 498;
149 501;
149 504;
149 515;
149 519;
149 568;
149 629;
149 63;
149 638;
149 641;
149 650;
149 653;
149 656;
149 660;
149 663;
149 666;
149 675;
149 68;
149 684;
149 687;
149 698;
149 701;
149 704;
149 707;
149 714;
149 716;
149 720;
149 722;
149 729;
149 742;
149 744;
149 746;
149 749;
149 753;
149 761;
149 764;
149 773;
149 779;
149 782;
149 784;
149 787;
149 790;
149 793;
149 796;
149 80;
149 800;
149 803;
149 807;
149 810;
149 813;
149 816;
149 823;
149 85;
149 92;
150 106;
150 113;
150 166;
150 177;
150 185;
150 200;
150 34;
150 40;
150 408;
150 469;
150 5;
150 543;
150 641;
150 646;
150 666;
150 671;
150 690;
150 71;
150 725;
150 749;
150 764;
150 796;
150 80;
150 816;
150 85;
153 109;
153 134;
153 14;
153 141;
153 155;
153 165;
153 169;
153 17;
153 180;
153 184;
153 188;
153 193;
153 203;
153 21;
153 213;
153 219;
153 221;
153 235;
153 240;
153 248;
153 256;
153 268;
153 275;
153 286;
153 295;
153 300;
153 302;
153 304;
153 307;
153 311;
153 33;
153 37;
153 374;
153 384;
153 386;
153 388;
153 39;
153 392;
153 394;
153 411;
153 414;
153 433;
153 444;
153 452;
153 460;
153 465;
153 468;
153 472;
153 482;
153 487;
153 493;
153 497;
153 50;
153 500;
153 503;
153 505;
153 518;
153 546;
153 622;
153 626;
153 64;
153 649;
153 674;
153 693;
153 715;
153 721;
153 728;
153 74;
153 743;
153 745;
153 752;
153 755;
153 763;
153 767;
153 775;
153 783;
153 799;
153 8;
153 804;
153 819;
155 119;
155 120;
155 121;
155 122;
155 128;
155 143;
155 144;
155 145;
155 146;
155 159;
155 160;
155 161;
155 172;
155 173;
155 174;
155 175;
155 197;
155 198;
155 223;
155 224;
155 225;
155 228;
155 229;
155 242;
155 25;
155 250;
155 251;
155 252;
155 258;
155 259;
155 279;
155 280;
155 281;
155 320;
155 326;
155 329;
155 336;
155 338;
155 341;
155 347;
155 350;
155 357;
155 359;
155 365;
155 366;
155 369;
155 370;
155 371;
155 377;
155 396;
155 397;
155 398;
155 402;
155 403;
155 416;
155 440;
155 441;
155 446;
155 447;
155 448;
155 449;
155 454;
155 455;
155 456;
155 507;
155 508;
155 511;
155 512;
155 513;
155 52;
155 523;
155 529;
155 53;
155 532;
155 539;
155 54;
155 541;
155 548;
155 55;
155 554;
155 557;
155 564;
155 566;
155 573;
155 579;
155 58;
155 582;
155 589;
155 59;
155 591;
155 596;
155 60;
155 602;
155 605;
155 61;
155 612;
155 66;
155 681;
155 682;
155 695;
155 696;
155 711;
155 712;
155 739;
155 740;
155 757;
155 758;
155 759;
155 76;
155 769;
155 77;
155 770;
155 771;
155 777;
155 78;
156 103;
156 104;
156 107;
156 109;
156 110;
156 111;
156 115;
156 116;
156 178;
156 179;
156 186;
156 187;
156 201;
156 202;
156 324;
156 330;
156 345;
156 35;
156 351;
156 36;
156 41;
156 42;
156 44;
156 45;
156 46;
156 527;
156 533;
156 552;
156 558;
156 577;
156 583;
156 600;
156 606;
156 643;
156 644;
156 668;
156 669;
156 750;
156 751;
156 765;
156 766;
156 797;
156 798;
156 817;
156 819;
156 82;
156 820;
156 821;
156 83;
156 86;
156 87;
156 89;
156 90;
156 94;
156 95;
156 97;
156 99;
163 100;
163 102;
163 107;
163 109;
163 111;
163 115;
163 117;
163 118;
163 121;
163 125;
163 129;
163 131;
163 132;
163 133;
163 134;
163 136;
163 138;
163 139;
163 140;
163 141;
163 143;
163 144;
163 145;
163 146;
163 148;
163 149;
163 150;
163 151;
163 153;
163 161;
163 164;
163 169;
163 172;
163 173;
163 174;
163 176;
163 177;
163 178;
163 180;
163 183;
163 199;
163 201;
163 209;
163 212;
163 218;
163 219;
163 220;
163 221;
163 223;
163 224;
163 225;
163 226;
163 228;
163 229;
163 230;
163 231;
163 232;
163 235;
163 236;
163 237;
163 238;
163 24;
163 240;
163 241;
163 242;
163 244;
163 246;
163 247;
163 248;
163 250;
163 252;
163 253;
163 255;
163 257;
163 262;
163 263;
163 264;
163 266;
163 268;
163 269;
163 271;
163 272;
163 273;
163 274;
163 279;
163 280;
163 281;
163 283;
163 285;
163 287;
163 29;
163 292;
163 295;
163 296;
163 297;
163 298;
163 30;
163 300;
163 301;
163 302;
163 303;
163 305;
163 306;
163 307;
163 311;
163 313;
163 314;
163 315;
163 316;
163 318;
163 320;
163 324;
163 327;
163 330;
163 332;
163 336;
163 338;
163 34;
163 341;
163 342;
163 346;
163 347;
163 350;
163 351;
163 352;
163 357;
163 359;
163 36;
163 361;
163 368;
163 369;
163 37;
163 370;
163 371;
163 374;
163 376;
163 377;
163 379;
163 380;
163 381;
163 382;
163 386;
163 387;
163 388;
163 389;
163 39;
163 391;
163 392;
163 393;
163 394;
163 396;
163 398;
163 399;
163 40;
163 400;
163 402;
163 404;
163 412;
163 413;
163 414;
163 417;
163 419;
163 42;
163 422;
163 425;
163 431;
163 433;
163 435;
163 436;
163 437;
163 438;
163 44;
163 441;
163 443;
163 444;
163 445;
163 446;
163 448;
163 450;
163 455;
163 456;
163 457;
163 458;
163 460;
163 462;
163 464;
163 467;
163 469;
163 475;
163 477;
163 479;
163 480;
163 481;
163 485;
163 487;
163 489;
163 49;
163 491;
163 497;
163 498;
163 499;
163 501;
163 503;
163 505;
163 506;
163 511;
163 515;
163 517;
163 518;
163 519;
163 520;
163 524;
163 525;
163 529;
163 53;
163 530;
163 533;
163 534;
163 535;
163 540;
163 542;
163 549;
163 55;
163 550;
163 554;
163 555;
163 558;
163 559;
163 560;
163 565;
163 567;
163 593;
163 595;
163 60;
163 606;
163 61;
163 62;
163 622;
163 63;
163 637;
163 645;
163 647;
163 648;
163 65;
163 650;
163 651;
163 653;
163 655;
163 663;
163 665;
163 666;
163 668;
163 669;
163 67;
163 671;
163 673;
163 676;
163 678;
163 679;
163 68;
163 680;
163 681;
163 687;
163 689;
163 697;
163 699;
163 70;
163 700;
163 701;
163 703;
163 705;
163 706;
163 708;
163 709;
163 711;
163 712;
163 715;
163 719;
163 72;
163 721;
163 722;
163 723;
163 724;
163 726;
163 73;
163 733;
163 739;
163 741;
163 742;
163 744;
163 745;
163 749;
163 75;
163 750;
163 751;
163 752;
163 754;
163 756;
163 759;
163 76;
163 762;
163 764;
163 766;
163 767;
163 769;
163 770;
163 772;
163 774;
163 775;
163 777;
163 778;
163 780;
163 781;
163 782;
163 783;
163 784;
163 785;
163 787;
163 789;
163 79;
163 790;
163 792;
163 793;
163 797;
163 799;
163 813;
163 815;
163 816;
163 818;
163 820;
163 83;
163 94;
163 96;
163 97;
164 344;
164 527;
164 552;
166 114;
166 119;
166 124;
166 128;
166 137;
166 14;
166 154;
166 158;
166 162;
166 168;
166 170;
166 18;
166 184;
166 190;
166 198;
166 204;
166 208;
166 210;
166 213;
166 217;
166 22;
166 243;
166 245;
166 249;
166 25;
166 254;
166 261;
166 268;
166 270;
166 278;
166 28;
166 284;
166 286;
166 290;
166 313;
166 320;
166 323;
166 325;
166 328;
166 335;
166 338;
166 362;
166 366;
166 376;
166 383;
166 39;
166 397;
166 401;
166 407;
166 41;
166 411;
166 420;
166 423;
166 426;
166 44;
166 443;
166 449;
166 453;
166 461;
166 464;
166 469;
166 473;
166 476;
166 48;
166 486;
166 494;
166 502;
166 505;
166 507;
166 514;
166 516;
166 52;
166 54;
166 547;
166 572;
166 577;
166 58;
166 583;
166 587;
166 598;
166 601;
166 603;
166 627;
166 630;
166 634;
166 640;
166 644;
166 647;
166 650;
166 653;
166 658;
166 661;
166 665;
166 668;
166 67;
166 670;
166 673;
166 678;
166 686;
166 689;
166 69;
166 692;
166 696;
166 698;
166 705;
166 708;
166 711;
166 713;
166 718;
166 721;
166 727;
166 738;
166 744;
166 748;
166 75;
166 760;
166 763;
166 77;
166 771;
166 774;
166 777;
166 780;
166 789;
166 791;
166 799;
166 8;
166 803;
166 809;
166 815;
166 818;
166 82;
166 824;
166 827;
166 831;
166 86;
166 90;
166 96;
166 98;
169 100;
169 115;
169 120;
169 129;
169 186;
169 192;
169 199;
169 240;
169 246;
169 250;
169 255;
169 330;
169 34;
169 377;
169 380;
169 398;
169 402;
169 487;
169 490;
169 510;
169 569;
169 636;
169 654;
169 70;
169 714;
169 739;
169 754;
169 764;
169 767;
169 78;
170 100;
170 111;
170 115;
170 120;
170 125;
170 129;
170 138;
170 148;
170 15;
170 18;
170 186;
170 192;
170 199;
170 218;
170 22;
170 223;
170 240;
170 246;
170 250;
170 255;
170 266;
170 287;
170 311;
170 318;
170 330;
170 336;
170 34;
170 37;
170 374;
170 377;
170 380;
170 398;
170 402;
170 42;
170 441;
170 450;
170 462;
170 467;
170 477;
170 487;
170 49;
170 490;
170 503;
170 510;
170 517;
170 55;
170 580;
170 583;
170 587;
170 636;
170 645;
170 648;
170 65;
170 651;
170 654;
170 663;
170 666;
170 671;
170 676;
170 687;
170 70;
170 703;
170 706;
170 709;
170 714;
170 719;
170 73;
170 739;
170 742;
170 745;
170 749;
170 754;
170 764;
170 767;
170 772;
170 775;
170 778;
170 78;
170 787;
170 797;
170 806;
170 813;
170 816;
170 83;
170 87;
170 94;
171 101;
171 111;
171 116;
171 118;
171 120;
171 125;
171 130;
171 136;
171 153;
171 16;
171 161;
171 169;
171 183;
171 186;
171 192;
171 20;
171 200;
171 209;
171 212;
171 24;
171 240;
171 244;
171 246;
171 251;
171 253;
171 256;
171 266;
171 269;
171 283;
171 285;
171 287;
171 311;
171 318;
171 324;
171 327;
171 331;
171 336;
171 35;
171 361;
171 37;
171 374;
171 378;
171 380;
171 396;
171 398;
171 40;
171 403;
171 419;
171 42;
171 422;
171 425;
171 441;
171 448;
171 450;
171 460;
171 462;
171 467;
171 475;
171 485;
171 488;
171 49;
171 490;
171 501;
171 503;
171 506;
171 510;
171 515;
171 53;
171 55;
171 581;
171 585;
171 636;
171 645;
171 648;
171 65;
171 651;
171 654;
171 663;
171 666;
171 669;
171 671;
171 676;
171 68;
171 687;
171 697;
171 703;
171 706;
171 709;
171 71;
171 712;
171 714;
171 719;
171 726;
171 73;
171 740;
171 742;
171 745;
171 755;
171 759;
171 76;
171 762;
171 765;
171 768;
171 770;
171 772;
171 775;
171 778;
171 78;
171 787;
171 790;
171 797;
171 806;
171 813;
171 816;
171 83;
171 87;
171 94;
171 97;
172 100;
172 103;
172 111;
172 115;
172 118;
172 120;
172 125;
172 129;
172 136;
172 153;
172 161;
172 166;
172 169;
172 183;
172 186;
172 193;
172 199;
172 202;
172 209;
172 212;
172 24;
172 240;
172 244;
172 246;
172 250;
172 253;
172 255;
172 26;
172 266;
172 269;
172 276;
172 283;
172 285;
172 287;
172 311;
172 318;
172 321;
172 324;
172 327;
172 330;
172 333;
172 336;
172 34;
172 361;
172 37;
172 374;
172 377;
172 380;
172 396;
172 398;
172 40;
172 402;
172 405;
172 419;
172 42;
172 422;
172 425;
172 427;
172 441;
172 448;
172 450;
172 460;
172 462;
172 467;
172 475;
172 479;
172 485;
172 487;
172 49;
172 490;
172 501;
172 503;
172 506;
172 510;
172 515;
172 53;
172 55;
172 589;
172 597;
172 600;
172 612;
172 625;
172 628;
172 636;
172 645;
172 648;
172 65;
172 651;
172 654;
172 659;
172 663;
172 666;
172 669;
172 671;
172 676;
172 68;
172 687;
172 690;
172 697;
172 70;
172 703;
172 706;
172 709;
172 712;
172 714;
172 719;
172 726;
172 73;
172 736;
172 739;
172 742;
172 745;
172 754;
172 759;
172 76;
172 762;
172 764;
172 767;
172 770;
172 772;
172 775;
172 778;
172 78;
172 787;
172 790;
172 797;
172 806;
172 813;
172 816;
172 822;
172 825;
172 83;
172 87;
172 94;
172 97;
173 111;
173 120;
173 125;
173 155;
173 186;
173 205;
173 214;
173 258;
173 287;
173 363;
173 408;
173 45;
173 450;
173 470;
173 49;
173 490;
173 5;
173 510;
173 544;
173 55;
173 636;
173 641;
173 654;
173 683;
173 714;
173 745;
173 78;
173 800;
173 806;
173 83;
173 87;
176 102;
176 114;
176 117;
176 119;
176 128;
176 131;
176 137;
176 14;
176 154;
176 158;
176 162;
176 17;
176 170;
176 184;
176 201;
176 208;
176 21;
176 210;
176 213;
176 217;
176 243;
176 245;
176 249;
176 25;
176 252;
176 254;
176 257;
176 261;
176 270;
176 284;
176 286;
176 290;
176 325;
176 328;
176 332;
176 36;
176 362;
176 366;
176 379;
176 383;
176 397;
176 401;
176 404;
176 41;
176 411;
176 420;
176 423;
176 426;
176 449;
176 453;
176 461;
176 473;
176 476;
176 48;
176 486;
176 489;
176 502;
176 507;
176 516;
176 52;
176 54;
176 547;
176 572;
176 577;
176 58;
176 582;
176 586;
176 598;
176 601;
176 603;
176 644;
176 670;
176 686;
176 69;
176 698;
176 713;
176 72;
176 727;
176 741;
176 748;
176 756;
176 760;
176 763;
176 766;
176 769;
176 77;
176 771;
176 791;
176 8;
176 803;
176 809;
176 86;
176 90;
176 98;
178 133;
178 134;
178 139;
178 140;
178 141;
178 144;
178 145;
178 146;
178 149;
178 150;
178 151;
178 164;
178 173;
178 174;
178 219;
178 220;
178 221;
178 224;
178 225;
178 226;
178 229;
178 230;
178 231;
178 232;
178 236;
178 237;
178 238;
178 263;
178 264;
178 272;
178 273;
178 274;
178 280;
178 281;
178 292;
178 296;
178 297;
178 298;
178 30;
178 301;
178 302;
178 303;
178 306;
178 307;
178 315;
178 316;
178 341;
178 347;
178 350;
178 357;
178 359;
178 369;
178 370;
178 371;
178 387;
178 388;
178 389;
178 392;
178 393;
178 394;
178 413;
178 414;
178 417;
178 436;
178 437;
178 438;
178 445;
178 446;
178 455;
178 456;
178 457;
178 458;
178 498;
178 499;
178 518;
178 519;
178 520;
178 524;
178 530;
178 533;
178 540;
178 542;
178 549;
178 555;
178 558;
178 565;
178 567;
178 60;
178 606;
178 61;
178 62;
178 63;
178 680;
178 681;
178 700;
178 701;
178 723;
178 724;
178 750;
178 751;
178 752;
178 782;
178 783;
178 784;
178 785;
178 793;
178 820;
179 112;
179 113;
179 122;
179 123;
179 126;
179 127;
179 180;
179 187;
179 188;
179 190;
179 192;
179 196;
179 197;
179 288;
179 289;
179 345;
179 351;
179 451;
179 452;
179 492;
179 493;
179 50;
179 51;
179 512;
179 513;
179 528;
179 534;
179 553;
179 559;
179 56;
179 57;
179 622;
179 638;
179 639;
179 656;
179 657;
179 716;
179 717;
179 733;
179 746;
179 747;
179 80;
179 807;
179 809;
179 81;
179 810;
179 811;
179 84;
179 85;
179 88;
179 90;
179 91;
179 92;
186 100;
186 102;
186 104;
186 112;
186 113;
186 114;
186 116;
186 118;
186 119;
186 121;
186 122;
186 123;
186 124;
186 126;
186 127;
186 128;
186 130;
186 133;
186 135;
186 137;
186 139;
186 14;
186 143;
186 144;
186 145;
186 147;
186 149;
186 15;
186 151;
186 152;
186 156;
186 157;
186 158;
186 162;
186 166;
186 169;
186 171;
186 172;
186 174;
186 176;
186 177;
186 178;
186 185;
186 187;
186 188;
186 192;
186 193;
186 194;
186 196;
186 198;
186 199;
186 20;
186 204;
186 209;
186 21;
186 215;
186 217;
186 218;
186 219;
186 220;
186 221;
186 225;
186 227;
186 228;
186 230;
186 231;
186 233;
186 235;
186 237;
186 239;
186 240;
186 241;
186 244;
186 245;
186 251;
186 253;
186 258;
186 268;
186 27;
186 273;
186 275;
186 278;
186 280;
186 281;
186 282;
186 287;
186 29;
186 292;
186 294;
186 295;
186 296;
186 298;
186 300;
186 303;
186 309;
186 31;
186 311;
186 316;
186 318;
186 32;
186 320;
186 322;
186 323;
186 325;
186 328;
186 33;
186 330;
186 333;
186 335;
186 339;
186 340;
186 341;
186 345;
186 347;
186 348;
186 349;
186 350;
186 353;
186 357;
186 36;
186 361;
186 362;
186 363;
186 368;
186 369;
186 37;
186 370;
186 372;
186 373;
186 374;
186 378;
186 380;
186 381;
186 382;
186 383;
186 385;
186 387;
186 388;
186 389;
186 391;
186 392;
186 394;
186 399;
186 400;
186 405;
186 408;
186 41;
186 410;
186 412;
186 413;
186 42;
186 426;
186 428;
186 432;
186 434;
186 437;
186 441;
186 442;
186 444;
186 447;
186 449;
186 45;
186 456;
186 457;
186 46;
186 461;
186 462;
186 465;
186 466;
186 467;
186 47;
186 472;
186 474;
186 477;
186 478;
186 482;
186 483;
186 486;
186 487;
186 488;
186 493;
186 495;
186 498;
186 499;
186 503;
186 504;
186 507;
186 508;
186 509;
186 514;
186 52;
186 522;
186 524;
186 526;
186 527;
186 528;
186 529;
186 537;
186 539;
186 54;
186 545;
186 56;
186 561;
186 575;
186 58;
186 580;
186 584;
186 585;
186 586;
186 588;
186 59;
186 591;
186 592;
186 593;
186 595;
186 596;
186 597;
186 599;
186 601;
186 602;
186 603;
186 605;
186 607;
186 608;
186 609;
186 610;
186 611;
186 614;
186 616;
186 617;
186 619;
186 624;
186 640;
186 643;
186 644;
186 645;
186 648;
186 65;
186 656;
186 658;
186 66;
186 660;
186 67;
186 676;
186 677;
186 678;
186 680;
186 682;
186 683;
186 685;
186 686;
186 688;
186 689;
186 690;
186 691;
186 693;
186 694;
186 695;
186 696;
186 699;
186 703;
186 704;
186 705;
186 707;
186 709;
186 71;
186 710;
186 712;
186 716;
186 718;
186 72;
186 720;
186 721;
186 723;
186 725;
186 726;
186 728;
186 73;
186 733;
186 735;
186 737;
186 741;
186 743;
186 751;
186 753;
186 755;
186 759;
186 761;
186 763;
186 771;
186 773;
186 774;
186 776;
186 777;
186 779;
186 78;
186 781;
186 785;
186 787;
186 788;
186 79;
186 790;
186 791;
186 793;
186 795;
186 797;
186 799;
186 80;
186 803;
186 805;
186 806;
186 808;
186 822;
186 824;
186 83;
186 91;
186 95;
186 97;
186 98;
187 39;
187 459;
187 480;
187 501;
189 0;
189 102;
189 105;
189 109;
189 11;
189 115;
189 120;
189 129;
189 131;
189 138;
189 148;
189 151;
189 153;
189 165;
189 167;
189 179;
189 183;
189 187;
189 191;
189 198;
189 202;
189 208;
189 210;
189 212;
189 236;
189 250;
189 256;
189 259;
189 265;
189 271;
189 274;
189 279;
189 283;
189 286;
189 290;
189 293;
189 299;
189 301;
189 304;
189 317;
189 322;
189 324;
189 326;
189 329;
189 335;
189 338;
189 346;
189 354;
189 358;
189 364;
189 367;
189 371;
189 375;
189 380;
189 386;
189 397;
189 404;
189 406;
189 417;
189 421;
189 445;
189 452;
189 523;
189 526;
189 534;
189 542;
189 566;
189 569;
189 573;
189 576;
189 579;
189 58;
189 583;
189 6;
189 600;
189 606;
189 616;
189 62;
189 621;
189 651;
189 655;
189 658;
189 663;
189 666;
189 669;
189 673;
189 682;
189 685;
189 709;
189 712;
189 714;
189 717;
189 722;
189 738;
189 743;
189 747;
189 753;
189 758;
189 761;
189 766;
189 77;
189 770;
189 773;
189 776;
189 778;
189 784;
189 787;
189 790;
189 792;
189 794;
189 797;
189 802;
189 805;
189 813;
189 819;
189 825;
189 828;
189 832;
189 837;
189 88;
189 9;
189 94;
189 99;
192 112;
192 116;
192 126;
192 133;
192 169;
192 172;
192 176;
192 215;
192 225;
192 228;
192 231;
192 237;
192 251;
192 280;
192 361;
192 368;
192 372;
192 408;
192 607;
192 617;
192 647;
192 659;
192 686;
192 718;
192 723;
192 726;
192 754;
192 762;
192 779;
192 798;
192 806;
192 809;
192 815;
192 95;
193 100;
193 112;
193 116;
193 126;
193 133;
193 136;
193 149;
193 162;
193 169;
193 172;
193 176;
193 185;
193 188;
193 196;
193 199;
193 215;
193 225;
193 228;
193 231;
193 237;
193 251;
193 262;
193 272;
193 280;
193 287;
193 315;
193 320;
193 327;
193 333;
193 361;
193 368;
193 372;
193 378;
193 394;
193 408;
193 524;
193 56;
193 580;
193 59;
193 607;
193 614;
193 617;
193 647;
193 656;
193 659;
193 680;
193 683;
193 686;
193 693;
193 707;
193 710;
193 718;
193 723;
193 726;
193 741;
193 744;
193 751;
193 754;
193 759;
193 762;
193 771;
193 774;
193 779;
193 785;
193 788;
193 795;
193 798;
193 803;
193 806;
193 809;
193 815;
193 85;
193 95;
194 100;
194 104;
194 112;
194 117;
194 119;
194 126;
194 130;
194 134;
194 136;
194 147;
194 149;
194 152;
194 162;
194 166;
194 170;
194 173;
194 176;
194 185;
194 188;
194 196;
194 199;
194 209;
194 216;
194 226;
194 229;
194 232;
194 235;
194 238;
194 252;
194 258;
194 262;
194 272;
194 278;
194 280;
194 287;
194 292;
194 298;
194 300;
194 303;
194 315;
194 320;
194 323;
194 325;
194 327;
194 333;
194 345;
194 353;
194 357;
194 361;
194 368;
194 372;
194 378;
194 385;
194 394;
194 405;
194 409;
194 444;
194 516;
194 522;
194 524;
194 56;
194 575;
194 580;
194 59;
194 599;
194 605;
194 607;
194 614;
194 618;
194 647;
194 656;
194 659;
194 680;
194 683;
194 687;
194 707;
194 710;
194 716;
194 719;
194 721;
194 724;
194 727;
194 737;
194 741;
194 744;
194 751;
194 754;
194 759;
194 762;
194 771;
194 774;
194 777;
194 780;
194 785;
194 788;
194 791;
194 793;
194 795;
194 798;
194 803;
194 807;
194 809;
194 815;
194 824;
194 85;
194 96;
194 98;
195 100;
195 104;
195 112;
195 116;
195 119;
195 126;
195 130;
195 133;
195 136;
195 147;
195 149;
195 152;
195 162;
195 166;
195 169;
195 172;
195 176;
195 185;
195 188;
195 196;
195 199;
195 206;
195 209;
195 211;
195 215;
195 225;
195 228;
195 23;
195 231;
195 235;
195 237;
195 251;
195 254;
195 258;
195 262;
195 272;
195 278;
195 280;
195 284;
195 287;
195 292;
195 298;
195 300;
195 303;
195 305;
195 315;
195 320;
195 323;
195 325;
195 327;
195 333;
195 336;
195 345;
195 353;
195 357;
195 361;
195 365;
195 368;
195 372;
195 378;
195 385;
195 394;
195 402;
195 405;
195 408;
195 415;
195 422;
195 444;
195 451;
195 5;
195 522;
195 524;
195 541;
195 551;
195 56;
195 564;
195 567;
195 575;
195 577;
195 580;
195 59;
195 599;
195 605;
195 607;
195 614;
195 617;
195 620;
195 630;
195 647;
195 656;
195 659;
195 664;
195 667;
195 680;
195 683;
195 686;
195 707;
195 710;
195 713;
195 716;
195 718;
195 721;
195 723;
195 726;
195 729;
195 737;
195 741;
195 744;
195 75;
195 751;
195 754;
195 759;
195 762;
195 771;
195 774;
195 777;
195 779;
195 782;
195 785;
195 788;
195 791;
195 793;
195 795;
195 798;
195 8;
195 803;
195 806;
195 809;
195 816;
195 818;
195 824;
195 826;
195 85;
195 95;
195 98;
196 106;
196 162;
196 180;
196 188;
196 199;
196 247;
196 262;
196 287;
196 394;
196 418;
196 531;
196 580;
196 59;
196 607;
196 647;
196 652;
196 659;
196 744;
196 754;
196 762;
196 767;
196 798;
196 809;
196 829;
196 85;
199 105;
199 109;
199 11;
199 115;
199 118;
199 120;
199 129;
199 131;
199 135;
199 148;
199 153;
199 165;
199 167;
199 171;
199 174;
199 179;
199 183;
199 191;
199 202;
199 210;
199 212;
199 217;
199 227;
199 230;
199 233;
199 236;
199 239;
199 250;
199 253;
199 259;
199 265;
199 271;
199 279;
199 283;
199 290;
199 293;
199 299;
199 301;
199 304;
199 324;
199 326;
199 346;
199 354;
199 358;
199 364;
199 371;
199 375;
199 386;
199 397;
199 406;
199 410;
199 421;
199 445;
199 452;
199 523;
199 534;
199 542;
199 576;
199 583;
199 6;
199 600;
199 606;
199 619;
199 62;
199 621;
199 655;
199 688;
199 714;
199 717;
199 720;
199 722;
199 725;
199 728;
199 738;
199 747;
199 770;
199 778;
199 781;
199 792;
199 794;
199 808;
199 819;
199 825;
199 832;
199 88;
199 9;
199 94;
199 97;
199 99;
201 122;
201 123;
201 124;
201 14;
201 144;
201 145;
201 157;
201 158;
201 193;
201 194;
201 20;
201 204;
201 219;
201 220;
201 221;
201 241;
201 245;
201 295;
201 296;
201 32;
201 33;
201 340;
201 341;
201 348;
201 349;
201 350;
201 36;
201 382;
201 383;
201 388;
201 389;
201 392;
201 399;
201 413;
201 42;
201 432;
201 434;
201 437;
201 441;
201 447;
201 449;
201 45;
201 456;
201 462;
201 465;
201 472;
201 474;
201 477;
201 483;
201 486;
201 493;
201 495;
201 498;
201 504;
201 507;
201 514;
201 52;
201 528;
201 529;
201 537;
201 539;
201 54;
201 545;
201 592;
201 593;
201 596;
201 597;
201 602;
201 603;
201 624;
201 644;
201 645;
201 66;
201 67;
201 677;
201 678;
201 690;
201 691;
201 694;
201 695;
201 696;
201 699;
201 704;
201 705;
201 72;
201 73;
201 79;
201 80;
201 822;
201 83;
202 163;
202 164;
202 189;
202 190;
202 200;
202 201;
202 263;
202 265;
202 266;
202 267;
202 269;
202 270;
202 288;
202 289;
202 395;
202 396;
202 40;
202 46;
202 460;
202 466;
202 481;
202 487;
202 502;
202 508;
202 561;
202 581;
202 582;
202 588;
202 60;
202 61;
202 640;
202 649;
202 650;
202 661;
202 662;
202 745;
202 747;
202 748;
202 749;
202 756;
202 757;
202 764;
202 765;
202 800;
202 801;
202 810;
202 811;
202 813;
202 814;
202 815;
202 86;
202 88;
202 89;
202 90;
202 92;
202 93;
203 0;
204 0;
205 0;
206 0;
207 0;
208 0;
209 0;
209 107;
209 109;
209 111;
209 112;
209 113;
209 114;
209 118;
209 119;
209 120;
209 122;
209 123;
209 124;
209 126;
209 127;
209 128;
209 13;
209 132;
209 134;
209 136;
209 14;
209 140;
209 143;
209 144;
209 145;
209 146;
209 149;
209 150;
209 151;
209 152;
209 156;
209 157;
209 158;
209 16;
209 162;
209 164;
209 17;
209 18;
209 182;
209 183;
209 184;
209 188;
209 190;
209 191;
209 193;
209 194;
209 195;
209 196;
209 199;
209 20;
209 201;
209 202;
209 204;
209 209;
209 210;
209 211;
209 213;
209 22;
209 222;
209 224;
209 225;
209 226;
209 228;
209 229;
209 23;
209 230;
209 232;
209 234;
209 235;
209 240;
209 241;
209 242;
209 244;
209 246;
209 247;
209 249;
209 25;
209 251;
209 255;
209 257;
209 259;
209 26;
209 263;
209 269;
209 271;
209 272;
209 275;
209 276;
209 277;
209 278;
209 28;
209 280;
209 281;
209 282;
209 284;
209 285;
209 286;
209 288;
209 289;
209 29;
209 292;
209 293;
209 294;
209 30;
209 300;
209 304;
209 306;
209 307;
209 308;
209 31;
209 310;
209 314;
209 315;
209 316;
209 318;
209 321;
209 326;
209 327;
209 328;
209 330;
209 333;
209 334;
209 336;
209 341;
209 342;
209 346;
209 347;
209 350;
209 351;
209 352;
209 357;
209 359;
209 361;
209 364;
209 365;
209 367;
209 369;
209 37;
209 371;
209 373;
209 379;
209 38;
209 381;
209 383;
209 384;
209 385;
209 386;
209 388;
209 390;
209 391;
209 392;
209 394;
209 396;
209 398;
209 399;
209 401;
209 403;
209 404;
209 409;
209 411;
209 412;
209 414;
209 416;
209 42;
209 423;
209 427;
209 428;
209 43;
209 432;
209 433;
209 436;
209 437;
209 438;
209 443;
209 452;
209 453;
209 457;
209 458;
209 46;
209 461;
209 462;
209 463;
209 468;
209 47;
209 475;
209 476;
209 48;
209 480;
209 481;
209 484;
209 485;
209 486;
209 491;
209 498;
209 499;
209 503;
209 504;
209 507;
209 508;
209 509;
209 514;
209 516;
209 519;
209 520;
209 53;
209 548;
209 55;
209 550;
209 559;
209 561;
209 571;
209 573;
209 58;
209 580;
209 582;
209 585;
209 586;
209 588;
209 589;
209 59;
209 590;
209 592;
209 594;
209 596;
209 597;
209 599;
209 601;
209 602;
209 603;
209 609;
209 611;
209 613;
209 616;
209 619;
209 621;
209 622;
209 624;
209 625;
209 627;
209 628;
209 63;
209 630;
209 634;
209 638;
209 64;
209 640;
209 641;
209 643;
209 644;
209 646;
209 647;
209 649;
209 650;
209 652;
209 653;
209 655;
209 656;
209 658;
209 660;
209 663;
209 665;
209 667;
209 668;
209 67;
209 670;
209 672;
209 675;
209 68;
209 681;
209 685;
209 687;
209 689;
209 69;
209 690;
209 691;
209 694;
209 696;
209 698;
209 706;
209 707;
209 708;
209 711;
209 719;
209 721;
209 722;
209 723;
209 724;
209 731;
209 736;
209 738;
209 74;
209 740;
209 741;
209 743;
209 744;
209 746;
209 748;
209 752;
209 754;
209 756;
209 76;
209 760;
209 762;
209 763;
209 764;
209 766;
209 768;
209 769;
209 775;
209 778;
209 779;
209 785;
209 787;
209 788;
209 790;
209 792;
209 796;
209 798;
209 799;
209 80;
209 801;
209 802;
209 804;
209 805;
209 807;
209 808;
209 811;
209 816;
209 82;
209 821;
209 84;
209 86;
209 87;
209 88;
209 89;
209 9;
209 91;
209 92;
209 93;
209 95;
209 97;
209 98;
209 99;
210 0;
210 344;
210 40;
210 430;
210 455;
210 478;
210 501;
210 61;
211 0;
211 837;
212 0;
212 104;
212 109;
212 125;
212 129;
212 139;
212 141;
212 164;
212 169;
212 177;
212 190;
212 208;
212 214;
212 217;
212 22;
212 221;
212 223;
212 231;
212 236;
212 239;
212 246;
212 249;
212 25;
212 254;
212 257;
212 264;
212 266;
212 270;
212 28;
212 283;
212 295;
212 299;
212 303;
212 305;
212 313;
212 325;
212 339;
212 35;
212 362;
212 369;
212 372;
212 376;
212 380;
212 400;
212 403;
212 405;
212 408;
212 525;
212 531;
212 537;
212 543;
212 553;
212 555;
212 566;
212 576;
212 581;
212 585;
212 587;
212 593;
212 596;
212 6;
212 604;
212 607;
212 609;
212 611;
212 613;
212 632;
212 635;
212 661;
212 676;
212 679;
212 684;
212 687;
212 696;
212 701;
212 705;
212 714;
212 717;
212 721;
212 737;
212 740;
212 743;
212 746;
212 751;
212 754;
212 759;
212 761;
212 770;
212 772;
212 784;
212 787;
212 790;
212 795;
212 798;
212 801;
212 804;
212 807;
212 809;
212 814;
212 819;
212 82;
212 825;
212 828;
212 832;
212 86;
212 96;
213 0;
214 0;
215 0;
215 122;
215 126;
215 132;
215 135;
215 165;
215 171;
215 179;
215 191;
215 199;
215 202;
215 228;
215 232;
215 250;
215 280;
215 292;
215 381;
215 396;
215 409;
215 412;
215 597;
215 601;
215 619;
215 622;
215 625;
215 628;
215 638;
215 641;
215 644;
215 647;
215 650;
215 653;
215 656;
215 663;
215 680;
215 697;
215 710;
215 747;
215 755;
215 766;
215 791;
215 810;
215 815;
216 0;
216 107;
216 122;
216 126;
216 132;
216 135;
216 149;
216 162;
216 165;
216 171;
216 179;
216 188;
216 191;
216 199;
216 20;
216 202;
216 228;
216 23;
216 232;
216 244;
216 247;
216 250;
216 255;
216 26;
216 280;
216 292;
216 300;
216 310;
216 336;
216 367;
216 370;
216 381;
216 396;
216 401;
216 409;
216 412;
216 522;
216 579;
216 594;
216 597;
216 601;
216 619;
216 622;
216 625;
216 628;
216 638;
216 641;
216 644;
216 647;
216 650;
216 653;
216 656;
216 663;
216 680;
216 685;
216 694;
216 697;
216 710;
216 719;
216 738;
216 741;
216 744;
216 747;
216 752;
216 755;
216 766;
216 785;
216 788;
216 791;
216 796;
216 799;
216 80;
216 802;
216 805;
216 810;
216 815;
216 84;
217 0;
217 107;
217 122;
217 126;
217 133;
217 135;
217 140;
217 162;
217 165;
217 171;
217 179;
217 188;
217 192;
217 20;
217 200;
217 203;
217 213;
217 222;
217 228;
217 23;
217 233;
217 235;
217 244;
217 247;
217 250;
217 255;
217 26;
217 263;
217 269;
217 280;
217 292;
217 300;
217 304;
217 310;
217 336;
217 361;
217 367;
217 370;
217 379;
217 382;
217 397;
217 399;
217 401;
217 404;
217 410;
217 413;
217 445;
217 522;
217 579;
217 586;
217 592;
217 594;
217 598;
217 601;
217 608;
217 620;
217 623;
217 626;
217 629;
217 634;
217 639;
217 642;
217 645;
217 648;
217 651;
217 654;
217 657;
217 660;
217 664;
217 675;
217 680;
217 685;
217 694;
217 697;
217 710;
217 719;
217 736;
217 738;
217 741;
217 744;
217 747;
217 752;
217 755;
217 760;
217 767;
217 769;
217 785;
217 788;
217 791;
217 796;
217 799;
217 80;
217 802;
217 805;
217 808;
217 810;
217 815;
217 84;
217 95;
218 0;
218 107;
218 122;
218 126;
218 132;
218 135;
218 140;
218 162;
218 165;
218 172;
218 180;
218 188;
218 191;
218 199;
218 20;
218 202;
218 213;
218 215;
218 222;
218 228;
218 23;
218 232;
218 235;
218 237;
218 244;
218 247;
218 250;
218 255;
218 26;
218 263;
218 265;
218 269;
218 280;
218 292;
218 300;
218 304;
218 310;
218 323;
218 33;
218 336;
218 361;
218 367;
218 370;
218 375;
218 379;
218 381;
218 396;
218 399;
218 401;
218 404;
218 406;
218 409;
218 412;
218 470;
218 493;
218 5;
218 522;
218 552;
218 567;
218 575;
218 579;
218 586;
218 592;
218 594;
218 597;
218 601;
218 605;
218 608;
218 619;
218 622;
218 625;
218 628;
218 631;
218 634;
218 638;
218 641;
218 644;
218 647;
218 650;
218 653;
218 656;
218 660;
218 663;
218 672;
218 675;
218 677;
218 680;
218 685;
218 694;
218 697;
218 710;
218 715;
218 719;
218 736;
218 738;
218 741;
218 744;
218 747;
218 752;
218 755;
218 760;
218 766;
218 769;
218 771;
218 785;
218 788;
218 791;
218 796;
218 799;
218 80;
218 802;
218 805;
218 808;
218 810;
218 815;
218 823;
218 826;
218 84;
218 95;
219 0;
219 101;
219 135;
219 165;
219 205;
219 250;
219 296;
219 300;
219 310;
219 336;
219 522;
219 563;
219 680;
219 697;
219 702;
219 710;
219 747;
219 755;
219 781;
219 791;
219 810;
219 815;
220 0;
221 0;
222 0;
222 104;
222 125;
222 129;
222 134;
222 141;
222 153;
222 193;
222 201;
222 204;
222 208;
222 214;
222 223;
222 231;
222 234;
222 236;
222 264;
222 266;
222 270;
222 283;
222 295;
222 299;
222 303;
222 305;
222 313;
222 339;
222 362;
222 376;
222 380;
222 383;
222 398;
222 400;
222 405;
222 411;
222 414;
222 525;
222 531;
222 537;
222 543;
222 553;
222 555;
222 566;
222 576;
222 587;
222 593;
222 599;
222 6;
222 604;
222 609;
222 611;
222 613;
222 621;
222 624;
222 627;
222 630;
222 632;
222 635;
222 640;
222 643;
222 646;
222 649;
222 652;
222 655;
222 658;
222 661;
222 665;
222 676;
222 705;
222 737;
222 761;
222 768;
222 770;
222 772;
222 784;
222 809;
222 96;
223 0;
224 0;
224 111;
224 112;
224 113;
224 114;
224 119;
224 120;
224 13;
224 144;
224 145;
224 146;
224 157;
224 158;
224 17;
224 18;
224 183;
224 184;
224 195;
224 196;
224 210;
224 211;
224 225;
224 226;
224 241;
224 242;
224 259;
224 272;
224 276;
224 277;
224 278;
224 285;
224 286;
224 289;
224 30;
224 307;
224 308;
224 31;
224 315;
224 316;
224 318;
224 321;
224 327;
224 328;
224 330;
224 333;
224 341;
224 347;
224 350;
224 357;
224 359;
224 364;
224 37;
224 385;
224 386;
224 388;
224 391;
224 392;
224 394;
224 416;
224 427;
224 43;
224 433;
224 436;
224 443;
224 452;
224 458;
224 46;
224 461;
224 468;
224 475;
224 481;
224 484;
224 491;
224 498;
224 504;
224 507;
224 514;
224 516;
224 519;
224 53;
224 548;
224 55;
224 550;
224 559;
224 561;
224 58;
224 589;
224 590;
224 616;
224 64;
224 668;
224 669;
224 67;
224 670;
224 690;
224 691;
224 707;
224 708;
224 723;
224 724;
224 74;
224 76;
224 763;
224 764;
224 775;
224 779;
224 821;
224 837;
224 88;
224 89;
224 9;
224 92;
224 93;
224 98;
224 99;
225 0;
225 137;
225 138;
225 166;
225 167;
225 169;
225 170;
225 171;
225 174;
225 175;
225 177;
225 178;
225 179;
225 252;
225 253;
225 301;
225 302;
225 311;
225 312;
225 337;
225 338;
225 345;
225 351;
225 41;
225 423;
225 431;
225 437;
225 456;
225 462;
225 47;
225 479;
225 485;
225 502;
225 508;
225 523;
225 525;
225 527;
225 529;
225 531;
225 533;
225 535;
225 537;
225 539;
225 541;
225 542;
225 544;
225 545;
225 62;
225 672;
225 68;
225 682;
225 683;
225 699;
225 700;
225 712;
225 713;
225 731;
225 749;
225 750;
225 757;
225 758;
225 793;
225 794;
225 812;
225 813;
225 817;
225 818;
226 0;
227 0;
232 100;
232 111;
232 113;
232 114;
232 116;
232 117;
232 118;
232 119;
232 121;
232 123;
232 125;
232 126;
232 128;
232 129;
232 13;
232 132;
232 133;
232 134;
232 135;
232 137;
232 141;
232 143;
232 144;
232 145;
232 146;
232 148;
232 149;
232 15;
232 150;
232 151;
232 155;
232 157;
232 158;
232 159;
232 160;
232 172;
232 173;
232 174;
232 176;
232 178;
232 179;
232 181;
232 182;
232 183;
232 186;
232 188;
232 191;
232 209;
232 212;
232 215;
232 217;
232 218;
232 222;
232 224;
232 228;
232 230;
232 231;
232 236;
232 238;
232 239;
232 241;
232 243;
232 244;
232 246;
232 247;
232 248;
232 250;
232 252;
232 254;
232 255;
232 257;
232 264;
232 266;
232 270;
232 272;
232 273;
232 275;
232 28;
232 284;
232 286;
232 287;
232 289;
232 29;
232 291;
232 293;
232 297;
232 300;
232 303;
232 305;
232 308;
232 310;
232 32;
232 320;
232 321;
232 325;
232 326;
232 329;
232 33;
232 330;
232 331;
232 336;
232 338;
232 341;
232 342;
232 346;
232 347;
232 350;
232 351;
232 352;
232 357;
232 359;
232 36;
232 37;
232 398;
232 401;
232 408;
232 41;
232 413;
232 414;
232 419;
232 42;
232 434;
232 436;
232 439;
232 440;
232 443;
232 444;
232 448;
232 449;
232 45;
232 452;
232 453;
232 454;
232 459;
232 46;
232 461;
232 464;
232 465;
232 469;
232 47;
232 470;
232 473;
232 474;
232 475;
232 480;
232 482;
232 485;
232 486;
232 490;
232 491;
232 494;
232 495;
232 496;
232 501;
232 503;
232 506;
232 507;
232 511;
232 512;
232 515;
232 516;
232 517;
232 52;
232 522;
232 524;
232 527;
232 528;
232 531;
232 532;
232 535;
232 536;
232 538;
232 540;
232 541;
232 542;
232 544;
232 546;
232 547;
232 549;
232 551;
232 552;
232 553;
232 555;
232 557;
232 559;
232 560;
232 576;
232 577;
232 581;
232 583;
232 588;
232 59;
232 590;
232 591;
232 593;
232 594;
232 595;
232 596;
232 598;
232 60;
232 601;
232 603;
232 604;
232 605;
232 606;
232 608;
232 61;
232 610;
232 612;
232 614;
232 619;
232 621;
232 622;
232 624;
232 626;
232 63;
232 631;
232 632;
232 633;
232 634;
232 635;
232 639;
232 641;
232 643;
232 644;
232 647;
232 653;
232 655;
232 657;
232 658;
232 659;
232 66;
232 660;
232 661;
232 663;
232 665;
232 667;
232 669;
232 67;
232 671;
232 672;
232 674;
232 676;
232 678;
232 680;
232 683;
232 685;
232 692;
232 693;
232 694;
232 696;
232 698;
232 700;
232 702;
232 703;
232 705;
232 707;
232 708;
232 709;
232 710;
232 712;
232 713;
232 714;
232 715;
232 717;
232 718;
232 719;
232 72;
232 720;
232 721;
232 725;
232 727;
232 728;
232 73;
232 733;
232 736;
232 743;
232 745;
232 746;
232 748;
232 750;
232 755;
232 759;
232 76;
232 761;
232 764;
232 765;
232 769;
232 77;
232 771;
232 772;
232 774;
232 775;
232 777;
232 779;
232 780;
232 782;
232 784;
232 788;
232 79;
232 790;
232 791;
232 794;
232 796;
232 797;
232 798;
232 801;
232 803;
232 804;
232 805;
232 807;
232 809;
232 81;
232 812;
232 814;
232 818;
232 820;
232 824;
232 826;
232 83;
232 84;
232 87;
232 88;
232 94;
232 96;
232 98;
233 323;
233 344;
233 39;
233 446;
233 467;
233 488;
233 509;
235 100;
235 104;
235 108;
235 113;
235 122;
235 125;
235 128;
235 130;
235 140;
235 142;
235 157;
235 161;
235 164;
235 168;
235 175;
235 178;
235 18;
235 180;
235 189;
235 194;
235 199;
235 205;
235 207;
235 21;
235 210;
235 213;
235 217;
235 219;
235 224;
235 227;
235 23;
235 230;
235 234;
235 238;
235 240;
235 245;
235 249;
235 251;
235 254;
235 257;
235 261;
235 269;
235 273;
235 276;
235 280;
235 289;
235 296;
235 298;
235 301;
235 305;
235 309;
235 314;
235 318;
235 365;
235 373;
235 381;
235 389;
235 397;
235 399;
235 417;
235 420;
235 424;
235 428;
235 539;
235 546;
235 548;
235 550;
235 557;
235 565;
235 570;
235 583;
235 587;
235 590;
235 593;
235 599;
235 603;
235 609;
235 611;
235 614;
235 618;
235 621;
235 623;
235 626;
235 629;
235 64;
235 640;
235 643;
235 645;
235 648;
235 652;
235 654;
235 664;
235 667;
235 671;
235 677;
235 679;
235 681;
235 689;
235 704;
235 729;
235 732;
235 734;
235 737;
235 741;
235 745;
235 748;
235 753;
235 758;
235 761;
235 771;
235 774;
235 776;
235 781;
235 784;
235 787;
235 790;
235 792;
235 8;
235 81;
235 813;
235 815;
235 819;
235 826;
235 830;
238 114;
238 158;
238 172;
238 190;
238 195;
238 201;
238 241;
238 246;
238 264;
238 270;
238 284;
238 361;
238 367;
238 375;
238 383;
238 391;
238 562;
238 655;
238 672;
238 683;
238 696;
238 700;
238 705;
238 725;
238 749;
238 754;
238 777;
238 801;
239 101;
239 104;
239 108;
239 111;
239 114;
239 123;
239 126;
239 137;
239 155;
239 158;
239 165;
239 172;
239 176;
239 190;
239 195;
239 201;
239 215;
239 222;
239 228;
239 231;
239 236;
239 241;
239 246;
239 252;
239 255;
239 264;
239 270;
239 273;
239 277;
239 284;
239 287;
239 293;
239 303;
239 307;
239 361;
239 367;
239 375;
239 383;
239 391;
239 421;
239 424;
239 428;
239 544;
239 555;
239 581;
239 588;
239 591;
239 601;
239 612;
239 619;
239 624;
239 641;
239 655;
239 665;
239 669;
239 672;
239 683;
239 696;
239 700;
239 705;
239 725;
239 743;
239 746;
239 749;
239 754;
239 759;
239 769;
239 772;
239 777;
239 782;
239 788;
239 79;
239 801;
239 817;
239 824;
239 98;
240 102;
240 106;
240 111;
240 115;
240 121;
240 123;
240 126;
240 129;
240 137;
240 141;
240 155;
240 158;
240 165;
240 172;
240 176;
240 179;
240 188;
240 190;
240 195;
240 201;
240 209;
240 212;
240 215;
240 218;
240 222;
240 228;
240 231;
240 236;
240 239;
240 242;
240 244;
240 246;
240 250;
240 252;
240 255;
240 265;
240 271;
240 275;
240 277;
240 285;
240 287;
240 293;
240 297;
240 300;
240 303;
240 307;
240 361;
240 367;
240 375;
240 383;
240 391;
240 398;
240 419;
240 422;
240 426;
240 538;
240 544;
240 547;
240 549;
240 555;
240 581;
240 588;
240 591;
240 598;
240 601;
240 608;
240 610;
240 612;
240 619;
240 622;
240 624;
240 63;
240 639;
240 641;
240 644;
240 647;
240 653;
240 656;
240 663;
240 665;
240 669;
240 673;
240 676;
240 678;
240 680;
240 684;
240 697;
240 701;
240 703;
240 706;
240 726;
240 728;
240 733;
240 736;
240 743;
240 746;
240 749;
240 754;
240 759;
240 769;
240 772;
240 775;
240 778;
240 780;
240 782;
240 788;
240 79;
240 791;
240 802;
240 812;
240 814;
240 817;
240 824;
240 98;
241 111;
241 114;
241 121;
241 123;
241 126;
241 129;
241 137;
241 141;
241 155;
241 158;
241 162;
241 165;
241 17;
241 172;
241 176;
241 179;
241 188;
241 190;
241 195;
241 20;
241 202;
241 204;
241 209;
241 212;
241 215;
241 218;
241 222;
241 225;
241 228;
241 231;
241 236;
241 239;
241 241;
241 244;
241 246;
241 250;
241 252;
241 255;
241 264;
241 267;
241 270;
241 275;
241 277;
241 284;
241 287;
241 293;
241 297;
241 300;
241 303;
241 307;
241 312;
241 361;
241 368;
241 376;
241 384;
241 392;
241 398;
241 416;
241 419;
241 430;
241 538;
241 54;
241 544;
241 547;
241 549;
241 555;
241 581;
241 588;
241 591;
241 598;
241 601;
241 608;
241 610;
241 612;
241 619;
241 622;
241 624;
241 627;
241 63;
241 639;
241 641;
241 644;
241 647;
241 653;
241 655;
241 663;
241 665;
241 669;
241 672;
241 676;
241 678;
241 680;
241 683;
241 696;
241 700;
241 703;
241 705;
241 725;
241 728;
241 730;
241 733;
241 736;
241 743;
241 746;
241 749;
241 754;
241 759;
241 769;
241 772;
241 775;
241 777;
241 780;
241 782;
241 785;
241 788;
241 79;
241 791;
241 801;
241 809;
241 812;
241 814;
241 817;
241 824;
241 9;
241 90;
241 98;
242 137;
242 165;
242 190;
242 195;
242 231;
242 258;
242 277;
242 293;
242 315;
242 361;
242 5;
242 584;
242 615;
242 649;
242 686;
242 738;
242 749;
242 754;
242 827;
245 103;
245 107;
245 116;
245 122;
245 130;
245 140;
245 142;
245 161;
245 168;
245 175;
245 18;
245 180;
245 189;
245 205;
245 207;
245 21;
245 210;
245 213;
245 219;
245 23;
245 234;
245 240;
245 243;
245 245;
245 249;
245 251;
245 261;
245 266;
245 272;
245 276;
245 280;
245 286;
245 296;
245 298;
245 301;
245 318;
245 399;
245 417;
245 420;
245 423;
245 427;
245 539;
245 548;
245 550;
245 565;
245 570;
245 587;
245 599;
245 609;
245 611;
245 618;
245 623;
245 64;
245 640;
245 645;
245 648;
245 652;
245 654;
245 657;
245 664;
245 674;
245 677;
245 679;
245 681;
245 685;
245 689;
245 698;
245 702;
245 704;
245 707;
245 727;
245 729;
245 734;
245 737;
245 741;
245 776;
245 779;
245 781;
245 792;
245 8;
245 803;
245 813;
245 815;
245 830;
247 118;
247 119;
247 133;
247 134;
247 135;
247 144;
247 145;
247 146;
247 149;
247 150;
247 151;
247 182;
247 183;
247 186;
247 28;
247 291;
247 32;
247 320;
247 326;
247 329;
247 336;
247 338;
247 341;
247 347;
247 350;
247 357;
247 359;
247 36;
247 401;
247 413;
247 42;
247 439;
247 443;
247 449;
247 45;
247 452;
247 459;
247 461;
247 464;
247 470;
247 473;
247 480;
247 482;
247 485;
247 491;
247 494;
247 501;
247 503;
247 506;
247 512;
247 515;
247 52;
247 522;
247 524;
247 527;
247 531;
247 535;
247 541;
247 542;
247 552;
247 553;
247 559;
247 576;
247 595;
247 596;
247 60;
247 605;
247 606;
247 61;
247 632;
247 633;
247 634;
247 635;
247 659;
247 66;
247 660;
247 661;
247 693;
247 694;
247 709;
247 710;
247 713;
247 714;
247 715;
247 718;
247 719;
247 72;
247 720;
247 721;
247 76;
247 765;
247 794;
247 797;
247 798;
247 805;
247 806;
247 807;
247 83;
247 87;
248 138;
248 139;
248 166;
248 168;
248 169;
248 170;
248 192;
248 193;
248 196;
248 197;
248 199;
248 200;
248 201;
248 232;
248 233;
248 278;
248 279;
248 281;
248 282;
248 294;
248 295;
248 324;
248 330;
248 345;
248 351;
248 363;
248 365;
248 367;
248 371;
248 373;
248 375;
248 379;
248 381;
248 383;
248 387;
248 389;
248 391;
248 395;
248 396;
248 40;
248 408;
248 447;
248 453;
248 46;
248 468;
248 474;
248 489;
248 495;
248 510;
248 516;
248 751;
248 752;
248 756;
248 757;
248 809;
255 111;
255 115;
255 119;
255 12;
255 123;
255 125;
255 126;
255 128;
255 129;
255 13;
255 134;
255 135;
255 136;
255 137;
255 139;
255 143;
255 149;
255 150;
255 151;
255 152;
255 156;
255 157;
255 158;
255 159;
255 16;
255 161;
255 163;
255 165;
255 169;
255 17;
255 170;
255 171;
255 173;
255 175;
255 176;
255 178;
255 180;
255 182;
255 185;
255 187;
255 188;
255 189;
255 192;
255 204;
255 206;
255 209;
255 21;
255 211;
255 212;
255 213;
255 214;
255 218;
255 22;
255 222;
255 223;
255 228;
255 230;
255 231;
255 235;
255 238;
255 241;
255 242;
255 243;
255 245;
255 246;
255 247;
255 248;
255 249;
255 25;
255 251;
255 253;
255 254;
255 256;
255 26;
255 265;
255 266;
255 267;
255 269;
255 27;
255 272;
255 274;
255 276;
255 278;
255 279;
255 280;
255 281;
255 282;
255 284;
255 286;
255 289;
255 290;
255 291;
255 296;
255 298;
255 299;
255 300;
255 302;
255 306;
255 307;
255 308;
255 310;
255 32;
255 320;
255 321;
255 325;
255 326;
255 329;
255 330;
255 331;
255 336;
255 338;
255 34;
255 341;
255 342;
255 346;
255 347;
255 350;
255 351;
255 352;
255 357;
255 363;
255 364;
255 368;
255 37;
255 370;
255 379;
255 38;
255 381;
255 382;
255 384;
255 385;
255 386;
255 387;
255 388;
255 389;
255 392;
255 393;
255 396;
255 397;
255 401;
255 403;
255 408;
255 410;
255 413;
255 415;
255 42;
255 43;
255 431;
255 435;
255 436;
255 440;
255 441;
255 444;
255 445;
255 446;
255 451;
255 453;
255 456;
255 457;
255 46;
255 461;
255 462;
255 465;
255 466;
255 467;
255 47;
255 472;
255 474;
255 477;
255 478;
255 48;
255 482;
255 483;
255 486;
255 487;
255 488;
255 493;
255 495;
255 498;
255 499;
255 503;
255 504;
255 507;
255 508;
255 509;
255 514;
255 516;
255 519;
255 523;
255 524;
255 525;
255 526;
255 53;
255 530;
255 537;
255 539;
255 541;
255 543;
255 546;
255 549;
255 55;
255 551;
255 552;
255 576;
255 579;
255 58;
255 580;
255 582;
255 584;
255 587;
255 589;
255 59;
255 591;
255 592;
255 594;
255 596;
255 6;
255 601;
255 602;
255 603;
255 605;
255 607;
255 608;
255 609;
255 611;
255 613;
255 614;
255 616;
255 621;
255 622;
255 623;
255 626;
255 628;
255 63;
255 630;
255 634;
255 636;
255 637;
255 638;
255 639;
255 64;
255 640;
255 641;
255 643;
255 645;
255 647;
255 649;
255 650;
255 653;
255 656;
255 658;
255 660;
255 662;
255 663;
255 666;
255 668;
255 67;
255 670;
255 673;
255 675;
255 677;
255 68;
255 680;
255 683;
255 685;
255 688;
255 69;
255 690;
255 692;
255 693;
255 694;
255 695;
255 696;
255 697;
255 701;
255 703;
255 704;
255 705;
255 706;
255 707;
255 709;
255 711;
255 712;
255 714;
255 715;
255 717;
255 719;
255 721;
255 729;
255 731;
255 732;
255 734;
255 736;
255 74;
255 742;
255 744;
255 746;
255 747;
255 749;
255 750;
255 752;
255 755;
255 757;
255 759;
255 76;
255 761;
255 762;
255 764;
255 765;
255 767;
255 768;
255 770;
255 771;
255 774;
255 777;
255 779;
255 781;
255 788;
255 79;
255 790;
255 791;
255 793;
255 794;
255 795;
255 799;
255 80;
255 801;
255 802;
255 806;
255 808;
255 810;
255 812;
255 814;
255 815;
255 816;
255 824;
255 84;
255 85;
255 88;
255 89;
255 90;
255 95;
255 97;
256 19;
256 323;
256 344;
256 40;
256 438;
256 459;
256 480;
256 501;
256 61;
256 82;
258 10;
258 102;
258 104;
258 107;
258 109;
258 114;
258 118;
258 122;
258 125;
258 128;
258 132;
258 142;
258 146;
258 165;
258 168;
258 175;
258 178;
258 183;
258 186;
258 195;
258 199;
258 211;
258 219;
258 227;
258 230;
258 232;
258 236;
258 239;
258 244;
258 253;
258 259;
258 263;
258 270;
258 273;
258 278;
258 286;
258 295;
258 297;
258 303;
258 311;
258 314;
258 318;
258 369;
258 371;
258 374;
258 378;
258 406;
258 409;
258 414;
258 533;
258 536;
258 539;
258 551;
258 555;
258 559;
258 566;
258 568;
258 571;
258 573;
258 577;
258 584;
258 589;
258 596;
258 600;
258 606;
258 613;
258 616;
258 619;
258 632;
258 651;
258 654;
258 664;
258 671;
258 674;
258 676;
258 678;
258 681;
258 689;
258 721;
258 724;
258 728;
258 731;
258 734;
258 739;
258 743;
258 746;
258 749;
258 752;
258 756;
258 758;
258 761;
258 764;
258 767;
258 770;
258 772;
258 774;
258 778;
258 781;
258 785;
258 790;
258 793;
258 801;
258 803;
258 807;
258 810;
258 814;
258 821;
258 825;
258 828;
258 832;
261 191;
261 241;
261 254;
261 379;
261 382;
261 401;
261 628;
261 634;
261 643;
261 647;
261 656;
261 660;
261 666;
261 683;
261 690;
261 701;
261 709;
261 712;
261 715;
261 735;
262 111;
262 115;
262 119;
262 123;
262 126;
262 129;
262 139;
262 143;
262 163;
262 173;
262 176;
262 191;
262 209;
262 228;
262 241;
262 251;
262 254;
262 271;
262 276;
262 284;
262 379;
262 382;
262 401;
262 407;
262 412;
262 530;
262 537;
262 549;
262 552;
262 556;
262 582;
262 587;
262 594;
262 611;
262 614;
262 628;
262 634;
262 643;
262 647;
262 656;
262 660;
262 666;
262 683;
262 690;
262 701;
262 709;
262 712;
262 715;
262 719;
262 729;
262 732;
262 735;
262 744;
262 747;
262 750;
262 759;
262 762;
262 765;
262 768;
262 779;
262 788;
262 791;
262 799;
262 808;
262 812;
263 111;
263 115;
263 119;
263 123;
263 126;
263 129;
263 139;
263 143;
263 163;
263 173;
263 176;
263 182;
263 185;
263 191;
263 209;
263 218;
263 228;
263 231;
263 235;
263 238;
263 241;
263 251;
263 255;
263 269;
263 271;
263 276;
263 284;
263 296;
263 302;
263 310;
263 359;
263 368;
263 370;
263 380;
263 383;
263 402;
263 407;
263 412;
263 530;
263 537;
263 549;
263 552;
263 556;
263 576;
263 582;
263 587;
263 594;
263 605;
263 611;
263 614;
263 629;
263 635;
263 644;
263 648;
263 650;
263 653;
263 657;
263 661;
263 663;
263 667;
263 670;
263 673;
263 675;
263 677;
263 680;
263 684;
263 688;
263 691;
263 702;
263 710;
263 713;
263 716;
263 719;
263 729;
263 732;
263 735;
263 742;
263 744;
263 747;
263 750;
263 755;
263 757;
263 759;
263 762;
263 765;
263 768;
263 771;
263 773;
263 777;
263 779;
263 788;
263 791;
263 799;
263 802;
263 806;
263 808;
263 812;
263 824;
264 103;
264 106;
264 111;
264 115;
264 119;
264 123;
264 126;
264 129;
264 139;
264 143;
264 163;
264 166;
264 173;
264 176;
264 182;
264 185;
264 191;
264 200;
264 209;
264 218;
264 225;
264 228;
264 231;
264 235;
264 238;
264 241;
264 251;
264 254;
264 257;
264 269;
264 271;
264 276;
264 284;
264 293;
264 296;
264 302;
264 310;
264 312;
264 368;
264 370;
264 372;
264 379;
264 382;
264 401;
264 404;
264 407;
264 412;
264 421;
264 530;
264 534;
264 537;
264 549;
264 552;
264 556;
264 567;
264 570;
264 576;
264 582;
264 587;
264 594;
264 605;
264 611;
264 614;
264 617;
264 628;
264 631;
264 634;
264 643;
264 647;
264 650;
264 653;
264 656;
264 660;
264 663;
264 666;
264 670;
264 673;
264 675;
264 677;
264 680;
264 683;
264 688;
264 690;
264 701;
264 709;
264 712;
264 715;
264 719;
264 722;
264 729;
264 732;
264 735;
264 742;
264 744;
264 747;
264 750;
264 755;
264 757;
264 759;
264 762;
264 765;
264 768;
264 771;
264 773;
264 777;
264 779;
264 788;
264 791;
264 799;
264 8;
264 802;
264 806;
264 808;
264 812;
264 824;
264 826;
265 111;
265 115;
265 119;
265 129;
265 139;
265 143;
265 191;
265 196;
265 260;
265 315;
265 375;
265 530;
265 552;
265 556;
265 563;
265 597;
265 725;
265 735;
265 782;
265 818;
265 99;
268 102;
268 104;
268 107;
268 109;
268 114;
268 118;
268 122;
268 132;
268 142;
268 146;
268 183;
268 186;
268 199;
268 219;
268 232;
268 236;
268 239;
268 244;
268 256;
268 263;
268 270;
268 297;
268 303;
268 311;
268 318;
268 369;
268 371;
268 378;
268 381;
268 384;
268 403;
268 533;
268 555;
268 559;
268 566;
268 568;
268 571;
268 573;
268 577;
268 600;
268 606;
268 630;
268 632;
268 636;
268 645;
268 649;
268 651;
268 654;
268 658;
268 662;
268 664;
268 668;
268 671;
268 674;
268 676;
268 678;
268 681;
268 685;
268 689;
268 692;
268 703;
268 711;
268 714;
268 717;
268 728;
268 743;
268 756;
268 758;
268 772;
268 774;
268 778;
268 785;
268 803;
268 807;
268 821;
268 825;
270 12;
270 135;
270 136;
270 137;
270 150;
270 151;
270 152;
270 157;
270 158;
270 159;
270 16;
270 161;
270 170;
270 171;
270 180;
270 188;
270 189;
270 213;
270 214;
270 22;
270 223;
270 246;
270 247;
270 248;
270 249;
270 25;
270 265;
270 280;
270 281;
270 282;
270 290;
270 291;
270 299;
270 300;
270 307;
270 308;
270 32;
270 320;
270 326;
270 329;
270 336;
270 338;
270 34;
270 341;
270 347;
270 350;
270 357;
270 364;
270 37;
270 386;
270 387;
270 388;
270 389;
270 392;
270 396;
270 43;
270 435;
270 441;
270 444;
270 451;
270 453;
270 456;
270 46;
270 462;
270 465;
270 472;
270 474;
270 477;
270 483;
270 486;
270 493;
270 495;
270 498;
270 504;
270 507;
270 514;
270 516;
270 519;
270 524;
270 525;
270 526;
270 53;
270 541;
270 543;
270 546;
270 55;
270 579;
270 58;
270 591;
270 6;
270 602;
270 603;
270 608;
270 609;
270 622;
270 623;
270 626;
270 638;
270 639;
270 64;
270 640;
270 641;
270 67;
270 694;
270 695;
270 696;
270 697;
270 705;
270 706;
270 707;
270 74;
270 76;
270 79;
270 795;
270 816;
270 85;
270 88;
270 95;
270 97;
271 112;
271 113;
271 116;
271 117;
271 120;
271 121;
271 130;
271 131;
271 140;
271 141;
271 144;
271 145;
271 193;
271 194;
271 20;
271 26;
271 266;
271 324;
271 330;
271 345;
271 351;
271 41;
271 431;
271 439;
271 445;
271 460;
271 466;
271 47;
271 481;
271 487;
271 502;
271 508;
271 531;
271 532;
271 553;
271 554;
271 557;
271 559;
271 560;
271 561;
271 62;
271 68;
271 737;
271 738;
271 83;
271 89;
278 100;
278 102;
278 104;
278 106;
278 111;
278 113;
278 114;
278 115;
278 117;
278 119;
278 120;
278 121;
278 122;
278 124;
278 125;
278 126;
278 128;
278 130;
278 131;
278 133;
278 136;
278 137;
278 138;
278 139;
278 140;
278 144;
278 148;
278 150;
278 152;
278 154;
278 156;
278 158;
278 160;
278 162;
278 163;
278 165;
278 167;
278 174;
278 175;
278 176;
278 179;
278 180;
278 181;
278 183;
278 185;
278 187;
278 189;
278 193;
278 195;
278 196;
278 198;
278 199;
278 200;
278 202;
278 204;
278 205;
278 207;
278 209;
278 210;
278 215;
278 218;
278 223;
278 226;
278 228;
278 229;
278 231;
278 232;
278 233;
278 235;
278 236;
278 237;
278 238;
278 240;
278 241;
278 242;
278 244;
278 245;
278 246;
278 248;
278 249;
278 250;
278 252;
278 258;
278 261;
278 263;
278 267;
278 270;
278 271;
278 274;
278 276;
278 277;
278 279;
278 280;
278 282;
278 283;
278 286;
278 287;
278 288;
278 290;
278 294;
278 296;
278 297;
278 298;
278 302;
278 303;
278 304;
278 305;
278 307;
278 308;
278 309;
278 31;
278 32;
278 335;
278 336;
278 346;
278 347;
278 349;
278 361;
278 362;
278 363;
278 364;
278 388;
278 389;
278 393;
278 394;
278 397;
278 398;
278 399;
278 404;
278 406;
278 414;
278 42;
278 421;
278 425;
278 426;
278 43;
278 430;
278 431;
278 434;
278 435;
278 436;
278 441;
278 443;
278 45;
278 466;
278 467;
278 477;
278 478;
278 480;
278 492;
278 493;
278 494;
278 495;
278 519;
278 520;
278 524;
278 525;
278 528;
278 529;
278 530;
278 535;
278 537;
278 540;
278 541;
278 545;
278 546;
278 549;
278 550;
278 551;
278 556;
278 558;
278 57;
278 571;
278 573;
278 578;
278 58;
278 580;
278 583;
278 585;
278 587;
278 588;
278 589;
278 59;
278 590;
278 592;
278 594;
278 595;
278 596;
278 597;
278 599;
278 60;
278 600;
278 601;
278 603;
278 605;
278 606;
278 607;
278 608;
278 610;
278 612;
278 617;
278 619;
278 621;
278 623;
278 625;
278 627;
278 628;
278 630;
278 631;
278 632;
278 633;
278 635;
278 636;
278 637;
278 641;
278 643;
278 644;
278 645;
278 646;
278 647;
278 649;
278 651;
278 652;
278 654;
278 655;
278 656;
278 657;
278 661;
278 663;
278 667;
278 669;
278 670;
278 671;
278 673;
278 676;
278 678;
278 680;
278 681;
278 683;
278 685;
278 692;
278 696;
278 702;
278 704;
278 707;
278 709;
278 710;
278 711;
278 713;
278 715;
278 717;
278 718;
278 720;
278 722;
278 726;
278 728;
278 731;
278 754;
278 755;
278 765;
278 766;
278 768;
278 780;
278 781;
278 782;
278 783;
278 829;
278 831;
278 84;
278 85;
278 89;
278 90;
278 93;
278 94;
278 95;
279 350;
279 391;
279 428;
279 46;
279 481;
279 522;
279 543;
279 769;
279 87;
281 106;
281 108;
281 118;
281 130;
281 132;
281 134;
281 147;
281 150;
281 153;
281 155;
281 164;
281 167;
281 171;
281 184;
281 187;
281 192;
281 195;
281 197;
281 204;
281 207;
281 214;
281 216;
281 219;
281 222;
281 224;
281 230;
281 247;
281 251;
281 253;
281 257;
281 259;
281 263;
281 266;
281 268;
281 279;
281 282;
281 284;
281 293;
281 295;
281 299;
281 310;
281 313;
281 409;
281 411;
281 562;
281 566;
281 576;
281 580;
281 584;
281 591;
281 609;
281 612;
281 634;
281 658;
281 666;
281 668;
281 674;
281 681;
281 684;
281 688;
281 690;
281 695;
281 697;
281 7;
281 708;
281 714;
281 717;
281 720;
281 725;
281 728;
281 732;
281 809;
281 815;
281 819;
281 823;
284 143;
284 156;
284 160;
284 188;
284 226;
284 244;
284 248;
284 274;
284 296;
284 307;
284 585;
284 588;
284 592;
284 603;
284 606;
284 621;
284 625;
284 628;
284 631;
284 641;
284 649;
284 652;
284 655;
284 661;
284 678;
284 721;
285 104;
285 128;
285 143;
285 148;
285 156;
285 160;
285 165;
285 185;
285 188;
285 193;
285 202;
285 205;
285 226;
285 244;
285 248;
285 261;
285 274;
285 277;
285 280;
285 290;
285 296;
285 307;
285 380;
285 511;
285 578;
285 585;
285 588;
285 592;
285 603;
285 606;
285 610;
285 621;
285 625;
285 628;
285 631;
285 641;
285 649;
285 652;
285 655;
285 661;
285 678;
285 681;
285 685;
285 692;
285 715;
285 718;
285 721;
285 726;
285 76;
285 799;
285 816;
285 819;
285 823;
286 104;
286 117;
286 128;
286 131;
286 133;
286 143;
286 148;
286 152;
286 154;
286 157;
286 161;
286 163;
286 165;
286 183;
286 185;
286 188;
286 193;
286 196;
286 202;
286 205;
286 215;
286 218;
286 223;
286 227;
286 229;
286 244;
286 248;
286 252;
286 258;
286 261;
286 267;
286 275;
286 277;
286 280;
286 283;
286 290;
286 294;
286 296;
286 307;
286 578;
286 583;
286 586;
286 588;
286 593;
286 604;
286 606;
286 610;
286 622;
286 626;
286 629;
286 631;
286 642;
286 650;
286 653;
286 655;
286 662;
286 667;
286 673;
286 679;
286 683;
286 685;
286 692;
286 696;
286 707;
286 713;
286 715;
286 718;
286 721;
286 726;
286 731;
286 817;
286 821;
287 10;
287 104;
287 107;
287 117;
287 128;
287 131;
287 133;
287 143;
287 148;
287 152;
287 154;
287 156;
287 160;
287 163;
287 165;
287 183;
287 185;
287 188;
287 193;
287 196;
287 202;
287 205;
287 212;
287 215;
287 218;
287 220;
287 223;
287 226;
287 229;
287 244;
287 248;
287 252;
287 258;
287 261;
287 264;
287 267;
287 274;
287 277;
287 280;
287 283;
287 290;
287 294;
287 296;
287 307;
287 311;
287 314;
287 380;
287 408;
287 445;
287 5;
287 511;
287 560;
287 567;
287 575;
287 578;
287 583;
287 585;
287 588;
287 592;
287 603;
287 606;
287 610;
287 613;
287 621;
287 625;
287 628;
287 631;
287 641;
287 649;
287 652;
287 655;
287 661;
287 664;
287 667;
287 673;
287 678;
287 683;
287 685;
287 689;
287 692;
287 696;
287 698;
287 707;
287 713;
287 715;
287 718;
287 721;
287 726;
287 731;
287 733;
287 76;
287 799;
287 825;
288 143;
288 168;
288 188;
288 254;
288 290;
288 563;
288 685;
288 692;
288 721;
288 806;
291 108;
291 118;
291 132;
291 134;
291 153;
291 155;
291 158;
291 162;
291 164;
291 171;
291 184;
291 197;
291 216;
291 219;
291 224;
291 228;
291 230;
291 247;
291 251;
291 253;
291 257;
291 259;
291 268;
291 276;
291 284;
291 293;
291 295;
291 299;
291 310;
291 409;
291 411;
291 566;
291 576;
291 584;
291 587;
291 591;
291 594;
291 605;
291 609;
291 623;
291 627;
291 630;
291 634;
291 643;
291 651;
291 654;
291 658;
291 663;
291 668;
291 674;
291 680;
291 684;
291 688;
291 690;
291 695;
291 697;
291 708;
291 714;
291 732;
291 809;
291 815;
291 818;
291 822;
293 100;
293 102;
293 111;
293 114;
293 115;
293 120;
293 121;
293 122;
293 125;
293 126;
293 137;
293 138;
293 139;
293 140;
293 175;
293 176;
293 180;
293 181;
293 199;
293 200;
293 210;
293 232;
293 233;
293 236;
293 237;
293 238;
293 241;
293 242;
293 271;
293 287;
293 288;
293 303;
293 304;
293 305;
293 31;
293 335;
293 361;
293 363;
293 388;
293 394;
293 397;
293 404;
293 406;
293 414;
293 425;
293 431;
293 434;
293 441;
293 443;
293 466;
293 492;
293 494;
293 519;
293 525;
293 528;
293 535;
293 537;
293 540;
293 546;
293 549;
293 556;
293 558;
293 57;
293 59;
293 596;
293 597;
293 600;
293 601;
293 636;
293 637;
293 645;
293 646;
293 647;
293 670;
293 671;
293 676;
293 710;
293 711;
293 754;
293 780;
293 782;
293 84;
293 90;
293 93;
294 145;
294 146;
294 190;
294 191;
294 291;
294 292;
294 30;
294 334;
294 345;
294 351;
294 364;
294 392;
294 398;
294 41;
294 421;
294 429;
294 435;
294 465;
294 47;
294 476;
294 482;
294 495;
294 523;
294 529;
294 544;
294 550;
294 60;
294 686;
294 687;
294 693;
294 694;
294 723;
294 724;
294 753;
294 764;
294 770;
294 783;
294 88;
294 94;
301 104;
301 105;
301 106;
301 108;
301 112;
301 114;
301 115;
301 116;
301 117;
301 119;
301 120;
301 121;
301 123;
301 124;
301 125;
301 130;
301 133;
301 136;
301 138;
301 139;
301 140;
301 141;
301 143;
301 145;
301 146;
301 147;
301 152;
301 153;
301 154;
301 156;
301 158;
301 159;
301 16;
301 162;
301 164;
301 166;
301 168;
301 169;
301 17;
301 171;
301 173;
301 174;
301 176;
301 177;
301 179;
301 180;
301 181;
301 183;
301 184;
301 185;
301 187;
301 189;
301 190;
301 191;
301 195;
301 197;
301 199;
301 205;
301 207;
301 209;
301 21;
301 215;
301 217;
301 218;
301 22;
301 222;
301 223;
301 224;
301 225;
301 227;
301 228;
301 229;
301 231;
301 232;
301 233;
301 235;
301 237;
301 238;
301 239;
301 240;
301 242;
301 244;
301 245;
301 246;
301 248;
301 249;
301 25;
301 250;
301 252;
301 254;
301 259;
301 26;
301 261;
301 264;
301 266;
301 267;
301 269;
301 27;
301 270;
301 272;
301 273;
301 274;
301 277;
301 280;
301 283;
301 285;
301 287;
301 289;
301 307;
301 310;
301 32;
301 320;
301 321;
301 325;
301 326;
301 329;
301 330;
301 331;
301 336;
301 338;
301 34;
301 341;
301 342;
301 346;
301 347;
301 350;
301 351;
301 352;
301 357;
301 359;
301 362;
301 363;
301 367;
301 368;
301 37;
301 371;
301 372;
301 373;
301 378;
301 38;
301 380;
301 383;
301 384;
301 388;
301 389;
301 392;
301 393;
301 394;
301 399;
301 401;
301 409;
301 42;
301 425;
301 429;
301 43;
301 430;
301 434;
301 435;
301 438;
301 439;
301 440;
301 445;
301 447;
301 450;
301 451;
301 455;
301 456;
301 459;
301 46;
301 460;
301 461;
301 466;
301 468;
301 47;
301 471;
301 472;
301 476;
301 477;
301 48;
301 480;
301 481;
301 482;
301 487;
301 489;
301 492;
301 493;
301 497;
301 498;
301 501;
301 502;
301 503;
301 508;
301 517;
301 518;
301 522;
301 523;
301 526;
301 527;
301 528;
301 53;
301 533;
301 539;
301 540;
301 541;
301 542;
301 543;
301 547;
301 548;
301 549;
301 55;
301 550;
301 551;
301 561;
301 563;
301 565;
301 577;
301 579;
301 58;
301 581;
301 582;
301 584;
301 586;
301 588;
301 59;
301 590;
301 594;
301 595;
301 596;
301 599;
301 6;
301 602;
301 606;
301 608;
301 609;
301 611;
301 613;
301 614;
301 615;
301 616;
301 617;
301 618;
301 622;
301 624;
301 626;
301 627;
301 628;
301 629;
301 63;
301 631;
301 632;
301 633;
301 637;
301 64;
301 641;
301 644;
301 646;
301 647;
301 649;
301 651;
301 653;
301 655;
301 656;
301 657;
301 658;
301 660;
301 662;
301 663;
301 665;
301 667;
301 669;
301 67;
301 670;
301 678;
301 68;
301 680;
301 681;
301 683;
301 684;
301 686;
301 69;
301 690;
301 692;
301 694;
301 695;
301 697;
301 704;
301 706;
301 707;
301 711;
301 715;
301 719;
301 722;
301 727;
301 730;
301 732;
301 737;
301 738;
301 74;
301 742;
301 743;
301 746;
301 747;
301 748;
301 753;
301 76;
301 760;
301 761;
301 765;
301 766;
301 769;
301 770;
301 771;
301 776;
301 783;
301 784;
301 788;
301 789;
301 79;
301 792;
301 793;
301 794;
301 799;
301 80;
301 814;
301 830;
301 84;
301 85;
301 88;
301 89;
301 90;
301 95;
301 97;
302 19;
302 323;
302 344;
302 365;
302 386;
302 40;
302 432;
302 453;
302 474;
302 495;
302 520;
302 61;
302 740;
302 763;
302 786;
302 82;
304 10;
304 100;
304 102;
304 107;
304 109;
304 114;
304 118;
304 129;
304 131;
304 138;
304 14;
304 142;
304 144;
304 150;
304 157;
304 163;
304 168;
304 170;
304 173;
304 178;
304 182;
304 188;
304 195;
304 197;
304 200;
304 210;
304 214;
304 217;
304 219;
304 234;
304 236;
304 243;
304 251;
304 254;
304 271;
304 278;
304 281;
304 292;
304 296;
304 303;
304 308;
304 311;
304 314;
304 318;
304 404;
304 406;
304 556;
304 566;
304 569;
304 572;
304 576;
304 578;
304 583;
304 593;
304 603;
304 610;
304 623;
304 634;
304 638;
304 642;
304 649;
304 653;
304 662;
304 665;
304 669;
304 671;
304 675;
304 680;
304 683;
304 685;
304 689;
304 691;
304 694;
304 696;
304 700;
304 703;
304 710;
304 714;
304 718;
304 720;
304 727;
304 732;
304 735;
304 806;
304 809;
304 811;
307 104;
307 115;
307 139;
307 174;
307 179;
307 231;
307 248;
307 264;
307 267;
307 283;
307 287;
307 579;
307 584;
307 588;
307 606;
307 611;
307 624;
307 631;
307 644;
307 704;
308 104;
308 112;
308 115;
308 136;
308 139;
308 161;
308 166;
308 171;
308 174;
308 179;
308 215;
308 231;
308 248;
308 252;
308 264;
308 267;
308 283;
308 287;
308 293;
308 300;
308 579;
308 584;
308 588;
308 606;
308 611;
308 624;
308 631;
308 644;
308 647;
308 651;
308 660;
308 663;
308 667;
308 678;
308 681;
308 686;
308 692;
308 697;
308 704;
308 707;
308 711;
308 715;
308 730;
309 104;
309 108;
309 112;
309 115;
309 130;
309 136;
309 139;
309 143;
309 156;
309 161;
309 166;
309 169;
309 171;
309 175;
309 177;
309 179;
309 187;
309 194;
309 199;
309 209;
309 215;
309 218;
309 231;
309 235;
309 242;
309 248;
309 252;
309 265;
309 268;
309 270;
309 277;
309 280;
309 284;
309 288;
309 293;
309 300;
309 307;
309 310;
309 510;
309 565;
309 577;
309 580;
309 582;
309 585;
309 589;
309 602;
309 607;
309 609;
309 612;
309 622;
309 625;
309 631;
309 637;
309 641;
309 645;
309 647;
309 651;
309 660;
309 663;
309 667;
309 670;
309 678;
309 681;
309 684;
309 686;
309 690;
309 692;
309 695;
309 697;
309 705;
309 707;
309 711;
309 715;
309 719;
309 726;
309 730;
310 104;
310 108;
310 112;
310 115;
310 127;
310 130;
310 136;
310 139;
310 143;
310 149;
310 156;
310 161;
310 166;
310 169;
310 171;
310 174;
310 177;
310 179;
310 187;
310 194;
310 199;
310 201;
310 209;
310 215;
310 218;
310 231;
310 235;
310 242;
310 248;
310 252;
310 255;
310 264;
310 267;
310 270;
310 277;
310 280;
310 283;
310 287;
310 290;
310 293;
310 300;
310 307;
310 310;
310 312;
310 403;
310 415;
310 535;
310 557;
310 565;
310 567;
310 570;
310 577;
310 579;
310 582;
310 584;
310 588;
310 591;
310 602;
310 606;
310 609;
310 611;
310 622;
310 624;
310 631;
310 637;
310 641;
310 644;
310 647;
310 651;
310 660;
310 663;
310 667;
310 670;
310 678;
310 681;
310 684;
310 686;
310 690;
310 692;
310 695;
310 697;
310 701;
310 704;
310 707;
310 711;
310 715;
310 719;
310 726;
310 730;
310 733;
310 755;
310 778;
310 8;
310 801;
310 805;
310 808;
310 820;
310 99;
311 11;
311 211;
311 293;
311 300;
311 315;
311 553;
311 672;
311 686;
311 697;
311 707;
311 711;
311 715;
314 100;
314 102;
314 107;
314 109;
314 118;
314 131;
314 14;
314 142;
314 144;
314 150;
314 157;
314 170;
314 176;
314 178;
314 182;
314 188;
314 195;
314 197;
314 200;
314 210;
314 214;
314 219;
314 234;
314 236;
314 243;
314 251;
314 266;
314 269;
314 271;
314 278;
314 281;
314 285;
314 289;
314 296;
314 303;
314 308;
314 311;
314 318;
314 404;
314 406;
314 556;
314 566;
314 578;
314 581;
314 583;
314 586;
314 590;
314 603;
314 608;
314 610;
314 613;
314 623;
314 626;
314 634;
314 638;
314 642;
314 646;
314 671;
314 675;
314 685;
314 689;
314 691;
314 696;
314 700;
314 706;
314 710;
314 714;
314 718;
314 720;
314 727;
314 806;
314 809;
314 811;
316 120;
316 121;
316 124;
316 125;
316 133;
316 146;
316 147;
316 153;
316 154;
316 159;
316 16;
316 184;
316 185;
316 190;
316 191;
316 22;
316 223;
316 224;
316 225;
316 228;
316 229;
316 238;
316 239;
316 240;
316 245;
316 246;
316 25;
316 273;
316 274;
316 32;
316 320;
316 326;
316 329;
316 336;
316 338;
316 34;
316 341;
316 347;
316 350;
316 357;
316 359;
316 362;
316 368;
316 37;
316 371;
316 378;
316 380;
316 383;
316 389;
316 392;
316 399;
316 401;
316 409;
316 429;
316 43;
316 435;
316 438;
316 445;
316 447;
316 450;
316 456;
316 459;
316 46;
316 466;
316 468;
316 471;
316 477;
316 480;
316 487;
316 489;
316 492;
316 498;
316 501;
316 508;
316 517;
316 523;
316 526;
316 53;
316 533;
316 540;
316 541;
316 542;
316 543;
316 548;
316 549;
316 55;
316 550;
316 551;
316 58;
316 595;
316 596;
316 599;
316 6;
316 615;
316 616;
316 617;
316 618;
316 628;
316 629;
316 64;
316 655;
316 656;
316 657;
316 658;
316 67;
316 722;
316 737;
316 74;
316 743;
316 746;
316 753;
316 76;
316 760;
316 766;
316 769;
316 776;
316 783;
316 789;
316 79;
316 792;
316 799;
316 814;
316 85;
316 88;
316 95;
316 97;
317 20;
317 26;
317 294;
317 295;
317 297;
317 298;
317 301;
317 302;
317 304;
317 305;
317 324;
317 330;
317 345;
317 351;
317 366;
317 372;
317 387;
317 393;
317 41;
317 425;
317 433;
317 439;
317 454;
317 460;
317 47;
317 475;
317 481;
317 496;
317 502;
317 521;
317 527;
317 62;
317 68;
317 687;
317 688;
317 698;
317 699;
317 708;
317 709;
317 712;
317 713;
317 716;
317 717;
317 741;
317 747;
317 764;
317 770;
317 787;
317 793;
317 83;
317 830;
317 89;
324 107;
324 109;
324 11;
324 110;
324 112;
324 113;
324 115;
324 116;
324 118;
324 119;
324 120;
324 121;
324 123;
324 125;
324 126;
324 128;
324 130;
324 137;
324 139;
324 140;
324 142;
324 143;
324 144;
324 147;
324 149;
324 151;
324 152;
324 154;
324 155;
324 156;
324 157;
324 16;
324 168;
324 169;
324 17;
324 170;
324 171;
324 173;
324 175;
324 177;
324 181;
324 183;
324 184;
324 186;
324 187;
324 189;
324 191;
324 195;
324 197;
324 198;
324 200;
324 202;
324 209;
324 21;
324 210;
324 211;
324 212;
324 215;
324 218;
324 219;
324 22;
324 220;
324 222;
324 224;
324 225;
324 227;
324 229;
324 232;
324 234;
324 235;
324 237;
324 238;
324 240;
324 242;
324 243;
324 245;
324 247;
324 248;
324 249;
324 25;
324 251;
324 253;
324 26;
324 260;
324 261;
324 267;
324 269;
324 27;
324 270;
324 273;
324 276;
324 297;
324 299;
324 300;
324 303;
324 307;
324 310;
324 312;
324 32;
324 320;
324 321;
324 325;
324 326;
324 329;
324 330;
324 331;
324 336;
324 338;
324 341;
324 342;
324 346;
324 347;
324 350;
324 351;
324 352;
324 357;
324 359;
324 362;
324 363;
324 367;
324 368;
324 371;
324 372;
324 373;
324 378;
324 380;
324 383;
324 384;
324 388;
324 389;
324 39;
324 392;
324 393;
324 394;
324 399;
324 40;
324 401;
324 407;
324 414;
324 428;
324 429;
324 430;
324 431;
324 432;
324 437;
324 438;
324 44;
324 442;
324 443;
324 446;
324 447;
324 448;
324 45;
324 453;
324 460;
324 461;
324 465;
324 466;
324 469;
324 470;
324 471;
324 476;
324 478;
324 48;
324 481;
324 482;
324 486;
324 487;
324 49;
324 490;
324 491;
324 492;
324 497;
324 50;
324 504;
324 505;
324 509;
324 510;
324 513;
324 514;
324 515;
324 520;
324 529;
324 531;
324 533;
324 534;
324 535;
324 536;
324 537;
324 543;
324 545;
324 55;
324 550;
324 551;
324 557;
324 559;
324 560;
324 562;
324 563;
324 564;
324 57;
324 570;
324 573;
324 576;
324 578;
324 579;
324 580;
324 581;
324 582;
324 583;
324 585;
324 587;
324 588;
324 589;
324 590;
324 591;
324 592;
324 594;
324 596;
324 597;
324 599;
324 60;
324 601;
324 603;
324 605;
324 606;
324 607;
324 61;
324 610;
324 611;
324 612;
324 615;
324 616;
324 617;
324 621;
324 623;
324 627;
324 629;
324 632;
324 634;
324 637;
324 641;
324 643;
324 648;
324 65;
324 650;
324 651;
324 652;
324 658;
324 66;
324 660;
324 662;
324 665;
324 667;
324 668;
324 669;
324 671;
324 673;
324 674;
324 675;
324 676;
324 69;
324 697;
324 699;
324 70;
324 700;
324 701;
324 702;
324 705;
324 707;
324 708;
324 709;
324 71;
324 711;
324 713;
324 715;
324 716;
324 717;
324 718;
324 720;
324 721;
324 722;
324 724;
324 726;
324 734;
324 735;
324 739;
324 740;
324 743;
324 744;
324 745;
324 750;
324 759;
324 76;
324 760;
324 764;
324 765;
324 768;
324 769;
324 770;
324 775;
324 78;
324 782;
324 783;
324 787;
324 788;
324 791;
324 792;
324 793;
324 798;
324 804;
324 806;
324 813;
324 820;
324 9;
325 19;
325 323;
325 344;
325 365;
325 386;
325 42;
325 440;
325 463;
325 484;
325 507;
325 63;
325 737;
325 762;
325 785;
327 101;
327 105;
327 109;
327 112;
327 115;
327 118;
327 125;
327 128;
327 133;
327 136;
327 139;
327 142;
327 154;
327 160;
327 163;
327 165;
327 175;
327 180;
327 183;
327 186;
327 189;
327 194;
327 197;
327 200;
327 205;
327 208;
327 216;
327 221;
327 224;
327 226;
327 229;
327 239;
327 244;
327 246;
327 252;
327 254;
327 258;
327 265;
327 268;
327 277;
327 279;
327 281;
327 286;
327 293;
327 299;
327 301;
327 306;
327 308;
327 312;
327 316;
327 404;
327 419;
327 422;
327 426;
327 530;
327 556;
327 559;
327 561;
327 568;
327 571;
327 608;
327 613;
327 618;
327 626;
327 634;
327 638;
327 643;
327 647;
327 649;
327 656;
327 660;
327 666;
327 670;
327 672;
327 684;
327 692;
327 696;
327 698;
327 706;
327 710;
327 712;
327 715;
327 726;
327 730;
327 806;
327 808;
327 810;
327 82;
327 825;
327 828;
327 832;
327 86;
327 90;
327 95;
330 149;
330 176;
330 190;
330 201;
330 218;
330 232;
330 235;
330 240;
330 576;
330 585;
330 594;
330 597;
330 601;
330 605;
330 621;
330 627;
330 667;
330 680;
330 686;
330 707;
330 87;
331 101;
331 105;
331 107;
331 110;
331 113;
331 116;
331 123;
331 126;
331 130;
331 137;
331 140;
331 149;
331 152;
331 168;
331 173;
331 176;
331 181;
331 184;
331 187;
331 190;
331 195;
331 198;
331 201;
331 218;
331 222;
331 227;
331 232;
331 235;
331 240;
331 283;
331 290;
331 297;
331 303;
331 310;
331 528;
331 557;
331 576;
331 585;
331 594;
331 597;
331 601;
331 605;
331 621;
331 627;
331 632;
331 641;
331 658;
331 667;
331 680;
331 686;
331 707;
331 713;
331 724;
331 804;
331 98;
332 103;
332 107;
332 110;
332 113;
332 116;
332 123;
332 126;
332 130;
332 137;
332 140;
332 150;
332 152;
332 173;
332 176;
332 181;
332 184;
332 187;
332 190;
332 195;
332 198;
332 201;
332 215;
332 218;
332 222;
332 225;
332 227;
332 233;
332 236;
332 238;
332 241;
332 243;
332 245;
332 251;
332 253;
332 267;
332 276;
332 283;
332 290;
332 297;
332 300;
332 303;
332 307;
332 310;
332 522;
332 528;
332 557;
332 560;
332 570;
332 577;
332 586;
332 595;
332 598;
332 602;
332 605;
332 622;
332 628;
332 632;
332 637;
332 641;
332 648;
332 658;
332 665;
332 667;
332 671;
332 680;
332 686;
332 697;
332 705;
332 707;
332 711;
332 713;
332 724;
332 752;
332 804;
332 99;
333 107;
333 110;
333 113;
333 116;
333 123;
333 126;
333 130;
333 134;
333 137;
333 140;
333 149;
333 152;
333 159;
333 162;
333 173;
333 176;
333 181;
333 184;
333 187;
333 190;
333 195;
333 198;
333 201;
333 206;
333 215;
333 218;
333 222;
333 225;
333 227;
333 232;
333 235;
333 238;
333 240;
333 243;
333 245;
333 251;
333 253;
333 263;
333 267;
333 276;
333 278;
333 283;
333 290;
333 297;
333 300;
333 303;
333 307;
333 310;
333 34;
333 403;
333 417;
333 420;
333 455;
333 499;
333 5;
333 528;
333 539;
333 557;
333 560;
333 566;
333 570;
333 576;
333 585;
333 594;
333 597;
333 601;
333 605;
333 621;
333 624;
333 627;
333 632;
333 637;
333 641;
333 648;
333 654;
333 658;
333 665;
333 667;
333 671;
333 680;
333 687;
333 697;
333 705;
333 707;
333 711;
333 713;
333 724;
333 777;
333 80;
333 800;
333 804;
333 807;
333 823;
333 826;
334 130;
334 176;
334 190;
334 201;
334 255;
334 283;
334 290;
334 303;
334 313;
334 553;
334 644;
334 680;
334 693;
334 727;
334 83;
337 100;
337 104;
337 133;
337 151;
337 160;
337 163;
337 165;
337 172;
337 216;
337 221;
337 226;
337 234;
337 237;
337 239;
337 242;
337 244;
337 246;
337 252;
337 254;
337 258;
337 268;
337 277;
337 279;
337 281;
337 286;
337 293;
337 301;
337 306;
337 308;
337 316;
337 404;
337 556;
337 561;
337 571;
337 578;
337 587;
337 596;
337 599;
337 603;
337 608;
337 613;
337 618;
337 623;
337 629;
337 638;
337 647;
337 649;
337 666;
337 670;
337 672;
337 696;
337 698;
337 706;
337 710;
337 712;
337 730;
337 808;
337 810;
337 86;
337 90;
337 95;
339 120;
339 121;
339 144;
339 147;
339 156;
339 157;
339 16;
339 210;
339 211;
339 212;
339 22;
339 248;
339 249;
339 25;
339 261;
339 270;
339 273;
339 32;
339 320;
339 326;
339 329;
339 336;
339 338;
339 341;
339 347;
339 350;
339 357;
339 359;
339 362;
339 368;
339 371;
339 378;
339 380;
339 383;
339 389;
339 39;
339 392;
339 399;
339 401;
339 407;
339 429;
339 430;
339 431;
339 432;
339 437;
339 443;
339 446;
339 45;
339 453;
339 460;
339 466;
339 469;
339 476;
339 478;
339 48;
339 481;
339 487;
339 490;
339 497;
339 504;
339 510;
339 513;
339 520;
339 534;
339 535;
339 536;
339 537;
339 55;
339 550;
339 563;
339 564;
339 57;
339 573;
339 580;
339 581;
339 582;
339 583;
339 589;
339 590;
339 591;
339 592;
339 60;
339 651;
339 652;
339 66;
339 662;
339 674;
339 675;
339 676;
339 69;
339 700;
339 701;
339 702;
339 717;
339 718;
339 721;
339 722;
339 734;
339 740;
339 743;
339 750;
339 759;
339 76;
339 765;
339 768;
339 775;
339 78;
339 782;
339 788;
339 791;
339 798;
339 813;
340 131;
340 132;
340 178;
340 179;
340 192;
340 193;
340 20;
340 203;
340 204;
340 26;
340 284;
340 286;
340 287;
340 288;
340 291;
340 293;
340 294;
340 295;
340 304;
340 305;
340 324;
340 330;
340 345;
340 351;
340 366;
340 372;
340 387;
340 393;
340 414;
340 43;
340 441;
340 447;
340 464;
340 470;
340 485;
340 49;
340 491;
340 508;
340 514;
340 64;
340 681;
340 682;
340 684;
340 685;
340 686;
340 689;
340 690;
340 691;
340 70;
340 738;
340 744;
340 763;
340 769;
340 786;
340 792;
340 820;
347 104;
347 108;
347 110;
347 111;
347 113;
347 114;
347 116;
347 117;
347 119;
347 120;
347 122;
347 123;
347 125;
347 126;
347 128;
347 130;
347 133;
347 135;
347 136;
347 138;
347 142;
347 143;
347 144;
347 146;
347 148;
347 149;
347 151;
347 152;
347 154;
347 16;
347 17;
347 170;
347 172;
347 174;
347 175;
347 177;
347 178;
347 180;
347 194;
347 202;
347 203;
347 204;
347 205;
347 209;
347 21;
347 211;
347 215;
347 216;
347 217;
347 218;
347 22;
347 220;
347 222;
347 223;
347 224;
347 228;
347 230;
347 231;
347 233;
347 234;
347 235;
347 237;
347 239;
347 241;
347 243;
347 245;
347 247;
347 248;
347 25;
347 250;
347 26;
347 261;
347 265;
347 266;
347 267;
347 268;
347 27;
347 271;
347 272;
347 273;
347 274;
347 276;
347 278;
347 279;
347 280;
347 281;
347 288;
347 290;
347 291;
347 292;
347 293;
347 297;
347 299;
347 300;
347 301;
347 307;
347 308;
347 318;
347 319;
347 32;
347 323;
347 324;
347 327;
347 328;
347 329;
347 334;
347 336;
347 34;
347 341;
347 342;
347 346;
347 347;
347 350;
347 351;
347 352;
347 357;
347 359;
347 362;
347 363;
347 367;
347 368;
347 37;
347 371;
347 372;
347 373;
347 378;
347 38;
347 380;
347 385;
347 386;
347 390;
347 391;
347 394;
347 395;
347 396;
347 401;
347 403;
347 413;
347 415;
347 419;
347 42;
347 420;
347 43;
347 431;
347 432;
347 436;
347 437;
347 440;
347 441;
347 442;
347 447;
347 456;
347 457;
347 46;
347 461;
347 462;
347 465;
347 466;
347 467;
347 47;
347 472;
347 474;
347 479;
347 48;
347 480;
347 484;
347 485;
347 488;
347 489;
347 490;
347 495;
347 502;
347 503;
347 507;
347 508;
347 511;
347 512;
347 513;
347 518;
347 527;
347 528;
347 529;
347 53;
347 531;
347 536;
347 538;
347 541;
347 543;
347 545;
347 547;
347 55;
347 561;
347 563;
347 565;
347 567;
347 568;
347 569;
347 575;
347 58;
347 582;
347 584;
347 585;
347 587;
347 588;
347 59;
347 590;
347 592;
347 594;
347 595;
347 597;
347 599;
347 601;
347 602;
347 603;
347 609;
347 611;
347 613;
347 621;
347 623;
347 624;
347 625;
347 626;
347 628;
347 629;
347 63;
347 630;
347 632;
347 635;
347 637;
347 64;
347 640;
347 646;
347 648;
347 649;
347 651;
347 652;
347 653;
347 655;
347 657;
347 659;
347 665;
347 667;
347 669;
347 67;
347 677;
347 679;
347 68;
347 680;
347 682;
347 685;
347 687;
347 689;
347 69;
347 690;
347 692;
347 695;
347 697;
347 698;
347 699;
347 701;
347 703;
347 704;
347 706;
347 708;
347 709;
347 713;
347 715;
347 717;
347 722;
347 724;
347 730;
347 732;
347 737;
347 738;
347 74;
347 742;
347 743;
347 746;
347 747;
347 748;
347 753;
347 76;
347 760;
347 761;
347 765;
347 766;
347 769;
347 770;
347 771;
347 776;
347 782;
347 784;
347 786;
347 787;
347 79;
347 791;
347 792;
347 795;
347 796;
347 797;
347 80;
347 802;
347 808;
347 810;
347 811;
347 813;
347 815;
347 816;
347 817;
347 818;
347 820;
347 822;
347 823;
347 825;
347 826;
347 84;
347 85;
347 88;
347 89;
347 90;
347 95;
347 97;
348 19;
348 321;
348 344;
348 365;
348 388;
348 40;
348 434;
348 459;
348 482;
348 505;
348 61;
348 740;
348 763;
348 789;
348 82;
350 11;
350 110;
350 113;
350 116;
350 119;
350 122;
350 125;
350 128;
350 13;
350 135;
350 138;
350 140;
350 148;
350 151;
350 154;
350 161;
350 169;
350 171;
350 174;
350 177;
350 180;
350 185;
350 193;
350 195;
350 199;
350 211;
350 214;
350 221;
350 230;
350 232;
350 238;
350 244;
350 249;
350 253;
350 256;
350 260;
350 262;
350 282;
350 286;
350 289;
350 298;
350 306;
350 312;
350 316;
350 408;
350 424;
350 428;
350 534;
350 537;
350 542;
350 547;
350 551;
350 555;
350 566;
350 574;
350 576;
350 579;
350 584;
350 587;
350 589;
350 591;
350 594;
350 596;
350 608;
350 610;
350 613;
350 616;
350 620;
350 636;
350 638;
350 644;
350 648;
350 650;
350 656;
350 659;
350 661;
350 663;
350 666;
350 669;
350 673;
350 679;
350 682;
350 686;
350 689;
350 692;
350 696;
350 7;
350 703;
350 705;
350 708;
350 712;
350 715;
350 718;
350 723;
350 822;
350 825;
350 827;
350 831;
351 837;
353 157;
353 163;
353 181;
353 187;
353 239;
353 245;
353 276;
353 279;
353 597;
353 621;
353 782;
353 808;
353 811;
354 108;
354 111;
354 114;
354 117;
354 120;
354 123;
354 126;
354 133;
354 136;
354 146;
354 149;
354 152;
354 157;
354 163;
354 172;
354 175;
354 178;
354 181;
354 187;
354 209;
354 228;
354 239;
354 245;
354 250;
354 265;
354 276;
354 279;
354 290;
354 531;
354 535;
354 540;
354 545;
354 548;
354 551;
354 555;
354 582;
354 585;
354 592;
354 597;
354 611;
354 621;
354 646;
354 657;
354 667;
354 670;
354 677;
354 680;
354 687;
354 690;
354 701;
354 706;
354 709;
354 713;
354 721;
354 782;
354 808;
354 811;
354 820;
354 823;
355 108;
355 111;
355 114;
355 117;
355 120;
355 123;
355 126;
355 133;
355 136;
355 146;
355 149;
355 152;
355 157;
355 163;
355 170;
355 172;
355 175;
355 178;
355 181;
355 187;
355 194;
355 209;
355 220;
355 228;
355 231;
355 237;
355 240;
355 243;
355 246;
355 248;
355 250;
355 261;
355 277;
355 279;
355 288;
355 297;
355 449;
355 520;
355 531;
355 535;
355 540;
355 545;
355 549;
355 553;
355 565;
355 575;
355 582;
355 585;
355 588;
355 590;
355 592;
355 595;
355 598;
355 609;
355 611;
355 622;
355 635;
355 637;
355 646;
355 649;
355 655;
355 657;
355 665;
355 667;
355 670;
355 677;
355 680;
355 685;
355 687;
355 690;
355 695;
355 701;
355 704;
355 706;
355 709;
355 713;
355 717;
355 721;
355 783;
355 809;
355 812;
355 820;
355 823;
355 826;
356 108;
356 111;
356 114;
356 117;
356 12;
356 120;
356 123;
356 126;
356 133;
356 136;
356 139;
356 146;
356 149;
356 152;
356 157;
356 164;
356 170;
356 172;
356 175;
356 178;
356 181;
356 188;
356 194;
356 209;
356 212;
356 220;
356 228;
356 231;
356 237;
356 239;
356 243;
356 245;
356 248;
356 250;
356 254;
356 261;
356 276;
356 279;
356 288;
356 297;
356 310;
356 409;
356 422;
356 497;
356 5;
356 531;
356 535;
356 540;
356 545;
356 557;
356 565;
356 575;
356 577;
356 582;
356 585;
356 588;
356 590;
356 592;
356 595;
356 597;
356 609;
356 611;
356 614;
356 621;
356 635;
356 637;
356 642;
356 646;
356 649;
356 655;
356 657;
356 660;
356 665;
356 667;
356 670;
356 677;
356 680;
356 685;
356 687;
356 690;
356 695;
356 701;
356 704;
356 706;
356 709;
356 713;
356 717;
356 721;
356 726;
356 755;
356 778;
356 782;
356 804;
356 808;
356 811;
356 820;
356 823;
356 826;
357 0;
357 157;
357 181;
357 196;
357 250;
357 257;
357 283;
357 303;
357 405;
357 531;
357 571;
357 605;
357 670;
357 709;
357 8;
357 828;
357 837;
358 837;
359 837;
360 11;
360 13;
360 140;
360 171;
360 195;
360 199;
360 221;
360 232;
360 238;
360 241;
360 244;
360 247;
360 249;
360 253;
360 260;
360 262;
360 269;
360 278;
360 282;
360 286;
360 289;
360 294;
360 298;
360 306;
360 408;
360 534;
360 550;
360 554;
360 566;
360 574;
360 576;
360 589;
360 591;
360 596;
360 599;
360 608;
360 610;
360 623;
360 636;
360 638;
360 650;
360 656;
360 661;
360 663;
360 666;
360 673;
360 686;
360 696;
360 705;
360 712;
360 718;
360 784;
360 810;
360 813;
360 827;
360 831;
360 837;
361 837;
362 130;
362 143;
362 144;
362 16;
362 203;
362 204;
362 205;
362 216;
362 217;
362 218;
362 22;
362 223;
362 224;
362 234;
362 235;
362 25;
362 271;
362 272;
362 273;
362 274;
362 300;
362 301;
362 308;
362 318;
362 32;
362 324;
362 327;
362 334;
362 336;
362 34;
362 341;
362 347;
362 350;
362 357;
362 359;
362 362;
362 368;
362 37;
362 371;
362 378;
362 380;
362 385;
362 391;
362 394;
362 401;
362 403;
362 420;
362 43;
362 431;
362 437;
362 440;
362 447;
362 456;
362 46;
362 462;
362 465;
362 472;
362 474;
362 479;
362 485;
362 488;
362 495;
362 502;
362 508;
362 511;
362 518;
362 527;
362 53;
362 55;
362 568;
362 569;
362 58;
362 602;
362 603;
362 625;
362 626;
362 64;
362 640;
362 652;
362 653;
362 67;
362 698;
362 699;
362 737;
362 74;
362 743;
362 746;
362 753;
362 76;
362 760;
362 766;
362 769;
362 776;
362 786;
362 79;
362 792;
362 795;
362 802;
362 815;
362 816;
362 817;
362 818;
362 85;
362 88;
362 95;
362 97;
363 104;
363 158;
363 159;
363 161;
363 163;
363 167;
363 168;
363 182;
363 183;
363 185;
363 186;
363 187;
363 190;
363 191;
363 192;
363 20;
363 251;
363 252;
363 26;
363 322;
363 328;
363 345;
363 351;
363 366;
363 372;
363 389;
363 395;
363 41;
363 435;
363 441;
363 460;
363 466;
363 47;
363 483;
363 489;
363 506;
363 512;
363 528;
363 532;
363 533;
363 62;
363 632;
363 671;
363 673;
363 674;
363 675;
363 68;
363 710;
363 711;
363 741;
363 747;
363 764;
363 770;
363 790;
363 796;
363 83;
363 89;
368 837;
369 837;
370 103;
370 108;
370 110;
370 111;
370 113;
370 114;
370 116;
370 117;
370 119;
370 123;
370 125;
370 126;
370 128;
370 130;
370 133;
370 135;
370 136;
370 138;
370 139;
370 141;
370 142;
370 144;
370 145;
370 147;
370 148;
370 150;
370 151;
370 153;
370 16;
370 168;
370 17;
370 170;
370 172;
370 173;
370 174;
370 176;
370 177;
370 179;
370 180;
370 185;
370 205;
370 207;
370 209;
370 21;
370 210;
370 211;
370 213;
370 215;
370 216;
370 217;
370 22;
370 241;
370 243;
370 245;
370 246;
370 248;
370 25;
370 250;
370 251;
370 252;
370 253;
370 254;
370 256;
370 259;
370 26;
370 261;
370 266;
370 268;
370 27;
370 271;
370 272;
370 274;
370 275;
370 281;
370 283;
370 285;
370 286;
370 287;
370 291;
370 292;
370 293;
370 297;
370 299;
370 300;
370 302;
370 303;
370 307;
370 308;
370 309;
370 310;
370 32;
370 321;
370 323;
370 325;
370 327;
370 328;
370 329;
370 330;
370 332;
370 335;
370 336;
370 34;
370 340;
370 341;
370 344;
370 345;
370 346;
370 351;
370 353;
370 356;
370 357;
370 361;
370 362;
370 365;
370 366;
370 367;
370 37;
370 372;
370 374;
370 38;
370 380;
370 396;
370 399;
370 400;
370 402;
370 405;
370 407;
370 409;
370 42;
370 43;
370 442;
370 444;
370 447;
370 448;
370 452;
370 453;
370 456;
370 457;
370 458;
370 46;
370 463;
370 47;
370 472;
370 473;
370 477;
370 478;
370 48;
370 481;
370 482;
370 483;
370 488;
370 499;
370 503;
370 504;
370 53;
370 531;
370 532;
370 538;
370 540;
370 55;
370 551;
370 563;
370 565;
370 568;
370 571;
370 575;
370 577;
370 578;
370 58;
370 582;
370 584;
370 586;
370 588;
370 589;
370 59;
370 590;
370 596;
370 601;
370 603;
370 605;
370 607;
370 609;
370 610;
370 612;
370 614;
370 615;
370 617;
370 618;
370 619;
370 628;
370 63;
370 634;
370 636;
370 637;
370 639;
370 64;
370 641;
370 643;
370 644;
370 646;
370 651;
370 653;
370 655;
370 657;
370 658;
370 660;
370 662;
370 663;
370 665;
370 667;
370 67;
370 670;
370 672;
370 674;
370 675;
370 676;
370 68;
370 682;
370 684;
370 686;
370 688;
370 69;
370 695;
370 699;
370 701;
370 702;
370 704;
370 706;
370 708;
370 709;
370 711;
370 712;
370 713;
370 715;
370 717;
370 719;
370 721;
370 723;
370 728;
370 730;
370 734;
370 735;
370 739;
370 74;
370 740;
370 743;
370 744;
370 745;
370 750;
370 759;
370 76;
370 760;
370 764;
370 765;
370 768;
370 769;
370 770;
370 775;
370 785;
370 787;
370 789;
370 790;
370 792;
370 794;
370 795;
370 797;
370 803;
370 811;
370 813;
370 816;
370 819;
370 823;
370 824;
370 837;
370 87;
371 19;
371 338;
371 359;
371 40;
371 450;
371 475;
371 61;
371 737;
371 762;
371 837;
372 837;
373 10;
373 110;
373 113;
373 116;
373 119;
373 122;
373 125;
373 128;
373 135;
373 138;
373 14;
373 141;
373 144;
373 147;
373 150;
373 153;
373 158;
373 166;
373 169;
373 172;
373 200;
373 214;
373 221;
373 225;
373 232;
373 240;
373 243;
373 250;
373 259;
373 261;
373 265;
373 268;
373 288;
373 294;
373 306;
373 314;
373 318;
373 321;
373 323;
373 325;
373 377;
373 405;
373 407;
373 409;
373 413;
373 417;
373 421;
373 426;
373 432;
373 436;
373 509;
373 515;
373 521;
373 527;
373 543;
373 546;
373 548;
373 565;
373 569;
373 572;
373 577;
373 579;
373 583;
373 586;
373 595;
373 597;
373 600;
373 603;
373 609;
373 611;
373 614;
373 616;
373 622;
373 624;
373 629;
373 631;
373 638;
373 640;
373 643;
373 645;
373 647;
373 650;
373 653;
373 657;
373 659;
373 664;
373 667;
373 672;
373 688;
373 692;
373 698;
373 7;
373 701;
373 704;
373 708;
373 710;
373 716;
373 722;
373 727;
373 730;
373 784;
373 786;
373 789;
373 79;
373 791;
373 797;
373 800;
373 813;
373 816;
373 819;
373 82;
373 828;
373 832;
373 837;
373 84;
374 837;
375 837;
376 154;
376 160;
376 228;
376 234;
376 285;
376 291;
376 297;
376 300;
376 418;
376 634;
376 660;
376 717;
376 792;
376 837;
377 108;
377 111;
377 114;
377 117;
377 123;
377 126;
377 133;
377 136;
377 139;
377 142;
377 145;
377 148;
377 151;
377 154;
377 160;
377 170;
377 228;
377 234;
377 241;
377 248;
377 266;
377 285;
377 291;
377 297;
377 300;
377 303;
377 307;
377 429;
377 432;
377 436;
377 506;
377 563;
377 575;
377 584;
377 601;
377 607;
377 612;
377 634;
377 641;
377 651;
377 655;
377 660;
377 665;
377 670;
377 686;
377 689;
377 699;
377 702;
377 706;
377 717;
377 720;
377 728;
377 787;
377 792;
377 795;
377 811;
377 837;
378 108;
378 111;
378 114;
378 117;
378 123;
378 126;
378 133;
378 136;
378 139;
378 142;
378 145;
378 148;
378 151;
378 154;
378 160;
378 168;
378 170;
378 182;
378 213;
378 228;
378 234;
378 241;
378 248;
378 258;
378 266;
378 285;
378 291;
378 298;
378 301;
378 303;
378 320;
378 404;
378 430;
378 434;
378 465;
378 490;
378 506;
378 563;
378 568;
378 571;
378 575;
378 578;
378 582;
378 584;
378 596;
378 601;
378 607;
378 610;
378 612;
378 615;
378 628;
378 635;
378 637;
378 639;
378 641;
378 644;
378 646;
378 651;
378 655;
378 658;
378 661;
378 663;
378 665;
378 670;
378 686;
378 689;
378 699;
378 702;
378 706;
378 709;
378 715;
378 718;
378 720;
378 728;
378 752;
378 777;
378 785;
378 787;
378 790;
378 793;
378 795;
378 802;
378 811;
378 815;
378 818;
378 837;
379 108;
379 111;
379 114;
379 117;
379 120;
379 123;
379 126;
379 133;
379 136;
379 139;
379 142;
379 145;
379 148;
379 151;
379 154;
379 161;
379 168;
379 170;
379 182;
379 201;
379 213;
379 219;
379 228;
379 235;
379 241;
379 248;
379 258;
379 263;
379 266;
379 277;
379 285;
379 291;
379 297;
379 300;
379 303;
379 312;
379 320;
379 376;
379 386;
379 404;
379 411;
379 438;
379 5;
379 506;
379 534;
379 542;
379 545;
379 557;
379 563;
379 568;
379 571;
379 575;
379 578;
379 582;
379 584;
379 596;
379 598;
379 601;
379 607;
379 610;
379 612;
379 615;
379 621;
379 628;
379 630;
379 634;
379 637;
379 639;
379 641;
379 644;
379 646;
379 648;
379 651;
379 655;
379 658;
379 660;
379 663;
379 665;
379 670;
379 678;
379 686;
379 689;
379 699;
379 702;
379 706;
379 709;
379 715;
379 717;
379 720;
379 725;
379 728;
379 78;
379 785;
379 787;
379 790;
379 792;
379 795;
379 798;
379 8;
379 802;
379 81;
379 811;
379 815;
379 818;
379 826;
379 837;
379 93;
380 154;
380 197;
380 228;
380 303;
380 315;
380 414;
380 506;
380 592;
380 689;
380 781;
380 829;
380 837;
381 837;
382 837;
383 169;
383 200;
383 214;
383 259;
383 261;
383 288;
383 294;
383 299;
383 302;
383 306;
383 318;
383 321;
383 323;
383 325;
383 377;
383 405;
383 407;
383 409;
383 417;
383 421;
383 426;
383 431;
383 435;
383 509;
383 515;
383 521;
383 527;
383 543;
383 546;
383 548;
383 569;
383 572;
383 579;
383 583;
383 595;
383 597;
383 611;
383 616;
383 622;
383 624;
383 629;
383 631;
383 636;
383 638;
383 640;
383 645;
383 647;
383 659;
383 662;
383 664;
383 692;
383 698;
383 710;
383 716;
383 719;
383 784;
383 786;
383 79;
383 791;
383 794;
383 816;
383 819;
383 82;
383 832;
383 837;
383 84;
384 803;
384 837;
385 130;
385 16;
385 174;
385 177;
385 180;
385 210;
385 211;
385 216;
385 217;
385 22;
385 245;
385 25;
385 252;
385 253;
385 254;
385 256;
385 271;
385 275;
385 308;
385 309;
385 310;
385 32;
385 328;
385 329;
385 330;
385 332;
385 335;
385 34;
385 341;
385 344;
385 351;
385 353;
385 356;
385 362;
385 365;
385 37;
385 372;
385 374;
385 380;
385 400;
385 402;
385 43;
385 447;
385 453;
385 456;
385 46;
385 463;
385 472;
385 478;
385 481;
385 488;
385 503;
385 53;
385 532;
385 55;
385 551;
385 58;
385 589;
385 590;
385 605;
385 618;
385 619;
385 64;
385 67;
385 674;
385 675;
385 676;
385 712;
385 713;
385 734;
385 74;
385 740;
385 743;
385 750;
385 759;
385 76;
385 765;
385 768;
385 775;
385 824;
385 837;
385 87;
386 103;
386 155;
386 156;
386 158;
386 159;
386 160;
386 163;
386 164;
386 165;
386 20;
386 229;
386 230;
386 232;
386 233;
386 234;
386 237;
386 238;
386 239;
386 26;
386 304;
386 305;
386 339;
386 345;
386 360;
386 366;
386 396;
386 41;
386 451;
386 457;
386 47;
386 476;
386 482;
386 499;
386 507;
386 509;
386 511;
386 513;
386 515;
386 517;
386 519;
386 521;
386 523;
386 525;
386 526;
386 528;
386 529;
386 62;
386 68;
386 690;
386 691;
386 693;
386 694;
386 696;
386 697;
386 738;
386 744;
386 763;
386 769;
386 837;
387 837;
388 837;
389 837;
390 837;
391 837;
392 837;
393 105;
393 106;
393 11;
393 110;
393 111;
393 114;
393 115;
393 116;
393 12;
393 121;
393 123;
393 126;
393 127;
393 131;
393 132;
393 135;
393 136;
393 137;
393 142;
393 144;
393 156;
393 158;
393 16;
393 160;
393 162;
393 164;
393 166;
393 167;
393 169;
393 17;
393 170;
393 172;
393 174;
393 176;
393 178;
393 180;
393 181;
393 182;
393 184;
393 186;
393 188;
393 189;
393 190;
393 193;
393 195;
393 20;
393 205;
393 207;
393 21;
393 210;
393 211;
393 215;
393 216;
393 219;
393 22;
393 220;
393 221;
393 226;
393 228;
393 251;
393 252;
393 262;
393 263;
393 265;
393 27;
393 275;
393 276;
393 277;
393 278;
393 279;
393 280;
393 29;
393 324;
393 325;
393 335;
393 336;
393 338;
393 348;
393 349;
393 350;
393 351;
393 352;
393 353;
393 376;
393 377;
393 378;
393 392;
393 394;
393 395;
393 397;
393 399;
393 400;
393 402;
393 403;
393 404;
393 405;
393 408;
393 412;
393 415;
393 416;
393 420;
393 433;
393 434;
393 437;
393 439;
393 441;
393 444;
393 445;
393 449;
393 450;
393 453;
393 454;
393 455;
393 460;
393 472;
393 485;
393 487;
393 489;
393 490;
393 492;
393 497;
393 499;
393 501;
393 503;
393 505;
393 507;
393 509;
393 511;
393 513;
393 516;
393 517;
393 518;
393 52;
393 521;
393 522;
393 523;
393 526;
393 527;
393 528;
393 53;
393 533;
393 534;
393 538;
393 539;
393 542;
393 543;
393 544;
393 549;
393 551;
393 554;
393 555;
393 559;
393 560;
393 563;
393 564;
393 565;
393 570;
393 572;
393 575;
393 576;
393 580;
393 581;
393 584;
393 585;
393 586;
393 591;
393 593;
393 6;
393 600;
393 602;
393 603;
393 605;
393 619;
393 621;
393 624;
393 629;
393 63;
393 630;
393 634;
393 635;
393 638;
393 639;
393 64;
393 640;
393 645;
393 647;
393 650;
393 651;
393 655;
393 656;
393 659;
393 66;
393 660;
393 661;
393 666;
393 668;
393 676;
393 677;
393 681;
393 682;
393 685;
393 686;
393 687;
393 692;
393 694;
393 707;
393 708;
393 712;
393 713;
393 716;
393 717;
393 718;
393 723;
393 725;
393 731;
393 754;
393 755;
393 765;
393 766;
393 768;
393 778;
393 779;
393 78;
393 780;
393 781;
393 782;
393 783;
393 79;
393 80;
393 808;
393 81;
393 810;
393 811;
393 813;
393 814;
393 815;
393 821;
393 824;
393 826;
393 837;
394 108;
394 129;
394 14;
394 213;
394 266;
394 339;
394 447;
394 536;
394 557;
394 578;
394 632;
394 653;
394 67;
394 679;
394 710;
394 769;
394 837;
395 837;
396 147;
396 150;
396 152;
396 158;
396 161;
396 166;
396 169;
396 172;
396 175;
396 179;
396 185;
396 188;
396 194;
396 200;
396 382;
396 385;
396 389;
396 394;
396 396;
396 413;
396 431;
396 437;
396 439;
396 441;
396 469;
396 476;
396 479;
396 483;
396 486;
396 489;
396 492;
396 496;
396 499;
396 501;
396 503;
396 505;
396 507;
396 509;
396 511;
396 514;
396 519;
396 524;
396 529;
396 598;
396 602;
396 605;
396 608;
396 611;
396 615;
396 619;
396 621;
396 671;
396 673;
396 698;
396 702;
396 704;
396 728;
396 810;
396 812;
396 820;
396 822;
396 826;
396 830;
396 837;
397 837;
398 0;
398 837;
399 0;
399 397;
399 400;
399 516;
399 837;
400 156;
400 159;
400 164;
400 167;
400 170;
400 173;
400 186;
400 192;
400 296;
400 369;
400 392;
400 397;
400 400;
400 487;
400 490;
400 497;
400 516;
400 600;
400 603;
400 799;
400 808;
400 824;
400 837;
400 97;
401 156;
401 159;
401 164;
401 167;
401 170;
401 173;
401 178;
401 184;
401 186;
401 192;
401 392;
401 395;
401 398;
401 401;
401 412;
401 419;
401 436;
401 462;
401 485;
401 487;
401 490;
401 497;
401 500;
401 513;
401 516;
401 600;
401 603;
401 618;
401 808;
401 811;
401 821;
401 824;
401 837;
402 146;
402 149;
402 156;
402 159;
402 164;
402 167;
402 170;
402 173;
402 178;
402 184;
402 186;
402 192;
402 201;
402 230;
402 296;
402 303;
402 31;
402 369;
402 380;
402 383;
402 392;
402 395;
402 397;
402 400;
402 412;
402 419;
402 436;
402 468;
402 474;
402 477;
402 485;
402 487;
402 490;
402 497;
402 500;
402 513;
402 516;
402 600;
402 603;
402 606;
402 609;
402 618;
402 670;
402 696;
402 703;
402 727;
402 733;
402 799;
402 808;
402 811;
402 821;
402 824;
402 837;
402 97;
403 197;
403 428;
403 493;
403 595;
403 699;
403 817;
403 827;
403 837;
404 837;
405 837;
406 147;
406 150;
406 152;
406 179;
406 185;
406 200;
406 396;
406 399;
406 402;
406 413;
406 431;
406 437;
406 439;
406 441;
406 469;
406 486;
406 496;
406 501;
406 503;
406 505;
406 507;
406 509;
406 511;
406 514;
406 519;
406 524;
406 529;
406 598;
406 619;
406 621;
406 671;
406 673;
406 702;
406 704;
406 728;
406 812;
406 820;
406 822;
406 830;
406 837;
407 837;
408 105;
408 11;
408 111;
408 114;
408 121;
408 123;
408 126;
408 132;
408 135;
408 142;
408 144;
408 17;
408 181;
408 182;
408 190;
408 20;
408 210;
408 216;
408 219;
408 226;
408 228;
408 251;
408 27;
408 276;
408 277;
408 279;
408 29;
408 324;
408 349;
408 350;
408 352;
408 377;
408 378;
408 404;
408 405;
408 408;
408 416;
408 433;
408 444;
408 450;
408 453;
408 460;
408 472;
408 52;
408 533;
408 539;
408 542;
408 549;
408 551;
408 554;
408 560;
408 563;
408 570;
408 572;
408 575;
408 581;
408 584;
408 591;
408 593;
408 6;
408 624;
408 629;
408 635;
408 638;
408 645;
408 647;
408 650;
408 656;
408 659;
408 666;
408 668;
408 676;
408 682;
408 685;
408 692;
408 694;
408 707;
408 713;
408 716;
408 723;
408 725;
408 731;
408 754;
408 779;
408 78;
408 780;
408 782;
408 80;
408 814;
408 815;
408 837;
409 109;
409 115;
409 130;
409 136;
409 15;
409 21;
409 214;
409 220;
409 250;
409 261;
409 267;
409 275;
409 280;
409 323;
409 334;
409 340;
409 348;
409 353;
409 448;
409 454;
409 51;
409 537;
409 543;
409 558;
409 564;
409 579;
409 585;
409 62;
409 633;
409 639;
409 654;
409 660;
409 68;
409 680;
409 686;
409 711;
409 717;
409 753;
409 764;
409 770;
409 778;
409 783;
409 81;
409 837;
410 837;
411 837;
412 837;
413 837;
414 837;
415 837;
416 100;
416 101;
416 105;
416 106;
416 109;
416 110;
416 111;
416 116;
416 118;
416 131;
416 133;
416 144;
416 16;
416 160;
416 163;
416 165;
416 17;
416 173;
416 175;
416 176;
416 178;
416 186;
416 188;
416 189;
416 191;
416 193;
416 202;
416 205;
416 207;
416 21;
416 210;
416 211;
416 215;
416 216;
416 219;
416 22;
416 220;
416 221;
416 226;
416 228;
416 233;
416 234;
416 238;
416 239;
416 242;
416 243;
416 244;
416 249;
416 25;
416 251;
416 254;
416 255;
416 259;
416 26;
416 260;
416 263;
416 264;
416 265;
416 27;
416 270;
416 272;
416 275;
416 276;
416 280;
416 281;
416 284;
416 285;
416 286;
416 291;
416 293;
416 296;
416 297;
416 301;
416 302;
416 305;
416 306;
416 307;
416 312;
416 314;
416 319;
416 32;
416 320;
416 322;
416 323;
416 324;
416 327;
416 328;
416 329;
416 332;
416 333;
416 334;
416 34;
416 341;
416 342;
416 343;
416 359;
416 364;
416 366;
416 37;
416 373;
416 376;
416 378;
416 379;
416 38;
416 381;
416 382;
416 383;
416 385;
416 386;
416 387;
416 388;
416 392;
416 393;
416 394;
416 403;
416 409;
416 42;
416 425;
416 427;
416 43;
416 431;
416 432;
416 437;
416 438;
416 442;
416 443;
416 446;
416 447;
416 448;
416 453;
416 46;
416 460;
416 461;
416 465;
416 466;
416 47;
416 470;
416 471;
416 476;
416 478;
416 48;
416 480;
416 483;
416 484;
416 486;
416 487;
416 488;
416 490;
416 492;
416 497;
416 499;
416 501;
416 503;
416 504;
416 506;
416 507;
416 508;
416 510;
416 514;
416 516;
416 517;
416 519;
416 520;
416 521;
416 527;
416 529;
416 53;
416 534;
416 535;
416 539;
416 540;
416 543;
416 544;
416 545;
416 55;
416 550;
416 552;
416 555;
416 556;
416 560;
416 561;
416 564;
416 565;
416 566;
416 571;
416 573;
416 575;
416 577;
416 578;
416 58;
416 581;
416 583;
416 584;
416 588;
416 589;
416 59;
416 592;
416 593;
416 594;
416 599;
416 601;
416 604;
416 605;
416 609;
416 610;
416 613;
416 614;
416 615;
416 620;
416 622;
416 629;
416 63;
416 630;
416 634;
416 635;
416 638;
416 639;
416 64;
416 640;
416 645;
416 647;
416 660;
416 661;
416 665;
416 666;
416 669;
416 67;
416 670;
416 671;
416 676;
416 678;
416 68;
416 680;
416 682;
416 683;
416 684;
416 686;
416 688;
416 689;
416 69;
416 692;
416 693;
416 697;
416 698;
416 701;
416 702;
416 703;
416 708;
416 710;
416 713;
416 720;
416 725;
416 727;
416 729;
416 730;
416 733;
416 734;
416 738;
416 739;
416 74;
416 742;
416 743;
416 744;
416 749;
416 751;
416 759;
416 76;
416 761;
416 765;
416 767;
416 769;
416 779;
416 780;
416 784;
416 79;
416 791;
416 793;
416 794;
416 795;
416 796;
416 80;
416 802;
416 804;
416 806;
416 807;
416 811;
416 814;
416 817;
416 820;
416 822;
416 823;
416 829;
416 831;
416 837;
416 84;
416 85;
416 88;
416 89;
416 90;
416 95;
416 97;
417 103;
417 19;
417 213;
417 236;
417 257;
417 278;
417 299;
417 40;
417 440;
417 463;
417 537;
417 558;
417 586;
417 607;
417 61;
417 632;
417 663;
417 695;
417 736;
417 82;
417 837;
418 837;
419 10;
419 122;
419 126;
419 136;
419 139;
419 14;
419 141;
419 165;
419 169;
419 175;
419 178;
419 182;
419 188;
419 190;
419 193;
419 197;
419 203;
419 207;
419 325;
419 330;
419 335;
419 340;
419 366;
419 368;
419 370;
419 378;
419 380;
419 398;
419 402;
419 404;
419 406;
419 416;
419 481;
419 492;
419 503;
419 505;
419 511;
419 518;
419 578;
419 627;
419 651;
419 654;
419 658;
419 681;
419 685;
419 690;
419 7;
419 726;
419 729;
419 731;
419 754;
419 756;
419 761;
419 763;
419 767;
419 769;
419 773;
419 777;
419 785;
419 789;
419 793;
419 800;
419 803;
419 806;
419 808;
419 812;
419 815;
419 818;
419 822;
419 824;
419 837;
422 322;
422 412;
422 418;
422 514;
422 575;
422 682;
422 686;
423 163;
423 166;
423 173;
423 176;
423 179;
423 186;
423 191;
423 194;
423 205;
423 322;
423 364;
423 376;
423 385;
423 412;
423 418;
423 490;
423 501;
423 514;
423 575;
423 578;
423 682;
423 686;
423 727;
423 759;
423 765;
423 791;
423 804;
423 820;
424 163;
424 166;
424 173;
424 176;
424 179;
424 186;
424 189;
424 191;
424 194;
424 202;
424 205;
424 322;
424 364;
424 376;
424 379;
424 403;
424 412;
424 418;
424 480;
424 490;
424 501;
424 504;
424 510;
424 515;
424 517;
424 576;
424 580;
424 680;
424 682;
424 687;
424 689;
424 725;
424 727;
424 730;
424 759;
424 765;
424 768;
424 784;
424 791;
424 802;
424 804;
424 807;
424 811;
424 814;
424 817;
424 820;
424 823;
425 120;
425 127;
425 135;
425 138;
425 150;
425 163;
425 166;
425 173;
425 176;
425 179;
425 186;
425 189;
425 191;
425 194;
425 202;
425 205;
425 322;
425 338;
425 349;
425 364;
425 367;
425 376;
425 379;
425 396;
425 403;
425 405;
425 412;
425 419;
425 421;
425 455;
425 480;
425 490;
425 493;
425 5;
425 501;
425 504;
425 510;
425 514;
425 517;
425 523;
425 575;
425 649;
425 652;
425 680;
425 682;
425 686;
425 689;
425 725;
425 727;
425 730;
425 753;
425 759;
425 762;
425 765;
425 768;
425 771;
425 784;
425 791;
425 798;
425 8;
425 802;
425 804;
425 807;
425 811;
425 814;
425 817;
425 820;
425 823;
425 825;
426 123;
426 166;
426 179;
426 194;
426 399;
426 412;
426 624;
426 774;
426 786;
429 126;
429 136;
429 139;
429 141;
429 169;
429 182;
429 190;
429 197;
429 203;
429 325;
429 330;
429 335;
429 368;
429 370;
429 380;
429 389;
429 402;
429 404;
429 406;
429 481;
429 505;
429 511;
429 516;
429 518;
429 577;
429 581;
429 627;
429 681;
429 685;
429 688;
429 690;
429 726;
429 731;
429 754;
429 756;
429 763;
429 769;
429 777;
429 785;
429 789;
429 803;
429 808;
429 812;
429 815;
429 818;
429 824;
431 100;
431 106;
431 109;
431 116;
431 118;
431 144;
431 16;
431 210;
431 216;
431 219;
431 22;
431 226;
431 228;
431 233;
431 239;
431 242;
431 249;
431 25;
431 251;
431 254;
431 260;
431 263;
431 270;
431 272;
431 275;
431 281;
431 284;
431 291;
431 293;
431 296;
431 302;
431 305;
431 312;
431 314;
431 319;
431 32;
431 34;
431 342;
431 37;
431 373;
431 382;
431 383;
431 393;
431 394;
431 409;
431 43;
431 432;
431 437;
431 443;
431 446;
431 453;
431 46;
431 460;
431 466;
431 476;
431 478;
431 483;
431 487;
431 488;
431 507;
431 508;
431 520;
431 521;
431 53;
431 534;
431 540;
431 543;
431 55;
431 550;
431 552;
431 555;
431 561;
431 564;
431 571;
431 573;
431 58;
431 583;
431 589;
431 592;
431 599;
431 601;
431 604;
431 610;
431 613;
431 620;
431 622;
431 629;
431 635;
431 638;
431 64;
431 645;
431 647;
431 660;
431 666;
431 669;
431 67;
431 676;
431 678;
431 692;
431 698;
431 701;
431 708;
431 710;
431 713;
431 733;
431 739;
431 74;
431 742;
431 749;
431 751;
431 76;
431 779;
431 79;
431 795;
431 796;
431 85;
431 88;
431 95;
431 97;
432 104;
432 110;
432 160;
432 167;
432 169;
432 170;
432 171;
432 180;
432 182;
432 183;
432 184;
432 195;
432 197;
432 198;
432 199;
432 20;
432 214;
432 220;
432 237;
432 243;
432 258;
432 26;
432 264;
432 279;
432 285;
432 300;
432 306;
432 343;
432 359;
432 41;
432 413;
432 414;
432 416;
432 417;
432 418;
432 441;
432 447;
432 464;
432 47;
432 470;
432 538;
432 544;
432 559;
432 565;
432 587;
432 593;
432 608;
432 614;
432 62;
432 633;
432 639;
432 664;
432 670;
432 68;
432 696;
432 702;
432 720;
432 737;
432 743;
432 83;
432 89;
439 100;
439 101;
439 105;
439 106;
439 109;
439 110;
439 111;
439 116;
439 118;
439 121;
439 122;
439 126;
439 127;
439 130;
439 131;
439 132;
439 137;
439 139;
439 159;
439 16;
439 161;
439 169;
439 17;
439 170;
439 172;
439 174;
439 175;
439 180;
439 182;
439 184;
439 186;
439 188;
439 189;
439 191;
439 21;
439 216;
439 218;
439 22;
439 221;
439 222;
439 226;
439 227;
439 230;
439 231;
439 232;
439 237;
439 239;
439 241;
439 243;
439 245;
439 246;
439 249;
439 25;
439 250;
439 254;
439 255;
439 258;
439 259;
439 26;
439 260;
439 265;
439 267;
439 27;
439 270;
439 271;
439 275;
439 276;
439 279;
439 280;
439 281;
439 286;
439 288;
439 292;
439 295;
439 297;
439 300;
439 301;
439 305;
439 306;
439 309;
439 310;
439 311;
439 316;
439 318;
439 32;
439 321;
439 322;
439 326;
439 327;
439 330;
439 331;
439 332;
439 337;
439 339;
439 34;
439 341;
439 37;
439 38;
439 381;
439 42;
439 424;
439 426;
439 428;
439 429;
439 43;
439 434;
439 435;
439 439;
439 440;
439 443;
439 444;
439 445;
439 450;
439 457;
439 458;
439 46;
439 462;
439 463;
439 466;
439 467;
439 468;
439 47;
439 473;
439 475;
439 478;
439 479;
439 48;
439 483;
439 484;
439 487;
439 488;
439 489;
439 494;
439 503;
439 516;
439 517;
439 519;
439 521;
439 523;
439 524;
439 526;
439 527;
439 53;
439 531;
439 533;
439 534;
439 543;
439 544;
439 548;
439 549;
439 55;
439 552;
439 553;
439 554;
439 559;
439 561;
439 564;
439 565;
439 569;
439 570;
439 573;
439 574;
439 575;
439 58;
439 580;
439 582;
439 585;
439 586;
439 59;
439 590;
439 591;
439 594;
439 595;
439 596;
439 601;
439 603;
439 606;
439 607;
439 611;
439 612;
439 615;
439 616;
439 617;
439 622;
439 624;
439 628;
439 63;
439 630;
439 631;
439 633;
439 634;
439 64;
439 640;
439 642;
439 647;
439 648;
439 652;
439 653;
439 656;
439 657;
439 658;
439 663;
439 665;
439 67;
439 68;
439 686;
439 687;
439 69;
439 691;
439 692;
439 695;
439 696;
439 697;
439 702;
439 704;
439 712;
439 728;
439 733;
439 735;
439 736;
439 738;
439 739;
439 74;
439 740;
439 741;
439 747;
439 749;
439 76;
439 761;
439 763;
439 766;
439 767;
439 771;
439 772;
439 775;
439 776;
439 777;
439 782;
439 784;
439 79;
439 791;
439 794;
439 796;
439 798;
439 80;
439 801;
439 802;
439 803;
439 805;
439 806;
439 807;
439 809;
439 810;
439 811;
439 813;
439 815;
439 820;
439 821;
439 822;
439 824;
439 84;
439 85;
439 88;
439 89;
439 90;
439 95;
439 97;
440 103;
440 124;
440 19;
440 224;
440 252;
440 273;
440 303;
440 324;
440 40;
440 437;
440 460;
440 481;
440 546;
440 567;
440 588;
440 609;
440 61;
440 650;
440 689;
440 769;
440 82;
442 12;
442 143;
442 147;
442 151;
442 156;
442 161;
442 165;
442 174;
442 178;
442 184;
442 188;
442 191;
442 195;
442 202;
442 206;
442 210;
442 242;
442 245;
442 247;
442 293;
442 296;
442 342;
442 347;
442 355;
442 363;
442 371;
442 379;
442 385;
442 389;
442 393;
442 399;
442 403;
442 408;
442 414;
442 418;
442 521;
442 533;
442 535;
442 539;
442 635;
442 669;
442 673;
442 677;
442 681;
442 707;
442 709;
442 744;
442 752;
442 756;
442 796;
442 8;
442 815;
442 817;
442 825;
442 828;
442 832;
445 148;
445 343;
445 349;
445 357;
445 365;
445 373;
445 400;
445 628;
445 631;
445 733;
445 736;
445 747;
446 12;
446 159;
446 162;
446 172;
446 175;
446 182;
446 186;
446 189;
446 192;
446 203;
446 206;
446 210;
446 243;
446 294;
446 343;
446 349;
446 357;
446 365;
446 373;
446 411;
446 414;
446 418;
446 5;
446 519;
446 531;
446 628;
446 631;
446 674;
446 677;
446 681;
446 733;
446 736;
446 747;
446 794;
446 8;
446 813;
447 10;
447 159;
447 162;
447 172;
447 175;
447 182;
447 186;
447 189;
447 192;
447 204;
447 208;
447 241;
447 243;
447 246;
447 292;
447 294;
447 341;
447 343;
447 349;
447 357;
447 365;
447 373;
447 412;
447 416;
447 500;
447 519;
447 531;
447 534;
447 6;
447 629;
447 632;
447 634;
447 675;
447 679;
447 734;
447 737;
447 748;
447 794;
447 813;
447 824;
448 141;
448 159;
448 162;
448 172;
448 175;
448 182;
448 186;
448 189;
448 192;
448 212;
448 241;
448 243;
448 246;
448 292;
448 294;
448 341;
448 343;
448 350;
448 358;
448 366;
448 374;
448 383;
448 420;
448 452;
448 496;
448 500;
448 519;
448 531;
448 534;
448 628;
448 631;
448 634;
448 636;
448 667;
448 706;
448 718;
448 733;
448 736;
448 743;
448 747;
448 750;
448 757;
448 794;
448 813;
448 816;
448 824;
448 826;
449 144;
449 162;
449 175;
449 192;
449 199;
449 343;
449 386;
449 390;
449 536;
449 670;
449 753;
449 829;
452 11;
452 147;
452 151;
452 156;
452 165;
452 178;
452 195;
452 202;
452 205;
452 209;
452 242;
452 247;
452 293;
452 342;
452 389;
452 393;
452 399;
452 403;
452 408;
452 413;
452 417;
452 535;
452 539;
452 630;
452 633;
452 635;
452 673;
452 676;
452 680;
452 7;
452 707;
452 709;
452 735;
452 738;
452 744;
452 749;
452 756;
452 817;
452 825;
452 832;
454 100;
454 106;
454 109;
454 116;
454 118;
454 121;
454 127;
454 130;
454 137;
454 139;
454 16;
454 170;
454 180;
454 22;
454 221;
454 227;
454 230;
454 237;
454 239;
454 249;
454 25;
454 255;
454 258;
454 265;
454 267;
454 270;
454 276;
454 279;
454 286;
454 288;
454 300;
454 306;
454 309;
454 316;
454 318;
454 32;
454 321;
454 327;
454 330;
454 337;
454 339;
454 34;
454 37;
454 381;
454 429;
454 43;
454 434;
454 440;
454 443;
454 450;
454 457;
454 46;
454 463;
454 466;
454 473;
454 475;
454 478;
454 484;
454 487;
454 494;
454 516;
454 523;
454 527;
454 53;
454 543;
454 549;
454 55;
454 552;
454 559;
454 561;
454 564;
454 570;
454 573;
454 58;
454 580;
454 582;
454 585;
454 591;
454 594;
454 601;
454 603;
454 606;
454 612;
454 615;
454 622;
454 624;
454 64;
454 647;
454 653;
454 656;
454 663;
454 665;
454 67;
454 686;
454 692;
454 695;
454 702;
454 704;
454 712;
454 74;
454 740;
454 741;
454 76;
454 766;
454 772;
454 775;
454 782;
454 784;
454 79;
454 798;
454 802;
454 803;
454 806;
454 807;
454 810;
454 811;
454 821;
454 822;
454 85;
454 88;
454 95;
454 97;
455 104;
455 110;
455 125;
455 131;
455 163;
455 165;
455 166;
455 167;
455 176;
455 177;
455 193;
455 195;
455 196;
455 197;
455 20;
455 225;
455 231;
455 253;
455 259;
455 26;
455 274;
455 280;
455 304;
455 310;
455 325;
455 331;
455 345;
455 347;
455 349;
455 353;
455 355;
455 357;
455 361;
455 363;
455 365;
455 369;
455 371;
455 373;
455 377;
455 378;
455 41;
455 438;
455 444;
455 461;
455 467;
455 47;
455 482;
455 488;
455 547;
455 553;
455 568;
455 574;
455 589;
455 595;
455 610;
455 616;
455 62;
455 651;
455 657;
455 68;
455 690;
455 696;
455 728;
455 770;
455 776;
455 791;
455 83;
455 89;
462 100;
462 105;
462 107;
462 117;
462 119;
462 130;
462 136;
462 141;
462 145;
462 147;
462 149;
462 151;
462 153;
462 155;
462 156;
462 158;
462 159;
462 161;
462 163;
462 165;
462 167;
462 169;
462 170;
462 172;
462 174;
462 176;
462 189;
462 190;
462 191;
462 193;
462 195;
462 197;
462 199;
462 201;
462 203;
462 205;
462 207;
462 210;
462 211;
462 215;
462 216;
462 219;
462 22;
462 220;
462 221;
462 226;
462 228;
462 231;
462 232;
462 236;
462 237;
462 240;
462 241;
462 242;
462 247;
462 249;
462 252;
462 253;
462 257;
462 258;
462 26;
462 261;
462 262;
462 263;
462 268;
462 27;
462 270;
462 273;
462 274;
462 278;
462 279;
462 282;
462 283;
462 284;
462 289;
462 291;
462 293;
462 295;
462 296;
462 297;
462 299;
462 302;
462 303;
462 307;
462 308;
462 31;
462 311;
462 312;
462 313;
462 318;
462 32;
462 320;
462 323;
462 324;
462 328;
462 329;
462 332;
462 333;
462 334;
462 339;
462 341;
462 344;
462 345;
462 349;
462 35;
462 350;
462 353;
462 354;
462 355;
462 36;
462 360;
462 362;
462 364;
462 366;
462 367;
462 37;
462 370;
462 416;
462 418;
462 42;
462 429;
462 430;
462 434;
462 435;
462 44;
462 440;
462 441;
462 445;
462 446;
462 449;
462 450;
462 451;
462 456;
462 463;
462 464;
462 468;
462 469;
462 47;
462 472;
462 473;
462 474;
462 479;
462 48;
462 485;
462 486;
462 491;
462 492;
462 499;
462 500;
462 504;
462 505;
462 507;
462 509;
462 510;
462 512;
462 514;
462 515;
462 517;
462 519;
462 52;
462 529;
462 53;
462 531;
462 534;
462 535;
462 539;
462 540;
462 543;
462 544;
462 545;
462 550;
462 552;
462 555;
462 556;
462 56;
462 560;
462 561;
462 564;
462 565;
462 566;
462 57;
462 571;
462 573;
462 576;
462 577;
462 58;
462 581;
462 582;
462 585;
462 586;
462 587;
462 592;
462 594;
462 597;
462 598;
462 6;
462 602;
462 603;
462 606;
462 607;
462 608;
462 613;
462 615;
462 623;
462 624;
462 628;
462 629;
462 63;
462 632;
462 633;
462 634;
462 639;
462 641;
462 644;
462 65;
462 660;
462 666;
462 667;
462 671;
462 672;
462 675;
462 676;
462 677;
462 68;
462 682;
462 684;
462 687;
462 688;
462 69;
462 692;
462 693;
462 696;
462 697;
462 698;
462 703;
462 705;
462 708;
462 709;
462 713;
462 714;
462 717;
462 718;
462 719;
462 724;
462 726;
462 73;
462 733;
462 734;
462 735;
462 74;
462 741;
462 743;
462 748;
462 750;
462 763;
462 764;
462 768;
462 769;
462 77;
462 772;
462 773;
462 774;
462 779;
462 78;
462 781;
462 783;
462 785;
462 79;
462 790;
462 791;
462 792;
462 794;
462 795;
462 796;
462 798;
462 805;
462 807;
462 812;
462 814;
462 817;
462 820;
462 822;
462 828;
462 830;
462 84;
462 86;
462 89;
462 90;
462 94;
462 95;
462 98;
462 99;
463 213;
463 234;
463 255;
463 276;
463 29;
463 305;
463 326;
463 347;
463 443;
463 466;
463 50;
463 537;
463 558;
463 579;
463 600;
463 626;
463 669;
463 690;
463 71;
463 711;
463 766;
463 92;
465 112;
465 122;
465 125;
465 127;
465 131;
465 134;
465 139;
465 147;
465 150;
465 155;
465 158;
465 161;
465 164;
465 169;
465 172;
465 175;
465 180;
465 182;
465 185;
465 187;
465 194;
465 197;
465 200;
465 205;
465 294;
465 300;
465 367;
465 373;
465 377;
465 381;
465 385;
465 391;
465 395;
465 400;
465 406;
465 410;
465 421;
465 424;
465 426;
465 497;
465 509;
465 511;
465 514;
465 517;
465 520;
465 524;
465 619;
465 729;
465 731;
465 746;
465 750;
465 754;
465 758;
465 785;
465 789;
465 799;
465 802;
465 806;
465 818;
465 821;
468 364;
468 392;
469 136;
469 145;
469 148;
469 153;
469 156;
469 159;
469 162;
469 167;
469 170;
469 173;
469 195;
469 198;
469 203;
469 364;
469 367;
469 403;
469 406;
469 410;
469 507;
469 512;
469 515;
469 748;
469 751;
469 754;
469 758;
469 783;
469 804;
469 819;
470 130;
470 136;
470 145;
470 148;
470 153;
470 156;
470 159;
470 162;
470 167;
470 170;
470 173;
470 193;
470 195;
470 198;
470 203;
470 293;
470 299;
470 365;
470 369;
470 404;
470 408;
470 507;
470 510;
470 512;
470 515;
470 519;
470 748;
470 752;
470 756;
470 783;
470 798;
470 804;
470 817;
470 819;
471 113;
471 12;
471 121;
471 124;
471 130;
471 132;
471 136;
471 145;
471 148;
471 153;
471 156;
471 159;
471 162;
471 167;
471 170;
471 173;
471 178;
471 181;
471 184;
471 193;
471 195;
471 198;
471 203;
471 293;
471 299;
471 364;
471 371;
471 412;
471 420;
471 423;
471 458;
471 481;
471 507;
471 510;
471 512;
471 515;
471 519;
471 525;
471 617;
471 650;
471 728;
471 737;
471 745;
471 748;
471 783;
471 798;
471 800;
471 804;
471 817;
471 819;
471 824;
472 109;
472 136;
472 378;
472 382;
472 494;
472 521;
472 786;
475 112;
475 122;
475 125;
475 127;
475 131;
475 139;
475 182;
475 185;
475 187;
475 194;
475 294;
475 300;
475 366;
475 370;
475 381;
475 385;
475 391;
475 395;
475 400;
475 405;
475 409;
475 421;
475 424;
475 426;
475 497;
475 511;
475 520;
475 524;
475 729;
475 731;
475 746;
475 753;
475 757;
475 789;
475 799;
475 818;
477 105;
477 107;
477 141;
477 190;
477 191;
477 207;
477 210;
477 216;
477 219;
477 226;
477 228;
477 231;
477 237;
477 240;
477 247;
477 249;
477 252;
477 258;
477 26;
477 261;
477 268;
477 270;
477 273;
477 279;
477 282;
477 289;
477 291;
477 296;
477 297;
477 302;
477 308;
477 311;
477 318;
477 32;
477 320;
477 323;
477 329;
477 332;
477 339;
477 341;
477 344;
477 35;
477 350;
477 353;
477 360;
477 362;
477 42;
477 430;
477 435;
477 44;
477 440;
477 446;
477 449;
477 456;
477 463;
477 469;
477 47;
477 472;
477 479;
477 486;
477 491;
477 499;
477 504;
477 53;
477 534;
477 540;
477 543;
477 550;
477 552;
477 555;
477 56;
477 561;
477 564;
477 571;
477 573;
477 576;
477 582;
477 585;
477 592;
477 594;
477 597;
477 6;
477 603;
477 606;
477 613;
477 615;
477 623;
477 629;
477 63;
477 632;
477 639;
477 641;
477 644;
477 65;
477 666;
477 672;
477 675;
477 68;
477 682;
477 684;
477 687;
477 693;
477 696;
477 703;
477 705;
477 708;
477 714;
477 717;
477 724;
477 726;
477 734;
477 735;
477 74;
477 763;
477 769;
477 77;
477 772;
477 779;
477 781;
477 791;
477 792;
477 795;
477 796;
477 812;
477 814;
477 84;
477 86;
477 89;
477 95;
477 98;
478 137;
478 138;
478 214;
478 22;
478 220;
478 235;
478 241;
478 256;
478 262;
478 277;
478 283;
478 30;
478 306;
478 312;
478 327;
478 333;
478 348;
478 354;
478 36;
478 444;
478 450;
478 467;
478 473;
478 51;
478 538;
478 544;
478 559;
478 565;
478 57;
478 580;
478 586;
478 601;
478 607;
478 627;
478 633;
478 660;
478 670;
478 676;
478 691;
478 697;
478 712;
478 718;
478 72;
478 767;
478 773;
478 78;
478 93;
478 99;
485 101;
485 103;
485 105;
485 107;
485 108;
485 109;
485 110;
485 112;
485 115;
485 116;
485 119;
485 124;
485 125;
485 127;
485 129;
485 130;
485 132;
485 133;
485 134;
485 135;
485 137;
485 140;
485 141;
485 150;
485 151;
485 163;
485 164;
485 165;
485 167;
485 169;
485 171;
485 172;
485 177;
485 179;
485 18;
485 181;
485 182;
485 184;
485 188;
485 19;
485 199;
485 202;
485 205;
485 207;
485 210;
485 211;
485 215;
485 216;
485 219;
485 22;
485 220;
485 221;
485 226;
485 228;
485 23;
485 234;
485 236;
485 241;
485 242;
485 246;
485 247;
485 250;
485 251;
485 252;
485 257;
485 259;
485 262;
485 263;
485 267;
485 268;
485 27;
485 271;
485 272;
485 273;
485 278;
485 28;
485 280;
485 288;
485 289;
485 293;
485 294;
485 297;
485 298;
485 299;
485 304;
485 306;
485 309;
485 31;
485 32;
485 33;
485 335;
485 336;
485 346;
485 347;
485 349;
485 361;
485 362;
485 363;
485 364;
485 38;
485 388;
485 389;
485 393;
485 394;
485 397;
485 398;
485 399;
485 40;
485 404;
485 414;
485 416;
485 43;
485 44;
485 440;
485 441;
485 451;
485 452;
485 454;
485 466;
485 467;
485 468;
485 469;
485 48;
485 49;
485 493;
485 494;
485 498;
485 499;
485 502;
485 503;
485 504;
485 509;
485 511;
485 52;
485 521;
485 523;
485 528;
485 53;
485 530;
485 54;
485 553;
485 554;
485 564;
485 565;
485 567;
485 577;
485 578;
485 579;
485 580;
485 581;
485 582;
485 59;
485 605;
485 607;
485 609;
485 61;
485 610;
485 612;
485 614;
485 615;
485 617;
485 619;
485 622;
485 628;
485 630;
485 632;
485 633;
485 637;
485 638;
485 64;
485 641;
485 642;
485 643;
485 648;
485 65;
485 650;
485 653;
485 654;
485 658;
485 659;
485 662;
485 663;
485 664;
485 669;
485 671;
485 685;
485 69;
485 70;
485 701;
485 705;
485 706;
485 710;
485 711;
485 714;
485 715;
485 716;
485 721;
485 723;
485 725;
485 727;
485 728;
485 73;
485 730;
485 732;
485 733;
485 735;
485 737;
485 738;
485 74;
485 742;
485 743;
485 746;
485 747;
485 748;
485 75;
485 753;
485 755;
485 758;
485 759;
485 763;
485 764;
485 767;
485 768;
485 769;
485 774;
485 776;
485 779;
485 780;
485 784;
485 785;
485 788;
485 789;
485 790;
485 795;
485 797;
485 80;
485 800;
485 807;
485 811;
485 82;
485 821;
485 823;
485 85;
485 86;
485 90;
485 91;
485 94;
485 95;
485 96;
486 213;
486 244;
486 25;
486 265;
486 291;
486 350;
486 391;
486 455;
486 46;
486 496;
486 568;
486 635;
486 656;
486 67;
486 708;
486 740;
486 761;
486 782;
486 88;
488 107;
488 11;
488 113;
488 129;
488 132;
488 138;
488 144;
488 146;
488 15;
488 155;
488 159;
488 161;
488 168;
488 171;
488 175;
488 181;
488 184;
488 186;
488 191;
488 195;
488 200;
488 203;
488 207;
488 285;
488 313;
488 416;
488 516;
488 528;
488 530;
488 606;
488 609;
488 611;
488 613;
488 623;
488 626;
488 675;
488 677;
488 680;
488 682;
488 7;
488 727;
488 729;
488 812;
488 816;
488 826;
488 829;
488 831;
491 628;
491 730;
491 733;
492 105;
492 11;
492 127;
492 130;
492 15;
492 169;
492 172;
492 179;
492 182;
492 188;
492 192;
492 205;
492 380;
492 414;
492 485;
492 598;
492 607;
492 628;
492 725;
492 730;
492 733;
492 8;
493 105;
493 112;
493 127;
493 13;
493 130;
493 137;
493 167;
493 169;
493 172;
493 179;
493 182;
493 188;
493 192;
493 199;
493 202;
493 205;
493 406;
493 414;
493 527;
493 605;
493 607;
493 610;
493 612;
493 622;
493 629;
493 725;
493 728;
493 731;
493 734;
493 811;
493 9;
494 105;
494 112;
494 127;
494 130;
494 137;
494 143;
494 153;
494 160;
494 167;
494 169;
494 172;
494 179;
494 182;
494 185;
494 188;
494 192;
494 199;
494 202;
494 205;
494 230;
494 311;
494 314;
494 380;
494 414;
494 419;
494 485;
494 5;
494 517;
494 527;
494 532;
494 598;
494 605;
494 607;
494 610;
494 612;
494 619;
494 622;
494 624;
494 628;
494 673;
494 676;
494 679;
494 691;
494 725;
494 728;
494 730;
494 733;
494 811;
494 817;
494 825;
494 828;
495 156;
495 172;
495 188;
495 192;
495 282;
495 513;
495 813;
498 10;
498 113;
498 138;
498 14;
498 144;
498 146;
498 159;
498 161;
498 168;
498 175;
498 186;
498 191;
498 195;
498 200;
498 203;
498 285;
498 516;
498 528;
498 530;
498 606;
498 611;
498 613;
498 623;
498 630;
498 677;
498 680;
498 682;
498 729;
498 732;
498 735;
498 812;
498 816;
498 826;
498 829;
498 831;
500 101;
500 103;
500 109;
500 110;
500 115;
500 119;
500 124;
500 134;
500 135;
500 140;
500 150;
500 164;
500 165;
500 177;
500 18;
500 210;
500 216;
500 219;
500 22;
500 226;
500 228;
500 241;
500 247;
500 250;
500 257;
500 259;
500 262;
500 268;
500 271;
500 278;
500 28;
500 280;
500 288;
500 294;
500 297;
500 304;
500 306;
500 309;
500 31;
500 335;
500 361;
500 363;
500 38;
500 388;
500 394;
500 397;
500 40;
500 404;
500 43;
500 440;
500 466;
500 468;
500 49;
500 493;
500 499;
500 502;
500 509;
500 511;
500 52;
500 553;
500 578;
500 579;
500 581;
500 59;
500 61;
500 615;
500 616;
500 617;
500 632;
500 638;
500 64;
500 641;
500 648;
500 650;
500 653;
500 659;
500 662;
500 669;
500 671;
500 685;
500 70;
500 705;
500 711;
500 714;
500 721;
500 723;
500 73;
500 737;
500 743;
500 746;
500 753;
500 755;
500 758;
500 764;
500 767;
500 774;
500 776;
500 779;
500 785;
500 788;
500 795;
500 797;
500 80;
500 800;
500 82;
500 85;
500 91;
500 94;
501 173;
501 174;
501 189;
501 190;
501 193;
501 194;
501 196;
501 197;
501 214;
501 220;
501 245;
501 251;
501 26;
501 266;
501 272;
501 292;
501 298;
501 32;
501 334;
501 345;
501 351;
501 364;
501 392;
501 398;
501 439;
501 450;
501 456;
501 469;
501 47;
501 497;
501 503;
501 53;
501 552;
501 563;
501 569;
501 577;
501 582;
501 619;
501 636;
501 642;
501 657;
501 663;
501 68;
501 701;
501 709;
501 715;
501 74;
501 741;
501 747;
501 762;
501 768;
501 783;
501 789;
501 807;
501 89;
501 95;
508 100;
508 102;
508 104;
508 105;
508 106;
508 108;
508 11;
508 110;
508 112;
508 113;
508 125;
508 126;
508 128;
508 130;
508 131;
508 133;
508 134;
508 135;
508 136;
508 138;
508 141;
508 142;
508 149;
508 152;
508 159;
508 166;
508 168;
508 169;
508 171;
508 172;
508 174;
508 175;
508 18;
508 180;
508 182;
508 184;
508 185;
508 187;
508 188;
508 195;
508 197;
508 205;
508 207;
508 212;
508 219;
508 223;
508 224;
508 228;
508 229;
508 232;
508 233;
508 234;
508 239;
508 241;
508 244;
508 245;
508 249;
508 250;
508 253;
508 254;
508 255;
508 260;
508 262;
508 265;
508 266;
508 270;
508 271;
508 274;
508 275;
508 276;
508 281;
508 283;
508 288;
508 289;
508 293;
508 294;
508 297;
508 298;
508 299;
508 304;
508 306;
508 315;
508 317;
508 32;
508 320;
508 321;
508 325;
508 326;
508 329;
508 33;
508 330;
508 331;
508 336;
508 338;
508 341;
508 342;
508 346;
508 347;
508 350;
508 351;
508 352;
508 357;
508 359;
508 36;
508 362;
508 363;
508 367;
508 368;
508 37;
508 371;
508 372;
508 373;
508 378;
508 386;
508 387;
508 388;
508 390;
508 392;
508 394;
508 395;
508 401;
508 408;
508 41;
508 412;
508 413;
508 414;
508 415;
508 42;
508 423;
508 424;
508 428;
508 429;
508 432;
508 433;
508 434;
508 439;
508 446;
508 447;
508 45;
508 451;
508 452;
508 455;
508 456;
508 457;
508 46;
508 462;
508 464;
508 467;
508 468;
508 47;
508 472;
508 473;
508 476;
508 477;
508 478;
508 483;
508 485;
508 488;
508 489;
508 493;
508 494;
508 497;
508 498;
508 499;
508 504;
508 506;
508 509;
508 52;
508 523;
508 524;
508 525;
508 527;
508 528;
508 530;
508 531;
508 532;
508 536;
508 54;
508 543;
508 544;
508 545;
508 547;
508 548;
508 549;
508 551;
508 553;
508 555;
508 556;
508 558;
508 560;
508 562;
508 568;
508 57;
508 571;
508 58;
508 581;
508 583;
508 587;
508 589;
508 594;
508 62;
508 63;
508 644;
508 645;
508 649;
508 650;
508 653;
508 654;
508 655;
508 66;
508 660;
508 662;
508 665;
508 666;
508 67;
508 670;
508 671;
508 674;
508 675;
508 676;
508 68;
508 681;
508 683;
508 686;
508 687;
508 691;
508 692;
508 695;
508 696;
508 697;
508 702;
508 704;
508 707;
508 708;
508 712;
508 713;
508 716;
508 717;
508 718;
508 723;
508 725;
508 728;
508 729;
508 73;
508 733;
508 734;
508 737;
508 738;
508 739;
508 744;
508 746;
508 749;
508 75;
508 750;
508 754;
508 755;
508 758;
508 759;
508 760;
508 765;
508 767;
508 770;
508 771;
508 775;
508 776;
508 779;
508 78;
508 780;
508 781;
508 786;
508 788;
508 79;
508 791;
508 792;
508 796;
508 797;
508 800;
508 801;
508 802;
508 807;
508 809;
508 828;
508 83;
508 830;
508 84;
508 87;
508 88;
508 89;
508 94;
508 96;
508 99;
509 226;
509 247;
509 268;
509 291;
509 323;
509 344;
509 365;
509 39;
509 426;
509 449;
509 470;
509 491;
509 60;
509 647;
509 668;
509 689;
509 710;
509 731;
509 752;
509 773;
509 794;
509 81;
511 103;
511 110;
511 118;
511 120;
511 130;
511 133;
511 139;
511 146;
511 150;
511 153;
511 157;
511 162;
511 165;
511 168;
511 171;
511 174;
511 178;
511 184;
511 187;
511 191;
511 193;
511 197;
511 200;
511 204;
511 209;
511 23;
511 26;
511 30;
511 310;
511 398;
511 420;
511 513;
511 516;
511 520;
511 537;
511 541;
511 552;
511 555;
511 557;
511 559;
511 562;
511 565;
511 569;
511 572;
511 576;
511 589;
511 591;
511 598;
511 6;
511 601;
511 605;
511 610;
511 618;
511 626;
511 634;
511 642;
511 8;
511 814;
511 818;
511 822;
514 205;
514 390;
514 606;
514 612;
514 620;
514 628;
514 636;
515 0;
515 108;
515 128;
515 131;
515 159;
515 166;
515 169;
515 172;
515 175;
515 182;
515 185;
515 188;
515 195;
515 205;
515 390;
515 553;
515 560;
515 587;
515 606;
515 612;
515 620;
515 628;
515 636;
515 815;
515 818;
515 822;
515 837;
516 102;
516 108;
516 128;
516 131;
516 138;
516 149;
516 152;
516 159;
516 166;
516 169;
516 172;
516 175;
516 182;
516 185;
516 188;
516 195;
516 206;
516 380;
516 391;
516 536;
516 551;
516 553;
516 556;
516 558;
516 560;
516 568;
516 571;
516 587;
516 606;
516 612;
516 620;
516 628;
516 636;
516 816;
516 820;
516 837;
517 102;
517 108;
517 119;
517 128;
517 131;
517 138;
517 144;
517 149;
517 152;
517 159;
517 163;
517 166;
517 169;
517 172;
517 175;
517 182;
517 185;
517 188;
517 192;
517 195;
517 198;
517 205;
517 208;
517 21;
517 24;
517 308;
517 311;
517 390;
517 397;
517 441;
517 5;
517 511;
517 514;
517 536;
517 551;
517 553;
517 556;
517 558;
517 560;
517 563;
517 568;
517 571;
517 577;
517 587;
517 590;
517 596;
517 599;
517 606;
517 613;
517 621;
517 629;
517 637;
517 824;
517 837;
518 115;
518 154;
518 159;
518 175;
518 188;
518 201;
518 417;
518 538;
518 573;
518 606;
518 811;
518 837;
519 837;
520 837;
521 103;
521 118;
521 120;
521 139;
521 150;
521 153;
521 157;
521 162;
521 178;
521 191;
521 193;
521 204;
521 207;
521 209;
521 392;
521 398;
521 420;
521 537;
521 541;
521 552;
521 557;
521 559;
521 569;
521 572;
521 576;
521 591;
521 6;
521 8;
521 814;
521 817;
521 821;
521 837;
522 0;
522 837;
523 0;
523 105;
523 106;
523 11;
523 112;
523 125;
523 135;
523 136;
523 141;
523 180;
523 212;
523 223;
523 229;
523 232;
523 239;
523 241;
523 244;
523 250;
523 253;
523 260;
523 262;
523 265;
523 271;
523 274;
523 281;
523 283;
523 288;
523 294;
523 297;
523 304;
523 306;
523 32;
523 320;
523 326;
523 329;
523 336;
523 338;
523 341;
523 347;
523 350;
523 357;
523 359;
523 36;
523 362;
523 368;
523 371;
523 378;
523 387;
523 388;
523 394;
523 401;
523 413;
523 414;
523 415;
523 42;
523 423;
523 429;
523 432;
523 439;
523 446;
523 45;
523 452;
523 455;
523 462;
523 464;
523 467;
523 473;
523 476;
523 483;
523 485;
523 488;
523 494;
523 497;
523 504;
523 506;
523 509;
523 52;
523 524;
523 525;
523 528;
523 531;
523 532;
523 54;
523 544;
523 545;
523 548;
523 549;
523 57;
523 594;
523 63;
523 644;
523 650;
523 653;
523 66;
523 660;
523 662;
523 665;
523 671;
523 674;
523 681;
523 683;
523 686;
523 692;
523 695;
523 702;
523 704;
523 707;
523 713;
523 716;
523 723;
523 725;
523 728;
523 73;
523 734;
523 737;
523 744;
523 746;
523 749;
523 75;
523 755;
523 758;
523 765;
523 767;
523 770;
523 776;
523 779;
523 78;
523 786;
523 788;
523 791;
523 797;
523 800;
523 807;
523 809;
523 837;
523 84;
523 87;
523 94;
523 96;
523 99;
524 160;
524 161;
524 176;
524 177;
524 18;
524 189;
524 190;
524 219;
524 227;
524 233;
524 248;
524 254;
524 269;
524 275;
524 292;
524 298;
524 324;
524 330;
524 345;
524 351;
524 366;
524 372;
524 40;
524 408;
524 427;
524 433;
524 450;
524 456;
524 46;
524 471;
524 477;
524 492;
524 498;
524 608;
524 61;
524 610;
524 612;
524 616;
524 618;
524 620;
524 624;
524 626;
524 628;
524 632;
524 634;
524 636;
524 640;
524 641;
524 648;
524 654;
524 669;
524 67;
524 675;
524 690;
524 696;
524 711;
524 717;
524 732;
524 738;
524 753;
524 759;
524 774;
524 780;
524 795;
524 801;
524 82;
524 837;
524 88;
525 837;
526 837;
527 0;
527 837;
528 0;
528 837;
531 100;
531 101;
531 104;
531 105;
531 107;
531 109;
531 110;
531 111;
531 113;
531 115;
531 116;
531 118;
531 119;
531 120;
531 121;
531 123;
531 126;
531 127;
531 130;
531 137;
531 141;
531 148;
531 150;
531 151;
531 157;
531 159;
531 16;
531 169;
531 17;
531 171;
531 172;
531 174;
531 182;
531 184;
531 185;
531 187;
531 188;
531 190;
531 194;
531 195;
531 196;
531 198;
531 200;
531 202;
531 204;
531 205;
531 207;
531 21;
531 210;
531 211;
531 215;
531 216;
531 219;
531 22;
531 220;
531 221;
531 226;
531 228;
531 236;
531 237;
531 241;
531 242;
531 245;
531 246;
531 247;
531 25;
531 252;
531 254;
531 259;
531 26;
531 260;
531 264;
531 265;
531 268;
531 269;
531 27;
531 270;
531 275;
531 277;
531 283;
531 285;
531 288;
531 289;
531 293;
531 294;
531 297;
531 298;
531 299;
531 304;
531 306;
531 32;
531 320;
531 321;
531 325;
531 326;
531 329;
531 330;
531 331;
531 336;
531 338;
531 34;
531 341;
531 342;
531 346;
531 347;
531 350;
531 351;
531 352;
531 357;
531 359;
531 362;
531 363;
531 367;
531 368;
531 37;
531 371;
531 372;
531 373;
531 378;
531 38;
531 389;
531 392;
531 405;
531 412;
531 414;
531 415;
531 417;
531 419;
531 42;
531 423;
531 424;
531 428;
531 429;
531 43;
531 432;
531 433;
531 434;
531 439;
531 441;
531 446;
531 447;
531 451;
531 452;
531 455;
531 456;
531 457;
531 46;
531 462;
531 469;
531 47;
531 470;
531 474;
531 475;
531 478;
531 479;
531 48;
531 480;
531 485;
531 487;
531 490;
531 491;
531 495;
531 496;
531 499;
531 500;
531 501;
531 506;
531 508;
531 518;
531 520;
531 523;
531 525;
531 526;
531 529;
531 53;
531 534;
531 535;
531 536;
531 538;
531 540;
531 541;
531 543;
531 544;
531 546;
531 547;
531 548;
531 549;
531 55;
531 551;
531 553;
531 554;
531 556;
531 557;
531 563;
531 564;
531 571;
531 573;
531 576;
531 578;
531 58;
531 581;
531 584;
531 586;
531 588;
531 589;
531 59;
531 591;
531 592;
531 594;
531 595;
531 597;
531 602;
531 604;
531 607;
531 616;
531 618;
531 619;
531 621;
531 623;
531 624;
531 626;
531 629;
531 63;
531 634;
531 635;
531 639;
531 64;
531 640;
531 643;
531 644;
531 645;
531 650;
531 652;
531 655;
531 656;
531 660;
531 661;
531 664;
531 665;
531 666;
531 67;
531 671;
531 673;
531 68;
531 681;
531 682;
531 686;
531 687;
531 69;
531 690;
531 691;
531 692;
531 697;
531 699;
531 702;
531 703;
531 707;
531 708;
531 711;
531 712;
531 713;
531 718;
531 720;
531 723;
531 724;
531 728;
531 729;
531 732;
531 733;
531 734;
531 739;
531 74;
531 741;
531 744;
531 745;
531 749;
531 750;
531 753;
531 754;
531 755;
531 76;
531 760;
531 762;
531 765;
531 766;
531 770;
531 771;
531 774;
531 775;
531 776;
531 781;
531 783;
531 786;
531 787;
531 79;
531 791;
531 792;
531 795;
531 796;
531 797;
531 80;
531 802;
531 804;
531 826;
531 828;
531 84;
531 85;
531 88;
531 89;
531 90;
531 95;
531 97;
532 19;
532 213;
532 239;
532 262;
532 291;
532 323;
532 344;
532 365;
532 40;
532 426;
532 449;
532 472;
532 493;
532 61;
532 637;
532 658;
532 684;
532 705;
532 726;
532 747;
532 768;
532 789;
532 82;
534 10;
534 108;
534 115;
534 118;
534 124;
534 14;
534 141;
534 144;
534 148;
534 165;
534 171;
534 174;
534 178;
534 184;
534 187;
534 190;
534 193;
534 200;
534 204;
534 207;
534 233;
534 311;
534 315;
534 387;
534 390;
534 400;
534 404;
534 406;
534 409;
534 414;
534 513;
534 527;
534 533;
534 540;
534 543;
534 546;
534 553;
534 558;
534 560;
534 569;
534 573;
534 582;
534 586;
534 598;
534 603;
534 608;
534 611;
534 615;
534 618;
534 620;
534 623;
534 625;
534 627;
534 676;
534 678;
534 7;
534 808;
534 812;
534 816;
534 820;
534 831;
537 415;
537 523;
537 554;
538 113;
538 116;
538 162;
538 169;
538 172;
538 175;
538 182;
538 185;
538 188;
538 198;
538 202;
538 205;
538 308;
538 311;
538 315;
538 412;
538 415;
538 523;
538 538;
538 541;
538 544;
538 551;
538 554;
538 571;
538 584;
538 601;
538 616;
538 621;
538 813;
538 816;
538 820;
539 107;
539 113;
539 116;
539 123;
539 140;
539 147;
539 162;
539 169;
539 172;
539 175;
539 182;
539 185;
539 188;
539 198;
539 202;
539 205;
539 309;
539 313;
539 389;
539 391;
539 405;
539 412;
539 416;
539 524;
539 526;
539 538;
539 541;
539 544;
539 551;
539 555;
539 557;
539 571;
539 581;
539 584;
539 597;
539 601;
539 607;
539 616;
539 619;
539 621;
539 624;
539 626;
539 814;
539 818;
540 0;
540 107;
540 113;
540 116;
540 123;
540 140;
540 143;
540 147;
540 153;
540 162;
540 169;
540 172;
540 175;
540 182;
540 185;
540 188;
540 191;
540 198;
540 202;
540 205;
540 279;
540 380;
540 389;
540 391;
540 398;
540 405;
540 407;
540 412;
540 415;
540 464;
540 5;
540 514;
540 523;
540 526;
540 531;
540 538;
540 541;
540 544;
540 551;
540 554;
540 557;
540 559;
540 568;
540 571;
540 581;
540 584;
540 597;
540 601;
540 607;
540 609;
540 616;
540 619;
540 621;
540 624;
540 626;
540 675;
540 8;
540 806;
540 822;
540 830;
540 837;
541 0;
541 162;
541 175;
541 230;
541 384;
541 510;
541 612;
541 809;
542 0;
544 108;
544 124;
544 141;
544 144;
544 148;
544 165;
544 178;
544 233;
544 310;
544 314;
544 387;
544 390;
544 406;
544 417;
544 513;
544 525;
544 527;
544 556;
544 558;
544 560;
544 569;
544 582;
544 598;
544 608;
544 615;
544 620;
544 625;
544 627;
544 676;
544 678;
544 812;
544 815;
544 819;
544 831;
545 392;
546 100;
546 104;
546 110;
546 111;
546 120;
546 121;
546 126;
546 130;
546 151;
546 16;
546 195;
546 210;
546 216;
546 219;
546 22;
546 226;
546 228;
546 236;
546 242;
546 245;
546 25;
546 252;
546 254;
546 259;
546 265;
546 268;
546 275;
546 277;
546 288;
546 294;
546 297;
546 304;
546 306;
546 32;
546 320;
546 326;
546 329;
546 336;
546 338;
546 34;
546 341;
546 347;
546 350;
546 357;
546 359;
546 362;
546 368;
546 37;
546 371;
546 378;
546 419;
546 423;
546 429;
546 43;
546 432;
546 439;
546 441;
546 446;
546 452;
546 455;
546 46;
546 462;
546 469;
546 475;
546 478;
546 485;
546 487;
546 490;
546 496;
546 499;
546 506;
546 508;
546 529;
546 53;
546 535;
546 536;
546 548;
546 549;
546 55;
546 563;
546 576;
546 578;
546 58;
546 589;
546 592;
546 595;
546 629;
546 634;
546 64;
546 640;
546 643;
546 650;
546 652;
546 655;
546 661;
546 664;
546 67;
546 671;
546 673;
546 681;
546 687;
546 690;
546 697;
546 699;
546 702;
546 708;
546 711;
546 718;
546 720;
546 723;
546 729;
546 732;
546 739;
546 74;
546 741;
546 744;
546 750;
546 753;
546 76;
546 760;
546 762;
546 765;
546 771;
546 774;
546 781;
546 783;
546 786;
546 79;
546 792;
546 795;
546 802;
546 804;
546 85;
546 88;
546 95;
546 97;
547 137;
547 163;
547 164;
547 166;
547 167;
547 176;
547 177;
547 179;
547 180;
547 196;
547 20;
547 214;
547 220;
547 240;
547 246;
547 26;
547 263;
547 269;
547 292;
547 298;
547 324;
547 330;
547 345;
547 351;
547 366;
547 372;
547 41;
547 427;
547 433;
547 450;
547 456;
547 47;
547 473;
547 479;
547 494;
547 500;
547 62;
547 638;
547 644;
547 659;
547 665;
547 68;
547 685;
547 691;
547 706;
547 712;
547 727;
547 733;
547 748;
547 754;
547 769;
547 775;
547 790;
547 796;
547 83;
547 89;
554 100;
554 101;
554 11;
554 110;
554 113;
554 115;
554 116;
554 117;
554 118;
554 120;
554 122;
554 124;
554 126;
554 130;
554 131;
554 137;
554 139;
554 143;
554 146;
554 149;
554 153;
554 156;
554 159;
554 161;
554 162;
554 164;
554 172;
554 174;
554 182;
554 185;
554 188;
554 190;
554 191;
554 193;
554 194;
554 195;
554 198;
554 200;
554 202;
554 203;
554 204;
554 205;
554 214;
554 215;
554 216;
554 218;
554 219;
554 220;
554 223;
554 230;
554 233;
554 244;
554 245;
554 249;
554 250;
554 253;
554 254;
554 255;
554 260;
554 262;
554 267;
554 268;
554 27;
554 272;
554 273;
554 276;
554 277;
554 278;
554 283;
554 285;
554 288;
554 289;
554 293;
554 294;
554 297;
554 298;
554 299;
554 304;
554 306;
554 315;
554 316;
554 322;
554 33;
554 336;
554 338;
554 34;
554 341;
554 342;
554 346;
554 347;
554 350;
554 351;
554 352;
554 357;
554 359;
554 363;
554 365;
554 366;
554 368;
554 369;
554 37;
554 371;
554 375;
554 377;
554 378;
554 379;
554 38;
554 380;
554 382;
554 383;
554 384;
554 386;
554 387;
554 388;
554 391;
554 392;
554 393;
554 395;
554 396;
554 397;
554 400;
554 401;
554 402;
554 409;
554 412;
554 415;
554 42;
554 420;
554 421;
554 425;
554 426;
554 429;
554 43;
554 430;
554 431;
554 436;
554 445;
554 446;
554 450;
554 451;
554 454;
554 455;
554 456;
554 46;
554 461;
554 463;
554 466;
554 467;
554 47;
554 471;
554 472;
554 475;
554 476;
554 477;
554 48;
554 482;
554 484;
554 510;
554 512;
554 523;
554 53;
554 55;
554 550;
554 552;
554 553;
554 556;
554 565;
554 568;
554 570;
554 572;
554 58;
554 582;
554 584;
554 586;
554 588;
554 59;
554 600;
554 602;
554 604;
554 616;
554 618;
554 619;
554 621;
554 623;
554 628;
554 63;
554 633;
554 635;
554 636;
554 637;
554 638;
554 639;
554 64;
554 641;
554 643;
554 644;
554 645;
554 647;
554 650;
554 651;
554 655;
554 656;
554 659;
554 660;
554 661;
554 666;
554 668;
554 67;
554 671;
554 672;
554 676;
554 677;
554 68;
554 680;
554 681;
554 682;
554 687;
554 689;
554 69;
554 692;
554 693;
554 697;
554 698;
554 701;
554 702;
554 703;
554 708;
554 710;
554 713;
554 714;
554 718;
554 719;
554 722;
554 723;
554 724;
554 729;
554 731;
554 737;
554 739;
554 74;
554 744;
554 745;
554 749;
554 750;
554 753;
554 754;
554 755;
554 76;
554 760;
554 762;
554 780;
554 783;
554 79;
554 790;
554 793;
554 794;
554 796;
554 798;
554 80;
554 821;
554 823;
554 84;
554 85;
554 88;
554 89;
554 90;
554 95;
554 97;
555 247;
555 270;
555 291;
555 344;
555 40;
555 423;
555 448;
555 469;
555 61;
555 653;
555 674;
555 695;
555 716;
555 747;
555 82;
557 106;
557 108;
557 111;
557 115;
557 121;
557 124;
557 127;
557 135;
557 137;
557 140;
557 144;
557 147;
557 150;
557 153;
557 157;
557 161;
557 167;
557 171;
557 174;
557 178;
557 183;
557 190;
557 192;
557 200;
557 209;
557 213;
557 234;
557 236;
557 239;
557 241;
557 311;
557 319;
557 326;
557 329;
557 333;
557 336;
557 338;
557 365;
557 368;
557 371;
557 374;
557 376;
557 389;
557 394;
557 398;
557 403;
557 413;
557 489;
557 494;
557 500;
557 504;
557 515;
557 518;
557 520;
557 524;
557 527;
557 530;
557 534;
557 538;
557 542;
557 548;
557 552;
557 554;
557 559;
557 570;
557 575;
557 577;
557 579;
557 586;
557 591;
557 595;
557 597;
557 6;
557 602;
557 607;
557 610;
557 614;
557 618;
557 620;
557 623;
557 625;
557 632;
557 634;
557 766;
557 770;
557 774;
557 778;
557 781;
557 8;
557 803;
557 807;
557 811;
557 815;
557 826;
557 829;
557 831;
558 0;
559 0;
560 162;
560 386;
560 395;
560 486;
560 555;
560 571;
560 587;
560 603;
560 641;
561 113;
561 122;
561 159;
561 162;
561 172;
561 175;
561 188;
561 198;
561 363;
561 366;
561 369;
561 377;
561 386;
561 395;
561 497;
561 500;
561 504;
561 550;
561 555;
561 568;
561 571;
561 584;
561 587;
561 600;
561 603;
561 616;
561 621;
561 641;
561 771;
561 774;
561 778;
561 808;
561 811;
561 815;
562 110;
562 113;
562 120;
562 122;
562 126;
562 136;
562 139;
562 143;
562 146;
562 149;
562 152;
562 156;
562 159;
562 163;
562 172;
562 175;
562 182;
562 188;
562 191;
562 198;
562 233;
562 335;
562 363;
562 366;
562 369;
562 375;
562 386;
562 395;
562 412;
562 438;
562 498;
562 502;
562 523;
562 550;
562 553;
562 555;
562 568;
562 571;
562 584;
562 587;
562 600;
562 603;
562 616;
562 619;
562 621;
562 633;
562 642;
562 772;
562 776;
562 780;
562 809;
562 813;
563 107;
563 110;
563 113;
563 120;
563 122;
563 126;
563 133;
563 136;
563 139;
563 143;
563 146;
563 149;
563 152;
563 156;
563 159;
563 162;
563 165;
563 17;
563 172;
563 175;
563 182;
563 188;
563 191;
563 198;
563 207;
563 233;
563 235;
563 238;
563 318;
563 324;
563 327;
563 335;
563 363;
563 366;
563 369;
563 372;
563 375;
563 386;
563 395;
563 412;
563 5;
563 506;
563 514;
563 517;
563 523;
563 525;
563 528;
563 550;
563 553;
563 555;
563 568;
563 571;
563 576;
563 584;
563 587;
563 596;
563 600;
563 603;
563 608;
563 616;
563 619;
563 621;
563 624;
563 630;
563 633;
563 641;
563 733;
563 764;
563 780;
563 798;
563 801;
563 817;
563 825;
563 828;
564 103;
564 168;
564 175;
564 210;
564 308;
564 535;
564 539;
564 555;
564 571;
564 587;
564 592;
564 603;
564 767;
564 804;
565 0;
567 106;
567 108;
567 111;
567 121;
567 127;
567 137;
567 140;
567 144;
567 147;
567 150;
567 153;
567 157;
567 164;
567 171;
567 178;
567 183;
567 192;
567 213;
567 234;
567 236;
567 239;
567 241;
567 311;
567 319;
567 336;
567 338;
567 376;
567 389;
567 394;
567 398;
567 403;
567 413;
567 489;
567 494;
567 499;
567 503;
567 515;
567 518;
567 520;
567 524;
567 538;
567 542;
567 548;
567 554;
567 577;
567 579;
567 595;
567 597;
567 6;
567 620;
567 625;
567 634;
567 643;
567 770;
567 773;
567 777;
567 781;
567 8;
567 807;
567 810;
567 814;
567 826;
567 829;
567 831;
569 100;
569 11;
569 117;
569 118;
569 131;
569 185;
569 194;
569 195;
569 203;
569 204;
569 205;
569 215;
569 216;
569 219;
569 220;
569 223;
569 244;
569 250;
569 253;
569 260;
569 262;
569 267;
569 273;
569 276;
569 283;
569 285;
569 288;
569 294;
569 297;
569 304;
569 306;
569 315;
569 322;
569 33;
569 341;
569 347;
569 350;
569 357;
569 359;
569 37;
569 378;
569 379;
569 380;
569 383;
569 384;
569 415;
569 420;
569 426;
569 429;
569 43;
569 436;
569 445;
569 451;
569 454;
569 46;
569 461;
569 463;
569 466;
569 472;
569 475;
569 482;
569 484;
569 53;
569 55;
569 58;
569 582;
569 628;
569 636;
569 637;
569 638;
569 639;
569 64;
569 645;
569 647;
569 650;
569 656;
569 659;
569 666;
569 668;
569 67;
569 671;
569 677;
569 680;
569 687;
569 689;
569 692;
569 698;
569 701;
569 708;
569 710;
569 713;
569 719;
569 722;
569 729;
569 731;
569 74;
569 744;
569 750;
569 753;
569 76;
569 760;
569 762;
569 783;
569 79;
569 794;
569 795;
569 796;
569 85;
569 88;
569 95;
569 97;
570 176;
570 177;
570 179;
570 180;
570 230;
570 248;
570 254;
570 27;
570 271;
570 277;
570 292;
570 298;
570 345;
570 351;
570 409;
570 41;
570 424;
570 430;
570 449;
570 455;
570 47;
570 470;
570 476;
570 557;
570 558;
570 565;
570 573;
570 574;
570 589;
570 590;
570 605;
570 606;
570 62;
570 654;
570 660;
570 675;
570 68;
570 681;
570 696;
570 702;
570 717;
570 723;
570 748;
570 754;
570 790;
570 798;
570 83;
570 89;
576 0;
577 0;
577 101;
577 105;
577 106;
577 11;
577 110;
577 111;
577 114;
577 115;
577 116;
577 121;
577 123;
577 126;
577 127;
577 131;
577 132;
577 135;
577 136;
577 137;
577 14;
577 142;
577 149;
577 150;
577 154;
577 155;
577 158;
577 159;
577 160;
577 165;
577 172;
577 173;
577 177;
577 178;
577 181;
577 182;
577 183;
577 188;
577 19;
577 194;
577 195;
577 196;
577 198;
577 199;
577 201;
577 214;
577 216;
577 220;
577 221;
577 225;
577 226;
577 229;
577 23;
577 230;
577 231;
577 236;
577 238;
577 241;
577 242;
577 246;
577 247;
577 250;
577 251;
577 252;
577 257;
577 259;
577 26;
577 262;
577 263;
577 267;
577 268;
577 271;
577 272;
577 273;
577 278;
577 280;
577 283;
577 284;
577 288;
577 289;
577 292;
577 293;
577 294;
577 299;
577 301;
577 324;
577 325;
577 33;
577 335;
577 336;
577 338;
577 348;
577 349;
577 350;
577 351;
577 352;
577 353;
577 376;
577 38;
577 392;
577 395;
577 397;
577 399;
577 40;
577 401;
577 404;
577 405;
577 409;
577 41;
577 411;
577 413;
577 415;
577 418;
577 423;
577 425;
577 43;
577 44;
577 448;
577 449;
577 459;
577 460;
577 462;
577 472;
577 473;
577 474;
577 475;
577 476;
577 477;
577 49;
577 500;
577 502;
577 504;
577 505;
577 506;
577 508;
577 51;
577 510;
577 511;
577 513;
577 515;
577 519;
577 53;
577 54;
577 55;
577 57;
577 571;
577 572;
577 582;
577 583;
577 585;
577 59;
577 595;
577 596;
577 597;
577 598;
577 599;
577 6;
577 60;
577 600;
577 624;
577 625;
577 629;
577 630;
577 633;
577 634;
577 635;
577 640;
577 642;
577 646;
577 649;
577 652;
577 653;
577 657;
577 658;
577 661;
577 662;
577 663;
577 668;
577 670;
577 673;
577 674;
577 678;
577 679;
577 682;
577 683;
577 684;
577 689;
577 691;
577 693;
577 695;
577 696;
577 697;
577 698;
577 699;
577 70;
577 701;
577 702;
577 703;
577 706;
577 707;
577 711;
577 712;
577 715;
577 716;
577 717;
577 72;
577 722;
577 724;
577 726;
577 728;
577 736;
577 739;
577 743;
577 745;
577 747;
577 749;
577 750;
577 754;
577 755;
577 758;
577 759;
577 76;
577 760;
577 765;
577 767;
577 769;
577 771;
577 773;
577 774;
577 776;
577 777;
577 779;
577 781;
577 796;
577 798;
577 808;
577 809;
577 810;
577 812;
577 814;
577 816;
577 817;
577 823;
577 830;
577 91;
577 93;
577 96;
577 98;
577 99;
578 108;
578 129;
578 152;
578 175;
578 223;
578 244;
578 265;
578 286;
578 339;
578 463;
578 586;
578 627;
578 655;
578 676;
578 709;
578 752;
580 101;
580 11;
580 14;
580 17;
580 20;
580 205;
580 209;
580 23;
580 27;
580 31;
580 33;
580 37;
580 377;
580 397;
580 40;
580 400;
580 404;
580 406;
580 411;
580 414;
580 418;
580 43;
580 47;
580 501;
580 503;
580 507;
580 518;
580 52;
580 520;
580 523;
580 527;
580 531;
580 536;
580 542;
580 546;
580 59;
580 63;
580 647;
580 649;
580 65;
580 67;
580 695;
580 72;
580 731;
580 735;
580 737;
580 74;
580 744;
580 747;
580 770;
580 778;
580 780;
580 784;
580 787;
580 79;
580 791;
580 801;
580 804;
580 806;
580 814;
580 82;
580 820;
580 86;
580 98;
583 504;
583 508;
583 511;
583 514;
583 528;
583 726;
583 771;
583 774;
584 0;
584 369;
584 38;
584 395;
584 398;
584 409;
584 41;
584 412;
584 44;
584 493;
584 504;
584 508;
584 511;
584 514;
584 539;
584 542;
584 546;
584 57;
584 60;
584 616;
584 693;
584 696;
584 70;
584 726;
584 745;
584 76;
584 771;
584 774;
584 781;
584 812;
584 837;
584 96;
584 99;
585 10;
585 13;
585 19;
585 190;
585 22;
585 26;
585 32;
585 376;
585 38;
585 395;
585 398;
585 405;
585 409;
585 41;
585 412;
585 44;
585 500;
585 502;
585 504;
585 509;
585 51;
585 512;
585 514;
585 519;
585 540;
585 544;
585 57;
585 60;
585 646;
585 648;
585 693;
585 70;
585 727;
585 736;
585 743;
585 745;
585 76;
585 769;
585 772;
585 775;
585 777;
585 779;
585 781;
585 812;
585 96;
585 99;
586 10;
586 13;
586 144;
586 16;
586 167;
586 19;
586 203;
586 210;
586 22;
586 26;
586 303;
586 32;
586 35;
586 369;
586 376;
586 38;
586 382;
586 395;
586 398;
586 405;
586 409;
586 41;
586 412;
586 419;
586 427;
586 44;
586 493;
586 500;
586 502;
586 504;
586 508;
586 51;
586 511;
586 514;
586 519;
586 521;
586 550;
586 57;
586 60;
586 616;
586 64;
586 646;
586 648;
586 693;
586 70;
586 726;
586 729;
586 73;
586 736;
586 743;
586 745;
586 76;
586 769;
586 771;
586 774;
586 777;
586 779;
586 781;
586 785;
586 792;
586 80;
586 800;
586 803;
586 812;
586 819;
586 87;
586 96;
586 99;
587 206;
587 28;
587 44;
587 514;
587 524;
587 60;
587 732;
587 76;
587 781;
587 788;
587 83;
590 11;
590 14;
590 17;
590 20;
590 209;
590 23;
590 27;
590 31;
590 33;
590 377;
590 406;
590 47;
590 501;
590 503;
590 507;
590 510;
590 513;
590 52;
590 520;
590 527;
590 531;
590 536;
590 541;
590 545;
590 63;
590 647;
590 649;
590 65;
590 67;
590 728;
590 735;
590 737;
590 74;
590 744;
590 770;
590 773;
590 776;
590 778;
590 780;
590 784;
590 79;
590 791;
590 801;
590 804;
590 806;
590 820;
590 86;
592 105;
592 111;
592 114;
592 121;
592 123;
592 126;
592 132;
592 135;
592 142;
592 149;
592 155;
592 158;
592 165;
592 172;
592 178;
592 181;
592 188;
592 195;
592 196;
592 199;
592 201;
592 220;
592 226;
592 229;
592 236;
592 238;
592 241;
592 247;
592 250;
592 257;
592 259;
592 262;
592 268;
592 271;
592 278;
592 280;
592 283;
592 289;
592 292;
592 299;
592 301;
592 324;
592 349;
592 350;
592 352;
592 448;
592 473;
592 474;
592 476;
592 49;
592 54;
592 55;
592 571;
592 596;
592 597;
592 599;
592 6;
592 624;
592 630;
592 633;
592 640;
592 642;
592 652;
592 658;
592 661;
592 668;
592 670;
592 673;
592 679;
592 682;
592 689;
592 691;
592 697;
592 698;
592 699;
592 702;
592 703;
592 706;
592 712;
592 715;
592 722;
592 724;
592 739;
592 749;
592 755;
592 758;
592 765;
592 767;
592 809;
592 810;
592 816;
592 817;
592 823;
593 0;
593 109;
593 115;
593 130;
593 136;
593 153;
593 159;
593 176;
593 182;
593 224;
593 230;
593 245;
593 251;
593 266;
593 272;
593 287;
593 293;
593 323;
593 334;
593 340;
593 348;
593 353;
593 392;
593 447;
593 45;
593 458;
593 46;
593 464;
593 472;
593 477;
593 516;
593 517;
593 570;
593 581;
593 587;
593 595;
593 600;
593 61;
593 62;
593 628;
593 634;
593 656;
593 662;
593 677;
593 683;
593 710;
593 716;
593 753;
593 759;
593 77;
593 78;
593 782;
593 783;
593 830;
593 837;
594 0;
595 0;
600 10;
600 101;
600 102;
600 104;
600 107;
600 109;
600 111;
600 112;
600 116;
600 117;
600 120;
600 121;
600 122;
600 127;
600 129;
600 132;
600 133;
600 137;
600 138;
600 141;
600 142;
600 143;
600 148;
600 150;
600 153;
600 154;
600 158;
600 159;
600 162;
600 163;
600 164;
600 169;
600 17;
600 171;
600 176;
600 177;
600 18;
600 181;
600 182;
600 185;
600 186;
600 187;
600 192;
600 194;
600 199;
600 201;
600 203;
600 21;
600 213;
600 215;
600 220;
600 221;
600 225;
600 226;
600 229;
600 23;
600 230;
600 231;
600 236;
600 238;
600 241;
600 242;
600 246;
600 247;
600 25;
600 250;
600 251;
600 252;
600 257;
600 259;
600 262;
600 263;
600 267;
600 268;
600 27;
600 271;
600 272;
600 273;
600 278;
600 280;
600 288;
600 289;
600 293;
600 294;
600 297;
600 298;
600 299;
600 30;
600 304;
600 306;
600 309;
600 311;
600 314;
600 315;
600 319;
600 32;
600 320;
600 323;
600 324;
600 325;
600 33;
600 330;
600 332;
600 335;
600 336;
600 340;
600 341;
600 344;
600 345;
600 346;
600 35;
600 351;
600 353;
600 357;
600 36;
600 363;
600 365;
600 370;
600 372;
600 375;
600 376;
600 38;
600 385;
600 387;
600 390;
600 391;
600 393;
600 395;
600 396;
600 399;
600 40;
600 400;
600 409;
600 411;
600 413;
600 415;
600 418;
600 42;
600 421;
600 422;
600 426;
600 427;
600 430;
600 431;
600 432;
600 437;
600 44;
600 444;
600 445;
600 449;
600 450;
600 453;
600 454;
600 455;
600 46;
600 460;
600 48;
600 484;
600 486;
600 488;
600 489;
600 490;
600 492;
600 494;
600 498;
600 502;
600 504;
600 505;
600 507;
600 508;
600 511;
600 519;
600 535;
600 539;
600 540;
600 544;
600 545;
600 548;
600 549;
600 55;
600 550;
600 555;
600 557;
600 56;
600 560;
600 561;
600 565;
600 566;
600 569;
600 57;
600 570;
600 571;
600 576;
600 578;
600 58;
600 581;
600 582;
600 586;
600 587;
600 590;
600 591;
600 592;
600 597;
600 599;
600 602;
600 603;
600 607;
600 608;
600 61;
600 611;
600 612;
600 613;
600 618;
600 620;
600 63;
600 639;
600 64;
600 641;
600 644;
600 645;
600 649;
600 650;
600 653;
600 654;
600 655;
600 66;
600 660;
600 662;
600 665;
600 666;
600 67;
600 670;
600 671;
600 674;
600 675;
600 676;
600 68;
600 681;
600 683;
600 686;
600 687;
600 691;
600 692;
600 695;
600 696;
600 697;
600 702;
600 704;
600 707;
600 708;
600 712;
600 713;
600 716;
600 717;
600 718;
600 723;
600 725;
600 728;
600 729;
600 733;
600 734;
600 737;
600 738;
600 739;
600 744;
600 746;
600 749;
600 750;
600 754;
600 755;
600 758;
600 759;
600 760;
600 765;
600 767;
600 770;
600 771;
600 775;
600 776;
600 779;
600 780;
600 781;
600 786;
600 788;
600 791;
600 792;
600 796;
600 797;
600 800;
600 801;
600 802;
600 807;
600 809;
600 812;
600 819;
600 87;
600 89;
600 91;
600 93;
600 94;
600 96;
600 99;
601 114;
601 135;
601 156;
601 179;
601 223;
601 244;
601 265;
601 291;
601 317;
601 338;
601 424;
601 447;
601 542;
601 563;
601 584;
601 605;
601 647;
601 668;
601 689;
601 710;
601 731;
601 752;
601 773;
601 794;
603 101;
603 104;
603 109;
603 11;
603 14;
603 199;
603 201;
603 203;
603 208;
603 25;
603 28;
603 284;
603 309;
603 311;
603 32;
603 35;
603 358;
603 37;
603 381;
603 386;
603 390;
603 393;
603 40;
603 404;
603 408;
603 411;
603 414;
603 418;
603 43;
603 46;
603 470;
603 474;
603 478;
603 49;
603 493;
603 497;
603 501;
603 504;
603 507;
603 509;
603 514;
603 516;
603 53;
603 625;
603 629;
603 63;
603 633;
603 65;
603 73;
603 77;
603 8;
603 81;
603 824;
603 827;
603 831;
603 93;
603 96;
606 510;
607 102;
607 107;
607 23;
607 30;
607 33;
607 38;
607 384;
607 391;
607 409;
607 412;
607 44;
607 471;
607 474;
607 478;
607 494;
607 498;
607 502;
607 505;
607 510;
607 61;
607 626;
607 629;
607 633;
607 74;
607 77;
607 81;
607 91;
607 94;
607 99;
608 10;
608 102;
608 107;
608 198;
608 23;
608 27;
608 30;
608 308;
608 33;
608 357;
608 36;
608 38;
608 384;
608 391;
608 409;
608 412;
608 42;
608 44;
608 462;
608 472;
608 476;
608 48;
608 492;
608 494;
608 498;
608 502;
608 505;
608 508;
608 510;
608 61;
608 627;
608 631;
608 64;
608 75;
608 79;
608 91;
608 94;
608 99;
609 10;
609 102;
609 107;
609 12;
609 198;
609 209;
609 23;
609 27;
609 282;
609 30;
609 308;
609 33;
609 357;
609 359;
609 36;
609 38;
609 384;
609 391;
609 402;
609 409;
609 412;
609 42;
609 439;
609 44;
609 468;
609 48;
609 480;
609 492;
609 494;
609 498;
609 502;
609 505;
609 508;
609 510;
609 515;
609 525;
609 61;
609 635;
609 64;
609 822;
609 825;
609 83;
609 91;
609 94;
609 99;
610 205;
610 378;
610 494;
610 498;
610 5;
610 50;
610 510;
610 622;
610 70;
611 837;
612 0;
613 0;
613 11;
613 199;
613 201;
613 203;
613 208;
613 28;
613 309;
613 311;
613 358;
613 37;
613 381;
613 43;
613 473;
613 477;
613 49;
613 493;
613 497;
613 501;
613 509;
613 516;
613 53;
613 625;
613 628;
613 632;
613 65;
613 73;
613 76;
613 8;
613 80;
615 111;
615 117;
615 120;
615 127;
615 129;
615 132;
615 138;
615 141;
615 148;
615 150;
615 153;
615 159;
615 162;
615 169;
615 17;
615 171;
615 176;
615 18;
615 182;
615 185;
615 192;
615 194;
615 21;
615 220;
615 226;
615 229;
615 236;
615 238;
615 241;
615 247;
615 250;
615 257;
615 259;
615 262;
615 268;
615 271;
615 278;
615 280;
615 288;
615 294;
615 297;
615 304;
615 306;
615 314;
615 320;
615 323;
615 330;
615 332;
615 335;
615 341;
615 344;
615 351;
615 353;
615 370;
615 372;
615 375;
615 395;
615 396;
615 399;
615 400;
615 421;
615 427;
615 430;
615 437;
615 444;
615 450;
615 453;
615 460;
615 489;
615 490;
615 519;
615 539;
615 545;
615 548;
615 555;
615 557;
615 56;
615 560;
615 566;
615 569;
615 57;
615 576;
615 578;
615 58;
615 581;
615 587;
615 590;
615 597;
615 599;
615 602;
615 608;
615 611;
615 618;
615 620;
615 644;
615 650;
615 653;
615 660;
615 662;
615 665;
615 67;
615 671;
615 674;
615 68;
615 681;
615 683;
615 686;
615 692;
615 695;
615 702;
615 704;
615 707;
615 713;
615 716;
615 723;
615 725;
615 728;
615 734;
615 737;
615 744;
615 746;
615 749;
615 755;
615 758;
615 765;
615 767;
615 770;
615 776;
615 779;
615 786;
615 788;
615 791;
615 797;
615 800;
615 807;
615 809;
615 812;
616 115;
616 121;
616 136;
616 142;
616 157;
616 163;
616 180;
616 186;
616 224;
616 230;
616 245;
616 251;
616 266;
616 272;
616 292;
616 298;
616 318;
616 324;
616 339;
616 345;
616 425;
616 431;
616 448;
616 454;
616 495;
616 496;
616 499;
616 500;
616 512;
616 513;
616 535;
616 543;
616 549;
616 564;
616 570;
616 585;
616 591;
616 606;
616 612;
616 648;
616 654;
616 669;
616 675;
616 690;
616 696;
616 711;
616 717;
616 732;
616 738;
616 753;
616 759;
616 774;
616 780;
616 795;
616 801;
616 819;
623 100;
623 102;
623 104;
623 106;
623 107;
623 110;
623 111;
623 115;
623 116;
623 119;
623 120;
623 121;
623 126;
623 128;
623 131;
623 132;
623 136;
623 137;
623 14;
623 140;
623 141;
623 142;
623 147;
623 149;
623 152;
623 153;
623 157;
623 158;
623 16;
623 161;
623 162;
623 163;
623 168;
623 17;
623 177;
623 178;
623 182;
623 183;
623 186;
623 187;
623 188;
623 19;
623 193;
623 20;
623 21;
623 214;
623 216;
623 220;
623 221;
623 225;
623 226;
623 229;
623 23;
623 230;
623 231;
623 236;
623 238;
623 241;
623 242;
623 246;
623 247;
623 25;
623 250;
623 251;
623 252;
623 257;
623 259;
623 26;
623 262;
623 263;
623 267;
623 268;
623 271;
623 272;
623 273;
623 278;
623 28;
623 280;
623 283;
623 285;
623 288;
623 289;
623 29;
623 293;
623 294;
623 297;
623 298;
623 299;
623 304;
623 306;
623 31;
623 314;
623 315;
623 316;
623 317;
623 319;
623 32;
623 322;
623 323;
623 327;
623 328;
623 331;
623 332;
623 333;
623 338;
623 34;
623 340;
623 345;
623 346;
623 35;
623 368;
623 37;
623 370;
623 373;
623 375;
623 380;
623 382;
623 387;
623 389;
623 39;
623 393;
623 395;
623 40;
623 403;
623 405;
623 408;
623 41;
623 410;
623 413;
623 415;
623 42;
623 421;
623 434;
623 44;
623 441;
623 442;
623 446;
623 447;
623 450;
623 451;
623 452;
623 457;
623 46;
623 48;
623 487;
623 489;
623 492;
623 494;
623 499;
623 511;
623 513;
623 52;
623 520;
623 524;
623 525;
623 526;
623 538;
623 539;
623 54;
623 543;
623 544;
623 547;
623 548;
623 549;
623 55;
623 554;
623 556;
623 559;
623 560;
623 564;
623 565;
623 568;
623 569;
623 57;
623 570;
623 575;
623 577;
623 58;
623 580;
623 584;
623 585;
623 586;
623 589;
623 598;
623 60;
623 600;
623 61;
623 611;
623 612;
623 616;
623 617;
623 62;
623 620;
623 621;
623 622;
623 627;
623 629;
623 63;
623 632;
623 634;
623 636;
623 638;
623 639;
623 64;
623 640;
623 643;
623 644;
623 645;
623 648;
623 649;
623 650;
623 654;
623 656;
623 662;
623 668;
623 669;
623 673;
623 674;
623 677;
623 678;
623 679;
623 684;
623 686;
623 688;
623 69;
623 690;
623 691;
623 693;
623 695;
623 696;
623 70;
623 700;
623 701;
623 704;
623 705;
623 706;
623 71;
623 711;
623 713;
623 716;
623 717;
623 721;
623 722;
623 725;
623 726;
623 727;
623 732;
623 734;
623 737;
623 738;
623 74;
623 742;
623 743;
623 746;
623 747;
623 748;
623 753;
623 755;
623 758;
623 759;
623 76;
623 763;
623 764;
623 767;
623 768;
623 769;
623 774;
623 776;
623 779;
623 78;
623 780;
623 784;
623 785;
623 788;
623 789;
623 79;
623 790;
623 795;
623 797;
623 807;
623 809;
623 81;
623 820;
623 83;
623 85;
623 94;
623 96;
623 99;
624 113;
624 134;
624 155;
624 180;
624 223;
624 244;
624 265;
624 291;
624 325;
624 444;
624 541;
624 562;
624 614;
624 671;
624 698;
624 719;
624 740;
624 761;
624 782;
626 104;
626 11;
626 16;
626 19;
626 204;
626 208;
626 25;
626 28;
626 31;
626 311;
626 34;
626 350;
626 354;
626 358;
626 362;
626 37;
626 400;
626 418;
626 425;
626 428;
626 432;
626 46;
626 466;
626 471;
626 477;
626 481;
626 49;
626 492;
626 497;
626 502;
626 505;
626 509;
626 512;
626 514;
626 54;
626 57;
626 589;
626 593;
626 6;
626 60;
626 603;
626 606;
626 608;
626 632;
626 634;
626 636;
626 641;
626 646;
626 651;
626 656;
626 68;
626 690;
626 693;
626 78;
626 80;
626 802;
626 812;
626 815;
626 817;
626 82;
626 85;
626 87;
626 9;
626 90;
626 92;
626 96;
629 463;
629 498;
629 638;
630 0;
630 102;
630 14;
630 17;
630 201;
630 204;
630 208;
630 23;
630 26;
630 29;
630 32;
630 35;
630 355;
630 358;
630 362;
630 44;
630 474;
630 477;
630 481;
630 494;
630 498;
630 52;
630 55;
630 58;
630 638;
630 654;
630 688;
630 691;
630 76;
630 83;
630 94;
631 0;
631 102;
631 14;
631 17;
631 170;
631 195;
631 202;
631 206;
631 23;
631 26;
631 29;
631 32;
631 35;
631 356;
631 360;
631 433;
631 44;
631 459;
631 475;
631 479;
631 48;
631 491;
631 494;
631 498;
631 511;
631 513;
631 52;
631 55;
631 58;
631 588;
631 631;
631 638;
631 654;
631 688;
631 691;
631 76;
631 79;
631 81;
631 83;
631 94;
632 102;
632 14;
632 17;
632 210;
632 23;
632 26;
632 29;
632 32;
632 348;
632 35;
632 364;
632 417;
632 423;
632 426;
632 433;
632 44;
632 48;
632 483;
632 491;
632 494;
632 498;
632 5;
632 503;
632 511;
632 513;
632 52;
632 532;
632 55;
632 58;
632 588;
632 591;
632 594;
632 602;
632 605;
632 631;
632 638;
632 654;
632 66;
632 688;
632 691;
632 76;
632 79;
632 8;
632 803;
632 81;
632 811;
632 814;
632 826;
632 83;
632 86;
632 89;
632 94;
633 308;
633 351;
633 397;
633 494;
633 498;
633 506;
633 799;
636 11;
636 203;
636 207;
636 311;
636 354;
636 357;
636 361;
636 400;
636 418;
636 466;
636 471;
636 476;
636 480;
636 49;
636 492;
636 497;
636 509;
636 512;
636 514;
636 589;
636 6;
636 603;
636 606;
636 608;
636 632;
636 634;
636 636;
636 641;
636 646;
636 651;
636 80;
636 802;
636 812;
636 815;
636 817;
636 82;
636 87;
636 9;
636 90;
636 92;
637 434;
638 106;
638 110;
638 116;
638 119;
638 126;
638 128;
638 131;
638 137;
638 140;
638 147;
638 149;
638 152;
638 158;
638 161;
638 168;
638 177;
638 183;
638 186;
638 193;
638 21;
638 220;
638 226;
638 229;
638 236;
638 238;
638 241;
638 247;
638 250;
638 257;
638 259;
638 262;
638 268;
638 271;
638 278;
638 280;
638 283;
638 285;
638 288;
638 294;
638 297;
638 304;
638 306;
638 315;
638 316;
638 317;
638 319;
638 322;
638 328;
638 331;
638 338;
638 340;
638 345;
638 373;
638 375;
638 380;
638 382;
638 387;
638 389;
638 393;
638 395;
638 40;
638 403;
638 405;
638 408;
638 41;
638 410;
638 413;
638 415;
638 42;
638 421;
638 441;
638 447;
638 450;
638 457;
638 525;
638 526;
638 538;
638 544;
638 547;
638 554;
638 556;
638 559;
638 565;
638 568;
638 575;
638 577;
638 580;
638 585;
638 586;
638 611;
638 617;
638 62;
638 620;
638 627;
638 629;
638 63;
638 64;
638 668;
638 674;
638 677;
638 684;
638 686;
638 695;
638 70;
638 701;
638 704;
638 71;
638 711;
638 713;
638 716;
638 722;
638 725;
638 732;
638 734;
638 737;
638 74;
638 743;
638 746;
638 753;
638 755;
638 758;
638 764;
638 767;
638 774;
638 776;
638 779;
638 785;
638 788;
638 795;
638 797;
638 820;
638 99;
639 114;
639 120;
639 135;
639 141;
639 156;
639 162;
639 181;
639 187;
639 224;
639 230;
639 245;
639 251;
639 266;
639 272;
639 292;
639 298;
639 326;
639 332;
639 445;
639 451;
639 495;
639 496;
639 500;
639 501;
639 520;
639 542;
639 548;
639 563;
639 569;
639 615;
639 621;
639 662;
639 672;
639 678;
639 699;
639 705;
639 720;
639 726;
639 741;
639 747;
639 762;
639 768;
639 783;
639 789;
646 101;
646 102;
646 104;
646 106;
646 107;
646 110;
646 111;
646 115;
646 116;
646 119;
646 120;
646 121;
646 126;
646 128;
646 131;
646 132;
646 136;
646 137;
646 140;
646 141;
646 142;
646 147;
646 149;
646 152;
646 153;
646 157;
646 158;
646 161;
646 162;
646 163;
646 168;
646 17;
646 18;
646 19;
646 20;
646 204;
646 206;
646 217;
646 22;
646 231;
646 232;
646 236;
646 237;
646 24;
646 240;
646 241;
646 242;
646 247;
646 249;
646 252;
646 253;
646 257;
646 258;
646 26;
646 261;
646 262;
646 263;
646 268;
646 270;
646 273;
646 274;
646 278;
646 279;
646 28;
646 282;
646 283;
646 284;
646 289;
646 291;
646 294;
646 295;
646 299;
646 300;
646 303;
646 304;
646 305;
646 31;
646 310;
646 312;
646 315;
646 316;
646 319;
646 32;
646 33;
646 332;
646 333;
646 337;
646 338;
646 34;
646 341;
646 342;
646 343;
646 348;
646 350;
646 355;
646 356;
646 36;
646 360;
646 361;
646 364;
646 365;
646 366;
646 371;
646 373;
646 376;
646 377;
646 38;
646 380;
646 381;
646 384;
646 39;
646 393;
646 395;
646 400;
646 402;
646 406;
646 408;
646 41;
646 415;
646 417;
646 42;
646 424;
646 439;
646 44;
646 446;
646 447;
646 45;
646 451;
646 452;
646 455;
646 456;
646 457;
646 462;
646 472;
646 474;
646 48;
646 485;
646 49;
646 497;
646 498;
646 50;
646 502;
646 503;
646 506;
646 507;
646 508;
646 513;
646 515;
646 518;
646 519;
646 523;
646 524;
646 527;
646 528;
646 529;
646 534;
646 536;
646 545;
646 546;
646 550;
646 551;
646 554;
646 555;
646 556;
646 56;
646 561;
646 563;
646 566;
646 567;
646 57;
646 571;
646 572;
646 575;
646 576;
646 577;
646 58;
646 582;
646 584;
646 587;
646 588;
646 592;
646 593;
646 596;
646 597;
646 598;
646 603;
646 605;
646 608;
646 609;
646 613;
646 614;
646 617;
646 618;
646 619;
646 62;
646 624;
646 626;
646 629;
646 64;
646 644;
646 645;
646 649;
646 650;
646 653;
646 654;
646 655;
646 660;
646 662;
646 665;
646 666;
646 670;
646 671;
646 674;
646 675;
646 676;
646 681;
646 683;
646 686;
646 687;
646 691;
646 692;
646 695;
646 696;
646 697;
646 702;
646 704;
646 707;
646 708;
646 71;
646 712;
646 713;
646 716;
646 717;
646 718;
646 723;
646 725;
646 728;
646 729;
646 73;
646 733;
646 734;
646 737;
646 738;
646 739;
646 74;
646 744;
646 746;
646 749;
646 750;
646 754;
646 755;
646 758;
646 759;
646 760;
646 765;
646 767;
646 770;
646 771;
646 775;
646 776;
646 779;
646 780;
646 781;
646 786;
646 788;
646 81;
646 821;
646 823;
646 83;
646 84;
646 86;
646 87;
646 89;
646 95;
646 99;
647 113;
647 134;
647 155;
647 234;
647 255;
647 276;
647 297;
647 335;
647 358;
647 449;
647 500;
647 521;
647 548;
647 569;
647 590;
647 611;
647 647;
647 668;
647 689;
647 710;
647 731;
647 752;
647 773;
648 0;
649 0;
649 10;
649 101;
649 104;
649 14;
649 179;
649 183;
649 188;
649 194;
649 198;
649 209;
649 212;
649 214;
649 23;
649 25;
649 28;
649 323;
649 326;
649 330;
649 38;
649 41;
649 413;
649 429;
649 432;
649 436;
649 44;
649 46;
649 477;
649 480;
649 482;
649 541;
649 55;
649 633;
649 636;
649 64;
649 640;
649 68;
649 7;
649 73;
649 77;
649 792;
649 796;
649 80;
649 800;
649 805;
649 811;
649 815;
649 826;
649 829;
649 83;
649 831;
649 86;
649 89;
652 180;
652 797;
653 102;
653 191;
653 194;
653 198;
653 26;
653 36;
653 39;
653 42;
653 62;
653 71;
653 74;
653 808;
653 81;
653 811;
653 815;
653 84;
653 87;
653 99;
654 102;
654 170;
654 192;
654 196;
654 22;
654 24;
654 26;
654 36;
654 383;
654 39;
654 42;
654 438;
654 45;
654 62;
654 71;
654 74;
654 809;
654 81;
654 813;
654 84;
654 87;
654 99;
655 102;
655 200;
655 208;
655 211;
655 22;
655 223;
655 24;
655 26;
655 321;
655 324;
655 36;
655 383;
655 39;
655 42;
655 427;
655 430;
655 438;
655 45;
655 464;
655 468;
655 476;
655 479;
655 491;
655 5;
655 62;
655 631;
655 634;
655 71;
655 74;
655 78;
655 790;
655 8;
655 81;
655 817;
655 825;
655 828;
655 84;
655 87;
655 99;
656 176;
656 410;
656 52;
656 538;
656 65;
656 74;
656 793;
659 179;
659 183;
659 188;
659 193;
659 197;
659 209;
659 212;
659 214;
659 23;
659 25;
659 413;
659 46;
659 477;
659 480;
659 482;
659 541;
659 55;
659 68;
659 77;
659 796;
659 800;
659 805;
659 810;
659 814;
659 826;
659 829;
659 831;
660 384;
660 439;
661 106;
661 110;
661 116;
661 119;
661 126;
661 128;
661 131;
661 137;
661 140;
661 147;
661 149;
661 152;
661 158;
661 161;
661 168;
661 18;
661 19;
661 20;
661 217;
661 231;
661 237;
661 240;
661 247;
661 249;
661 252;
661 258;
661 261;
661 268;
661 270;
661 273;
661 279;
661 282;
661 289;
661 291;
661 294;
661 300;
661 303;
661 310;
661 312;
661 315;
661 319;
661 32;
661 33;
661 332;
661 338;
661 34;
661 341;
661 348;
661 350;
661 355;
661 361;
661 364;
661 371;
661 373;
661 376;
661 380;
661 393;
661 395;
661 400;
661 402;
661 406;
661 408;
661 415;
661 417;
661 446;
661 452;
661 455;
661 462;
661 485;
661 49;
661 497;
661 50;
661 503;
661 506;
661 513;
661 515;
661 518;
661 524;
661 527;
661 534;
661 536;
661 545;
661 551;
661 554;
661 561;
661 563;
661 566;
661 57;
661 572;
661 575;
661 58;
661 582;
661 584;
661 587;
661 593;
661 596;
661 603;
661 605;
661 608;
661 614;
661 617;
661 624;
661 626;
661 629;
661 644;
661 650;
661 653;
661 660;
661 662;
661 665;
661 671;
661 674;
661 681;
661 683;
661 686;
661 692;
661 695;
661 702;
661 704;
661 707;
661 713;
661 716;
661 723;
661 725;
661 728;
661 734;
661 737;
661 744;
661 746;
661 749;
661 755;
661 758;
661 765;
661 767;
661 770;
661 776;
661 779;
661 786;
661 788;
662 114;
662 120;
662 135;
662 141;
662 156;
662 162;
662 235;
662 241;
662 256;
662 262;
662 277;
662 283;
662 298;
662 304;
662 336;
662 342;
662 359;
662 365;
662 424;
662 450;
662 456;
662 501;
662 507;
662 522;
662 528;
662 549;
662 555;
662 570;
662 576;
662 591;
662 597;
662 612;
662 618;
662 648;
662 654;
662 669;
662 675;
662 690;
662 696;
662 711;
662 717;
662 732;
662 738;
662 75;
662 753;
662 759;
662 76;
662 774;
662 780;
662 95;
666 0;
667 0;
669 10;
669 100;
669 102;
669 125;
669 126;
669 13;
669 136;
669 137;
669 139;
669 151;
669 152;
669 153;
669 154;
669 178;
669 179;
669 183;
669 184;
669 187;
669 188;
669 189;
669 194;
669 196;
669 199;
669 206;
669 230;
669 231;
669 241;
669 242;
669 244;
669 254;
669 255;
669 256;
669 257;
669 258;
669 259;
669 283;
669 284;
669 288;
669 289;
669 292;
669 293;
669 294;
669 299;
669 301;
669 32;
669 335;
669 336;
669 34;
669 346;
669 347;
669 349;
669 361;
669 362;
669 363;
669 364;
669 38;
669 388;
669 389;
669 393;
669 394;
669 397;
669 398;
669 399;
669 40;
669 404;
669 406;
669 41;
669 415;
669 417;
669 42;
669 428;
669 44;
669 444;
669 46;
669 468;
669 469;
669 47;
669 479;
669 480;
669 482;
669 49;
669 492;
669 493;
669 494;
669 495;
669 496;
669 497;
669 52;
669 521;
669 522;
669 526;
669 527;
669 530;
669 531;
669 532;
669 537;
669 539;
669 54;
669 55;
669 562;
669 563;
669 573;
669 574;
669 576;
669 586;
669 587;
669 588;
669 589;
669 590;
669 591;
669 6;
669 615;
669 616;
669 620;
669 621;
669 624;
669 625;
669 626;
669 63;
669 631;
669 633;
669 635;
669 637;
669 638;
669 64;
669 640;
669 641;
669 643;
669 644;
669 646;
669 647;
669 649;
669 651;
669 652;
669 656;
669 657;
669 660;
669 661;
669 662;
669 667;
669 669;
669 672;
669 673;
669 677;
669 678;
669 68;
669 681;
669 682;
669 683;
669 688;
669 69;
669 690;
669 693;
669 694;
669 698;
669 699;
669 702;
669 703;
669 704;
669 709;
669 711;
669 714;
669 715;
669 719;
669 72;
669 720;
669 723;
669 724;
669 725;
669 73;
669 730;
669 732;
669 735;
669 736;
669 74;
669 740;
669 741;
669 744;
669 745;
669 746;
669 751;
669 753;
669 756;
669 757;
669 761;
669 762;
669 765;
669 766;
669 767;
669 772;
669 774;
669 777;
669 778;
669 782;
669 783;
669 786;
669 787;
669 788;
669 79;
669 793;
669 795;
669 801;
669 803;
669 81;
669 814;
669 830;
669 84;
669 85;
669 89;
669 90;
669 93;
669 94;
669 95;
670 140;
670 181;
670 245;
670 286;
670 350;
670 391;
670 483;
670 524;
670 577;
670 618;
670 654;
670 66;
670 675;
670 696;
670 717;
670 738;
670 759;
670 780;
670 87;
672 11;
672 14;
672 18;
672 22;
672 26;
672 305;
672 307;
672 310;
672 312;
672 39;
672 410;
672 420;
672 423;
672 425;
672 46;
672 49;
672 54;
672 58;
672 61;
672 637;
672 640;
672 646;
672 649;
672 806;
672 809;
672 811;
675 641;
675 837;
676 170;
676 19;
676 22;
676 26;
676 275;
676 380;
676 44;
676 47;
676 513;
676 52;
676 55;
676 607;
676 635;
676 638;
676 641;
676 644;
676 647;
677 10;
677 13;
677 20;
677 24;
677 38;
677 44;
677 47;
677 52;
677 55;
677 635;
677 638;
677 642;
677 644;
677 647;
678 10;
678 104;
678 13;
678 170;
678 209;
678 275;
678 28;
678 303;
678 306;
678 309;
678 314;
678 38;
678 380;
678 408;
678 411;
678 419;
678 422;
678 434;
678 44;
678 447;
678 47;
678 513;
678 52;
678 541;
678 55;
678 59;
678 607;
678 635;
678 638;
678 641;
678 644;
678 647;
678 797;
678 805;
678 808;
678 820;
679 15;
679 55;
682 11;
682 14;
682 18;
682 21;
682 25;
682 307;
682 310;
682 312;
682 39;
682 420;
682 423;
682 425;
682 58;
682 643;
682 806;
682 809;
682 811;
684 0;
684 100;
684 102;
684 125;
684 151;
684 153;
684 178;
684 184;
684 187;
684 194;
684 196;
684 199;
684 230;
684 255;
684 256;
684 258;
684 283;
684 289;
684 292;
684 299;
684 301;
684 335;
684 361;
684 363;
684 388;
684 394;
684 397;
684 404;
684 406;
684 41;
684 42;
684 428;
684 468;
684 493;
684 494;
684 496;
684 521;
684 527;
684 530;
684 537;
684 539;
684 562;
684 587;
684 588;
684 590;
684 6;
684 615;
684 621;
684 624;
684 63;
684 631;
684 633;
684 651;
684 657;
684 660;
684 667;
684 669;
684 672;
684 678;
684 681;
684 688;
684 69;
684 690;
684 693;
684 699;
684 702;
684 709;
684 711;
684 714;
684 72;
684 720;
684 723;
684 730;
684 732;
684 735;
684 741;
684 744;
684 751;
684 753;
684 756;
684 762;
684 765;
684 772;
684 774;
684 777;
684 783;
684 786;
684 79;
684 793;
684 795;
684 81;
684 814;
684 84;
684 90;
684 93;
685 0;
685 124;
685 135;
685 141;
685 154;
685 182;
685 188;
685 206;
685 229;
685 240;
685 246;
685 254;
685 259;
685 287;
685 293;
685 334;
685 345;
685 351;
685 364;
685 392;
685 398;
685 444;
685 467;
685 478;
685 484;
685 492;
685 497;
685 525;
685 531;
685 56;
685 561;
685 57;
685 572;
685 578;
685 586;
685 591;
685 619;
685 625;
685 655;
685 661;
685 67;
685 676;
685 682;
685 697;
685 703;
685 718;
685 724;
685 73;
685 739;
685 745;
685 760;
685 766;
685 781;
685 787;
685 830;
685 88;
685 94;
692 100;
692 103;
692 104;
692 105;
692 11;
692 110;
692 112;
692 115;
692 116;
692 120;
692 121;
692 124;
692 125;
692 126;
692 131;
692 133;
692 136;
692 137;
692 14;
692 141;
692 142;
692 145;
692 146;
692 147;
692 152;
692 154;
692 157;
692 158;
692 162;
692 163;
692 166;
692 167;
692 168;
692 173;
692 175;
692 178;
692 179;
692 183;
692 184;
692 187;
692 188;
692 189;
692 194;
692 196;
692 202;
692 204;
692 216;
692 217;
692 221;
692 222;
692 225;
692 226;
692 227;
692 23;
692 232;
692 234;
692 239;
692 24;
692 240;
692 244;
692 245;
692 248;
692 249;
692 25;
692 250;
692 255;
692 257;
692 262;
692 263;
692 267;
692 268;
692 27;
692 272;
692 273;
692 278;
692 280;
692 285;
692 286;
692 29;
692 290;
692 291;
692 294;
692 295;
692 296;
692 301;
692 303;
692 31;
692 313;
692 315;
692 318;
692 319;
692 32;
692 323;
692 324;
692 327;
692 328;
692 329;
692 33;
692 334;
692 341;
692 342;
692 346;
692 347;
692 35;
692 350;
692 351;
692 352;
692 357;
692 359;
692 364;
692 365;
692 369;
692 37;
692 370;
692 373;
692 374;
692 375;
692 38;
692 380;
692 387;
692 388;
692 39;
692 392;
692 393;
692 396;
692 397;
692 398;
692 403;
692 41;
692 440;
692 442;
692 45;
692 46;
692 466;
692 467;
692 47;
692 477;
692 478;
692 480;
692 490;
692 491;
692 492;
692 493;
692 494;
692 495;
692 519;
692 52;
692 520;
692 524;
692 525;
692 528;
692 529;
692 530;
692 535;
692 537;
692 54;
692 55;
692 560;
692 561;
692 57;
692 571;
692 572;
692 574;
692 58;
692 584;
692 585;
692 586;
692 587;
692 588;
692 589;
692 60;
692 613;
692 614;
692 618;
692 619;
692 62;
692 622;
692 623;
692 624;
692 629;
692 631;
692 634;
692 635;
692 639;
692 640;
692 643;
692 644;
692 645;
692 650;
692 652;
692 655;
692 656;
692 660;
692 661;
692 664;
692 665;
692 666;
692 671;
692 673;
692 676;
692 677;
692 681;
692 682;
692 685;
692 686;
692 687;
692 692;
692 694;
692 697;
692 698;
692 702;
692 703;
692 706;
692 707;
692 708;
692 713;
692 715;
692 718;
692 719;
692 723;
692 724;
692 727;
692 728;
692 729;
692 734;
692 736;
692 739;
692 740;
692 744;
692 745;
692 748;
692 749;
692 750;
692 755;
692 757;
692 763;
692 770;
692 775;
692 776;
692 78;
692 780;
692 781;
692 784;
692 785;
692 786;
692 791;
692 793;
692 829;
692 831;
692 84;
692 85;
692 87;
692 89;
692 90;
692 92;
692 94;
692 95;
692 99;
693 118;
693 139;
693 160;
693 181;
693 219;
693 242;
693 265;
693 288;
693 321;
693 344;
693 367;
693 390;
693 481;
693 522;
693 575;
693 616;
693 637;
693 658;
693 679;
693 700;
693 721;
693 742;
693 778;
693 97;
695 11;
695 14;
695 18;
695 207;
695 210;
695 212;
695 22;
695 28;
695 30;
695 308;
695 36;
695 411;
695 415;
695 419;
695 42;
695 424;
695 430;
695 434;
695 51;
695 54;
695 57;
695 60;
695 760;
695 798;
695 8;
695 804;
695 808;
695 813;
695 819;
695 823;
695 89;
695 92;
698 416;
698 805;
699 427;
699 430;
699 434;
699 511;
699 52;
699 55;
699 58;
699 605;
699 816;
699 819;
699 823;
699 87;
699 90;
700 10;
700 13;
700 27;
700 29;
700 35;
700 41;
700 428;
700 432;
700 52;
700 55;
700 58;
700 817;
700 821;
700 87;
700 90;
701 10;
701 13;
701 16;
701 198;
701 206;
701 209;
701 27;
701 29;
701 309;
701 336;
701 35;
701 382;
701 405;
701 409;
701 41;
701 436;
701 445;
701 49;
701 511;
701 52;
701 539;
701 55;
701 58;
701 605;
701 68;
701 759;
701 825;
701 87;
701 90;
702 0;
702 305;
702 412;
702 5;
702 795;
703 0;
705 11;
705 14;
705 207;
705 210;
705 212;
705 28;
705 30;
705 308;
705 36;
705 415;
705 419;
705 42;
705 424;
705 429;
705 433;
705 760;
705 798;
705 8;
705 804;
705 808;
705 813;
705 818;
705 822;
707 100;
707 103;
707 110;
707 112;
707 115;
707 121;
707 124;
707 131;
707 133;
707 136;
707 142;
707 145;
707 152;
707 154;
707 157;
707 163;
707 166;
707 173;
707 175;
707 178;
707 184;
707 187;
707 194;
707 196;
707 216;
707 222;
707 225;
707 232;
707 234;
707 239;
707 24;
707 245;
707 248;
707 25;
707 255;
707 257;
707 262;
707 268;
707 278;
707 280;
707 285;
707 291;
707 294;
707 301;
707 303;
707 318;
707 32;
707 324;
707 327;
707 33;
707 334;
707 341;
707 347;
707 350;
707 357;
707 359;
707 364;
707 370;
707 373;
707 38;
707 380;
707 387;
707 39;
707 393;
707 396;
707 403;
707 46;
707 466;
707 47;
707 491;
707 492;
707 494;
707 519;
707 525;
707 528;
707 535;
707 537;
707 560;
707 585;
707 586;
707 588;
707 613;
707 619;
707 62;
707 622;
707 629;
707 631;
707 634;
707 640;
707 643;
707 650;
707 652;
707 655;
707 661;
707 664;
707 671;
707 673;
707 676;
707 682;
707 685;
707 692;
707 694;
707 697;
707 703;
707 706;
707 713;
707 715;
707 718;
707 724;
707 727;
707 734;
707 736;
707 739;
707 745;
707 748;
707 755;
707 757;
707 763;
707 775;
707 781;
707 784;
707 791;
707 793;
707 84;
707 94;
708 104;
708 119;
708 125;
708 140;
708 146;
708 161;
708 167;
708 182;
708 188;
708 220;
708 226;
708 243;
708 249;
708 266;
708 272;
708 289;
708 295;
708 322;
708 328;
708 345;
708 351;
708 368;
708 374;
708 391;
708 397;
708 465;
708 476;
708 482;
708 490;
708 495;
708 523;
708 529;
708 559;
708 570;
708 576;
708 584;
708 589;
708 617;
708 623;
708 638;
708 644;
708 659;
708 665;
708 680;
708 686;
708 701;
708 707;
708 722;
708 728;
708 743;
708 749;
708 770;
708 779;
708 78;
708 785;
708 98;
715 102;
715 111;
715 112;
715 116;
715 117;
715 120;
715 121;
715 122;
715 127;
715 129;
715 132;
715 133;
715 137;
715 138;
715 141;
715 142;
715 143;
715 148;
715 150;
715 153;
715 154;
715 158;
715 159;
715 162;
715 163;
715 164;
715 169;
715 171;
715 174;
715 175;
715 179;
715 180;
715 183;
715 184;
715 185;
715 190;
715 192;
715 195;
715 196;
715 20;
715 206;
715 208;
715 216;
715 217;
715 22;
715 221;
715 222;
715 225;
715 226;
715 227;
715 23;
715 232;
715 234;
715 239;
715 24;
715 240;
715 244;
715 245;
715 248;
715 249;
715 250;
715 255;
715 257;
715 26;
715 262;
715 263;
715 267;
715 268;
715 27;
715 271;
715 272;
715 273;
715 278;
715 28;
715 280;
715 288;
715 289;
715 293;
715 294;
715 297;
715 298;
715 299;
715 30;
715 304;
715 306;
715 318;
715 319;
715 323;
715 324;
715 327;
715 328;
715 329;
715 334;
715 336;
715 341;
715 342;
715 346;
715 347;
715 350;
715 351;
715 352;
715 357;
715 359;
715 364;
715 365;
715 369;
715 370;
715 373;
715 374;
715 375;
715 38;
715 380;
715 387;
715 388;
715 392;
715 393;
715 396;
715 397;
715 398;
715 403;
715 429;
715 431;
715 433;
715 434;
715 435;
715 437;
715 439;
715 440;
715 441;
715 443;
715 445;
715 447;
715 448;
715 449;
715 450;
715 452;
715 454;
715 456;
715 458;
715 460;
715 461;
715 463;
715 464;
715 465;
715 467;
715 483;
715 487;
715 488;
715 492;
715 493;
715 496;
715 497;
715 498;
715 503;
715 505;
715 508;
715 509;
715 513;
715 514;
715 517;
715 518;
715 519;
715 524;
715 526;
715 529;
715 530;
715 534;
715 535;
715 538;
715 539;
715 54;
715 540;
715 545;
715 547;
715 550;
715 551;
715 555;
715 556;
715 559;
715 560;
715 561;
715 566;
715 568;
715 571;
715 576;
715 577;
715 58;
715 581;
715 582;
715 585;
715 586;
715 587;
715 59;
715 592;
715 594;
715 602;
715 603;
715 607;
715 608;
715 611;
715 612;
715 613;
715 618;
715 62;
715 620;
715 63;
715 630;
715 632;
715 66;
715 67;
715 675;
715 676;
715 680;
715 681;
715 684;
715 685;
715 686;
715 69;
715 691;
715 693;
715 696;
715 697;
715 70;
715 701;
715 702;
715 705;
715 706;
715 707;
715 712;
715 714;
715 717;
715 718;
715 722;
715 723;
715 726;
715 727;
715 728;
715 73;
715 733;
715 735;
715 738;
715 739;
715 74;
715 743;
715 744;
715 747;
715 748;
715 749;
715 754;
715 756;
715 759;
715 76;
715 760;
715 764;
715 765;
715 768;
715 769;
715 770;
715 775;
715 777;
715 78;
715 780;
715 781;
715 785;
715 786;
715 789;
715 79;
715 790;
715 791;
715 796;
715 803;
715 81;
715 819;
715 82;
715 84;
715 86;
715 87;
715 91;
715 92;
715 95;
715 96;
715 97;
716 114;
716 135;
716 156;
716 177;
716 219;
716 242;
716 265;
716 291;
716 321;
716 344;
716 367;
716 390;
716 490;
716 511;
716 532;
716 553;
716 579;
716 605;
716 678;
716 699;
716 720;
716 741;
716 762;
716 783;
716 89;
718 11;
718 14;
718 18;
718 201;
718 21;
718 211;
718 285;
718 31;
718 310;
718 314;
718 33;
718 35;
718 411;
718 415;
718 419;
718 423;
718 438;
718 444;
718 447;
718 454;
718 456;
718 460;
718 462;
718 468;
718 597;
718 599;
718 625;
718 635;
718 641;
718 649;
718 657;
718 665;
718 673;
718 78;
718 8;
718 81;
718 824;
718 827;
718 831;
718 84;
721 637;
721 643;
721 651;
721 659;
721 667;
722 416;
722 419;
722 423;
722 445;
722 452;
722 458;
722 637;
722 643;
722 651;
722 659;
722 667;
722 76;
722 79;
722 82;
723 104;
723 20;
723 30;
723 417;
723 421;
723 437;
723 443;
723 445;
723 452;
723 455;
723 458;
723 461;
723 467;
723 637;
723 643;
723 651;
723 659;
723 667;
723 76;
723 79;
723 82;
724 10;
724 13;
724 16;
724 20;
724 202;
724 210;
724 30;
724 308;
724 32;
724 382;
724 405;
724 409;
724 425;
724 437;
724 44;
724 443;
724 445;
724 452;
724 455;
724 458;
724 461;
724 467;
724 473;
724 596;
724 626;
724 634;
724 637;
724 644;
724 652;
724 660;
724 668;
724 76;
724 79;
724 798;
724 809;
724 82;
724 822;
724 825;
725 198;
725 282;
725 412;
725 5;
725 622;
725 637;
728 11;
728 14;
728 201;
728 21;
728 211;
728 285;
728 31;
728 33;
728 35;
728 415;
728 418;
728 422;
728 438;
728 444;
728 456;
728 462;
728 468;
728 597;
728 599;
728 625;
728 635;
728 8;
730 102;
730 111;
730 117;
730 120;
730 127;
730 129;
730 132;
730 138;
730 141;
730 148;
730 150;
730 153;
730 159;
730 162;
730 169;
730 171;
730 174;
730 180;
730 183;
730 190;
730 192;
730 195;
730 216;
730 222;
730 225;
730 23;
730 232;
730 234;
730 239;
730 24;
730 245;
730 248;
730 255;
730 257;
730 262;
730 268;
730 27;
730 271;
730 278;
730 28;
730 280;
730 288;
730 294;
730 297;
730 304;
730 306;
730 318;
730 324;
730 327;
730 334;
730 336;
730 341;
730 347;
730 350;
730 357;
730 359;
730 364;
730 370;
730 373;
730 38;
730 380;
730 387;
730 393;
730 396;
730 403;
730 434;
730 435;
730 440;
730 441;
730 449;
730 450;
730 464;
730 465;
730 487;
730 493;
730 496;
730 503;
730 505;
730 508;
730 514;
730 517;
730 524;
730 526;
730 529;
730 535;
730 538;
730 545;
730 547;
730 550;
730 556;
730 559;
730 566;
730 568;
730 571;
730 576;
730 58;
730 582;
730 585;
730 592;
730 594;
730 602;
730 608;
730 611;
730 618;
730 62;
730 620;
730 66;
730 675;
730 681;
730 684;
730 691;
730 693;
730 696;
730 70;
730 702;
730 705;
730 712;
730 714;
730 717;
730 723;
730 726;
730 73;
730 733;
730 735;
730 738;
730 744;
730 747;
730 754;
730 756;
730 759;
730 765;
730 768;
730 775;
730 777;
730 780;
730 786;
730 789;
730 796;
730 803;
730 86;
730 92;
730 95;
731 115;
731 121;
731 136;
731 142;
731 157;
731 163;
731 178;
731 184;
731 220;
731 226;
731 243;
731 249;
731 266;
731 272;
731 292;
731 298;
731 322;
731 328;
731 345;
731 351;
731 368;
731 374;
731 391;
731 397;
731 483;
731 491;
731 497;
731 512;
731 518;
731 533;
731 539;
731 54;
731 554;
731 560;
731 580;
731 586;
731 606;
731 612;
731 639;
731 641;
731 643;
731 647;
731 649;
731 651;
731 655;
731 657;
731 659;
731 663;
731 665;
731 667;
731 671;
731 672;
731 679;
731 685;
731 700;
731 706;
731 721;
731 727;
731 742;
731 748;
731 763;
731 769;
731 784;
731 790;
731 819;
731 90;
731 96;
738 102;
738 111;
738 112;
738 116;
738 117;
738 120;
738 121;
738 122;
738 127;
738 129;
738 132;
738 133;
738 137;
738 138;
738 14;
738 141;
738 142;
738 143;
738 148;
738 15;
738 150;
738 153;
738 154;
738 158;
738 159;
738 162;
738 163;
738 164;
738 169;
738 178;
738 179;
738 18;
738 183;
738 184;
738 187;
738 188;
738 189;
738 19;
738 194;
738 20;
738 206;
738 208;
738 216;
738 217;
738 22;
738 221;
738 222;
738 225;
738 226;
738 227;
738 232;
738 234;
738 239;
738 24;
738 240;
738 244;
738 245;
738 248;
738 249;
738 250;
738 255;
738 257;
738 26;
738 262;
738 263;
738 267;
738 268;
738 27;
738 271;
738 272;
738 273;
738 278;
738 28;
738 280;
738 285;
738 286;
738 290;
738 291;
738 294;
738 295;
738 296;
738 301;
738 303;
738 313;
738 315;
738 318;
738 319;
738 323;
738 324;
738 327;
738 328;
738 329;
738 334;
738 341;
738 342;
738 346;
738 347;
738 350;
738 351;
738 352;
738 357;
738 364;
738 365;
738 369;
738 37;
738 370;
738 373;
738 374;
738 375;
738 38;
738 380;
738 387;
738 388;
738 39;
738 392;
738 393;
738 396;
738 397;
738 398;
738 403;
738 405;
738 41;
738 413;
738 429;
738 43;
738 445;
738 446;
738 45;
738 450;
738 451;
738 454;
738 455;
738 456;
738 46;
738 461;
738 463;
738 466;
738 467;
738 47;
738 471;
738 472;
738 475;
738 476;
738 477;
738 482;
738 484;
738 487;
738 488;
738 492;
738 493;
738 496;
738 497;
738 498;
738 50;
738 503;
738 505;
738 508;
738 509;
738 513;
738 514;
738 517;
738 518;
738 519;
738 524;
738 526;
738 529;
738 530;
738 534;
738 535;
738 538;
738 539;
738 540;
738 545;
738 547;
738 550;
738 551;
738 555;
738 556;
738 559;
738 560;
738 561;
738 566;
738 568;
738 57;
738 576;
738 577;
738 581;
738 582;
738 585;
738 586;
738 587;
738 592;
738 594;
738 597;
738 598;
738 602;
738 603;
738 606;
738 607;
738 608;
738 61;
738 613;
738 615;
738 62;
738 623;
738 624;
738 628;
738 629;
738 632;
738 633;
738 634;
738 639;
738 641;
738 643;
738 645;
738 647;
738 653;
738 654;
738 658;
738 659;
738 662;
738 663;
738 664;
738 669;
738 671;
738 678;
738 684;
738 686;
738 693;
738 695;
738 699;
738 70;
738 701;
738 703;
738 707;
738 708;
738 71;
738 712;
738 713;
738 716;
738 717;
738 718;
738 723;
738 725;
738 728;
738 729;
738 733;
738 734;
738 737;
738 738;
738 739;
738 74;
738 744;
738 746;
738 749;
738 75;
738 750;
738 754;
738 755;
738 758;
738 759;
738 760;
738 765;
738 767;
738 770;
738 771;
738 775;
738 776;
738 779;
738 78;
738 780;
738 781;
738 786;
738 788;
738 79;
738 791;
738 792;
738 796;
738 797;
738 800;
738 801;
738 802;
738 807;
738 809;
738 819;
738 82;
738 821;
738 83;
738 86;
738 87;
738 91;
738 92;
738 95;
738 96;
738 97;
739 114;
739 135;
739 156;
739 181;
739 219;
739 242;
739 265;
739 288;
739 321;
739 344;
739 367;
739 390;
739 448;
739 469;
739 490;
739 511;
739 532;
739 553;
739 579;
739 600;
739 626;
739 656;
739 710;
739 731;
739 752;
739 773;
739 794;
739 89;
741 11;
741 211;
741 23;
741 25;
741 308;
741 32;
741 36;
741 408;
741 410;
741 42;
741 434;
741 437;
741 44;
741 441;
741 571;
741 6;
741 620;
741 645;
741 65;
741 651;
741 67;
741 674;
741 676;
741 679;
741 689;
741 695;
741 698;
741 701;
741 814;
741 824;
741 827;
741 829;
741 9;
745 643;
745 693;
745 699;
746 104;
746 171;
746 196;
746 22;
746 24;
746 41;
746 43;
746 643;
746 678;
746 693;
746 699;
747 202;
747 210;
747 22;
747 24;
747 30;
747 309;
747 336;
747 359;
747 382;
747 407;
747 41;
747 419;
747 43;
747 432;
747 435;
747 5;
747 570;
747 64;
747 643;
747 649;
747 673;
747 678;
747 680;
747 688;
747 693;
747 696;
747 699;
747 8;
747 815;
747 823;
747 826;
748 305;
748 33;
748 617;
748 811;
751 11;
751 211;
751 23;
751 25;
751 308;
751 36;
751 408;
751 410;
751 42;
751 44;
751 571;
751 6;
751 620;
751 65;
751 67;
751 674;
751 676;
751 679;
751 689;
751 814;
751 824;
751 827;
751 829;
751 9;
753 102;
753 111;
753 117;
753 120;
753 127;
753 129;
753 132;
753 138;
753 14;
753 141;
753 148;
753 150;
753 153;
753 159;
753 162;
753 169;
753 178;
753 184;
753 187;
753 19;
753 194;
753 20;
753 216;
753 222;
753 225;
753 232;
753 234;
753 239;
753 245;
753 248;
753 255;
753 257;
753 262;
753 268;
753 27;
753 271;
753 278;
753 28;
753 280;
753 285;
753 291;
753 294;
753 301;
753 303;
753 318;
753 324;
753 327;
753 334;
753 341;
753 347;
753 350;
753 357;
753 364;
753 370;
753 373;
753 38;
753 380;
753 387;
753 39;
753 393;
753 396;
753 403;
753 405;
753 413;
753 445;
753 451;
753 454;
753 46;
753 461;
753 463;
753 466;
753 47;
753 472;
753 475;
753 482;
753 484;
753 487;
753 493;
753 496;
753 50;
753 503;
753 505;
753 508;
753 514;
753 517;
753 524;
753 526;
753 529;
753 535;
753 538;
753 545;
753 547;
753 550;
753 556;
753 559;
753 566;
753 568;
753 576;
753 582;
753 585;
753 592;
753 594;
753 597;
753 603;
753 606;
753 613;
753 615;
753 62;
753 623;
753 629;
753 632;
753 639;
753 641;
753 647;
753 653;
753 659;
753 662;
753 669;
753 671;
753 70;
753 703;
753 707;
753 713;
753 716;
753 723;
753 725;
753 728;
753 734;
753 737;
753 74;
753 744;
753 746;
753 749;
753 755;
753 758;
753 765;
753 767;
753 770;
753 776;
753 779;
753 78;
753 786;
753 788;
753 791;
753 797;
753 800;
753 807;
753 809;
753 82;
753 86;
753 92;
753 95;
754 115;
754 121;
754 136;
754 142;
754 157;
754 163;
754 182;
754 188;
754 220;
754 226;
754 243;
754 249;
754 266;
754 272;
754 289;
754 295;
754 322;
754 328;
754 345;
754 351;
754 368;
754 374;
754 391;
754 397;
754 429;
754 449;
754 455;
754 470;
754 476;
754 491;
754 497;
754 512;
754 518;
754 533;
754 539;
754 554;
754 560;
754 57;
754 580;
754 586;
754 601;
754 607;
754 627;
754 633;
754 657;
754 663;
754 711;
754 717;
754 732;
754 738;
754 753;
754 759;
754 774;
754 780;
754 795;
754 801;
754 90;
754 96;
761 102;
761 103;
761 108;
761 109;
761 112;
761 113;
761 117;
761 118;
761 121;
761 122;
761 123;
761 128;
761 137;
761 138;
761 142;
761 143;
761 146;
761 147;
761 148;
761 153;
761 155;
761 160;
761 161;
761 165;
761 166;
761 169;
761 17;
761 170;
761 171;
761 176;
761 178;
761 225;
761 227;
761 231;
761 232;
761 233;
761 236;
761 237;
761 241;
761 242;
761 245;
761 246;
761 247;
761 252;
761 254;
761 261;
761 267;
761 274;
761 279;
761 280;
761 284;
761 285;
761 288;
761 289;
761 290;
761 295;
761 297;
761 301;
761 302;
761 303;
761 309;
761 311;
761 315;
761 316;
761 320;
761 321;
761 324;
761 325;
761 326;
761 331;
761 340;
761 341;
761 345;
761 346;
761 349;
761 350;
761 351;
761 356;
761 358;
761 393;
761 400;
761 412;
761 428;
761 445;
761 447;
761 464;
761 466;
761 471;
761 473;
761 475;
761 477;
761 480;
761 484;
761 486;
761 493;
761 495;
761 497;
761 500;
761 501;
761 505;
761 506;
761 509;
761 510;
761 511;
761 516;
761 518;
761 537;
761 539;
761 544;
761 545;
761 549;
761 550;
761 553;
761 554;
761 555;
761 560;
761 562;
761 565;
761 581;
761 596;
761 597;
761 601;
761 602;
761 605;
761 606;
761 607;
761 612;
761 614;
761 617;
761 620;
761 629;
761 630;
761 634;
761 635;
761 638;
761 639;
761 64;
761 640;
761 645;
761 647;
761 655;
761 656;
761 66;
761 660;
761 661;
761 664;
761 665;
761 666;
761 671;
761 673;
761 676;
761 677;
761 681;
761 682;
761 685;
761 686;
761 687;
761 69;
761 692;
761 694;
761 70;
761 700;
761 702;
761 707;
761 708;
761 712;
761 713;
761 716;
761 717;
761 718;
761 723;
761 725;
761 727;
761 730;
761 731;
761 735;
761 736;
761 739;
761 740;
761 741;
761 746;
761 748;
761 75;
761 751;
761 752;
761 756;
761 757;
761 76;
761 760;
761 761;
761 762;
761 767;
761 769;
761 785;
761 79;
761 80;
761 90;
761 91;
761 94;
761 95;
761 97;
761 98;
762 115;
762 140;
762 163;
762 239;
762 282;
762 318;
762 343;
762 503;
762 547;
762 599;
762 632;
762 658;
762 679;
762 710;
762 733;
762 754;
764 11;
764 14;
764 182;
764 186;
764 190;
764 194;
764 20;
764 200;
764 204;
764 209;
764 215;
764 219;
764 23;
764 258;
764 262;
764 264;
764 27;
764 31;
764 33;
764 36;
764 363;
764 369;
764 373;
764 378;
764 384;
764 388;
764 40;
764 407;
764 409;
764 43;
764 433;
764 436;
764 440;
764 444;
764 447;
764 450;
764 454;
764 458;
764 46;
764 469;
764 473;
764 489;
764 49;
764 493;
764 495;
764 497;
764 523;
764 527;
764 531;
764 54;
764 58;
764 586;
764 589;
764 593;
764 617;
764 620;
764 623;
764 625;
764 650;
764 7;
764 728;
764 790;
764 793;
764 797;
764 801;
764 805;
764 811;
764 815;
764 820;
764 826;
764 830;
764 84;
764 88;
767 201;
767 370;
767 812;
768 212;
768 215;
768 219;
768 381;
768 384;
768 388;
768 445;
768 451;
768 454;
768 458;
768 471;
768 51;
768 524;
768 527;
768 531;
768 54;
768 58;
768 823;
768 826;
768 830;
769 130;
769 213;
769 217;
769 261;
769 333;
769 382;
769 386;
769 392;
769 399;
769 445;
769 452;
769 456;
769 471;
769 492;
769 52;
769 525;
769 529;
769 56;
769 616;
769 619;
769 727;
769 824;
769 828;
770 10;
770 13;
770 180;
770 19;
770 22;
770 221;
770 256;
770 26;
770 261;
770 263;
770 29;
770 305;
770 32;
770 35;
770 39;
770 392;
770 399;
770 406;
770 418;
770 42;
770 431;
770 434;
770 445;
770 448;
770 45;
770 460;
770 468;
770 471;
770 48;
770 488;
770 492;
770 5;
770 533;
770 571;
770 584;
770 587;
770 60;
770 616;
770 619;
770 622;
770 649;
770 696;
770 727;
770 775;
770 788;
770 791;
770 82;
771 187;
771 191;
771 360;
771 441;
771 520;
771 798;
771 802;
771 85;
774 11;
774 14;
774 190;
774 194;
774 20;
774 200;
774 204;
774 209;
774 214;
774 218;
774 23;
774 262;
774 264;
774 27;
774 33;
774 36;
774 363;
774 369;
774 373;
774 378;
774 383;
774 387;
774 40;
774 407;
774 409;
774 43;
774 444;
774 453;
774 457;
774 46;
774 469;
774 489;
774 49;
774 493;
774 495;
774 497;
774 523;
774 526;
774 53;
774 530;
774 57;
774 617;
774 620;
774 623;
774 625;
774 650;
774 728;
774 801;
774 805;
774 811;
774 815;
774 820;
774 825;
774 829;
774 88;
775 393;
775 400;
776 103;
776 108;
776 112;
776 118;
776 121;
776 128;
776 137;
776 143;
776 146;
776 153;
776 155;
776 160;
776 166;
776 169;
776 17;
776 176;
776 178;
776 232;
776 233;
776 236;
776 242;
776 245;
776 252;
776 254;
776 267;
776 279;
776 285;
776 288;
776 295;
776 297;
776 302;
776 303;
776 315;
776 321;
776 324;
776 331;
776 340;
776 346;
776 349;
776 356;
776 358;
776 412;
776 475;
776 477;
776 480;
776 484;
776 486;
776 500;
776 506;
776 509;
776 516;
776 518;
776 544;
776 550;
776 553;
776 560;
776 562;
776 565;
776 596;
776 602;
776 605;
776 612;
776 614;
776 629;
776 635;
776 638;
776 645;
776 647;
776 655;
776 661;
776 664;
776 671;
776 673;
776 676;
776 682;
776 685;
776 692;
776 694;
776 70;
776 707;
776 713;
776 716;
776 723;
776 725;
776 730;
776 736;
776 739;
776 746;
776 748;
776 75;
776 751;
776 757;
776 760;
776 767;
776 769;
776 79;
776 90;
776 94;
776 98;
777 116;
777 122;
777 141;
777 147;
777 164;
777 170;
777 240;
777 246;
777 274;
777 283;
777 289;
777 319;
777 325;
777 344;
777 350;
777 428;
777 504;
777 510;
777 548;
777 554;
777 581;
777 600;
777 606;
777 633;
777 639;
777 659;
777 665;
777 680;
777 686;
777 711;
777 717;
777 734;
777 740;
777 755;
777 761;
777 785;
791 100;
791 104;
791 112;
791 116;
791 120;
791 124;
791 128;
791 132;
791 136;
791 140;
791 144;
791 148;
791 152;
791 156;
791 160;
791 162;
791 164;
791 168;
791 172;
791 176;
791 180;
791 184;
791 188;
791 192;
791 196;
791 200;
791 204;
791 208;
791 212;
791 216;
791 220;
791 224;
791 228;
791 232;
791 236;
791 240;
791 244;
791 248;
791 252;
791 255;
791 256;
791 260;
791 264;
791 268;
791 272;
791 276;
791 280;
791 284;
791 286;
791 288;
791 289;
791 290;
791 291;
791 292;
791 294;
791 296;
791 299;
791 300;
791 303;
791 304;
791 307;
791 308;
791 312;
791 315;
791 316;
791 318;
791 320;
791 324;
791 325;
791 327;
791 328;
791 331;
791 332;
791 336;
791 340;
791 344;
791 345;
791 348;
791 350;
791 352;
791 356;
791 360;
791 364;
791 368;
791 372;
791 376;
791 380;
791 384;
791 388;
791 392;
791 396;
791 400;
791 404;
791 408;
791 412;
791 416;
791 417;
791 419;
791 420;
791 423;
791 424;
791 428;
791 432;
791 436;
791 440;
791 444;
791 448;
791 452;
791 456;
791 460;
791 464;
791 468;
791 472;
791 476;
791 480;
791 484;
791 488;
791 492;
791 496;
791 500;
791 504;
791 508;
791 512;
791 516;
791 520;
791 524;
791 528;
791 532;
791 536;
791 540;
791 544;
791 548;
791 552;
791 556;
791 560;
791 564;
791 568;
791 572;
791 576;
791 580;
791 584;
791 588;
791 592;
791 596;
791 600;
791 604;
791 608;
791 612;
791 616;
791 620;
791 628;
791 631;
791 632;
791 636;
791 638;
791 639;
791 640;
791 644;
791 646;
791 652;
791 656;
791 660;
791 664;
791 668;
791 676;
791 680;
791 684;
791 688;
791 692;
791 700;
791 704;
791 708;
791 712;
791 716;
791 720;
791 724;
791 728;
791 732;
791 736;
791 740;
791 744;
791 748;
791 752;
791 756;
791 76;
791 760;
791 764;
791 768;
791 772;
791 776;
791 780;
791 784;
791 788;
791 792;
791 796;
791 80;
791 800;
791 804;
791 808;
791 812;
791 816;
791 820;
791 824;
791 828;
791 832;
791 88;
791 92;
791 96
]
sitesCoordinates = clientsCoordinates
