n = 14473
m = 14473
clientsCoordinates = [
15633.3333 88300.0000;
14033.3333 88383.3333;
14183.3333 86800.0000;
14116.6667 86683.3333;
14516.6667 87216.6667;
14283.3333 87033.3333;
14066.6667 87150.0000;
14516.6667 87200.0000;
14483.3333 87100.0000;
14266.6667 86883.3333;
14250.0000 86883.3333;
14083.3333 86733.3333;
14566.6667 88883.3333;
14000.0000 87150.0000;
13516.6667 87466.6667;
14816.6667 87450.0000;
15016.6667 88900.0000;
13616.6667 87050.0000;
15050.0000 88250.0000;
14083.3333 88266.6667;
14850.0000 88350.0000;
14600.0000 86266.6667;
14700.0000 88550.0000;
14483.3333 88766.6667;
13966.6667 87383.3333;
13966.6667 87300.0000;
13683.3333 86800.0000;
13550.0000 86900.0000;
15266.6667 87950.0000;
13200.0000 86983.3333;
14000.0000 87150.0000;
13716.6667 86866.6667;
13583.3333 87216.6667;
13050.0000 86983.3333;
14883.3333 88800.0000;
14683.3333 88100.0000;
13316.6667 86850.0000;
13733.3333 87566.6667;
14466.6667 87316.6667;
14083.3333 87900.0000;
14233.3333 87166.6667;
14083.3333 88650.0000;
14483.3333 87100.0000;
14366.6667 87083.3333;
14550.0000 88433.3333;
14966.6667 87433.3333;
14550.0000 88433.3333;
14383.3333 86750.0000;
14316.6667 88916.6667;
14283.3333 86966.6667;
14100.0000 86433.3333;
14050.0000 86616.6667;
13950.0000 87400.0000;
13800.0000 87550.0000;
13700.0000 86816.6667;
13450.0000 86850.0000;
14966.6667 87100.0000;
13783.3333 87550.0000;
15850.0000 87800.0000;
13750.0000 87666.6667;
15133.3333 86533.3333;
15016.6667 88950.0000;
14950.0000 88200.0000;
14283.3333 88033.3333;
14033.3333 86366.6667;
14016.6667 86616.6667;
13633.3333 87083.3333;
13383.3333 87016.6667;
13333.3333 87133.3333;
14666.6667 88700.0000;
15516.6667 86600.0000;
14900.0000 88816.6667;
14666.6667 88700.0000;
15000.0000 88233.3333;
15866.6667 86033.3333;
15800.0000 86550.0000;
15616.6667 87416.6667;
15533.3333 86050.0000;
15016.6667 87850.0000;
15016.6667 87483.3333;
14966.6667 89133.3333;
14966.6667 87350.0000;
14800.0000 88783.3333;
14800.0000 87416.6667;
14700.0000 88483.3333;
14683.3333 88583.3333;
14666.6667 88950.0000;
14600.0000 88833.3333;
14600.0000 87900.0000;
14566.6667 87116.6667;
14466.6667 87116.6667;
14450.0000 87950.0000;
14300.0000 88500.0000;
14250.0000 87050.0000;
14100.0000 88766.6667;
15150.0000 88416.6667;
13633.3333 87000.0000;
15400.0000 88100.0000;
15516.6667 88050.0000;
15816.6667 85166.6667;
15716.6667 86533.3333;
15083.3333 88366.6667;
14066.6667 88450.0000;
13666.6667 87050.0000;
13200.0000 87050.0000;
15766.6667 87883.3333;
13400.0000 86966.6667;
13400.0000 86966.6667;
15216.6667 87333.3333;
14316.6667 88683.3333;
14066.6667 86366.6667;
14016.6667 87033.3333;
15633.3333 86066.6667;
15766.6667 87266.6667;
15866.6667 85116.6667;
15116.6667 88650.0000;
14266.6667 87400.0000;
15816.6667 86683.3333;
15816.6667 86683.3333;
15866.6667 85116.6667;
15866.6667 85116.6667;
16000.0000 85050.0000;
14116.6667 87916.6667;
15116.6667 86400.0000;
14066.6667 87833.3333;
13833.3333 87400.0000;
15300.0000 86183.3333;
14400.0000 86100.0000;
13550.0000 86933.3333;
15283.3333 87766.6667;
14000.0000 87933.3333;
14000.0000 87933.3333;
14066.6667 88050.0000;
14066.6667 87416.6667;
14266.6667 88216.6667;
14116.6667 88183.3333;
14066.6667 88050.0000;
15750.0000 86983.3333;
14766.6667 88550.0000;
14750.0000 87566.6667;
14066.6667 87933.3333;
14783.3333 89016.6667;
14716.6667 88983.3333;
14600.0000 88233.3333;
14350.0000 88283.3333;
14000.0000 87033.3333;
14750.0000 88116.6667;
14116.6667 88183.3333;
13750.0000 87233.3333;
13300.0000 87116.6667;
14366.6667 89033.3333;
13933.3333 86850.0000;
14633.3333 88466.6667;
14850.0000 87900.0000;
13766.6667 87283.3333;
14100.0000 88650.0000;
14850.0000 86750.0000;
13983.3333 87700.0000;
14450.0000 88616.6667;
14850.0000 88250.0000;
14816.6667 88583.3333;
14816.6667 88566.6667;
13633.3333 87000.0000;
13450.0000 87166.6667;
14800.0000 87133.3333;
14116.6667 88533.3333;
13933.3333 87300.0000;
15700.0000 86000.0000;
14116.6667 88533.3333;
14783.3333 86966.6667;
15133.3333 87133.3333;
14750.0000 88350.0000;
14116.6667 88566.6667;
15066.6667 87283.3333;
14116.6667 88566.6667;
14800.0000 87133.3333;
14983.3333 83916.6667;
13100.0000 87100.0000;
14166.6667 88366.6667;
14200.0000 88816.6667;
14300.0000 88733.3333;
14200.0000 88816.6667;
13933.3333 87150.0000;
14800.0000 87133.3333;
15016.6667 86700.0000;
15650.0000 86450.0000;
14883.3333 86800.0000;
13950.0000 87100.0000;
13950.0000 86883.3333;
13733.3333 87066.6667;
14616.6667 88800.0000;
14700.0000 84733.3333;
15066.6667 83300.0000;
14766.6667 88816.6667;
14766.6667 88816.6667;
14333.3333 87633.3333;
14116.6667 88083.3333;
14883.3333 88816.6667;
14533.3333 88816.6667;
15600.0000 86666.6667;
15600.0000 86666.6667;
13733.3333 87566.6667;
14900.0000 88783.3333;
14533.3333 88850.0000;
14183.3333 88466.6667;
14733.3333 85783.3333;
13633.3333 86966.6667;
14200.0000 87566.6667;
13683.3333 87083.3333;
14266.6667 87700.0000;
14283.3333 88250.0000;
15266.6667 83433.3333;
15016.6667 88433.3333;
14266.6667 86983.3333;
14250.0000 86683.3333;
14266.6667 86983.3333;
13700.0000 87016.6667;
15416.6667 83800.0000;
15416.6667 83800.0000;
15416.6667 83800.0000;
15316.6667 86766.6667;
14716.6667 86816.6667;
15316.6667 86766.6667;
14666.6667 88800.0000;
14016.6667 87216.6667;
14933.3333 83833.3333;
15183.3333 84633.3333;
14750.0000 84983.3333;
15050.0000 87200.0000;
14666.6667 84383.3333;
16433.3333 85950.0000;
16266.6667 86650.0000;
14616.6667 84716.6667;
15483.3333 84466.6667;
15416.6667 84433.3333;
15183.3333 84133.3333;
16300.0000 86566.6667;
16300.0000 86566.6667;
14616.6667 84433.3333;
14616.6667 84433.3333;
14616.6667 84433.3333;
14616.6667 84433.3333;
15333.3333 84216.6667;
14966.6667 85000.0000;
15000.0000 84983.3333;
15016.6667 83283.3333;
15183.3333 84616.6667;
15000.0000 85033.3333;
15216.6667 83400.0000;
15216.6667 83400.0000;
15183.3333 84633.3333;
15266.6667 83850.0000;
15433.3333 84400.0000;
15350.0000 86650.0000;
14166.6667 87866.6667;
15950.0000 85766.6667;
13183.3333 87133.3333;
13816.6667 86516.6667;
14333.3333 88650.0000;
14416.6667 89100.0000;
13933.3333 88300.0000;
13483.3333 87633.3333;
14333.3333 88650.0000;
14900.0000 88733.3333;
14900.0000 88733.3333;
14050.0000 88700.0000;
14983.3333 89050.0000;
14016.6667 88566.6667;
14016.6667 88566.6667;
13816.6667 87300.0000;
14650.0000 86700.0000;
14566.6667 88633.3333;
14166.6667 86966.6667;
14316.6667 87616.6667;
13700.0000 87066.6667;
13600.0000 87016.6667;
14000.0000 87150.0000;
13983.3333 87200.0000;
15250.0000 88000.0000;
14033.3333 87133.3333;
14016.6667 87150.0000;
15250.0000 88000.0000;
15316.6667 88000.0000;
14033.3333 87133.3333;
14016.6667 87150.0000;
14766.6667 87983.3333;
14616.6667 88583.3333;
14933.3333 87983.3333;
15050.0000 88400.0000;
14766.6667 88666.6667;
15683.3333 87716.6667;
15683.3333 87716.6667;
13716.6667 87316.6667;
14166.6667 86966.6667;
14316.6667 87616.6667;
14000.0000 88383.3333;
14416.6667 87033.3333;
15100.0000 88483.3333;
15266.6667 87583.3333;
14633.3333 87750.0000;
14600.0000 88250.0000;
14500.0000 86850.0000;
14850.0000 85833.3333;
14150.0000 86800.0000;
14633.3333 88650.0000;
14666.6667 88833.3333;
15933.3333 85850.0000;
13833.3333 86716.6667;
14933.3333 88366.6667;
14400.0000 89200.0000;
15716.6667 87933.3333;
15733.3333 86950.0000;
15483.3333 87816.6667;
15050.0000 86466.6667;
14966.6667 88533.3333;
14933.3333 87383.3333;
14916.6667 87866.6667;
14450.0000 87983.3333;
15116.6667 88316.6667;
15050.0000 88400.0000;
13500.0000 86883.3333;
14900.0000 88866.6667;
14766.6667 89066.6667;
14750.0000 87533.3333;
15683.3333 88116.6667;
14916.6667 88783.3333;
14433.3333 89183.3333;
14400.0000 87800.0000;
14250.0000 86783.3333;
13416.6667 86950.0000;
15783.3333 86516.6667;
15166.6667 86050.0000;
14783.3333 87400.0000;
15850.0000 85216.6667;
15133.3333 88250.0000;
14300.0000 88866.6667;
14783.3333 89083.3333;
14333.3333 89016.6667;
14083.3333 87816.6667;
14316.6667 88850.0000;
14900.0000 88850.0000;
14916.6667 89000.0000;
14850.0000 89083.3333;
14716.6667 88666.6667;
13433.3333 87033.3333;
14800.0000 87950.0000;
13100.0000 87066.6667;
15250.0000 85983.3333;
13750.0000 87166.6667;
14916.6667 88950.0000;
14300.0000 86533.3333;
13983.3333 87833.3333;
13900.0000 87950.0000;
14966.6667 88466.6667;
14866.6667 87650.0000;
14300.0000 88783.3333;
14033.3333 88433.3333;
14433.3333 87150.0000;
14966.6667 88466.6667;
14166.6667 88416.6667;
14500.0000 87633.3333;
14150.0000 87033.3333;
14033.3333 87900.0000;
14933.3333 87650.0000;
14633.3333 88133.3333;
14600.0000 86583.3333;
15883.3333 85466.6667;
15416.6667 85716.6667;
15366.6667 86066.6667;
15300.0000 85916.6667;
15216.6667 85616.6667;
15150.0000 86833.3333;
15083.3333 88050.0000;
15083.3333 86650.0000;
14933.3333 87650.0000;
14916.6667 87050.0000;
14900.0000 86633.3333;
14866.6667 87650.0000;
14816.6667 87666.6667;
14783.3333 86800.0000;
14600.0000 86583.3333;
15366.6667 86583.3333;
15266.6667 87500.0000;
15066.6667 87300.0000;
15050.0000 87250.0000;
14833.3333 87533.3333;
14700.0000 87650.0000;
14650.0000 87650.0000;
14516.6667 87400.0000;
14033.3333 87500.0000;
14866.6667 87533.3333;
14416.6667 87033.3333;
14100.0000 86783.3333;
14966.6667 88466.6667;
14266.6667 87533.3333;
14150.0000 88733.3333;
14733.3333 85233.3333;
14133.3333 87816.6667;
14133.3333 87816.6667;
13583.3333 87266.6667;
13616.6667 87000.0000;
14300.0000 88516.6667;
14216.6667 88683.3333;
15483.3333 86033.3333;
14816.6667 89016.6667;
14466.6667 89200.0000;
13616.6667 86983.3333;
14550.0000 86283.3333;
15500.0000 86466.6667;
15500.0000 86466.6667;
13833.3333 87116.6667;
13650.0000 86966.6667;
13833.3333 87116.6667;
14250.0000 86800.0000;
15566.6667 84016.6667;
15566.6667 84016.6667;
16083.3333 86900.0000;
15650.0000 86350.0000;
15416.6667 83833.3333;
15216.6667 83366.6667;
14983.3333 83600.0000;
14750.0000 87033.3333;
14750.0000 87033.3333;
15550.0000 87766.6667;
15233.3333 87850.0000;
15600.0000 86733.3333;
15550.0000 87766.6667;
15400.0000 87066.6667;
15266.6667 88033.3333;
15233.3333 87850.0000;
15033.3333 88100.0000;
14966.6667 87450.0000;
15050.0000 86233.3333;
14466.6667 87850.0000;
15550.0000 87766.6667;
16316.6667 86516.6667;
14033.3333 87333.3333;
14166.6667 87833.3333;
15483.3333 83916.6667;
15000.0000 89100.0000;
15716.6667 87000.0000;
15700.0000 87700.0000;
14916.6667 89066.6667;
14983.3333 88166.6667;
15000.0000 83666.6667;
15000.0000 83666.6667;
15033.3333 83700.0000;
14916.6667 86366.6667;
15700.0000 87616.6667;
15700.0000 87616.6667;
15566.6667 87400.0000;
14916.6667 86366.6667;
15566.6667 87400.0000;
14733.3333 86600.0000;
14000.0000 87533.3333;
13966.6667 87533.3333;
14966.6667 88583.3333;
15433.3333 84516.6667;
15283.3333 83933.3333;
15283.3333 83933.3333;
15483.3333 83916.6667;
15216.6667 83783.3333;
15483.3333 83916.6667;
15483.3333 83916.6667;
14216.6667 85383.3333;
14216.6667 85383.3333;
13800.0000 87300.0000;
15766.6667 84516.6667;
15283.3333 83483.3333;
14433.3333 88783.3333;
14250.0000 87850.0000;
14150.0000 87216.6667;
14883.3333 83816.6667;
14833.3333 83916.6667;
15116.6667 83333.3333;
15116.6667 83333.3333;
15833.3333 84516.6667;
15066.6667 83600.0000;
13850.0000 87016.6667;
15100.0000 87316.6667;
14833.3333 88733.3333;
14733.3333 84983.3333;
14933.3333 83883.3333;
15133.3333 83683.3333;
14150.0000 87066.6667;
13533.3333 86966.6667;
15283.3333 85866.6667;
13966.6667 86633.3333;
15150.0000 88283.3333;
14350.0000 86833.3333;
14433.3333 88783.3333;
14716.6667 86183.3333;
14550.0000 87350.0000;
14983.3333 88333.3333;
14533.3333 87316.6667;
15733.3333 87950.0000;
15800.0000 87966.6667;
15100.0000 88166.6667;
14866.6667 86150.0000;
14816.6667 87500.0000;
13866.6667 86833.3333;
13783.3333 87250.0000;
14483.3333 89200.0000;
15083.3333 88700.0000;
15150.0000 87033.3333;
13700.0000 87183.3333;
13616.6667 87066.6667;
14366.6667 87500.0000;
16400.0000 86350.0000;
15016.6667 83166.6667;
15116.6667 83333.3333;
15066.6667 83600.0000;
15066.6667 83600.0000;
15916.6667 86000.0000;
15016.6667 87150.0000;
14066.6667 85983.3333;
14600.0000 87300.0000;
15350.0000 86700.0000;
15366.6667 86650.0000;
15350.0000 86700.0000;
14216.6667 88650.0000;
14600.0000 87300.0000;
14183.3333 88833.3333;
15766.6667 87433.3333;
15766.6667 87433.3333;
15050.0000 88333.3333;
14866.6667 86950.0000;
13116.6667 87000.0000;
15850.0000 87750.0000;
15850.0000 87750.0000;
15683.3333 87150.0000;
15950.0000 85183.3333;
14500.0000 87350.0000;
14950.0000 88750.0000;
14716.6667 87666.6667;
15316.6667 85833.3333;
15133.3333 88233.3333;
15100.0000 87200.0000;
14950.0000 88750.0000;
14833.3333 86266.6667;
14716.6667 87666.6667;
13400.0000 87116.6667;
13216.6667 87050.0000;
14850.0000 88800.0000;
15050.0000 87183.3333;
14850.0000 86966.6667;
13083.3333 87050.0000;
15033.3333 88683.3333;
15283.3333 88083.3333;
14700.0000 86083.3333;
13466.6667 87083.3333;
15733.3333 87200.0000;
13300.0000 86883.3333;
14983.3333 87100.0000;
14200.0000 86533.3333;
15866.6667 87900.0000;
15333.3333 87883.3333;
14166.6667 87683.3333;
15033.3333 87666.6667;
15300.0000 88666.6667;
14133.3333 87583.3333;
15033.3333 86516.6667;
14133.3333 87950.0000;
14116.6667 87800.0000;
13866.6667 86583.3333;
13450.0000 87283.3333;
13450.0000 86950.0000;
13416.6667 86950.0000;
14133.3333 87950.0000;
14950.0000 88933.3333;
14666.6667 88850.0000;
14966.6667 87050.0000;
13500.0000 87033.3333;
13500.0000 87033.3333;
15283.3333 88083.3333;
15550.0000 87650.0000;
13433.3333 87116.6667;
15050.0000 88516.6667;
15183.3333 88233.3333;
15583.3333 86283.3333;
13833.3333 86666.6667;
13633.3333 87466.6667;
13616.6667 87583.3333;
15016.6667 88816.6667;
13633.3333 87466.6667;
15050.0000 87783.3333;
14900.0000 87200.0000;
15266.6667 85900.0000;
14516.6667 86766.6667;
15750.0000 87550.0000;
14150.0000 88266.6667;
14833.3333 88733.3333;
14833.3333 88733.3333;
14566.6667 89133.3333;
14083.3333 86716.6667;
15433.3333 84416.6667;
15116.6667 88850.0000;
14750.0000 88316.6667;
15183.3333 88100.0000;
15283.3333 85833.3333;
15583.3333 86750.0000;
15583.3333 86750.0000;
14033.3333 87216.6667;
13716.6667 87583.3333;
14566.6667 86933.3333;
15516.6667 88150.0000;
15683.3333 86500.0000;
14216.6667 88783.3333;
13433.3333 87116.6667;
13666.6667 86883.3333;
13650.0000 86950.0000;
15683.3333 87766.6667;
15683.3333 87766.6667;
15683.3333 87766.6667;
15616.6667 87716.6667;
15683.3333 87766.6667;
14983.3333 87100.0000;
14033.3333 88100.0000;
14983.3333 87850.0000;
14216.6667 88833.3333;
14433.3333 88616.6667;
15683.3333 86000.0000;
14283.3333 88333.3333;
15450.0000 85883.3333;
15983.3333 85016.6667;
15250.0000 85850.0000;
14883.3333 86333.3333;
13450.0000 87116.6667;
14116.6667 88650.0000;
14883.3333 89150.0000;
15083.3333 83316.6667;
13233.3333 87050.0000;
15250.0000 85850.0000;
15100.0000 86783.3333;
13583.3333 86933.3333;
15066.6667 83633.3333;
15066.6667 83633.3333;
15050.0000 83716.6667;
14133.3333 88383.3333;
13216.6667 87100.0000;
15066.6667 83833.3333;
15283.3333 88416.6667;
15000.0000 83766.6667;
15000.0000 83766.6667;
15000.0000 83750.0000;
15000.0000 83766.6667;
14933.3333 83883.3333;
13116.6667 87166.6667;
14416.6667 87516.6667;
13766.6667 87550.0000;
13766.6667 87550.0000;
13766.6667 87550.0000;
15000.0000 86650.0000;
15133.3333 84783.3333;
14783.3333 84866.6667;
15516.6667 84316.6667;
14783.3333 84866.6667;
14750.0000 84983.3333;
14833.3333 86266.6667;
15016.6667 83633.3333;
15350.0000 87366.6667;
15083.3333 88266.6667;
14966.6667 88000.0000;
14933.3333 87983.3333;
15166.6667 83466.6667;
15366.6667 86733.3333;
15033.3333 86700.0000;
13600.0000 86800.0000;
13516.6667 87083.3333;
13133.3333 87066.6667;
14216.6667 87700.0000;
14300.0000 88766.6667;
13316.6667 87050.0000;
14866.6667 89116.6667;
14833.3333 89050.0000;
14800.0000 89050.0000;
15716.6667 87150.0000;
14433.3333 88550.0000;
15150.0000 88283.3333;
15066.6667 88916.6667;
14850.0000 88316.6667;
14833.3333 88566.6667;
14450.0000 87716.6667;
14433.3333 89166.6667;
14433.3333 88550.0000;
14416.6667 88700.0000;
14150.0000 87933.3333;
14066.6667 88083.3333;
13716.6667 87583.3333;
13600.0000 86800.0000;
13516.6667 87083.3333;
13133.3333 87066.6667;
15066.6667 88416.6667;
15100.0000 86783.3333;
14950.0000 88900.0000;
14950.0000 88316.6667;
14916.6667 87450.0000;
14900.0000 86250.0000;
14716.6667 87700.0000;
14583.3333 88583.3333;
14533.3333 87700.0000;
14133.3333 88666.6667;
14116.6667 88433.3333;
14050.0000 88350.0000;
13766.6667 87233.3333;
13716.6667 87666.6667;
13616.6667 87350.0000;
13300.0000 87083.3333;
13233.3333 87116.6667;
13850.0000 87000.0000;
13800.0000 87316.6667;
13866.6667 87333.3333;
14950.0000 87333.3333;
13866.6667 87333.3333;
13516.6667 87250.0000;
13683.3333 86983.3333;
15650.0000 87866.6667;
15233.3333 83516.6667;
14766.6667 88966.6667;
15633.3333 87850.0000;
15616.6667 87850.0000;
15550.0000 87816.6667;
15550.0000 87816.6667;
15516.6667 87816.6667;
15383.3333 83716.6667;
15183.3333 84216.6667;
16266.6667 86650.0000;
16316.6667 86516.6667;
16316.6667 86516.6667;
16316.6667 86516.6667;
15066.6667 86450.0000;
14733.3333 88900.0000;
15500.0000 87466.6667;
15500.0000 87466.6667;
13650.0000 87016.6667;
14566.6667 87766.6667;
14216.6667 86700.0000;
14566.6667 87766.6667;
14750.0000 88600.0000;
14100.0000 87750.0000;
13916.6667 88383.3333;
15100.0000 88416.6667;
14833.3333 87316.6667;
14683.3333 86816.6667;
13733.3333 87583.3333;
13983.3333 87200.0000;
13966.6667 87150.0000;
13883.3333 87050.0000;
15150.0000 87883.3333;
13300.0000 86750.0000;
14350.0000 87050.0000;
15166.6667 87666.6667;
15033.3333 86700.0000;
14916.6667 87450.0000;
14633.3333 86833.3333;
14600.0000 88016.6667;
14383.3333 86050.0000;
14000.0000 87133.3333;
13850.0000 87116.6667;
13716.6667 87050.0000;
13516.6667 86950.0000;
13366.6667 87083.3333;
13833.3333 86666.6667;
15550.0000 86416.6667;
15083.3333 88050.0000;
14716.6667 87166.6667;
13866.6667 87216.6667;
13516.6667 86966.6667;
13400.0000 86983.3333;
13383.3333 87050.0000;
14766.6667 87266.6667;
14833.3333 87316.6667;
15016.6667 87833.3333;
15016.6667 87833.3333;
15000.0000 87716.6667;
14866.6667 88200.0000;
14833.3333 87316.6667;
14816.6667 86800.0000;
14766.6667 87266.6667;
14766.6667 87133.3333;
13850.0000 87033.3333;
13816.6667 87116.6667;
15016.6667 87833.3333;
14816.6667 86800.0000;
13883.3333 87050.0000;
13716.6667 87050.0000;
13716.6667 87150.0000;
14216.6667 88833.3333;
14166.6667 88616.6667;
14933.3333 88383.3333;
15300.0000 87033.3333;
14683.3333 88650.0000;
15416.6667 86316.6667;
13833.3333 88350.0000;
15800.0000 85816.6667;
14466.6667 89116.6667;
14466.6667 89116.6667;
14966.6667 88783.3333;
14716.6667 87983.3333;
14333.3333 87750.0000;
14333.3333 87750.0000;
15016.6667 88466.6667;
15283.3333 86216.6667;
14766.6667 88283.3333;
15000.0000 88500.0000;
15166.6667 86200.0000;
13916.6667 86800.0000;
13900.0000 87050.0000;
14116.6667 88583.3333;
14150.0000 87800.0000;
14150.0000 87800.0000;
13716.6667 86800.0000;
13633.3333 87650.0000;
15150.0000 88283.3333;
15066.6667 88416.6667;
13450.0000 86933.3333;
14683.3333 86116.6667;
14750.0000 88600.0000;
14750.0000 88600.0000;
15783.3333 87450.0000;
15050.0000 88433.3333;
15433.3333 86750.0000;
14816.6667 88866.6667;
14800.0000 88600.0000;
14700.0000 88950.0000;
14633.3333 88866.6667;
14316.6667 88483.3333;
14200.0000 88500.0000;
13883.3333 86650.0000;
13766.6667 87316.6667;
13233.3333 87000.0000;
14566.6667 87100.0000;
14183.3333 88516.6667;
14033.3333 87866.6667;
13233.3333 87000.0000;
15166.6667 83683.3333;
13883.3333 88366.6667;
14100.0000 87216.6667;
15750.0000 86800.0000;
15316.6667 87450.0000;
14766.6667 88216.6667;
15633.3333 88250.0000;
15133.3333 87466.6667;
14100.0000 87216.6667;
15266.6667 86100.0000;
15366.6667 86600.0000;
15350.0000 86766.6667;
15316.6667 87366.6667;
15250.0000 88766.6667;
14116.6667 88650.0000;
15316.6667 86033.3333;
15300.0000 83516.6667;
15450.0000 85883.3333;
15666.6667 84700.0000;
15300.0000 83883.3333;
15300.0000 83883.3333;
14150.0000 87216.6667;
14683.3333 87816.6667;
14700.0000 87966.6667;
13433.3333 86833.3333;
15700.0000 85916.6667;
14483.3333 88016.6667;
14016.6667 87100.0000;
15050.0000 88516.6667;
15183.3333 88233.3333;
15900.0000 84850.0000;
15283.3333 83883.3333;
15283.3333 83883.3333;
15183.3333 83683.3333;
15316.6667 86033.3333;
14716.6667 86583.3333;
15883.3333 85850.0000;
15283.3333 88683.3333;
15616.6667 87166.6667;
15566.6667 87633.3333;
15716.6667 87266.6667;
15733.3333 85750.0000;
14583.3333 86200.0000;
13733.3333 87566.6667;
14750.0000 88483.3333;
14683.3333 88650.0000;
13866.6667 87516.6667;
13866.6667 87516.6667;
15166.6667 86883.3333;
14716.6667 86266.6667;
14950.0000 88016.6667;
15133.3333 87833.3333;
14950.0000 88016.6667;
14900.0000 87766.6667;
15100.0000 88100.0000;
15466.6667 86033.3333;
15166.6667 86883.3333;
14900.0000 87766.6667;
15133.3333 87833.3333;
14816.6667 89200.0000;
14816.6667 89200.0000;
13483.3333 87316.6667;
14666.6667 87166.6667;
13716.6667 86900.0000;
13400.0000 87100.0000;
13733.3333 86916.6667;
13733.3333 86916.6667;
15283.3333 88066.6667;
15300.0000 83883.3333;
14683.3333 87816.6667;
14683.3333 87816.6667;
13733.3333 87566.6667;
13366.6667 87350.0000;
14383.3333 88483.3333;
14200.0000 88716.6667;
13666.6667 87600.0000;
15633.3333 87950.0000;
14933.3333 86283.3333;
14800.0000 89016.6667;
14516.6667 87150.0000;
13650.0000 87383.3333;
13600.0000 87583.3333;
13516.6667 87500.0000;
14150.0000 87333.3333;
14100.0000 87816.6667;
14100.0000 88266.6667;
14283.3333 87283.3333;
14333.3333 88833.3333;
14333.3333 88833.3333;
14083.3333 88733.3333;
14083.3333 88733.3333;
15183.3333 86200.0000;
14916.6667 87900.0000;
13816.6667 88316.6667;
13600.0000 87583.3333;
15183.3333 86200.0000;
15183.3333 86200.0000;
13683.3333 87500.0000;
14266.6667 87750.0000;
13683.3333 87500.0000;
13566.6667 87133.3333;
13616.6667 87650.0000;
14700.0000 87550.0000;
14683.3333 88750.0000;
14700.0000 87550.0000;
14850.0000 85866.6667;
14833.3333 86650.0000;
14700.0000 88700.0000;
14866.6667 86883.3333;
14600.0000 87616.6667;
14483.3333 87166.6667;
14866.6667 86883.3333;
14950.0000 87300.0000;
14933.3333 86383.3333;
14916.6667 88466.6667;
14400.0000 87083.3333;
15116.6667 87833.3333;
13316.6667 87083.3333;
13316.6667 87083.3333;
14850.0000 88200.0000;
15300.0000 83550.0000;
15666.6667 84700.0000;
15300.0000 83883.3333;
15266.6667 86100.0000;
15450.0000 86800.0000;
15450.0000 86800.0000;
16316.6667 86516.6667;
15450.0000 87916.6667;
13283.3333 87100.0000;
14850.0000 87033.3333;
14783.3333 89150.0000;
14716.6667 88500.0000;
14133.3333 88416.6667;
14116.6667 88433.3333;
13766.6667 87433.3333;
14766.6667 86883.3333;
13833.3333 88333.3333;
15833.3333 85783.3333;
15350.0000 88283.3333;
15183.3333 87366.6667;
15083.3333 86350.0000;
14983.3333 88300.0000;
14900.0000 88483.3333;
14833.3333 87800.0000;
14833.3333 87400.0000;
14750.0000 87483.3333;
14700.0000 88116.6667;
14683.3333 88600.0000;
14650.0000 86750.0000;
14600.0000 87200.0000;
14516.6667 87050.0000;
14383.3333 87783.3333;
14150.0000 86900.0000;
14116.6667 86633.3333;
14033.3333 87166.6667;
13883.3333 86850.0000;
13683.3333 87666.6667;
14566.6667 87766.6667;
14133.3333 87650.0000;
14000.0000 86950.0000;
15833.3333 84283.3333;
15083.3333 83600.0000;
15633.3333 86800.0000;
14183.3333 86800.0000;
13850.0000 87316.6667;
14083.3333 86866.6667;
15166.6667 88083.3333;
14516.6667 87216.6667;
14283.3333 86766.6667;
13966.6667 87300.0000;
13866.6667 87233.3333;
14766.6667 86883.3333;
14500.0000 87250.0000;
14033.3333 88516.6667;
15516.6667 87400.0000;
15166.6667 88216.6667;
14600.0000 88233.3333;
14283.3333 87033.3333;
14066.6667 87150.0000;
14500.0000 88783.3333;
13750.0000 86800.0000;
14033.3333 88383.3333;
14033.3333 88383.3333;
14383.3333 88616.6667;
14383.3333 88616.6667;
15666.6667 87200.0000;
14033.3333 88383.3333;
14083.3333 86733.3333;
13750.0000 86866.6667;
14916.6667 86750.0000;
14483.3333 87100.0000;
14066.6667 87050.0000;
13966.6667 87350.0000;
14800.0000 88483.3333;
14650.0000 88950.0000;
14650.0000 88950.0000;
14800.0000 88483.3333;
14966.6667 85100.0000;
14366.6667 88600.0000;
14416.6667 88516.6667;
14500.0000 88466.6667;
15233.3333 86050.0000;
14500.0000 88466.6667;
14000.0000 87150.0000;
14300.0000 88600.0000;
14300.0000 88600.0000;
14500.0000 89266.6667;
14216.6667 88683.3333;
15050.0000 86683.3333;
14700.0000 86316.6667;
15033.3333 88716.6667;
15016.6667 88900.0000;
14500.0000 89266.6667;
14700.0000 89100.0000;
14916.6667 87266.6667;
15250.0000 88566.6667;
14683.3333 84350.0000;
14750.0000 88050.0000;
14316.6667 87833.3333;
15616.6667 86416.6667;
15650.0000 87900.0000;
13616.6667 87050.0000;
14683.3333 84350.0000;
15883.3333 84966.6667;
14616.6667 84666.6667;
15166.6667 84116.6667;
15166.6667 84116.6667;
15166.6667 84116.6667;
14066.6667 86333.3333;
14633.3333 88383.3333;
15700.0000 85300.0000;
15633.3333 87166.6667;
15200.0000 87450.0000;
14800.0000 84900.0000;
15900.0000 84833.3333;
14900.0000 83883.3333;
14250.0000 88583.3333;
15650.0000 87900.0000;
14250.0000 88583.3333;
14250.0000 88583.3333;
15066.6667 87933.3333;
14116.6667 88500.0000;
14933.3333 85833.3333;
14100.0000 87150.0000;
15350.0000 87050.0000;
14800.0000 88750.0000;
14183.3333 87266.6667;
15350.0000 87050.0000;
14850.0000 88350.0000;
13900.0000 86650.0000;
15266.6667 87950.0000;
13716.6667 86866.6667;
13200.0000 86983.3333;
13450.0000 87733.3333;
15800.0000 85166.6667;
13616.6667 87100.0000;
13583.3333 87216.6667;
13583.3333 87216.6667;
13050.0000 86950.0000;
15550.0000 86300.0000;
15633.3333 86333.3333;
14000.0000 87533.3333;
13433.3333 87016.6667;
14116.6667 88533.3333;
15333.3333 88550.0000;
15333.3333 87116.6667;
14883.3333 89183.3333;
14883.3333 88800.0000;
14816.6667 87450.0000;
14050.0000 87683.3333;
14600.0000 87566.6667;
13866.6667 87883.3333;
13433.3333 87016.6667;
15050.0000 87233.3333;
15050.0000 87233.3333;
13766.6667 87466.6667;
13666.6667 87683.3333;
14066.6667 88166.6667;
14066.6667 88166.6667;
14266.6667 88700.0000;
15633.3333 87200.0000;
15366.6667 85750.0000;
15316.6667 87066.6667;
15033.3333 87150.0000;
14383.3333 88400.0000;
14083.3333 87250.0000;
14050.0000 86483.3333;
13983.3333 88483.3333;
13866.6667 88333.3333;
13583.3333 87616.6667;
13583.3333 87116.6667;
15750.0000 87250.0000;
14683.3333 89033.3333;
14633.3333 87916.6667;
14383.3333 87433.3333;
13483.3333 86900.0000;
14316.6667 86516.6667;
14033.3333 88516.6667;
16366.6667 86416.6667;
16366.6667 86416.6667;
14766.6667 84950.0000;
15666.6667 84833.3333;
13733.3333 86816.6667;
15250.0000 88383.3333;
14700.0000 89016.6667;
14950.0000 88900.0000;
14016.6667 88183.3333;
15683.3333 87166.6667;
15750.0000 87300.0000;
15133.3333 88083.3333;
14483.3333 87616.6667;
13833.3333 88400.0000;
14616.6667 87800.0000;
13650.0000 86950.0000;
15183.3333 86950.0000;
15583.3333 87950.0000;
14016.6667 88066.6667;
15133.3333 84116.6667;
15016.6667 88733.3333;
14716.6667 88483.3333;
15916.6667 85233.3333;
14650.0000 87150.0000;
14650.0000 87150.0000;
14166.6667 87966.6667;
14983.3333 85000.0000;
15083.3333 84900.0000;
14450.0000 89183.3333;
13966.6667 87300.0000;
14083.3333 87900.0000;
14433.3333 88566.6667;
14433.3333 88566.6667;
15716.6667 85983.3333;
15716.6667 85983.3333;
14433.3333 89033.3333;
13600.0000 87000.0000;
14050.0000 88000.0000;
14783.3333 87800.0000;
14316.6667 88450.0000;
13850.0000 86883.3333;
14266.6667 88116.6667;
14550.0000 88516.6667;
15033.3333 86833.3333;
14833.3333 86533.3333;
15033.3333 86833.3333;
14983.3333 85000.0000;
14700.0000 88633.3333;
14600.0000 87833.3333;
15316.6667 86983.3333;
14016.6667 88066.6667;
15050.0000 86683.3333;
13366.6667 86866.6667;
14966.6667 87166.6667;
14900.0000 87250.0000;
14133.3333 88466.6667;
14133.3333 87966.6667;
15233.3333 88766.6667;
15316.6667 87300.0000;
15583.3333 87250.0000;
15316.6667 87300.0000;
14766.6667 84950.0000;
14700.0000 85016.6667;
15783.3333 84583.3333;
15816.6667 85166.6667;
14016.6667 88066.6667;
13916.6667 87300.0000;
14616.6667 87116.6667;
14616.6667 87133.3333;
14333.3333 87000.0000;
14700.0000 85016.6667;
14250.0000 86233.3333;
14866.6667 87183.3333;
14300.0000 86233.3333;
15016.6667 83650.0000;
15000.0000 88833.3333;
14800.0000 88783.3333;
15016.6667 88833.3333;
14800.0000 88783.3333;
14250.0000 86833.3333;
14916.6667 89150.0000;
14916.6667 89150.0000;
14900.0000 89166.6667;
14900.0000 89166.6667;
14783.3333 88816.6667;
14666.6667 89050.0000;
14900.0000 89166.6667;
15133.3333 84116.6667;
14200.0000 88200.0000;
15016.6667 86700.0000;
14483.3333 88933.3333;
14233.3333 88233.3333;
14366.6667 87866.6667;
14266.6667 88116.6667;
14416.6667 88333.3333;
14600.0000 87216.6667;
16383.3333 86400.0000;
16383.3333 86400.0000;
14783.3333 88816.6667;
13933.3333 88383.3333;
14316.6667 86516.6667;
16450.0000 85850.0000;
13616.6667 86933.3333;
15466.6667 86250.0000;
14716.6667 84266.6667;
14616.6667 84666.6667;
14600.0000 84583.3333;
14716.6667 84266.6667;
14716.6667 84266.6667;
13566.6667 87500.0000;
15683.3333 87783.3333;
15283.3333 88050.0000;
14883.3333 88050.0000;
14600.0000 88916.6667;
14533.3333 87666.6667;
14416.6667 89116.6667;
14116.6667 87066.6667;
13983.3333 87833.3333;
13916.6667 87216.6667;
13700.0000 86816.6667;
13516.6667 86883.3333;
15783.3333 86800.0000;
16000.0000 85133.3333;
14083.3333 88650.0000;
13033.3333 87050.0000;
16000.0000 85133.3333;
13500.0000 87433.3333;
16000.0000 85133.3333;
13500.0000 87433.3333;
16000.0000 85133.3333;
15233.3333 87833.3333;
15133.3333 87600.0000;
15200.0000 88083.3333;
14500.0000 86266.6667;
13650.0000 86966.6667;
15850.0000 87800.0000;
15850.0000 87800.0000;
13933.3333 87416.6667;
14100.0000 87100.0000;
13650.0000 86966.6667;
14500.0000 86266.6667;
14750.0000 87616.6667;
15266.6667 87950.0000;
15766.6667 87883.3333;
14883.3333 88283.3333;
15016.6667 88100.0000;
14883.3333 88283.3333;
15700.0000 87150.0000;
15083.3333 86383.3333;
15083.3333 86083.3333;
15016.6667 88350.0000;
15016.6667 88100.0000;
14883.3333 88283.3333;
14866.6667 87366.6667;
14366.6667 88383.3333;
14133.3333 88500.0000;
14550.0000 88500.0000;
14483.3333 88050.0000;
14466.6667 87950.0000;
14433.3333 86133.3333;
14233.3333 88716.6667;
14016.6667 88283.3333;
13883.3333 88250.0000;
13550.0000 87150.0000;
13533.3333 87150.0000;
14066.6667 87733.3333;
14350.0000 87900.0000;
14350.0000 87900.0000;
14983.3333 88583.3333;
15633.3333 87600.0000;
15633.3333 87083.3333;
15250.0000 87933.3333;
14983.3333 88583.3333;
14233.3333 88666.6667;
14100.0000 87950.0000;
14000.0000 88250.0000;
13866.6667 87300.0000;
14450.0000 88650.0000;
14450.0000 88650.0000;
14383.3333 89000.0000;
14233.3333 88316.6667;
13816.6667 88383.3333;
13800.0000 88383.3333;
13166.6667 87083.3333;
13166.6667 86950.0000;
15150.0000 88283.3333;
15033.3333 89166.6667;
15000.0000 88216.6667;
14583.3333 88933.3333;
14283.3333 88500.0000;
14200.0000 87383.3333;
14150.0000 88850.0000;
13983.3333 87716.6667;
14800.0000 88250.0000;
14650.0000 87150.0000;
15550.0000 87666.6667;
14766.6667 88783.3333;
15950.0000 85716.6667;
14766.6667 88783.3333;
15950.0000 85716.6667;
14916.6667 86350.0000;
14866.6667 87566.6667;
14800.0000 87750.0000;
14766.6667 88783.3333;
14633.3333 87150.0000;
14600.0000 87766.6667;
14300.0000 88483.3333;
14200.0000 87383.3333;
14183.3333 86700.0000;
14116.6667 88533.3333;
14016.6667 87183.3333;
14000.0000 88333.3333;
14000.0000 87200.0000;
13950.0000 86666.6667;
13816.6667 86950.0000;
13283.3333 87166.6667;
14866.6667 89100.0000;
15200.0000 87883.3333;
15166.6667 87283.3333;
14916.6667 88216.6667;
14866.6667 89100.0000;
14816.6667 88650.0000;
14766.6667 88250.0000;
14416.6667 89016.6667;
14216.6667 87816.6667;
14166.6667 88333.3333;
14033.3333 88533.3333;
13866.6667 88350.0000;
13800.0000 87450.0000;
13533.3333 87733.3333;
13366.6667 86733.3333;
14316.6667 87250.0000;
14466.6667 88533.3333;
13550.0000 87183.3333;
13700.0000 87450.0000;
15400.0000 86833.3333;
15550.0000 88116.6667;
15350.0000 87750.0000;
15100.0000 87333.3333;
14466.6667 88850.0000;
13700.0000 87450.0000;
14766.6667 85950.0000;
14766.6667 85950.0000;
15600.0000 87383.3333;
15500.0000 88133.3333;
15300.0000 85850.0000;
14416.6667 87333.3333;
14283.3333 87933.3333;
14133.3333 86233.3333;
13833.3333 87250.0000;
13133.3333 87066.6667;
14133.3333 88833.3333;
15116.6667 87700.0000;
15066.6667 87716.6667;
14983.3333 89000.0000;
14700.0000 86316.6667;
14566.6667 88250.0000;
14466.6667 89016.6667;
14416.6667 89200.0000;
14283.3333 88483.3333;
14133.3333 88833.3333;
14100.0000 87116.6667;
13866.6667 88316.6667;
13716.6667 87650.0000;
13583.3333 87666.6667;
13450.0000 87183.3333;
14433.3333 88666.6667;
14233.3333 88700.0000;
14216.6667 88716.6667;
14283.3333 88583.3333;
13633.3333 87300.0000;
14550.0000 87316.6667;
14283.3333 88583.3333;
14000.0000 87233.3333;
13850.0000 86566.6667;
13183.3333 87116.6667;
15816.6667 87850.0000;
15733.3333 86950.0000;
14600.0000 86250.0000;
14450.0000 86800.0000;
14066.6667 87150.0000;
14000.0000 86983.3333;
13650.0000 87700.0000;
13550.0000 87050.0000;
14483.3333 89016.6667;
14183.3333 88733.3333;
13433.3333 87133.3333;
15916.6667 86083.3333;
15583.3333 87116.6667;
14700.0000 88200.0000;
14516.6667 89233.3333;
14500.0000 87966.6667;
14283.3333 86216.6667;
13916.6667 87016.6667;
13500.0000 86900.0000;
16400.0000 86216.6667;
15616.6667 86750.0000;
15466.6667 85883.3333;
15383.3333 88133.3333;
15333.3333 87750.0000;
15116.6667 88533.3333;
15083.3333 88483.3333;
14966.6667 88833.3333;
14883.3333 87916.6667;
14833.3333 88683.3333;
14766.6667 86550.0000;
14766.6667 86533.3333;
14650.0000 89116.6667;
14500.0000 89216.6667;
14233.3333 86250.0000;
14116.6667 86450.0000;
14083.3333 88116.6667;
13950.0000 87133.3333;
13866.6667 87266.6667;
14483.3333 89016.6667;
14166.6667 88850.0000;
15366.6667 88300.0000;
14700.0000 87816.6667;
14983.3333 87900.0000;
14983.3333 89050.0000;
14700.0000 87816.6667;
15366.6667 88300.0000;
15383.3333 87166.6667;
14933.3333 88383.3333;
14900.0000 88400.0000;
15350.0000 86800.0000;
15366.6667 87150.0000;
15350.0000 86800.0000;
15350.0000 86766.6667;
15316.6667 87400.0000;
15100.0000 89050.0000;
15050.0000 88750.0000;
15050.0000 87216.6667;
14933.3333 88383.3333;
14900.0000 87383.3333;
14883.3333 86216.6667;
14766.6667 86883.3333;
14750.0000 88983.3333;
14750.0000 88350.0000;
14700.0000 87816.6667;
14516.6667 88716.6667;
14433.3333 88000.0000;
14333.3333 86733.3333;
14316.6667 88516.6667;
14233.3333 88666.6667;
14150.0000 87283.3333;
14133.3333 88050.0000;
14116.6667 88566.6667;
14066.6667 87883.3333;
14016.6667 88383.3333;
14000.0000 88300.0000;
13866.6667 86633.3333;
13850.0000 88233.3333;
13850.0000 87316.6667;
13766.6667 87550.0000;
13600.0000 87600.0000;
13583.3333 86933.3333;
13533.3333 87083.3333;
13433.3333 87133.3333;
13200.0000 87350.0000;
13133.3333 86966.6667;
15233.3333 88283.3333;
14433.3333 87300.0000;
13566.6667 87483.3333;
13416.6667 86850.0000;
14483.3333 88566.6667;
14266.6667 88133.3333;
13950.0000 88283.3333;
13850.0000 87333.3333;
14666.6667 89083.3333;
15266.6667 88233.3333;
13816.6667 87250.0000;
15416.6667 86766.6667;
14916.6667 88233.3333;
14150.0000 88716.6667;
13816.6667 87250.0000;
13533.3333 87566.6667;
14483.3333 89216.6667;
14466.6667 88533.3333;
14283.3333 88183.3333;
14050.0000 86850.0000;
13866.6667 87350.0000;
13550.0000 87183.3333;
13300.0000 87116.6667;
14066.6667 87950.0000;
14066.6667 87950.0000;
14066.6667 87950.0000;
15316.6667 87883.3333;
15650.0000 87066.6667;
15483.3333 88050.0000;
15316.6667 87883.3333;
15200.0000 88233.3333;
15000.0000 88616.6667;
14883.3333 86283.3333;
14833.3333 87733.3333;
14816.6667 88216.6667;
14750.0000 88166.6667;
14116.6667 88550.0000;
14066.6667 87950.0000;
13966.6667 86450.0000;
13933.3333 87266.6667;
13866.6667 88283.3333;
13583.3333 87700.0000;
13500.0000 87150.0000;
13200.0000 87133.3333;
15216.6667 85950.0000;
15183.3333 87300.0000;
14283.3333 88566.6667;
14150.0000 88650.0000;
14700.0000 88116.6667;
14400.0000 88733.3333;
14250.0000 88500.0000;
14250.0000 87633.3333;
14083.3333 88433.3333;
13983.3333 87333.3333;
13933.3333 88383.3333;
13933.3333 87800.0000;
13916.6667 88200.0000;
13666.6667 86983.3333;
13516.6667 86966.6667;
15616.6667 87883.3333;
13800.0000 87533.3333;
14266.6667 87700.0000;
15000.0000 88866.6667;
14666.6667 88733.3333;
14666.6667 88300.0000;
14666.6667 84716.6667;
13883.3333 87283.3333;
13800.0000 87533.3333;
13550.0000 87066.6667;
15000.0000 88866.6667;
14450.0000 89133.3333;
15466.6667 86750.0000;
15083.3333 88216.6667;
14966.6667 86700.0000;
14900.0000 88500.0000;
14816.6667 89133.3333;
14750.0000 87700.0000;
14733.3333 88416.6667;
14583.3333 88016.6667;
14450.0000 87283.3333;
14383.3333 89183.3333;
14366.6667 87750.0000;
14333.3333 87783.3333;
14266.6667 87483.3333;
13950.0000 87300.0000;
13566.6667 87633.3333;
13500.0000 87616.6667;
13500.0000 86900.0000;
13350.0000 87166.6667;
13200.0000 87116.6667;
13016.6667 87033.3333;
14583.3333 86783.3333;
14533.3333 86166.6667;
14750.0000 88116.6667;
14250.0000 87850.0000;
15500.0000 88033.3333;
14250.0000 87850.0000;
14566.6667 87750.0000;
14566.6667 87750.0000;
14616.6667 88866.6667;
14700.0000 85833.3333;
15500.0000 88033.3333;
15100.0000 86116.6667;
14950.0000 86716.6667;
14900.0000 88500.0000;
14700.0000 85833.3333;
14633.3333 86250.0000;
14616.6667 88866.6667;
14566.6667 88166.6667;
14433.3333 88700.0000;
14366.6667 88550.0000;
14316.6667 88100.0000;
14233.3333 88650.0000;
14200.0000 87833.3333;
14133.3333 88550.0000;
14100.0000 87750.0000;
14050.0000 88366.6667;
14000.0000 88533.3333;
14000.0000 86400.0000;
13916.6667 88200.0000;
13816.6667 87100.0000;
13733.3333 86883.3333;
13533.3333 87700.0000;
14900.0000 88866.6667;
14900.0000 88500.0000;
13816.6667 87100.0000;
15433.3333 86883.3333;
14916.6667 87716.6667;
13816.6667 87283.3333;
15100.0000 86116.6667;
14416.6667 88050.0000;
14133.3333 88800.0000;
14100.0000 88716.6667;
14100.0000 87900.0000;
13900.0000 88316.6667;
13216.6667 87616.6667;
14266.6667 88850.0000;
14333.3333 88866.6667;
14983.3333 88416.6667;
14333.3333 88866.6667;
15000.0000 88750.0000;
14933.3333 88316.6667;
14716.6667 87350.0000;
14550.0000 86250.0000;
14533.3333 88216.6667;
14350.0000 87583.3333;
14283.3333 88633.3333;
14266.6667 88850.0000;
14216.6667 88466.6667;
14050.0000 88333.3333;
14000.0000 87683.3333;
13766.6667 87283.3333;
13533.3333 87550.0000;
14316.6667 88850.0000;
14983.3333 88266.6667;
14350.0000 88366.6667;
15100.0000 88633.3333;
15000.0000 87133.3333;
14350.0000 88366.6667;
14316.6667 88850.0000;
14150.0000 88833.3333;
14000.0000 88300.0000;
13900.0000 88216.6667;
13733.3333 87500.0000;
14350.0000 88366.6667;
15533.3333 88416.6667;
15416.6667 88450.0000;
15200.0000 88233.3333;
15100.0000 88550.0000;
14983.3333 88266.6667;
14750.0000 88950.0000;
14400.0000 89200.0000;
14283.3333 87850.0000;
14066.6667 87966.6667;
13566.6667 86983.3333;
14466.6667 88600.0000;
14200.0000 87816.6667;
14133.3333 87350.0000;
13983.3333 86633.3333;
13916.6667 88416.6667;
15083.3333 85833.3333;
14316.6667 87866.6667;
13416.6667 87266.6667;
15583.3333 87116.6667;
14233.3333 88683.3333;
13500.0000 86933.3333;
13500.0000 86933.3333;
14100.0000 88516.6667;
14116.6667 88250.0000;
14400.0000 88950.0000;
14183.3333 87883.3333;
14116.6667 88250.0000;
13766.6667 87583.3333;
13433.3333 86800.0000;
14000.0000 86550.0000;
13950.0000 86566.6667;
15583.3333 87116.6667;
15416.6667 86966.6667;
15300.0000 88416.6667;
15000.0000 88983.3333;
14733.3333 86100.0000;
14533.3333 87983.3333;
14400.0000 88950.0000;
14383.3333 86800.0000;
14250.0000 87066.6667;
14183.3333 87833.3333;
14116.6667 88400.0000;
14116.6667 88250.0000;
14100.0000 88516.6667;
13983.3333 88383.3333;
13966.6667 86566.6667;
13900.0000 88316.6667;
13883.3333 88233.3333;
13866.6667 88233.3333;
13800.0000 87266.6667;
13616.6667 87100.0000;
13583.3333 87100.0000;
13433.3333 86800.0000;
13433.3333 86800.0000;
15333.3333 87916.6667;
14916.6667 88366.6667;
14450.0000 88666.6667;
14450.0000 88666.6667;
15333.3333 87916.6667;
14450.0000 88666.6667;
13300.0000 86800.0000;
14450.0000 88666.6667;
14983.3333 88133.3333;
15083.3333 88383.3333;
15016.6667 88283.3333;
14983.3333 88133.3333;
15500.0000 86666.6667;
15366.6667 87950.0000;
15083.3333 89016.6667;
15083.3333 88383.3333;
15083.3333 88050.0000;
15016.6667 88850.0000;
15000.0000 83216.6667;
14750.0000 87416.6667;
14366.6667 88883.3333;
14250.0000 86916.6667;
14133.3333 88250.0000;
13933.3333 86850.0000;
13516.6667 86900.0000;
14833.3333 89133.3333;
14433.3333 88666.6667;
14133.3333 88300.0000;
14000.0000 88400.0000;
13966.6667 88366.6667;
13733.3333 86950.0000;
15250.0000 88766.6667;
15416.6667 86950.0000;
15416.6667 86916.6667;
15416.6667 86950.0000;
15366.6667 88116.6667;
15166.6667 86066.6667;
14916.6667 87900.0000;
14550.0000 86850.0000;
14416.6667 88600.0000;
14200.0000 86666.6667;
14166.6667 88700.0000;
14133.3333 88600.0000;
14066.6667 88583.3333;
13916.6667 87266.6667;
13866.6667 88333.3333;
13716.6667 86850.0000;
13633.3333 87083.3333;
13616.6667 87100.0000;
13416.6667 87450.0000;
13933.3333 87250.0000;
14400.0000 86150.0000;
14133.3333 86616.6667;
13283.3333 86983.3333;
15433.3333 87883.3333;
15583.3333 87233.3333;
14933.3333 88783.3333;
14933.3333 88283.3333;
14783.3333 88700.0000;
14250.0000 88866.6667;
14416.6667 87866.6667;
14183.3333 88816.6667;
14266.6667 87033.3333;
14250.0000 87300.0000;
14933.3333 88783.3333;
14783.3333 88700.0000;
15450.0000 88400.0000;
14250.0000 87300.0000;
14083.3333 87150.0000;
14983.3333 87633.3333;
14850.0000 86433.3333;
14266.6667 87033.3333;
13933.3333 88300.0000;
14850.0000 86983.3333;
14216.6667 87066.6667;
13600.0000 87300.0000;
15616.6667 87183.3333;
13583.3333 87266.6667;
13250.0000 87066.6667;
13883.3333 87300.0000;
13266.6667 87050.0000;
15750.0000 87833.3333;
15733.3333 87500.0000;
15616.6667 87183.3333;
15583.3333 87233.3333;
15433.3333 86866.6667;
15166.6667 87183.3333;
15166.6667 87116.6667;
15100.0000 88416.6667;
14983.3333 87633.3333;
14916.6667 86416.6667;
14900.0000 87200.0000;
14816.6667 88850.0000;
14816.6667 88216.6667;
14516.6667 88733.3333;
14450.0000 88633.3333;
14416.6667 88883.3333;
14400.0000 89250.0000;
14400.0000 88416.6667;
14250.0000 88683.3333;
14100.0000 88716.6667;
14033.3333 88333.3333;
14000.0000 88366.6667;
13950.0000 87700.0000;
13866.6667 88366.6667;
13816.6667 88283.3333;
13583.3333 87266.6667;
13583.3333 87166.6667;
13466.6667 86833.3333;
13416.6667 86950.0000;
13366.6667 86750.0000;
13283.3333 87000.0000;
13233.3333 87066.6667;
13066.6667 86983.3333;
14766.6667 88216.6667;
14833.3333 87283.3333;
14700.0000 88883.3333;
14200.0000 88916.6667;
15083.3333 89083.3333;
15416.6667 87683.3333;
14816.6667 88550.0000;
15300.0000 88700.0000;
14933.3333 85700.0000;
14250.0000 87100.0000;
14900.0000 88900.0000;
14483.3333 87833.3333;
15166.6667 88800.0000;
14483.3333 87833.3333;
15033.3333 88116.6667;
15333.3333 88166.6667;
14933.3333 85700.0000;
14833.3333 87283.3333;
14166.6667 86683.3333;
14150.0000 88550.0000;
14383.3333 87783.3333;
15166.6667 88800.0000;
14900.0000 88100.0000;
14900.0000 88100.0000;
14483.3333 88250.0000;
15466.6667 88300.0000;
15483.3333 87866.6667;
14900.0000 88900.0000;
14616.6667 87766.6667;
14700.0000 88883.3333;
15516.6667 88066.6667;
14433.3333 89266.6667;
14533.3333 87416.6667;
14700.0000 88366.6667;
15333.3333 88166.6667;
14666.6667 88583.3333;
13216.6667 87200.0000;
14766.6667 87916.6667;
14366.6667 89066.6667;
14566.6667 88466.6667;
14683.3333 89066.6667;
14900.0000 88716.6667;
14733.3333 88033.3333;
15016.6667 88300.0000;
15033.3333 88300.0000;
14633.3333 87816.6667;
14416.6667 88466.6667;
14416.6667 88466.6667;
14566.6667 88466.6667;
14683.3333 89066.6667;
14733.3333 88033.3333;
15033.3333 88300.0000;
15500.0000 86650.0000;
15683.3333 87533.3333;
15666.6667 87200.0000;
15466.6667 88016.6667;
15466.6667 86650.0000;
15416.6667 87683.3333;
15333.3333 88166.6667;
15316.6667 87166.6667;
15133.3333 87850.0000;
15116.6667 87316.6667;
15033.3333 88116.6667;
14933.3333 85700.0000;
14916.6667 86366.6667;
14900.0000 88716.6667;
14733.3333 86816.6667;
14700.0000 88883.3333;
14700.0000 87550.0000;
14683.3333 87050.0000;
14666.6667 88583.3333;
14666.6667 86950.0000;
14650.0000 87050.0000;
14650.0000 86133.3333;
14583.3333 86216.6667;
14533.3333 89233.3333;
14433.3333 88683.3333;
14400.0000 88500.0000;
14366.6667 88100.0000;
14333.3333 88500.0000;
14316.6667 88116.6667;
14316.6667 87566.6667;
14283.3333 88350.0000;
14266.6667 88616.6667;
14250.0000 88700.0000;
14250.0000 87950.0000;
14166.6667 88633.3333;
14166.6667 86933.3333;
14166.6667 86683.3333;
14150.0000 88550.0000;
14150.0000 87800.0000;
14116.6667 88466.6667;
14116.6667 88333.3333;
14116.6667 87916.6667;
14100.0000 88483.3333;
14083.3333 88733.3333;
14083.3333 88216.6667;
14050.0000 88466.6667;
14050.0000 87200.0000;
14016.6667 86500.0000;
13966.6667 88400.0000;
13883.3333 88350.0000;
13833.3333 87250.0000;
13783.3333 87400.0000;
13783.3333 86600.0000;
13683.3333 87400.0000;
13633.3333 87283.3333;
13516.6667 86900.0000;
13466.6667 87150.0000;
13216.6667 87200.0000;
14650.0000 89133.3333;
13700.0000 87316.6667;
15250.0000 88166.6667;
15050.0000 88900.0000;
13583.3333 86966.6667;
15000.0000 88300.0000;
14633.3333 87600.0000;
13583.3333 86966.6667;
15000.0000 88300.0000;
13016.6667 87000.0000;
15666.6667 85716.6667;
15433.3333 86833.3333;
15066.6667 87200.0000;
15033.3333 87133.3333;
14966.6667 88866.6667;
14916.6667 88716.6667;
14833.3333 89033.3333;
14833.3333 88816.6667;
14816.6667 86766.6667;
14733.3333 88350.0000;
14666.6667 84316.6667;
14633.3333 87600.0000;
14600.0000 89133.3333;
14516.6667 88100.0000;
14450.0000 86050.0000;
14150.0000 88733.3333;
14133.3333 87816.6667;
14066.6667 88450.0000;
14033.3333 88300.0000;
14000.0000 88350.0000;
13966.6667 86666.6667;
13583.3333 87016.6667;
13566.6667 87016.6667;
13550.0000 86983.3333;
13516.6667 87733.3333;
13483.3333 87433.3333;
13183.3333 87133.3333;
15383.3333 86966.6667;
14566.6667 87750.0000;
14550.0000 87750.0000;
13916.6667 88333.3333;
13450.0000 87033.3333;
14716.6667 88500.0000;
14716.6667 88500.0000;
14816.6667 88550.0000;
15000.0000 87550.0000;
14350.0000 88883.3333;
15666.6667 86000.0000;
15616.6667 88150.0000;
15450.0000 88283.3333;
15200.0000 88083.3333;
15166.6667 87266.6667;
15150.0000 88466.6667;
15066.6667 88683.3333;
15050.0000 87683.3333;
14950.0000 88650.0000;
14916.6667 87883.3333;
14800.0000 88416.6667;
14783.3333 89150.0000;
14716.6667 88500.0000;
14700.0000 88283.3333;
14566.6667 88116.6667;
14516.6667 87816.6667;
14500.0000 87366.6667;
14366.6667 88483.3333;
14333.3333 88600.0000;
14283.3333 88750.0000;
14283.3333 86716.6667;
14116.6667 87883.3333;
14083.3333 87916.6667;
14000.0000 88316.6667;
13983.3333 88383.3333;
13866.6667 86566.6667;
13766.6667 87550.0000;
13633.3333 87300.0000;
13233.3333 87066.6667;
13166.6667 87116.6667;
15016.6667 83450.0000;
14100.0000 88533.3333;
14100.0000 88533.3333;
14650.0000 87033.3333;
15050.0000 88883.3333;
14666.6667 87850.0000;
14650.0000 87033.3333;
13983.3333 88300.0000;
14033.3333 88533.3333;
14750.0000 84983.3333;
14383.3333 86750.0000;
15983.3333 85150.0000;
14633.3333 87600.0000;
14883.3333 88233.3333;
15216.6667 87333.3333;
14383.3333 88416.6667;
14150.0000 88616.6667;
14083.3333 88483.3333;
15016.6667 87966.6667;
14750.0000 88183.3333;
14116.6667 88366.6667;
14900.0000 86200.0000;
15016.6667 87966.6667;
14316.6667 87400.0000;
14750.0000 88183.3333;
14433.3333 88950.0000;
14616.6667 88750.0000;
14616.6667 88750.0000;
14750.0000 87316.6667;
14900.0000 86200.0000;
14200.0000 88750.0000;
13650.0000 87533.3333;
14516.6667 88900.0000;
14633.3333 86100.0000;
13650.0000 87533.3333;
14633.3333 86100.0000;
14100.0000 88666.6667;
15650.0000 87050.0000;
15416.6667 86433.3333;
15383.3333 87333.3333;
15300.0000 88350.0000;
15283.3333 88050.0000;
15116.6667 88283.3333;
15033.3333 88450.0000;
14983.3333 88850.0000;
14966.6667 87016.6667;
14866.6667 87200.0000;
14866.6667 86933.3333;
14783.3333 89133.3333;
14783.3333 86933.3333;
14750.0000 88183.3333;
14683.3333 87183.3333;
14583.3333 89066.6667;
14583.3333 87133.3333;
14516.6667 88916.6667;
14450.0000 88033.3333;
14433.3333 88950.0000;
14383.3333 88716.6667;
14316.6667 87400.0000;
14116.6667 88366.6667;
14100.0000 88666.6667;
14100.0000 88000.0000;
14083.3333 88483.3333;
14066.6667 88566.6667;
14066.6667 87750.0000;
13983.3333 86366.6667;
13950.0000 87400.0000;
13850.0000 87250.0000;
13783.3333 88400.0000;
13633.3333 87650.0000;
13550.0000 87266.6667;
13366.6667 86900.0000;
13183.3333 87100.0000;
14316.6667 87400.0000;
15116.6667 87783.3333;
14716.6667 88300.0000;
14683.3333 89116.6667;
14333.3333 86166.6667;
14083.3333 86950.0000;
15633.3333 87150.0000;
14533.3333 86166.6667;
14300.0000 88533.3333;
14200.0000 86733.3333;
14033.3333 87800.0000;
14016.6667 88500.0000;
13566.6667 86983.3333;
13550.0000 87350.0000;
13466.6667 87000.0000;
15833.3333 86300.0000;
15316.6667 87350.0000;
15200.0000 85750.0000;
13916.6667 88400.0000;
16316.6667 86566.6667;
15450.0000 86850.0000;
15116.6667 87150.0000;
15100.0000 86383.3333;
14433.3333 86150.0000;
14050.0000 86466.6667;
13566.6667 87133.3333;
13550.0000 87116.6667;
13433.3333 86750.0000;
14883.3333 88716.6667;
16316.6667 86566.6667;
14316.6667 88516.6667;
14250.0000 88716.6667;
15783.3333 87316.6667;
14983.3333 88933.3333;
14883.3333 86266.6667;
14766.6667 89150.0000;
14383.3333 86783.3333;
14250.0000 88716.6667;
14083.3333 86583.3333;
13916.6667 88350.0000;
15433.3333 88233.3333;
14516.6667 89233.3333;
14700.0000 85900.0000;
15633.3333 88300.0000;
15400.0000 86483.3333;
15366.6667 87950.0000;
14700.0000 85900.0000;
13833.3333 87383.3333;
14216.6667 88600.0000;
15033.3333 86000.0000;
15016.6667 88000.0000;
13900.0000 87200.0000;
15366.6667 87366.6667;
13100.0000 87150.0000;
14850.0000 86316.6667;
14783.3333 87700.0000;
13183.3333 86950.0000;
15400.0000 88150.0000;
14066.6667 87783.3333;
13916.6667 88366.6667;
13883.3333 87266.6667;
13833.3333 87416.6667;
13633.3333 87500.0000;
14316.6667 88683.3333;
13783.3333 87150.0000;
14200.0000 88366.6667;
13533.3333 87216.6667;
14033.3333 87050.0000;
13883.3333 87700.0000;
14200.0000 88466.6667;
15266.6667 88166.6667;
15266.6667 87816.6667;
14516.6667 87733.3333;
13716.6667 86883.3333;
14816.6667 89200.0000;
13533.3333 87216.6667;
15316.6667 86016.6667;
15233.3333 85966.6667;
15316.6667 86016.6667;
14033.3333 87050.0000;
14666.6667 88266.6667;
15266.6667 88166.6667;
14200.0000 88366.6667;
15416.6667 88100.0000;
15050.0000 89116.6667;
13883.3333 87700.0000;
14916.6667 88416.6667;
13933.3333 88316.6667;
15300.0000 87750.0000;
15066.6667 89000.0000;
15266.6667 88166.6667;
14433.3333 87783.3333;
15166.6667 88583.3333;
14633.3333 87600.0000;
14700.0000 87883.3333;
15333.3333 87150.0000;
14916.6667 88850.0000;
13716.6667 86883.3333;
13666.6667 87366.6667;
14683.3333 89050.0000;
15116.6667 88033.3333;
13850.0000 86466.6667;
14750.0000 88150.0000;
14750.0000 88150.0000;
14366.6667 87783.3333;
14750.0000 88150.0000;
14666.6667 88233.3333;
15916.6667 86116.6667;
15650.0000 86466.6667;
15600.0000 87150.0000;
15416.6667 88100.0000;
15333.3333 87150.0000;
15266.6667 88166.6667;
15250.0000 86116.6667;
15216.6667 88633.3333;
15150.0000 86750.0000;
15133.3333 88433.3333;
15016.6667 88883.3333;
14966.6667 87866.6667;
14966.6667 87300.0000;
14966.6667 86833.3333;
14916.6667 88850.0000;
14866.6667 88766.6667;
14850.0000 86333.3333;
14816.6667 87383.3333;
14750.0000 88150.0000;
14716.6667 88383.3333;
14666.6667 88733.3333;
14633.3333 87600.0000;
14600.0000 88566.6667;
14583.3333 86483.3333;
14516.6667 88966.6667;
14500.0000 87950.0000;
14500.0000 87100.0000;
14466.6667 88683.3333;
14433.3333 88583.3333;
14400.0000 88416.6667;
14383.3333 87966.6667;
14366.6667 88483.3333;
14333.3333 88600.0000;
14333.3333 88350.0000;
14316.6667 87900.0000;
14316.6667 87616.6667;
14300.0000 89000.0000;
14283.3333 88700.0000;
14266.6667 86616.6667;
14216.6667 88850.0000;
14200.0000 88366.6667;
14200.0000 88033.3333;
14150.0000 88616.6667;
14066.6667 88633.3333;
14066.6667 86416.6667;
14033.3333 87866.6667;
14016.6667 88383.3333;
14016.6667 87800.0000;
13966.6667 88483.3333;
13933.3333 88316.6667;
13900.0000 88400.0000;
13900.0000 87983.3333;
13883.3333 88233.3333;
13883.3333 87283.3333;
13833.3333 86466.6667;
13816.6667 87350.0000;
13816.6667 86700.0000;
13766.6667 87633.3333;
13716.6667 86883.3333;
13633.3333 87316.6667;
13583.3333 87566.6667;
13516.6667 86883.3333;
14300.0000 88466.6667;
14233.3333 88733.3333;
14216.6667 88550.0000;
14850.0000 87516.6667;
14766.6667 88933.3333;
14216.6667 88550.0000;
13950.0000 88350.0000;
13666.6667 87700.0000;
13666.6667 87100.0000;
13583.3333 87716.6667;
13583.3333 87700.0000;
13550.0000 87166.6667;
14233.3333 88733.3333;
15683.3333 87550.0000;
15350.0000 87433.3333;
15283.3333 85783.3333;
14900.0000 86266.6667;
14900.0000 86250.0000;
14816.6667 88933.3333;
14783.3333 88816.6667;
14116.6667 88283.3333;
13416.6667 86850.0000;
13200.0000 87116.6667;
13666.6667 87683.3333;
13333.3333 87100.0000;
14450.0000 87533.3333;
15766.6667 87283.3333;
15766.6667 87266.6667;
15816.6667 86683.3333;
15816.6667 86683.3333;
15816.6667 86683.3333;
15866.6667 85116.6667;
13766.6667 86783.3333;
13516.6667 87100.0000;
13866.6667 87233.3333;
15200.0000 88150.0000;
15733.3333 86516.6667;
14900.0000 88866.6667;
15033.3333 88716.6667;
14716.6667 87616.6667;
14866.6667 89200.0000;
14916.6667 86700.0000;
14800.0000 88800.0000;
15083.3333 86666.6667;
15233.3333 88100.0000;
15083.3333 86666.6667;
15050.0000 88066.6667;
14883.3333 86683.3333;
14800.0000 88233.3333;
14550.0000 89216.6667;
14550.0000 88866.6667;
14433.3333 87950.0000;
14400.0000 89233.3333;
14116.6667 88433.3333;
13666.6667 87400.0000;
15800.0000 86633.3333;
13600.0000 87066.6667;
13866.6667 86516.6667;
13500.0000 87083.3333;
15750.0000 85966.6667;
14833.3333 86583.3333;
13833.3333 87133.3333;
13833.3333 87133.3333;
15766.6667 86450.0000;
15750.0000 87033.3333;
15766.6667 86450.0000;
15750.0000 87033.3333;
15666.6667 87000.0000;
15666.6667 87000.0000;
14366.6667 86700.0000;
15750.0000 87033.3333;
13600.0000 87066.6667;
14683.3333 84350.0000;
13600.0000 86950.0000;
14500.0000 86266.6667;
15100.0000 86033.3333;
15116.6667 86400.0000;
14066.6667 87833.3333;
13033.3333 87050.0000;
14500.0000 89183.3333;
13750.0000 87666.6667;
13650.0000 87616.6667;
13750.0000 87233.3333;
13750.0000 87233.3333;
13700.0000 87300.0000;
14600.0000 86583.3333;
13800.0000 87266.6667;
15516.6667 86633.3333;
15300.0000 88516.6667;
14916.6667 87366.6667;
14100.0000 87116.6667;
14050.0000 88050.0000;
13966.6667 86616.6667;
13316.6667 86750.0000;
15516.6667 86633.3333;
14916.6667 87366.6667;
14100.0000 87116.6667;
13966.6667 86616.6667;
13716.6667 87300.0000;
14716.6667 87950.0000;
13816.6667 87250.0000;
14800.0000 87166.6667;
14033.3333 86733.3333;
14033.3333 86716.6667;
13933.3333 87300.0000;
13883.3333 86833.3333;
13800.0000 86716.6667;
13750.0000 86983.3333;
13600.0000 87650.0000;
14600.0000 86583.3333;
14116.6667 87600.0000;
15466.6667 86483.3333;
15416.6667 87000.0000;
14900.0000 86316.6667;
14866.6667 86550.0000;
14716.6667 87033.3333;
14616.6667 87633.3333;
13883.3333 87283.3333;
13650.0000 87150.0000;
13616.6667 86933.3333;
13466.6667 87083.3333;
13366.6667 86966.6667;
15500.0000 86516.6667;
15333.3333 87300.0000;
15033.3333 86666.6667;
14783.3333 86616.6667;
14566.6667 86866.6667;
14083.3333 87200.0000;
13966.6667 87283.3333;
13800.0000 87266.6667;
13716.6667 86850.0000;
14650.0000 87983.3333;
14100.0000 87583.3333;
13433.3333 87050.0000;
14650.0000 87983.3333;
14116.6667 87600.0000;
13600.0000 87016.6667;
14033.3333 87416.6667;
13416.6667 87133.3333;
13816.6667 87250.0000;
16450.0000 85850.0000;
16450.0000 85850.0000;
15183.3333 87083.3333;
14600.0000 86583.3333;
13816.6667 86950.0000;
14050.0000 87333.3333;
13550.0000 86933.3333;
15466.6667 86250.0000;
14700.0000 84450.0000;
14083.3333 88316.6667;
15666.6667 86966.6667;
13216.6667 87050.0000;
14683.3333 88783.3333;
15133.3333 88866.6667;
15033.3333 88400.0000;
15416.6667 86583.3333;
15216.6667 88650.0000;
14950.0000 88916.6667;
14916.6667 89083.3333;
14816.6667 88766.6667;
14583.3333 87733.3333;
14500.0000 89033.3333;
14283.3333 88983.3333;
14216.6667 87083.3333;
13833.3333 88383.3333;
13516.6667 87433.3333;
14100.0000 88266.6667;
14100.0000 88266.6667;
15750.0000 87900.0000;
15466.6667 87466.6667;
15800.0000 86650.0000;
13600.0000 87233.3333;
14850.0000 87200.0000;
13850.0000 87100.0000;
13566.6667 86966.6667;
14683.3333 88516.6667;
14683.3333 88516.6667;
14716.6667 87016.6667;
15333.3333 87333.3333;
15150.0000 88283.3333;
14933.3333 86666.6667;
14750.0000 88750.0000;
14650.0000 88650.0000;
14566.6667 87716.6667;
14550.0000 88550.0000;
14216.6667 88916.6667;
14116.6667 88750.0000;
14016.6667 88600.0000;
13966.6667 88216.6667;
13916.6667 87300.0000;
13883.3333 86783.3333;
13816.6667 86733.3333;
13766.6667 87466.6667;
13533.3333 86933.3333;
13483.3333 87083.3333;
13400.0000 86800.0000;
14900.0000 86166.6667;
14100.0000 88616.6667;
13883.3333 86683.3333;
13833.3333 88400.0000;
13550.0000 86966.6667;
13516.6667 86933.3333;
13450.0000 87183.3333;
14483.3333 88066.6667;
14566.6667 87650.0000;
14183.3333 88366.6667;
15033.3333 88733.3333;
13966.6667 87316.6667;
14833.3333 87600.0000;
15183.3333 85900.0000;
15150.0000 88216.6667;
14950.0000 87100.0000;
14833.3333 87600.0000;
14800.0000 86616.6667;
14166.6667 86716.6667;
13933.3333 86883.3333;
13633.3333 86966.6667;
13966.6667 87316.6667;
14050.0000 88366.6667;
14100.0000 88683.3333;
15016.6667 88850.0000;
13283.3333 87050.0000;
14316.6667 87916.6667;
16300.0000 86550.0000;
15783.3333 85883.3333;
14133.3333 87400.0000;
15783.3333 85750.0000;
15716.6667 87933.3333;
15616.6667 86800.0000;
15850.0000 87733.3333;
14933.3333 85700.0000;
14883.3333 86750.0000;
14783.3333 87800.0000;
15016.6667 88050.0000;
14966.6667 88900.0000;
15883.3333 84683.3333;
15800.0000 86733.3333;
15333.3333 87800.0000;
15133.3333 86350.0000;
14766.6667 89083.3333;
14616.6667 89083.3333;
14533.3333 88733.3333;
14200.0000 87866.6667;
15666.6667 87900.0000;
13866.6667 86633.3333;
15900.0000 85283.3333;
15033.3333 87983.3333;
15766.6667 85750.0000;
14950.0000 89083.3333;
13766.6667 87250.0000;
14633.3333 89016.6667;
14250.0000 87250.0000;
14450.0000 88650.0000;
14250.0000 87300.0000;
14100.0000 87266.6667;
13166.6667 87000.0000;
15516.6667 88133.3333;
14866.6667 88500.0000;
14233.3333 87366.6667;
15833.3333 86300.0000;
15466.6667 88050.0000;
15333.3333 87800.0000;
14950.0000 89083.3333;
15683.3333 87100.0000;
15683.3333 87100.0000;
15100.0000 87800.0000;
14500.0000 88200.0000;
14166.6667 87600.0000;
15633.3333 88250.0000;
15600.0000 87333.3333;
15533.3333 85666.6667;
15383.3333 87816.6667;
15000.0000 88000.0000;
14966.6667 86716.6667;
14700.0000 87316.6667;
13766.6667 87366.6667;
13566.6667 87383.3333;
14766.6667 87883.3333;
15733.3333 87900.0000;
15650.0000 87900.0000;
15616.6667 86783.3333;
15500.0000 88033.3333;
15416.6667 88333.3333;
15200.0000 88516.6667;
14933.3333 89033.3333;
14716.6667 88450.0000;
14633.3333 88166.6667;
14616.6667 89133.3333;
14600.0000 89116.6667;
14516.6667 87550.0000;
14466.6667 87466.6667;
14433.3333 87766.6667;
13766.6667 87233.3333;
15716.6667 87933.3333;
15483.3333 88050.0000;
14050.0000 86716.6667;
15583.3333 87050.0000;
15783.3333 86166.6667;
15583.3333 87050.0000;
14866.6667 86516.6667;
14816.6667 86966.6667;
13816.6667 86550.0000;
13783.3333 87466.6667;
13650.0000 87083.3333;
13183.3333 87083.3333;
14966.6667 89133.3333;
14916.6667 88983.3333;
15733.3333 86116.6667;
15616.6667 85716.6667;
15366.6667 87016.6667;
15266.6667 87183.3333;
15150.0000 87883.3333;
14983.3333 86716.6667;
14433.3333 86850.0000;
14166.6667 87216.6667;
14100.0000 87050.0000;
13983.3333 86616.6667;
13966.6667 87300.0000;
13800.0000 87233.3333;
15366.6667 88116.6667;
15033.3333 86866.6667;
13850.0000 86450.0000;
15183.3333 86150.0000;
14350.0000 87066.6667;
15166.6667 86200.0000;
14250.0000 87733.3333;
13583.3333 87016.6667;
13566.6667 87100.0000;
13650.0000 86966.6667;
14783.3333 88650.0000;
14683.3333 88683.3333;
13833.3333 87050.0000;
13600.0000 87000.0000;
13533.3333 87316.6667;
13533.3333 87000.0000;
13483.3333 87133.3333;
13366.6667 86983.3333;
15150.0000 88766.6667;
15033.3333 86866.6667;
14433.3333 89166.6667;
14000.0000 88283.3333;
13550.0000 86933.3333;
13900.0000 87516.6667;
14350.0000 88850.0000;
15283.3333 84166.6667;
15783.3333 85883.3333;
14500.0000 87700.0000;
14433.3333 89266.6667;
15300.0000 86800.0000;
14933.3333 88366.6667;
14183.3333 86816.6667;
13850.0000 87000.0000;
13900.0000 87750.0000;
13750.0000 87616.6667;
14866.6667 88433.3333;
14383.3333 88300.0000;
14166.6667 88766.6667;
15516.6667 88200.0000;
15700.0000 86783.3333;
13816.6667 87466.6667;
13816.6667 87466.6667;
14916.6667 86250.0000;
13933.3333 87866.6667;
15166.6667 88433.3333;
15166.6667 88433.3333;
14916.6667 86250.0000;
15566.6667 86200.0000;
15566.6667 86200.0000;
14566.6667 88600.0000;
14366.6667 88950.0000;
15500.0000 86400.0000;
14900.0000 89100.0000;
14550.0000 87833.3333;
13816.6667 87066.6667;
13700.0000 87566.6667;
14050.0000 87350.0000;
14066.6667 88300.0000;
16416.6667 85933.3333;
14550.0000 87483.3333;
16416.6667 85933.3333;
16416.6667 85933.3333;
15050.0000 83283.3333;
15050.0000 83283.3333;
15066.6667 83300.0000;
14400.0000 87866.6667;
13266.6667 87516.6667;
15533.3333 83983.3333;
14500.0000 89266.6667;
14633.3333 89100.0000;
14683.3333 88783.3333;
15133.3333 88866.6667;
14933.3333 88966.6667;
14933.3333 88966.6667;
15133.3333 88866.6667;
15133.3333 88866.6667;
15883.3333 84683.3333;
13516.6667 87500.0000;
15533.3333 87783.3333;
13816.6667 86700.0000;
14316.6667 87916.6667;
15100.0000 83550.0000;
15450.0000 86033.3333;
15050.0000 86633.3333;
14566.6667 86816.6667;
13950.0000 87216.6667;
13300.0000 87050.0000;
15250.0000 88300.0000;
15033.3333 88100.0000;
14616.6667 88633.3333;
15716.6667 87933.3333;
14266.6667 87833.3333;
14683.3333 88566.6667;
14683.3333 87500.0000;
14266.6667 87833.3333;
14283.3333 87516.6667;
14066.6667 87600.0000;
15016.6667 85750.0000;
14316.6667 87833.3333;
14700.0000 87616.6667;
14333.3333 87150.0000;
15133.3333 86516.6667;
13633.3333 87716.6667;
15216.6667 87033.3333;
13983.3333 87750.0000;
14783.3333 88816.6667;
15133.3333 84716.6667;
14716.6667 89050.0000;
14583.3333 88016.6667;
14833.3333 89000.0000;
15266.6667 87533.3333;
13850.0000 87050.0000;
14866.6667 87266.6667;
14083.3333 88500.0000;
13950.0000 86533.3333;
13950.0000 86533.3333;
14933.3333 86683.3333;
14500.0000 87133.3333;
14483.3333 87983.3333;
14016.6667 88083.3333;
13816.6667 87716.6667;
13750.0000 87233.3333;
14433.3333 87883.3333;
13583.3333 86916.6667;
13366.6667 87050.0000;
14600.0000 88500.0000;
14416.6667 88550.0000;
14166.6667 88616.6667;
15016.6667 86633.3333;
13850.0000 87050.0000;
15900.0000 86250.0000;
14116.6667 88433.3333;
15350.0000 88400.0000;
14816.6667 86550.0000;
15100.0000 87316.6667;
14100.0000 87800.0000;
14816.6667 86550.0000;
14850.0000 86650.0000;
14783.3333 86516.6667;
14833.3333 83883.3333;
13816.6667 87283.3333;
13950.0000 86533.3333;
15750.0000 86916.6667;
14116.6667 87283.3333;
14116.6667 87283.3333;
14416.6667 88550.0000;
13783.3333 86916.6667;
14283.3333 88183.3333;
15366.6667 83700.0000;
15300.0000 83566.6667;
14450.0000 89133.3333;
14233.3333 88116.6667;
14116.6667 88383.3333;
14883.3333 87283.3333;
14883.3333 88733.3333;
14883.3333 88733.3333;
14100.0000 88466.6667;
14083.3333 88500.0000;
14416.6667 88650.0000;
14116.6667 88766.6667;
14716.6667 87600.0000;
14716.6667 87600.0000;
13683.3333 87683.3333;
13833.3333 88333.3333;
15800.0000 85283.3333;
14683.3333 89133.3333;
13850.0000 87033.3333;
15066.6667 87833.3333;
14233.3333 88900.0000;
14233.3333 88900.0000;
13316.6667 86983.3333;
14883.3333 88733.3333;
14716.6667 88450.0000;
14166.6667 88850.0000;
14116.6667 88766.6667;
13833.3333 88333.3333;
13900.0000 87300.0000;
13900.0000 87300.0000;
14700.0000 86966.6667;
15516.6667 86333.3333;
14750.0000 88950.0000;
15583.3333 87783.3333;
14333.3333 87733.3333;
14116.6667 88416.6667;
14633.3333 88550.0000;
14333.3333 87733.3333;
14633.3333 88550.0000;
14933.3333 88250.0000;
14716.6667 87600.0000;
15150.0000 88200.0000;
13550.0000 87200.0000;
15250.0000 88233.3333;
15150.0000 88200.0000;
15016.6667 87250.0000;
14933.3333 88800.0000;
14900.0000 88900.0000;
13933.3333 87250.0000;
13850.0000 87000.0000;
15083.3333 87583.3333;
15083.3333 87233.3333;
15666.6667 87950.0000;
15366.6667 87800.0000;
15150.0000 88400.0000;
15133.3333 88100.0000;
15066.6667 88700.0000;
14066.6667 88266.6667;
15666.6667 87483.3333;
14783.3333 88383.3333;
14683.3333 89116.6667;
14500.0000 87350.0000;
15133.3333 88400.0000;
15133.3333 88400.0000;
13616.6667 87100.0000;
13666.6667 87033.3333;
15100.0000 87366.6667;
14100.0000 86366.6667;
14566.6667 88450.0000;
15450.0000 86916.6667;
15333.3333 88550.0000;
14983.3333 88850.0000;
14983.3333 88400.0000;
14966.6667 86716.6667;
14650.0000 88633.3333;
14616.6667 88016.6667;
14566.6667 88783.3333;
14416.6667 88200.0000;
14383.3333 88083.3333;
14383.3333 87266.6667;
14233.3333 87466.6667;
14216.6667 87316.6667;
14133.3333 88416.6667;
14116.6667 87566.6667;
13916.6667 87600.0000;
13833.3333 87250.0000;
13783.3333 87550.0000;
13733.3333 87616.6667;
13600.0000 87500.0000;
13550.0000 86916.6667;
13516.6667 87516.6667;
13633.3333 87033.3333;
15766.6667 86550.0000;
15500.0000 87233.3333;
15450.0000 86916.6667;
15283.3333 86916.6667;
14966.6667 87083.3333;
14916.6667 88450.0000;
14800.0000 88800.0000;
14650.0000 89000.0000;
14516.6667 88483.3333;
14500.0000 86750.0000;
14266.6667 86783.3333;
14100.0000 86950.0000;
13750.0000 86800.0000;
13683.3333 87600.0000;
13216.6667 86966.6667;
14900.0000 88466.6667;
13350.0000 86766.6667;
13600.0000 87100.0000;
15433.3333 87783.3333;
15083.3333 87583.3333;
14833.3333 88416.6667;
15033.3333 89016.6667;
15083.3333 87650.0000;
13633.3333 87566.6667;
13633.3333 87566.6667;
13316.6667 87066.6667;
14033.3333 87233.3333;
15633.3333 86333.3333;
14900.0000 88466.6667;
14800.0000 88116.6667;
13350.0000 86766.6667;
14866.6667 86966.6667;
15100.0000 88466.6667;
15766.6667 85916.6667;
15716.6667 87383.3333;
15700.0000 86283.3333;
14733.3333 87333.3333;
15766.6667 85866.6667;
15000.0000 87950.0000;
14733.3333 87333.3333;
13683.3333 87400.0000;
13666.6667 87416.6667;
13533.3333 87083.3333;
14700.0000 89016.6667;
14966.6667 88216.6667;
14950.0000 86816.6667;
14933.3333 87233.3333;
14550.0000 87316.6667;
14150.0000 86716.6667;
13733.3333 87466.6667;
13533.3333 87150.0000;
13250.0000 87000.0000;
15766.6667 85916.6667;
14983.3333 87100.0000;
13783.3333 86916.6667;
14450.0000 87950.0000;
14883.3333 89166.6667;
14033.3333 87066.6667;
13950.0000 87400.0000;
13533.3333 87216.6667;
13350.0000 87050.0000;
15166.6667 85900.0000;
15150.0000 86050.0000;
14933.3333 86216.6667;
14833.3333 86516.6667;
14550.0000 87750.0000;
14416.6667 89200.0000;
13916.6667 88266.6667;
13916.6667 87666.6667;
13883.3333 88200.0000;
13866.6667 87333.3333;
13716.6667 87516.6667;
13700.0000 87100.0000;
13616.6667 86950.0000;
13566.6667 86950.0000;
13483.3333 87083.3333;
13300.0000 87016.6667;
14750.0000 87550.0000;
14283.3333 88183.3333;
15033.3333 89016.6667;
15283.3333 86183.3333;
13533.3333 87450.0000;
14716.6667 86166.6667;
14716.6667 86166.6667;
14716.6667 86166.6667;
14716.6667 86166.6667;
15433.3333 83850.0000;
13866.6667 87050.0000;
13983.3333 87050.0000;
14700.0000 86316.6667;
14700.0000 86316.6667;
14700.0000 86316.6667;
14733.3333 85966.6667;
13266.6667 87516.6667;
16366.6667 86533.3333;
15900.0000 85283.3333;
15900.0000 85283.3333;
15200.0000 87283.3333;
13283.3333 87616.6667;
16383.3333 86383.3333;
15916.6667 86183.3333;
15916.6667 86216.6667;
15700.0000 87150.0000;
15900.0000 85283.3333;
15200.0000 87283.3333;
16383.3333 86383.3333;
16433.3333 86350.0000;
16433.3333 86350.0000;
14750.0000 88700.0000;
13833.3333 87500.0000;
13766.6667 87233.3333;
16416.6667 86233.3333;
16416.6667 86233.3333;
14200.0000 87916.6667;
14366.6667 88683.3333;
13383.3333 87566.6667;
16416.6667 86300.0000;
16416.6667 86300.0000;
13300.0000 87416.6667;
15266.6667 83766.6667;
13316.6667 87400.0000;
13166.6667 87316.6667;
14933.3333 88016.6667;
13366.6667 87633.3333;
15916.6667 86216.6667;
15466.6667 86500.0000;
15300.0000 84183.3333;
13400.0000 87583.3333;
13400.0000 87583.3333;
14350.0000 85850.0000;
13150.0000 87383.3333;
15833.3333 87950.0000;
16016.6667 85966.6667;
16016.6667 85966.6667;
15833.3333 87950.0000;
13283.3333 87466.6667;
15716.6667 87500.0000;
15700.0000 87866.6667;
15100.0000 85866.6667;
13916.6667 87266.6667;
14666.6667 88066.6667;
14566.6667 88450.0000;
14083.3333 88500.0000;
14083.3333 88500.0000;
14066.6667 87350.0000;
15381.3889 88524.1667;
13433.3333 86883.3333;
13366.6667 87050.0000;
13816.6667 86733.3333;
15683.3333 87033.3333;
15266.6667 86983.3333;
15083.3333 88783.3333;
15216.6667 87033.3333;
15216.6667 87033.3333;
15216.6667 87033.3333;
14116.6667 87850.0000;
15700.0000 87866.6667;
15633.3333 86400.0000;
15283.3333 87000.0000;
15066.6667 88800.0000;
14883.3333 87900.0000;
14100.0000 88783.3333;
15616.6667 86816.6667;
15533.3333 88416.6667;
15316.6667 88350.0000;
15266.6667 86916.6667;
15250.0000 86366.6667;
15233.3333 86150.0000;
15133.3333 85500.0000;
15066.6667 87233.3333;
15066.6667 86483.3333;
14883.3333 86016.6667;
14800.0000 89116.6667;
14666.6667 86183.3333;
14533.3333 88116.6667;
14516.6667 86866.6667;
14450.0000 88050.0000;
14283.3333 88133.3333;
14016.6667 88833.3333;
14000.0000 87533.3333;
13950.0000 87300.0000;
14783.3333 88816.6667;
14916.6667 87933.3333;
15716.6667 84766.6667;
15266.6667 88283.3333;
15983.3333 84983.3333;
15633.3333 88116.6667;
15333.3333 86866.6667;
15283.3333 88666.6667;
15283.3333 88016.6667;
15266.6667 88283.3333;
15216.6667 88733.3333;
15000.0000 88750.0000;
14983.3333 88883.3333;
14816.6667 86800.0000;
14766.6667 87783.3333;
14733.3333 87600.0000;
14700.0000 87133.3333;
14666.6667 88283.3333;
14566.6667 86216.6667;
14383.3333 87283.3333;
14166.6667 86983.3333;
14083.3333 87800.0000;
13650.0000 87250.0000;
13416.6667 86766.6667;
13400.0000 87016.6667;
13400.0000 86900.0000;
13383.3333 87216.6667;
13200.0000 87433.3333;
15083.3333 87216.6667;
13400.0000 86900.0000;
15250.0000 85466.6667;
15333.3333 83666.6667;
15333.3333 83666.6667;
15333.3333 83666.6667;
14516.6667 87150.0000;
15550.0000 87766.6667;
15033.3333 88650.0000;
14250.0000 87466.6667;
15400.0000 87800.0000;
15300.0000 84650.0000;
15583.3333 86183.3333;
13850.0000 87033.3333;
13850.0000 87033.3333;
15733.3333 87883.3333;
14750.0000 84250.0000;
14900.0000 88866.6667;
13483.3333 87683.3333;
15733.3333 86916.6667;
15650.0000 87116.6667;
14916.6667 87900.0000;
14766.6667 86616.6667;
13483.3333 87683.3333;
13683.3333 87700.0000;
15033.3333 88700.0000;
14550.0000 87116.6667;
14533.3333 87116.6667;
14433.3333 87866.6667;
15066.6667 88400.0000;
15083.3333 85600.0000;
14916.6667 87900.0000;
13533.3333 87466.6667;
14033.3333 86550.0000;
13783.3333 86800.0000;
15033.3333 88700.0000;
13683.3333 87650.0000;
14483.3333 88416.6667;
13166.6667 87083.3333;
13066.6667 87116.6667;
15800.0000 84766.6667;
14583.3333 87500.0000;
13866.6667 87300.0000;
14250.0000 87100.0000;
13633.3333 87233.3333;
14233.3333 87466.6667;
14216.6667 88300.0000;
13700.0000 87600.0000;
15333.3333 87666.6667;
14933.3333 86683.3333;
14833.3333 86266.6667;
14733.3333 86100.0000;
14300.0000 88616.6667;
13833.3333 87700.0000;
13516.6667 87000.0000;
15633.3333 87083.3333;
14883.3333 87366.6667;
14416.6667 87883.3333;
13883.3333 87966.6667;
14416.6667 87883.3333;
14083.3333 88733.3333;
14050.0000 87766.6667;
13983.3333 87816.6667;
13933.3333 87400.0000;
13300.0000 86916.6667;
13800.0000 87350.0000;
15200.0000 88850.0000;
15200.0000 88850.0000;
15850.0000 87183.3333;
15633.3333 88300.0000;
15416.6667 86533.3333;
15316.6667 86033.3333;
15266.6667 88433.3333;
15233.3333 87966.6667;
15183.3333 86183.3333;
15100.0000 86116.6667;
15033.3333 88800.0000;
14916.6667 86216.6667;
14883.3333 87366.6667;
14816.6667 87783.3333;
14800.0000 88583.3333;
14800.0000 86316.6667;
14750.0000 86133.3333;
14716.6667 88750.0000;
14633.3333 88616.6667;
14600.0000 88433.3333;
14550.0000 88816.6667;
14550.0000 87866.6667;
14550.0000 86783.3333;
14483.3333 88916.6667;
14333.3333 88650.0000;
14333.3333 86600.0000;
14300.0000 88783.3333;
14283.3333 87700.0000;
14283.3333 87100.0000;
14183.3333 88400.0000;
14000.0000 86766.6667;
13883.3333 88200.0000;
13800.0000 87350.0000;
13783.3333 86933.3333;
13750.0000 87366.6667;
13733.3333 87183.3333;
13716.6667 87050.0000;
13700.0000 87633.3333;
13650.0000 87383.3333;
13650.0000 87266.6667;
13650.0000 87000.0000;
13550.0000 86950.0000;
13500.0000 87216.6667;
13483.3333 87033.3333;
15250.0000 86083.3333;
15066.6667 86383.3333;
14250.0000 87316.6667;
15083.3333 87433.3333;
14850.0000 88683.3333;
14433.3333 87866.6667;
15066.6667 88400.0000;
14816.6667 88583.3333;
13766.6667 87333.3333;
15033.3333 89116.6667;
15016.6667 89116.6667;
15750.0000 86933.3333;
15233.3333 88166.6667;
15150.0000 88066.6667;
15016.6667 89116.6667;
14933.3333 89033.3333;
14850.0000 88433.3333;
14466.6667 88033.3333;
14100.0000 87833.3333;
14033.3333 86450.0000;
13933.3333 88433.3333;
13783.3333 87633.3333;
13316.6667 87583.3333;
13300.0000 87000.0000;
16416.6667 86300.0000;
13433.3333 87016.6667;
14816.6667 85716.6667;
14083.3333 88466.6667;
14833.3333 86616.6667;
13766.6667 87250.0000;
14866.6667 86516.6667;
13683.3333 87366.6667;
14200.0000 87900.0000;
13750.0000 87650.0000;
13383.3333 86800.0000;
14716.6667 88500.0000;
13783.3333 87700.0000;
15166.6667 88350.0000;
15083.3333 87250.0000;
14816.6667 87633.3333;
14683.3333 87183.3333;
14066.6667 88450.0000;
13900.0000 87233.3333;
13900.0000 87216.6667;
13716.6667 86816.6667;
13600.0000 87400.0000;
13516.6667 87200.0000;
13666.6667 87383.3333;
13683.3333 87366.6667;
14000.0000 88350.0000;
14316.6667 87916.6667;
13633.3333 87000.0000;
13783.3333 87700.0000;
14083.3333 88500.0000;
13666.6667 87316.6667;
13816.6667 87600.0000;
13533.3333 87016.6667;
14833.3333 87033.3333;
14866.6667 86516.6667;
14866.6667 86516.6667;
15566.6667 87966.6667;
15083.3333 88500.0000;
13750.0000 87650.0000;
14166.6667 88233.3333;
14150.0000 87900.0000;
14000.0000 88350.0000;
14316.6667 87916.6667;
13633.3333 87000.0000;
13733.3333 87316.6667;
13783.3333 87233.3333;
13716.6667 87450.0000;
13650.0000 87466.6667;
13783.3333 87700.0000;
13616.6667 87416.6667;
14133.3333 88766.6667;
14850.0000 86500.0000;
13850.0000 87716.6667;
14116.6667 88666.6667;
15000.0000 86883.3333;
13533.3333 87133.3333;
13900.0000 87616.6667;
13416.6667 87383.3333;
13316.6667 87083.3333;
13900.0000 87616.6667;
15283.3333 87600.0000;
14716.6667 87016.6667;
14716.6667 87016.6667;
13533.3333 87016.6667;
13700.0000 87516.6667;
14000.0000 87716.6667;
13700.0000 87666.6667;
13700.0000 87483.3333;
13633.3333 87650.0000;
15516.6667 87116.6667;
15083.3333 86516.6667;
14950.0000 86800.0000;
14683.3333 88950.0000;
14566.6667 86866.6667;
14316.6667 87916.6667;
14166.6667 87283.3333;
13866.6667 87483.3333;
13550.0000 86966.6667;
13500.0000 87100.0000;
15233.3333 87966.6667;
15833.3333 87950.0000;
15716.6667 87500.0000;
13433.3333 87016.6667;
14966.6667 88550.0000;
16400.0000 86450.0000;
14100.0000 88466.6667;
13466.6667 87283.3333;
16500.0000 85916.6667;
14100.0000 88533.3333;
14100.0000 88533.3333;
13216.6667 87016.6667;
15200.0000 88066.6667;
14583.3333 86250.0000;
13866.6667 87333.3333;
14550.0000 87750.0000;
14300.0000 87600.0000;
13433.3333 87100.0000;
14850.0000 89066.6667;
14850.0000 89066.6667;
14350.0000 87733.3333;
15316.6667 87900.0000;
14883.3333 88616.6667;
14416.6667 87683.3333;
13616.6667 87283.3333;
13400.0000 87716.6667;
13616.6667 87283.3333;
14083.3333 87033.3333;
13250.0000 87650.0000;
14983.3333 87116.6667;
14950.0000 88283.3333;
13416.6667 87733.3333;
13416.6667 87566.6667;
15900.0000 85000.0000;
15900.0000 85016.6667;
15866.6667 85066.6667;
15750.0000 86800.0000;
15416.6667 87866.6667;
15450.0000 87850.0000;
15716.6667 84766.6667;
15116.6667 84800.0000;
13466.6667 87183.3333;
15383.3333 87600.0000;
15050.0000 87666.6667;
15016.6667 86516.6667;
14966.6667 88183.3333;
14766.6667 89000.0000;
14750.0000 89000.0000;
14750.0000 88933.3333;
14633.3333 88683.3333;
13666.6667 87150.0000;
15266.6667 83883.3333;
15933.3333 84833.3333;
14066.6667 86683.3333;
14033.3333 88250.0000;
15700.0000 84866.6667;
13716.6667 87633.3333;
14916.6667 88866.6667;
14883.3333 89100.0000;
14833.3333 88983.3333;
14550.0000 88616.6667;
13466.6667 87183.3333;
15916.6667 86200.0000;
15200.0000 87950.0000;
15116.6667 87100.0000;
14933.3333 88583.3333;
14883.3333 89100.0000;
14850.0000 88883.3333;
14800.0000 87466.6667;
14716.6667 87600.0000;
14700.0000 88450.0000;
14666.6667 87716.6667;
14583.3333 89166.6667;
14566.6667 87733.3333;
14283.3333 86533.3333;
13700.0000 87000.0000;
13583.3333 87100.0000;
13433.3333 87183.3333;
13616.6667 86983.3333;
14366.6667 88266.6667;
14933.3333 88783.3333;
13966.6667 87533.3333;
15666.6667 87383.3333;
14633.3333 88816.6667;
15566.6667 87683.3333;
14650.0000 88833.3333;
14633.3333 88816.6667;
15750.0000 87900.0000;
15666.6667 87383.3333;
15650.0000 87950.0000;
15533.3333 86316.6667;
15300.0000 86133.3333;
14933.3333 88783.3333;
14883.3333 89100.0000;
14616.6667 89116.6667;
14233.3333 88750.0000;
14216.6667 88600.0000;
14050.0000 88016.6667;
14700.0000 88966.6667;
14916.6667 87900.0000;
14916.6667 88716.6667;
13800.0000 87316.6667;
14750.0000 87583.3333;
14233.3333 88800.0000;
14733.3333 89033.3333;
14733.3333 88983.3333;
14266.6667 88716.6667;
14750.0000 88933.3333;
14316.6667 89016.6667;
14400.0000 88866.6667;
14433.3333 89100.0000;
14166.6667 88316.6667;
14433.3333 89083.3333;
15083.3333 88166.6667;
13816.6667 87316.6667;
14233.3333 88800.0000;
15333.3333 86066.6667;
14850.0000 88633.3333;
15100.0000 88266.6667;
14916.6667 88900.0000;
14816.6667 88583.3333;
13583.3333 86883.3333;
15033.3333 88916.6667;
13683.3333 87533.3333;
14633.3333 87550.0000;
14850.0000 87333.3333;
14683.3333 88800.0000;
14916.6667 89050.0000;
14466.6667 88300.0000;
13800.0000 86800.0000;
14116.6667 88700.0000;
14833.3333 88650.0000;
15233.3333 88316.6667;
14916.6667 89116.6667;
14550.0000 87500.0000;
15100.0000 88100.0000;
13616.6667 87050.0000;
15250.0000 88350.0000;
13866.6667 86966.6667;
14250.0000 88816.6667;
13616.6667 87116.6667;
14683.3333 88150.0000;
14600.0000 88200.0000;
14933.3333 86816.6667;
14466.6667 88300.0000;
14466.6667 88300.0000;
14750.0000 87583.3333;
15166.6667 88833.3333;
14750.0000 88766.6667;
13666.6667 87516.6667;
14166.6667 87400.0000;
15050.0000 88283.3333;
13416.6667 87550.0000;
13283.3333 87383.3333;
15166.6667 87833.3333;
13750.0000 87233.3333;
14783.3333 87983.3333;
15150.0000 88233.3333;
15150.0000 88233.3333;
13833.3333 87683.3333;
14550.0000 88866.6667;
15900.0000 86033.3333;
15683.3333 86783.3333;
14966.6667 88200.0000;
14116.6667 88566.6667;
13833.3333 87683.3333;
13666.6667 87366.6667;
15283.3333 85550.0000;
15716.6667 84833.3333;
15716.6667 84833.3333;
14633.3333 87116.6667;
14066.6667 88466.6667;
15300.0000 88483.3333;
14533.3333 89233.3333;
14383.3333 87566.6667;
14316.6667 87583.3333;
13766.6667 87200.0000;
13233.3333 87000.0000;
15066.6667 86533.3333;
15633.3333 87016.6667;
13233.3333 86983.3333;
15300.0000 84650.0000;
15300.0000 84650.0000;
14816.6667 88650.0000;
14616.6667 87933.3333;
14883.3333 86933.3333;
15050.0000 88066.6667;
15033.3333 88333.3333;
14816.6667 89083.3333;
14750.0000 88683.3333;
15116.6667 88183.3333;
15383.3333 88400.0000;
14900.0000 88300.0000;
14816.6667 89050.0000;
15000.0000 88300.0000;
14800.0000 88716.6667;
14550.0000 89166.6667;
14466.6667 88300.0000;
14283.3333 88833.3333;
14816.6667 87583.3333;
14766.6667 87583.3333;
14850.0000 89033.3333;
15333.3333 88616.6667;
15083.3333 88366.6667;
15033.3333 88333.3333;
14866.6667 89150.0000;
15066.6667 87283.3333;
15050.0000 87700.0000;
14800.0000 88450.0000;
14650.0000 88766.6667;
14900.0000 87483.3333;
14466.6667 87966.6667;
15233.3333 87966.6667;
16366.6667 86533.3333;
15483.3333 86516.6667;
15283.3333 87966.6667;
15100.0000 84866.6667;
15000.0000 89016.6667;
14900.0000 87500.0000;
14850.0000 87500.0000;
14750.0000 88050.0000;
14750.0000 89133.3333;
15883.3333 84966.6667;
13900.0000 88183.3333;
14166.6667 87116.6667;
14166.6667 87116.6667;
14900.0000 87766.6667;
14000.0000 88316.6667;
14200.0000 87983.3333;
15300.0000 88633.3333;
13800.0000 87533.3333;
15250.0000 87616.6667;
14500.0000 89300.0000;
13783.3333 87233.3333;
14716.6667 88650.0000;
15700.0000 86800.0000;
15183.3333 88650.0000;
14516.6667 88050.0000;
14833.3333 87733.3333;
14866.6667 87183.3333;
15700.0000 87433.3333;
14866.6667 87183.3333;
13650.0000 87683.3333;
14833.3333 88866.6667;
14833.3333 88066.6667;
14916.6667 88916.6667;
14833.3333 88983.3333;
14500.0000 89300.0000;
13816.6667 86516.6667;
13500.0000 87666.6667;
15116.6667 88433.3333;
14516.6667 87650.0000;
15300.0000 86100.0000;
15683.3333 86566.6667;
14983.3333 88083.3333;
15683.3333 86566.6667;
15033.3333 88800.0000;
14433.3333 88283.3333;
14483.3333 89333.3333;
15800.0000 86733.3333;
14716.6667 87750.0000;
14666.6667 88600.0000;
15300.0000 87350.0000;
15016.6667 88766.6667;
14166.6667 88100.0000;
13733.3333 87566.6667;
13700.0000 87450.0000;
13533.3333 87000.0000;
15283.3333 87483.3333;
15283.3333 87483.3333;
15373.6111 88552.5000;
14466.6667 88716.6667;
15033.3333 87616.6667;
13866.6667 87483.3333;
13800.0000 87550.0000;
15033.3333 87616.6667;
15000.0000 88316.6667;
14383.3333 87883.3333;
14100.0000 88683.3333;
14083.3333 87150.0000;
13950.0000 87100.0000;
15350.0000 87350.0000;
14950.0000 86416.6667;
14866.6667 87183.3333;
14116.6667 87616.6667;
13633.3333 87333.3333;
15200.0000 86650.0000;
14516.6667 88783.3333;
15283.3333 87483.3333;
14116.6667 88733.3333;
14833.3333 88866.6667;
13783.3333 87250.0000;
14500.0000 89300.0000;
13300.0000 87350.0000;
13683.3333 86950.0000;
14833.3333 85216.6667;
15266.6667 87950.0000;
14300.0000 87700.0000;
13500.0000 87050.0000;
15200.0000 86650.0000;
13500.0000 87666.6667;
15833.3333 85700.0000;
15816.6667 85716.6667;
15333.3333 86650.0000;
15216.6667 87283.3333;
15050.0000 87483.3333;
14400.0000 89166.6667;
14150.0000 87916.6667;
13550.0000 87150.0000;
13983.3333 87633.3333;
15666.6667 87900.0000;
15350.0000 86883.3333;
15333.3333 87383.3333;
15183.3333 87316.6667;
15166.6667 85983.3333;
14950.0000 86250.0000;
14900.0000 88866.6667;
14600.0000 87600.0000;
13983.3333 87633.3333;
13250.0000 87066.6667;
15166.6667 85983.3333;
14400.0000 89166.6667;
13650.0000 87683.3333;
14500.0000 89300.0000;
13500.0000 87050.0000;
16400.0000 86350.0000;
14900.0000 87900.0000;
15016.6667 87133.3333;
14000.0000 88516.6667;
14166.6667 88250.0000;
13983.3333 88183.3333;
13816.6667 87516.6667;
13700.0000 87016.6667;
14850.0000 87916.6667;
15050.0000 88466.6667;
14850.0000 87916.6667;
14983.3333 83516.6667;
14116.6667 88383.3333;
15266.6667 88283.3333;
14200.0000 87033.3333;
13866.6667 87483.3333;
13583.3333 87366.6667;
13933.3333 86550.0000;
13933.3333 86550.0000;
14883.3333 87266.6667;
15783.3333 86750.0000;
15416.6667 86983.3333;
15000.0000 87733.3333;
14750.0000 88733.3333;
13900.0000 86850.0000;
15000.0000 87733.3333;
14933.3333 89050.0000;
14916.6667 89050.0000;
14016.6667 88416.6667;
16283.3333 86600.0000;
13250.0000 87000.0000;
15150.0000 87916.6667;
15050.0000 88066.6667;
14600.0000 89066.6667;
15716.6667 86966.6667;
13933.3333 88400.0000;
14483.3333 89183.3333;
14600.0000 88233.3333;
14783.3333 89000.0000;
14500.0000 89233.3333;
14016.6667 86633.3333;
15533.3333 88050.0000;
15083.3333 88466.6667;
15066.6667 88883.3333;
14966.6667 88066.6667;
14933.3333 88050.0000;
14633.3333 89083.3333;
14450.0000 88800.0000;
14433.3333 88700.0000;
14283.3333 86533.3333;
14216.6667 88616.6667;
13500.0000 86866.6667;
13700.0000 87700.0000;
14450.0000 88433.3333;
14100.0000 87833.3333;
14816.6667 88200.0000;
14700.0000 87433.3333;
15000.0000 87633.3333;
15000.0000 87633.3333;
15000.0000 87633.3333;
14283.3333 86783.3333;
14183.3333 87566.6667;
13700.0000 87383.3333;
13683.3333 87450.0000;
14133.3333 87283.3333;
13783.3333 86733.3333;
14700.0000 86733.3333;
15216.6667 87533.3333;
14900.0000 86200.0000;
14233.3333 86983.3333;
14083.3333 88283.3333;
13800.0000 88400.0000;
13700.0000 87650.0000;
13316.6667 86933.3333;
15133.3333 88066.6667;
15033.3333 88800.0000;
15000.0000 88066.6667;
14816.6667 88016.6667;
14700.0000 86733.3333;
14666.6667 87100.0000;
14550.0000 87700.0000;
13500.0000 87116.6667;
14883.3333 89066.6667;
14650.0000 88716.6667;
14216.6667 87933.3333;
13700.0000 87650.0000;
13916.6667 87300.0000;
13916.6667 87300.0000;
15883.3333 84800.0000;
15716.6667 84766.6667;
15583.3333 85216.6667;
15183.3333 87466.6667;
13416.6667 87333.3333;
15100.0000 85066.6667;
15100.0000 85066.6667;
15816.6667 85166.6667;
14816.6667 87650.0000;
15100.0000 87350.0000;
14816.6667 87650.0000;
15116.6667 85100.0000;
15800.0000 84283.3333;
15533.3333 83983.3333;
15100.0000 86083.3333;
15100.0000 86083.3333;
14366.6667 86800.0000;
15233.3333 87650.0000;
15016.6667 85616.6667;
14800.0000 86300.0000;
14216.6667 86616.6667;
15016.6667 85616.6667;
14983.3333 88316.6667;
15350.0000 86066.6667;
15066.6667 86500.0000;
13583.3333 86933.3333;
13450.0000 86766.6667;
15166.6667 88800.0000;
14900.0000 88833.3333;
15533.3333 88416.6667;
13433.3333 87550.0000;
13966.6667 88366.6667;
15583.3333 85733.3333;
15166.6667 86866.6667;
15116.6667 87800.0000;
14500.0000 87150.0000;
13666.6667 87350.0000;
13666.6667 87333.3333;
13500.0000 87633.3333;
14533.3333 88883.3333;
14700.0000 86850.0000;
13550.0000 87216.6667;
14550.0000 87850.0000;
14566.6667 87866.6667;
14550.0000 87850.0000;
14233.3333 86750.0000;
13866.6667 87100.0000;
13583.3333 87633.3333;
13650.0000 87666.6667;
13833.3333 87116.6667;
15433.3333 86733.3333;
13433.3333 87550.0000;
14200.0000 88516.6667;
13833.3333 87116.6667;
13633.3333 87016.6667;
14683.3333 87183.3333;
15233.3333 88533.3333;
15383.3333 86833.3333;
13866.6667 87100.0000;
14700.0000 88950.0000;
14700.0000 88950.0000;
14583.3333 88800.0000;
14500.0000 89033.3333;
14433.3333 89250.0000;
14100.0000 87816.6667;
15733.3333 84800.0000;
13600.0000 86900.0000;
14850.0000 86500.0000;
15900.0000 84816.6667;
15633.3333 86183.3333;
15633.3333 86183.3333;
15633.3333 86183.3333;
13616.6667 87550.0000;
13966.6667 85983.3333;
15650.0000 88100.0000;
15616.6667 87950.0000;
15233.3333 88300.0000;
15033.3333 86716.6667;
14416.6667 87600.0000;
14116.6667 88483.3333;
14050.0000 88183.3333;
13966.6667 87850.0000;
13883.3333 88350.0000;
13883.3333 88300.0000;
15500.0000 84316.6667;
15933.3333 84833.3333;
13550.0000 87266.6667;
13400.0000 87533.3333;
13233.3333 86966.6667;
15500.0000 84316.6667;
13633.3333 87666.6667;
13633.3333 87666.6667;
14700.0000 86316.6667;
14700.0000 86316.6667;
14850.0000 86533.3333;
14683.3333 86266.6667;
15733.3333 86950.0000;
15100.0000 86800.0000;
14566.6667 88166.6667;
14466.6667 88400.0000;
14466.6667 88400.0000;
14483.3333 87833.3333;
13650.0000 87500.0000;
14866.6667 87116.6667;
14850.0000 86533.3333;
13700.0000 86950.0000;
15450.0000 86716.6667;
15450.0000 86716.6667;
14000.0000 88400.0000;
13916.6667 87633.3333;
13833.3333 86483.3333;
13183.3333 86966.6667;
14650.0000 87050.0000;
13183.3333 87033.3333;
13950.0000 87283.3333;
15516.6667 86166.6667;
15516.6667 86166.6667;
14933.3333 87533.3333;
15316.6667 88066.6667;
15683.3333 88066.6667;
15516.6667 87800.0000;
15333.3333 88133.3333;
15316.6667 88066.6667;
14483.3333 88850.0000;
13783.3333 87283.3333;
14516.6667 87683.3333;
15616.6667 87816.6667;
15150.0000 87883.3333;
15483.3333 85650.0000;
15483.3333 85666.6667;
13350.0000 87266.6667;
13533.3333 87366.6667;
13650.0000 86966.6667;
15000.0000 87583.3333;
14933.3333 87533.3333;
13550.0000 86933.3333;
14483.3333 88850.0000;
14183.3333 87183.3333;
14833.3333 88350.0000;
14016.6667 88350.0000;
13516.6667 86866.6667;
13483.3333 86950.0000;
13466.6667 86850.0000;
14850.0000 87816.6667;
15583.3333 87866.6667;
15733.3333 86900.0000;
15300.0000 86566.6667;
15083.3333 88500.0000;
14733.3333 87400.0000;
14433.3333 87033.3333;
13766.6667 86850.0000;
15766.6667 85850.0000;
15033.3333 89166.6667;
14750.0000 88050.0000;
14750.0000 88050.0000;
16400.0000 86450.0000;
14700.0000 86283.3333;
15366.6667 84833.3333;
13050.0000 87016.6667;
15733.3333 87400.0000;
15333.3333 88083.3333;
15316.6667 88150.0000;
15616.6667 88066.6667;
15100.0000 88600.0000;
14683.3333 87183.3333;
14533.3333 88250.0000;
14133.3333 88516.6667;
13933.3333 87916.6667;
15316.6667 83866.6667;
13700.0000 86950.0000;
15683.3333 87800.0000;
15783.3333 86966.6667;
14466.6667 88800.0000;
15616.6667 84066.6667;
15250.0000 87950.0000;
13216.6667 87300.0000;
15316.6667 83866.6667;
14700.0000 88916.6667;
15000.0000 86666.6667;
13983.3333 87750.0000;
15916.6667 84966.6667;
15916.6667 84966.6667;
13850.0000 88333.3333;
15133.3333 83350.0000;
15133.3333 83350.0000;
14100.0000 88266.6667;
15616.6667 86800.0000;
15616.6667 86800.0000;
15133.3333 87383.3333;
14283.3333 87083.3333;
14283.3333 87083.3333;
14766.6667 88666.6667;
14383.3333 88500.0000;
15000.0000 83800.0000;
15683.3333 87083.3333;
15583.3333 86183.3333;
15233.3333 85966.6667;
15233.3333 85966.6667;
15133.3333 83350.0000;
13783.3333 87550.0000;
15116.6667 86050.0000;
14766.6667 88966.6667;
14000.0000 88516.6667;
14866.6667 86983.3333;
14766.6667 87133.3333;
14316.6667 87733.3333;
14500.0000 89033.3333;
14433.3333 88850.0000;
14566.6667 88800.0000;
14350.0000 86933.3333;
13816.6667 86950.0000;
13816.6667 86950.0000;
15316.6667 86900.0000;
15166.6667 88216.6667;
15116.6667 86050.0000;
15033.3333 87266.6667;
14866.6667 88916.6667;
14700.0000 88983.3333;
14650.0000 89050.0000;
14116.6667 87816.6667;
15133.3333 86500.0000;
13816.6667 86950.0000;
14533.3333 87866.6667;
14100.0000 88533.3333;
13183.3333 87000.0000;
13483.3333 86783.3333;
14083.3333 88500.0000;
15350.0000 88400.0000;
13900.0000 87300.0000;
14916.6667 89066.6667;
14350.0000 87900.0000;
14833.3333 89166.6667;
14016.6667 86466.6667;
14316.6667 87900.0000;
15733.3333 86950.0000;
14066.6667 87566.6667;
13816.6667 86816.6667;
15016.6667 87933.3333;
15716.6667 87316.6667;
15016.6667 87933.3333;
14800.0000 88866.6667;
14500.0000 88600.0000;
13483.3333 87100.0000;
15283.3333 88683.3333;
13716.6667 86783.3333;
13816.6667 88233.3333;
13583.3333 87766.6667;
15483.3333 86183.3333;
14700.0000 86950.0000;
13716.6667 86783.3333;
13866.6667 86783.3333;
13716.6667 87066.6667;
13866.6667 86783.3333;
14600.0000 87166.6667;
13816.6667 87316.6667;
13816.6667 87350.0000;
13866.6667 86783.3333;
15000.0000 87300.0000;
13766.6667 86800.0000;
14583.3333 87733.3333;
14066.6667 88050.0000;
13733.3333 87333.3333;
14083.3333 87900.0000;
14350.0000 86150.0000;
15366.6667 87850.0000;
15383.3333 87850.0000;
15366.6667 87850.0000;
14116.6667 88566.6667;
15766.6667 88033.3333;
13200.0000 87033.3333;
14450.0000 89333.3333;
14200.0000 88916.6667;
14200.0000 88916.6667;
14466.6667 88483.3333;
15150.0000 87883.3333;
14200.0000 88216.6667;
15500.0000 86566.6667;
13750.0000 87450.0000;
15500.0000 86566.6667;
15433.3333 84516.6667;
15516.6667 84650.0000;
15100.0000 86116.6667;
14716.6667 86216.6667;
14166.6667 86983.3333;
13400.0000 87750.0000;
14533.3333 88383.3333;
14000.0000 87116.6667;
15016.6667 88783.3333;
14750.0000 87650.0000;
14716.6667 87866.6667;
14700.0000 88816.6667;
14633.3333 88933.3333;
14600.0000 87933.3333;
14483.3333 88250.0000;
14316.6667 87866.6667;
13933.3333 87166.6667;
13700.0000 87333.3333;
13933.3333 87300.0000;
14700.0000 88500.0000;
14933.3333 87400.0000;
14650.0000 88550.0000;
15400.0000 87300.0000;
15300.0000 87550.0000;
15016.6667 88783.3333;
15016.6667 87216.6667;
14833.3333 86500.0000;
14750.0000 87650.0000;
14716.6667 87866.6667;
14700.0000 88816.6667;
14700.0000 87900.0000;
14650.0000 88550.0000;
14516.6667 88566.6667;
14516.6667 87966.6667;
14483.3333 88250.0000;
14483.3333 88050.0000;
14483.3333 87100.0000;
14200.0000 88350.0000;
14150.0000 87583.3333;
14116.6667 88550.0000;
14100.0000 86850.0000;
14050.0000 86883.3333;
14016.6667 86350.0000;
14000.0000 87233.3333;
13933.3333 87166.6667;
13866.6667 87633.3333;
13800.0000 88400.0000;
13700.0000 87333.3333;
13666.6667 87633.3333;
13633.3333 87116.6667;
13516.6667 86883.3333;
13450.0000 86900.0000;
13250.0000 87016.6667;
13450.0000 86900.0000;
14316.6667 87866.6667;
13866.6667 87633.3333;
14716.6667 88516.6667;
14100.0000 86416.6667;
13800.0000 86750.0000;
15033.3333 88883.3333;
15033.3333 88883.3333;
15183.3333 87066.6667;
13933.3333 87666.6667;
13833.3333 87700.0000;
15483.3333 87883.3333;
15616.6667 87950.0000;
15183.3333 87066.6667;
15066.6667 88066.6667;
14950.0000 87933.3333;
14433.3333 89116.6667;
14366.6667 87833.3333;
14316.6667 87216.6667;
13933.3333 87666.6667;
13750.0000 87600.0000;
13366.6667 87066.6667;
14583.3333 87566.6667;
14500.0000 86083.3333;
15366.6667 88366.6667;
14283.3333 88483.3333;
13700.0000 87566.6667;
14883.3333 88733.3333;
14633.3333 87500.0000;
14633.3333 87500.0000;
15233.3333 88100.0000;
14433.3333 89183.3333;
15416.6667 87600.0000;
15416.6667 87600.0000;
14033.3333 87500.0000;
14733.3333 87600.0000;
14733.3333 87600.0000;
13700.0000 86816.6667;
14750.0000 86500.0000;
13800.0000 87250.0000;
15250.0000 88116.6667;
14883.3333 88583.3333;
14200.0000 87400.0000;
14566.6667 87900.0000;
13766.6667 87166.6667;
15633.3333 86466.6667;
14766.6667 86183.3333;
14300.0000 87033.3333;
13266.6667 87133.3333;
15283.3333 88416.6667;
14700.0000 88700.0000;
15350.0000 87316.6667;
14700.0000 88700.0000;
13333.3333 86983.3333;
14716.6667 88400.0000;
14750.0000 86500.0000;
15683.3333 85250.0000;
13816.6667 87233.3333;
15216.6667 87266.6667;
15683.3333 85250.0000;
15350.0000 87333.3333;
15116.6667 87333.3333;
15016.6667 86633.3333;
14933.3333 86650.0000;
14883.3333 86250.0000;
14866.6667 86750.0000;
14850.0000 88283.3333;
14833.3333 86166.6667;
14666.6667 88550.0000;
14416.6667 87150.0000;
14300.0000 86533.3333;
14266.6667 87866.6667;
14216.6667 86550.0000;
14183.3333 86816.6667;
13933.3333 86900.0000;
13833.3333 87583.3333;
13766.6667 87300.0000;
14683.3333 87933.3333;
14066.6667 87050.0000;
13616.6667 87350.0000;
13616.6667 87266.6667;
13800.0000 87333.3333;
13616.6667 87266.6667;
14583.3333 89233.3333;
14316.6667 88883.3333;
14000.0000 86433.3333;
13783.3333 86766.6667;
13633.3333 87250.0000;
13500.0000 87416.6667;
13866.6667 87266.6667;
15150.0000 87916.6667;
16400.0000 86350.0000;
15366.6667 84583.3333;
15366.6667 84583.3333;
15383.3333 88016.6667;
14100.0000 86283.3333;
15566.6667 87266.6667;
14216.6667 87083.3333;
15233.3333 88166.6667;
14916.6667 88333.3333;
15516.6667 88216.6667;
15383.3333 88016.6667;
14983.3333 88333.3333;
15000.0000 83166.6667;
14800.0000 88366.6667;
14966.6667 88533.3333;
16000.0000 85033.3333;
15283.3333 87966.6667;
14783.3333 88466.6667;
14433.3333 89183.3333;
14916.6667 88333.3333;
15116.6667 88100.0000;
15466.6667 87500.0000;
15266.6667 87600.0000;
14933.3333 88050.0000;
14783.3333 88166.6667;
14650.0000 88700.0000;
14500.0000 88600.0000;
14300.0000 88183.3333;
15016.6667 88733.3333;
15016.6667 88733.3333;
14983.3333 88333.3333;
15816.6667 86500.0000;
15033.3333 89100.0000;
13750.0000 87166.6667;
15033.3333 88716.6667;
13900.0000 87250.0000;
14050.0000 87266.6667;
14100.0000 86283.3333;
16466.6667 85850.0000;
15450.0000 87833.3333;
15350.0000 86683.3333;
15350.0000 86683.3333;
14900.0000 86333.3333;
15616.6667 87816.6667;
14766.6667 88333.3333;
15150.0000 88516.6667;
14750.0000 87366.6667;
14800.0000 88366.6667;
16416.6667 86300.0000;
14333.3333 87066.6667;
14616.6667 87366.6667;
15583.3333 86216.6667;
14800.0000 88316.6667;
15316.6667 87700.0000;
13850.0000 88233.3333;
13700.0000 86983.3333;
14716.6667 86816.6667;
14516.6667 86816.6667;
14600.0000 87300.0000;
13966.6667 86400.0000;
15733.3333 86800.0000;
14550.0000 88866.6667;
15450.0000 87833.3333;
13866.6667 87216.6667;
15850.0000 85200.0000;
15733.3333 86800.0000;
15716.6667 86433.3333;
15150.0000 87883.3333;
15133.3333 86900.0000;
14683.3333 89016.6667;
14516.6667 88450.0000;
14483.3333 88566.6667;
14433.3333 89116.6667;
14066.6667 87516.6667;
13716.6667 87066.6667;
13550.0000 86933.3333;
14950.0000 88683.3333;
14600.0000 89233.3333;
13550.0000 87383.3333;
15633.3333 87083.3333;
15450.0000 87833.3333;
14933.3333 86283.3333;
15633.3333 87083.3333;
15500.0000 84383.3333;
15383.3333 86016.6667;
15366.6667 86566.6667;
14933.3333 86283.3333;
14933.3333 86250.0000;
14800.0000 87016.6667;
14733.3333 85916.6667;
14566.6667 86200.0000;
13800.0000 87400.0000;
15450.0000 87833.3333;
13866.6667 87216.6667;
14083.3333 88333.3333;
13700.0000 87250.0000;
15766.6667 86166.6667;
15150.0000 88283.3333;
13800.0000 88383.3333;
14933.3333 87916.6667;
13883.3333 87650.0000;
13216.6667 86950.0000;
13083.3333 86966.6667;
14866.6667 88500.0000;
14833.3333 86216.6667;
14533.3333 86650.0000;
14183.3333 86266.6667;
15783.3333 86800.0000;
15450.0000 87816.6667;
13200.0000 87133.3333;
13200.0000 87133.3333;
15216.6667 88316.6667;
14616.6667 84616.6667;
15216.6667 83766.6667;
13983.3333 88083.3333;
13516.6667 87533.3333;
13516.6667 87533.3333;
15383.3333 88183.3333;
13283.3333 87000.0000;
13733.3333 86783.3333;
13700.0000 87083.3333;
13633.3333 86883.3333;
13550.0000 87116.6667;
13833.3333 86800.0000;
13533.3333 87483.3333;
13700.0000 86983.3333;
14116.6667 88033.3333;
14450.0000 89233.3333;
14200.0000 87916.6667;
14150.0000 87916.6667;
14150.0000 87916.6667;
15066.6667 86516.6667;
14116.6667 88033.3333;
13933.3333 87866.6667;
13783.3333 87550.0000;
13783.3333 87550.0000;
13433.3333 87783.3333;
13433.3333 87783.3333;
13433.3333 87783.3333;
14950.0000 87183.3333;
14466.6667 87083.3333;
14466.6667 87083.3333;
14250.0000 87066.6667;
14250.0000 87066.6667;
13983.3333 87466.6667;
13583.3333 86966.6667;
14166.6667 87533.3333;
14466.6667 87083.3333;
14250.0000 87066.6667;
14166.6667 87533.3333;
16333.3333 86566.6667;
15816.6667 84433.3333;
15666.6667 88083.3333;
13816.6667 87216.6667;
13816.6667 87216.6667;
13766.6667 87233.3333;
13766.6667 87283.3333;
14450.0000 89233.3333;
14666.6667 87116.6667;
14516.6667 87700.0000;
13950.0000 88383.3333;
13800.0000 87316.6667;
15700.0000 88233.3333;
14783.3333 89050.0000;
14750.0000 87866.6667;
13900.0000 87000.0000;
14400.0000 86783.3333;
14816.6667 88716.6667;
13616.6667 87450.0000;
13566.6667 86900.0000;
15283.3333 87350.0000;
14116.6667 86866.6667;
14116.6667 86866.6667;
15283.3333 85850.0000;
15283.3333 85850.0000;
15316.6667 87600.0000;
15316.6667 87600.0000;
15033.3333 84266.6667;
14850.0000 89083.3333;
13816.6667 87583.3333;
13366.6667 87600.0000;
14316.6667 87416.6667;
14133.3333 87816.6667;
14550.0000 86566.6667;
13666.6667 87333.3333;
13666.6667 87283.3333;
13550.0000 87416.6667;
15350.0000 87900.0000;
14533.3333 87416.6667;
14150.0000 88400.0000;
15416.6667 87850.0000;
15416.6667 87850.0000;
15416.6667 87850.0000;
13900.0000 87000.0000;
14150.0000 88400.0000;
15400.0000 87833.3333;
15383.3333 87850.0000;
15383.3333 87850.0000;
15716.6667 86900.0000;
15366.6667 87000.0000;
15066.6667 86900.0000;
14866.6667 87950.0000;
14583.3333 88300.0000;
14450.0000 88300.0000;
13900.0000 88350.0000;
14850.0000 87366.6667;
14866.6667 88433.3333;
15583.3333 87883.3333;
15583.3333 87883.3333;
14866.6667 86983.3333;
15583.3333 87883.3333;
15583.3333 87883.3333;
15100.0000 86350.0000;
14750.0000 88933.3333;
14283.3333 87250.0000;
14050.0000 87350.0000;
15733.3333 87033.3333;
14483.3333 89033.3333;
14050.0000 87116.6667;
15433.3333 86866.6667;
14050.0000 87116.6667;
13516.6667 87416.6667;
15433.3333 86866.6667;
15433.3333 86866.6667;
15600.0000 87116.6667;
14783.3333 89166.6667;
14216.6667 87050.0000;
14216.6667 87050.0000;
13866.6667 86633.3333;
14633.3333 88733.3333;
14550.0000 88416.6667;
13750.0000 87233.3333;
13783.3333 87200.0000;
14816.6667 86900.0000;
13866.6667 87350.0000;
13783.3333 87250.0000;
13783.3333 87200.0000;
13750.0000 87233.3333;
13733.3333 87366.6667;
13516.6667 87033.3333;
13400.0000 87066.6667;
14600.0000 86900.0000;
14133.3333 88283.3333;
14766.6667 88966.6667;
15616.6667 86333.3333;
14800.0000 89183.3333;
14633.3333 88733.3333;
15733.3333 86916.6667;
15016.6667 89033.3333;
13650.0000 87550.0000;
13066.6667 87133.3333;
14033.3333 88033.3333;
14850.0000 87366.6667;
14683.3333 87183.3333;
14683.3333 87183.3333;
14633.3333 88866.6667;
14683.3333 87183.3333;
13716.6667 87583.3333;
15233.3333 88016.6667;
15100.0000 88100.0000;
14216.6667 87033.3333;
15750.0000 86150.0000;
14100.0000 88283.3333;
14683.3333 87183.3333;
14983.3333 87600.0000;
14900.0000 86800.0000;
14650.0000 87933.3333;
14266.6667 87750.0000;
15566.6667 87833.3333;
14850.0000 87783.3333;
14650.0000 87933.3333;
14266.6667 87750.0000;
15416.6667 88316.6667;
15150.0000 88166.6667;
15050.0000 88333.3333;
15016.6667 88183.3333;
14983.3333 88166.6667;
14783.3333 88716.6667;
14666.6667 87283.3333;
14416.6667 89133.3333;
14083.3333 87133.3333;
13866.6667 87350.0000;
14883.3333 88866.6667;
14066.6667 88050.0000;
13900.0000 87200.0000;
15166.6667 86183.3333;
14950.0000 87000.0000;
13933.3333 86900.0000;
14883.3333 88866.6667;
14133.3333 87100.0000;
14883.3333 88866.6667;
13733.3333 86900.0000;
13433.3333 87516.6667;
13366.6667 87050.0000;
14416.6667 88233.3333;
15366.6667 88616.6667;
14066.6667 87566.6667;
13200.0000 87366.6667;
14700.0000 88650.0000;
16466.6667 85883.3333;
15533.3333 86250.0000;
15366.6667 87400.0000;
13816.6667 86700.0000;
14033.3333 88483.3333;
14033.3333 88483.3333;
14633.3333 88216.6667;
15816.6667 84433.3333;
14483.3333 89300.0000;
13183.3333 87100.0000;
15133.3333 87183.3333;
15600.0000 87416.6667;
15266.6667 87600.0000;
14650.0000 88216.6667;
15283.3333 87583.3333;
15266.6667 87600.0000;
14800.0000 88250.0000;
13783.3333 87550.0000;
14933.3333 87183.3333;
14966.6667 87116.6667;
14816.6667 88783.3333;
14766.6667 88066.6667;
14116.6667 87983.3333;
15033.3333 84266.6667;
15283.3333 86916.6667;
15816.6667 84433.3333;
14850.0000 88083.3333;
14850.0000 88083.3333;
14850.0000 88083.3333;
14866.6667 88083.3333;
15033.3333 84266.6667;
14433.3333 88683.3333;
14433.3333 88683.3333;
14416.6667 88683.3333;
14316.6667 88650.0000;
14316.6667 88650.0000;
14750.0000 88650.0000;
14483.3333 88116.6667;
15233.3333 83883.3333;
15233.3333 83883.3333;
15233.3333 83883.3333;
15233.3333 83883.3333;
15233.3333 83883.3333;
14600.0000 86850.0000;
14750.0000 88650.0000;
14283.3333 88083.3333;
14683.3333 87200.0000;
14666.6667 87216.6667;
13333.3333 86850.0000;
14666.6667 87216.6667;
14233.3333 86950.0000;
14216.6667 87883.3333;
14766.6667 89066.6667;
14816.6667 89050.0000;
14850.0000 89033.3333;
14816.6667 89050.0000;
14850.0000 89033.3333;
15833.3333 86233.3333;
14883.3333 89100.0000;
15483.3333 88083.3333;
15283.3333 86583.3333;
14783.3333 89100.0000;
14800.0000 86983.3333;
15133.3333 86900.0000;
15133.3333 86850.0000;
15100.0000 89033.3333;
15050.0000 88750.0000;
14933.3333 88083.3333;
14800.0000 88766.6667;
14583.3333 87450.0000;
13283.3333 86750.0000;
14883.3333 89000.0000;
14733.3333 87483.3333;
14366.6667 87750.0000;
13833.3333 87600.0000;
14950.0000 88266.6667;
15450.0000 87683.3333;
15450.0000 87683.3333;
14816.6667 87383.3333;
14833.3333 87333.3333;
14916.6667 89050.0000;
14800.0000 87350.0000;
15050.0000 87283.3333;
15216.6667 88550.0000;
13633.3333 87633.3333;
15350.0000 88300.0000;
13766.6667 87200.0000;
13750.0000 87233.3333;
15383.3333 88416.6667;
13916.6667 87216.6667;
15383.3333 88416.6667;
15700.0000 88066.6667;
15700.0000 88066.6667;
13833.3333 87500.0000;
16400.0000 86433.3333;
15633.3333 86433.3333;
15616.6667 86416.6667;
15683.3333 87050.0000;
14033.3333 88333.3333;
15016.6667 88066.6667;
14450.0000 88800.0000;
14466.6667 88683.3333;
15266.6667 88233.3333;
14450.0000 88516.6667;
14366.6667 88550.0000;
14450.0000 88516.6667;
15133.3333 88066.6667;
15100.0000 87283.3333;
14750.0000 87216.6667;
14633.3333 87650.0000;
14633.3333 87033.3333;
14300.0000 87083.3333;
13866.6667 87150.0000;
13466.6667 86933.3333;
14150.0000 88750.0000;
15583.3333 87650.0000;
15583.3333 87650.0000;
15550.0000 87383.3333;
14350.0000 88416.6667;
14600.0000 88850.0000;
14516.6667 88466.6667;
14483.3333 88900.0000;
14116.6667 86783.3333;
14866.6667 87750.0000;
14866.6667 87750.0000;
14183.3333 87600.0000;
14283.3333 86783.3333;
15266.6667 88233.3333;
15100.0000 87283.3333;
14750.0000 87216.6667;
14633.3333 87650.0000;
14633.3333 87033.3333;
14300.0000 87083.3333;
13900.0000 87233.3333;
13866.6667 87150.0000;
14150.0000 88750.0000;
13500.0000 86783.3333;
14900.0000 88950.0000;
14033.3333 87000.0000;
13616.6667 87500.0000;
14500.0000 89233.3333;
14433.3333 88900.0000;
15800.0000 87783.3333;
15800.0000 87783.3333;
15200.0000 87516.6667;
13900.0000 87783.3333;
14650.0000 88683.3333;
14433.3333 89150.0000;
14316.6667 88983.3333;
14950.0000 88266.6667;
15466.6667 86450.0000;
14983.3333 87483.3333;
14900.0000 87483.3333;
14733.3333 86683.3333;
15466.6667 86450.0000;
14733.3333 86683.3333;
14266.6667 88233.3333;
15750.0000 87800.0000;
15750.0000 87800.0000;
13300.0000 87066.6667;
14566.6667 88550.0000;
14616.6667 88650.0000;
14583.3333 88600.0000;
15216.6667 86883.3333;
13300.0000 87066.6667;
14483.3333 87133.3333;
15666.6667 87800.0000;
15766.6667 87900.0000;
15500.0000 86683.3333;
15016.6667 86700.0000;
14066.6667 88050.0000;
13933.3333 87300.0000;
14116.6667 86783.3333;
14833.3333 87733.3333;
14916.6667 89066.6667;
13733.3333 87550.0000;
14350.0000 88416.6667;
14466.6667 88650.0000;
14783.3333 87766.6667;
15050.0000 88066.6667;
15666.6667 85250.0000;
15666.6667 85250.0000;
14366.6667 87983.3333;
14450.0000 89233.3333;
15366.6667 88116.6667;
14416.6667 88000.0000;
13633.3333 87050.0000;
13633.3333 87050.0000;
15366.6667 88116.6667;
14100.0000 88483.3333;
14550.0000 87133.3333;
14066.6667 87683.3333;
14083.3333 87316.6667;
13916.6667 87833.3333;
14250.0000 86766.6667;
13916.6667 87833.3333;
14750.0000 87516.6667;
14716.6667 88883.3333;
14683.3333 88733.3333;
14683.3333 88516.6667;
14516.6667 88033.3333;
14133.3333 87916.6667;
14116.6667 88433.3333;
14033.3333 88366.6667;
14016.6667 86366.6667;
13900.0000 88216.6667;
13900.0000 87300.0000;
13883.3333 86850.0000;
13700.0000 86933.3333;
14333.3333 88683.3333;
15166.6667 88233.3333;
13916.6667 87833.3333;
14750.0000 87516.6667;
14716.6667 88883.3333;
14683.3333 88733.3333;
14683.3333 88516.6667;
14116.6667 88433.3333;
13900.0000 87300.0000;
13883.3333 86850.0000;
13766.6667 87133.3333;
14333.3333 88683.3333;
15166.6667 88233.3333;
15516.6667 87400.0000;
14466.6667 88516.6667;
14450.0000 89133.3333;
14433.3333 88533.3333;
14450.0000 87583.3333;
14366.6667 87250.0000;
13800.0000 86533.3333;
13883.3333 87750.0000;
15016.6667 86400.0000;
14766.6667 87766.6667;
14066.6667 87683.3333;
13883.3333 87750.0000;
13816.6667 86716.6667;
13733.3333 87566.6667;
13533.3333 87150.0000;
13516.6667 87116.6667;
13483.3333 87150.0000;
14850.0000 88650.0000;
14000.0000 87016.6667;
15700.0000 88233.3333;
15316.6667 87316.6667;
15183.3333 87316.6667;
15166.6667 85983.3333;
13866.6667 86616.6667;
15583.3333 87300.0000;
15183.3333 88583.3333;
14900.0000 87366.6667;
14600.0000 87283.3333;
14450.0000 87583.3333;
14366.6667 87250.0000;
14250.0000 86850.0000;
15583.3333 87300.0000;
15266.6667 87300.0000;
15266.6667 86366.6667;
15266.6667 86366.6667;
14400.0000 88900.0000;
15800.0000 86966.6667;
15216.6667 88516.6667;
15033.3333 88883.3333;
14966.6667 88600.0000;
14916.6667 88166.6667;
15616.6667 87116.6667;
15200.0000 87950.0000;
15683.3333 88133.3333;
13616.6667 87500.0000;
13816.6667 86966.6667;
14933.3333 87650.0000;
14366.6667 87983.3333;
15750.0000 87900.0000;
13983.3333 88333.3333;
13933.3333 88350.0000;
16000.0000 85833.3333;
13500.0000 86933.3333;
15016.6667 83666.6667;
15016.6667 83666.6667;
15683.3333 85250.0000;
15716.6667 87083.3333;
15783.3333 84783.3333;
13800.0000 87533.3333;
13566.6667 87400.0000;
13483.3333 87150.0000;
15716.6667 85133.3333;
14716.6667 88466.6667;
13283.3333 87316.6667;
13950.0000 86566.6667;
14250.0000 87050.0000;
14266.6667 87933.3333;
14150.0000 88033.3333;
14850.0000 88916.6667;
14783.3333 88800.0000;
14533.3333 86816.6667;
14533.3333 86816.6667;
16000.0000 85833.3333;
15783.3333 86033.3333;
15300.0000 85550.0000;
15400.0000 88050.0000;
14933.3333 86266.6667;
14883.3333 87150.0000;
13883.3333 87033.3333;
14783.3333 87766.6667;
14366.6667 88150.0000;
14883.3333 88316.6667;
14033.3333 88616.6667;
14216.6667 88516.6667;
13616.6667 87450.0000;
13816.6667 86966.6667;
14683.3333 89083.3333;
13850.0000 87266.6667;
13783.3333 87233.3333;
13683.3333 87450.0000;
13616.6667 87050.0000;
13700.0000 87250.0000;
14916.6667 86383.3333;
15383.3333 87916.6667;
14433.3333 88183.3333;
16350.0000 86566.6667;
14033.3333 87500.0000;
14116.6667 88433.3333;
15050.0000 86833.3333;
15066.6667 86800.0000;
14700.0000 88650.0000;
14366.6667 88350.0000;
14050.0000 88533.3333;
16466.6667 85883.3333;
16466.6667 85883.3333;
16283.3333 86633.3333;
16283.3333 86616.6667;
16283.3333 86616.6667;
15016.6667 83283.3333;
15716.6667 86016.6667;
14066.6667 86333.3333;
15716.6667 86016.6667;
15033.3333 87533.3333;
15766.6667 85783.3333;
15666.6667 86016.6667;
15716.6667 86783.3333;
15716.6667 86016.6667;
15533.3333 86250.0000;
14116.6667 88616.6667;
14116.6667 88433.3333;
15333.3333 88316.6667;
13766.6667 87466.6667;
13733.3333 86916.6667;
13733.3333 87550.0000;
15166.6667 86200.0000;
15766.6667 85700.0000;
15566.6667 87100.0000;
15166.6667 86200.0000;
14616.6667 88566.6667;
15433.3333 88166.6667;
13716.6667 87083.3333;
14433.3333 88183.3333;
14116.6667 88183.3333;
15883.3333 86266.6667;
15883.3333 86266.6667;
13700.0000 87250.0000;
15000.0000 89133.3333;
13950.0000 88433.3333;
15533.3333 87816.6667;
15050.0000 89050.0000;
14900.0000 87100.0000;
14533.3333 86683.3333;
14716.6667 86316.6667;
15466.6667 86416.6667;
14133.3333 88483.3333;
14133.3333 88483.3333;
14466.6667 88750.0000;
14400.0000 88900.0000;
14350.0000 88833.3333;
14466.6667 88750.0000;
13416.6667 87116.6667;
14883.3333 87550.0000;
14750.0000 87300.0000;
14600.0000 87566.6667;
14350.0000 88416.6667;
14166.6667 88533.3333;
13900.0000 88216.6667;
13616.6667 87566.6667;
13416.6667 87116.6667;
13800.0000 87233.3333;
13783.3333 87466.6667;
15433.3333 86400.0000;
14100.0000 88483.3333;
14100.0000 88483.3333;
13833.3333 87500.0000;
14100.0000 88483.3333;
13833.3333 87500.0000;
14183.3333 87350.0000;
14416.6667 88150.0000;
14633.3333 88216.6667;
14333.3333 87833.3333;
14666.6667 88266.6667;
15566.6667 87783.3333;
14783.3333 89150.0000;
15183.3333 88233.3333;
15083.3333 88450.0000;
14766.6667 87350.0000;
14350.0000 88833.3333;
14800.0000 88450.0000;
13683.3333 87083.3333;
14716.6667 88416.6667;
15433.3333 86400.0000;
14516.6667 87166.6667;
14183.3333 87633.3333;
13600.0000 87366.6667;
14416.6667 88150.0000;
13766.6667 87466.6667;
13766.6667 87250.0000;
15533.3333 86066.6667;
15416.6667 87233.3333;
15416.6667 87233.3333;
13883.3333 86266.6667;
14516.6667 86733.3333;
15200.0000 86850.0000;
15650.0000 87950.0000;
15283.3333 87583.3333;
13800.0000 86650.0000;
14866.6667 87516.6667;
15283.3333 87750.0000;
14766.6667 88716.6667;
14200.0000 88800.0000;
14083.3333 88366.6667;
13933.3333 86500.0000;
13533.3333 86966.6667;
14750.0000 88316.6667;
14183.3333 88283.3333;
13316.6667 86900.0000;
13666.6667 87650.0000;
15366.6667 85883.3333;
14450.0000 88816.6667;
13850.0000 87033.3333;
13850.0000 87033.3333;
14100.0000 87800.0000;
15066.6667 86133.3333;
14083.3333 88366.6667;
13866.6667 88300.0000;
13233.3333 87000.0000;
13333.3333 87133.3333;
15333.3333 88333.3333;
14666.6667 87616.6667;
13333.3333 87000.0000;
14666.6667 87616.6667;
14666.6667 87616.6667;
15133.3333 87433.3333;
14183.3333 88683.3333;
14116.6667 88583.3333;
15300.0000 88533.3333;
15150.0000 88183.3333;
14816.6667 87733.3333;
14533.3333 88100.0000;
13966.6667 87033.3333;
13683.3333 87733.3333;
13666.6667 87383.3333;
13650.0000 87333.3333;
13583.3333 87066.6667;
15150.0000 88183.3333;
14750.0000 88950.0000;
13683.3333 86983.3333;
15450.0000 86466.6667;
15433.3333 86416.6667;
15283.3333 86916.6667;
13816.6667 87550.0000;
14533.3333 89266.6667;
14916.6667 88300.0000;
15850.0000 85250.0000;
15433.3333 88166.6667;
14900.0000 88050.0000;
14900.0000 88050.0000;
13733.3333 87550.0000;
13733.3333 87550.0000;
13733.3333 87550.0000;
13916.6667 87583.3333;
13816.6667 87550.0000;
15050.0000 87616.6667;
15150.0000 83700.0000;
15033.3333 87166.6667;
13816.6667 87300.0000;
13600.0000 87666.6667;
13916.6667 87216.6667;
14950.0000 88333.3333;
15566.6667 86300.0000;
14550.0000 88933.3333;
16316.6667 86516.6667;
13300.0000 87050.0000;
14116.6667 88333.3333;
13266.6667 87116.6667;
14616.6667 88833.3333;
13266.6667 87116.6667;
13600.0000 87566.6667;
14883.3333 86750.0000;
15033.3333 88400.0000;
13433.3333 87016.6667;
14783.3333 89016.6667;
13800.0000 87233.3333;
13766.6667 87650.0000;
13500.0000 87416.6667;
14900.0000 88866.6667;
14766.6667 89066.6667;
13483.3333 87133.3333;
14616.6667 89066.6667;
14033.3333 88316.6667;
14583.3333 87150.0000;
14000.0000 87233.3333;
14133.3333 87950.0000;
14366.6667 87800.0000;
14700.0000 87550.0000;
15366.6667 86733.3333;
13883.3333 86566.6667;
15200.0000 86133.3333;
14116.6667 87150.0000;
13733.3333 87583.3333;
13800.0000 87650.0000;
13800.0000 87650.0000;
15100.0000 88766.6667;
15883.3333 85850.0000;
15283.3333 88683.3333;
13583.3333 86966.6667;
13533.3333 87016.6667;
13150.0000 87183.3333;
15150.0000 88683.3333;
13633.3333 86883.3333;
13683.3333 87500.0000;
14700.0000 87550.0000;
13366.6667 87050.0000;
14733.3333 86883.3333;
14150.0000 88350.0000;
14100.0000 86816.6667;
14050.0000 87066.6667;
13983.3333 87383.3333;
13983.3333 86833.3333;
13833.3333 88316.6667;
13766.6667 87433.3333;
13700.0000 87350.0000;
13816.6667 87066.6667;
13816.6667 87066.6667;
14316.6667 88666.6667;
13533.3333 87350.0000;
14650.0000 88950.0000;
14650.0000 88950.0000;
14116.6667 88333.3333;
14116.6667 88550.0000;
14766.6667 88816.6667;
14483.3333 87200.0000;
15033.3333 88400.0000;
13433.3333 87016.6667;
13516.6667 87150.0000;
15433.3333 88233.3333;
14116.6667 88633.3333;
14816.6667 88216.6667;
14783.3333 87266.6667;
14166.6667 88866.6667;
15166.6667 86200.0000;
14983.3333 87300.0000;
13850.0000 87116.6667;
15166.6667 86200.0000;
15050.0000 88700.0000;
15016.6667 88183.3333;
14166.6667 88683.3333;
14933.3333 88966.6667;
14833.3333 86200.0000;
14516.6667 89066.6667;
14483.3333 88500.0000;
13533.3333 87250.0000;
14350.0000 87583.3333;
14333.3333 87150.0000;
14100.0000 88483.3333;
14750.0000 87266.6667;
13816.6667 87283.3333;
14166.6667 86733.3333;
13950.0000 87400.0000;
13783.3333 86916.6667;
13616.6667 87083.3333;
14750.0000 87383.3333;
14083.3333 86716.6667;
14066.6667 88050.0000;
15250.0000 87533.3333;
15183.3333 87150.0000;
15116.6667 86816.6667;
15016.6667 87700.0000;
13683.3333 87700.0000;
15200.0000 87266.6667;
15100.0000 87916.6667;
15100.0000 86116.6667;
15033.3333 88750.0000;
14916.6667 87583.3333;
14883.3333 88800.0000;
14616.6667 86300.0000;
14533.3333 87116.6667;
14483.3333 87100.0000;
14366.6667 87033.3333;
14300.0000 87950.0000;
14116.6667 86850.0000;
13900.0000 88216.6667;
13683.3333 87166.6667;
13516.6667 86866.6667;
15033.3333 88750.0000;
14083.3333 87016.6667;
15100.0000 88050.0000;
14766.6667 87766.6667;
15100.0000 87916.6667;
14116.6667 86850.0000;
13683.3333 87166.6667;
14766.6667 88550.0000;
14700.0000 86966.6667;
14550.0000 87316.6667;
13933.3333 87033.3333;
13766.6667 87250.0000;
15100.0000 86116.6667;
13833.3333 87250.0000;
14933.3333 88283.3333;
14533.3333 88866.6667;
14183.3333 86616.6667;
15233.3333 88100.0000;
14933.3333 88283.3333;
13283.3333 86766.6667;
14000.0000 88433.3333;
15633.3333 86716.6667;
15533.3333 86316.6667;
15416.6667 86500.0000;
15300.0000 86133.3333;
15150.0000 88283.3333;
15016.6667 87800.0000;
15000.0000 88200.0000;
14983.3333 87116.6667;
14933.3333 88200.0000;
14916.6667 87850.0000;
14883.3333 88333.3333;
14783.3333 87850.0000;
14650.0000 88750.0000;
14616.6667 89116.6667;
14600.0000 89000.0000;
14583.3333 87366.6667;
14550.0000 88416.6667;
14483.3333 88800.0000;
14483.3333 87850.0000;
14366.6667 88266.6667;
14366.6667 88233.3333;
14366.6667 87466.6667;
14250.0000 87900.0000;
14233.3333 88750.0000;
14200.0000 87116.6667;
14133.3333 88516.6667;
14116.6667 87566.6667;
14083.3333 88033.3333;
14050.0000 88516.6667;
14050.0000 88016.6667;
14000.0000 88433.3333;
13983.3333 87066.6667;
13850.0000 87316.6667;
13650.0000 86933.3333;
13616.6667 86983.3333;
13516.6667 87116.6667;
13316.6667 86900.0000;
14750.0000 88766.6667;
14750.0000 88766.6667;
14633.3333 88133.3333;
14266.6667 87150.0000;
13800.0000 87650.0000;
15883.3333 85033.3333;
13516.6667 86900.0000;
15150.0000 88233.3333;
15783.3333 87816.6667;
14633.3333 87116.6667;
13766.6667 87200.0000;
13766.6667 87650.0000;
14916.6667 87900.0000;
15716.6667 86500.0000;
15416.6667 86983.3333;
14433.3333 88416.6667;
14250.0000 88216.6667;
14116.6667 88650.0000;
14033.3333 88083.3333;
14883.3333 88216.6667;
14400.0000 87133.3333;
13366.6667 86983.3333;
13616.6667 87050.0000;
14333.3333 87150.0000;
13983.3333 87066.6667;
13900.0000 86700.0000;
13850.0000 86633.3333;
13300.0000 87066.6667;
13450.0000 87033.3333;
13666.6667 87516.6667;
14900.0000 87350.0000;
13866.6667 87216.6667;
13683.3333 87400.0000;
14716.6667 87616.6667;
14033.3333 87200.0000;
15850.0000 85200.0000;
15347.5000 88612.2222;
15333.3333 88316.6667;
15150.0000 88266.6667;
14983.3333 87016.6667;
14900.0000 88050.0000;
14800.0000 88783.3333;
14766.6667 87566.6667;
14450.0000 88400.0000;
14316.6667 88616.6667;
14183.3333 88783.3333;
13700.0000 87250.0000;
14233.3333 86716.6667;
13800.0000 88383.3333;
15200.0000 87583.3333;
13916.6667 86950.0000;
13800.0000 87316.6667;
14900.0000 87350.0000;
13483.3333 87150.0000;
15166.6667 86833.3333;
14600.0000 87300.0000;
15166.6667 86833.3333;
15366.6667 88616.6667;
13700.0000 87250.0000;
14600.0000 86583.3333;
14733.3333 87866.6667;
14300.0000 87083.3333;
13900.0000 87233.3333;
13883.3333 87183.3333;
13866.6667 87150.0000;
13633.3333 87133.3333;
13466.6667 86933.3333;
14083.3333 88600.0000;
13900.0000 87233.3333;
13883.3333 87183.3333;
13466.6667 86933.3333;
14116.6667 87533.3333;
14100.0000 88466.6667;
14133.3333 86800.0000;
14250.0000 86766.6667;
13183.3333 87033.3333;
13150.0000 87016.6667;
14766.6667 86883.3333;
15950.0000 85183.3333;
14966.6667 87816.6667;
14550.0000 88883.3333;
13783.3333 87233.3333;
13483.3333 86766.6667;
13266.6667 87316.6667;
13266.6667 87316.6667;
13600.0000 87716.6667;
13316.6667 86900.0000;
14116.6667 88583.3333;
14116.6667 88583.3333;
13483.3333 87666.6667;
14116.6667 88583.3333;
13766.6667 87466.6667;
13666.6667 87133.3333;
13666.6667 87133.3333;
14683.3333 88016.6667;
13766.6667 87466.6667;
13633.3333 87633.3333;
13283.3333 87333.3333;
15083.3333 88733.3333;
14933.3333 88266.6667;
14116.6667 88400.0000;
13816.6667 88333.3333;
13283.3333 87333.3333;
13250.0000 87000.0000;
13700.0000 86400.0000;
13133.3333 87066.6667;
14166.6667 86800.0000;
13916.6667 87300.0000;
14683.3333 88050.0000;
14166.6667 86800.0000;
14766.6667 88683.3333;
15583.3333 86783.3333;
14600.0000 89000.0000;
14116.6667 88383.3333;
14983.3333 88883.3333;
14583.3333 86533.3333;
14200.0000 88866.6667;
14166.6667 88750.0000;
14116.6667 88383.3333;
14083.3333 88266.6667;
14083.3333 86866.6667;
13983.3333 87150.0000;
13783.3333 87250.0000;
13733.3333 86883.3333;
13433.3333 86966.6667;
14083.3333 86866.6667;
14766.6667 88583.3333;
14416.6667 87666.6667;
15000.0000 88800.0000;
14683.3333 88950.0000;
14633.3333 88833.3333;
14716.6667 86600.0000;
13716.6667 87583.3333;
13700.0000 87516.6667;
13166.6667 87366.6667;
14933.3333 88266.6667;
13366.6667 87600.0000;
15133.3333 88400.0000;
14116.6667 87066.6667;
15250.0000 86250.0000;
14166.6667 87166.6667;
14000.0000 87233.3333;
13500.0000 87233.3333;
13500.0000 87216.6667;
13516.6667 87333.3333;
14566.6667 86833.3333;
13866.6667 86500.0000;
13500.0000 87233.3333;
13500.0000 87216.6667;
13300.0000 86933.3333;
13866.6667 87216.6667;
13466.6667 87116.6667;
13466.6667 87116.6667;
13416.6667 87050.0000;
14050.0000 87700.0000;
13716.6667 87400.0000;
14366.6667 87033.3333;
14350.0000 87150.0000;
13300.0000 87416.6667;
13783.3333 87233.3333;
15483.3333 87833.3333;
14883.3333 86966.6667;
14666.6667 87750.0000;
14666.6667 87750.0000;
15033.3333 88016.6667;
13416.6667 87750.0000;
13250.0000 87033.3333;
14833.3333 88433.3333;
15166.6667 86116.6667;
14850.0000 86500.0000;
14500.0000 86266.6667;
14300.0000 88566.6667;
14166.6667 88350.0000;
15183.3333 87016.6667;
15433.3333 86900.0000;
14700.0000 87266.6667;
14650.0000 88600.0000;
14450.0000 88700.0000;
14366.6667 87866.6667;
14200.0000 88366.6667;
14150.0000 88800.0000;
14000.0000 87233.3333;
13950.0000 87733.3333;
13650.0000 87666.6667;
13550.0000 87783.3333;
13366.6667 86916.6667;
15000.0000 87350.0000;
15000.0000 87350.0000;
14233.3333 88766.6667;
14700.0000 87600.0000;
13966.6667 86533.3333;
13866.6667 86600.0000;
13716.6667 87433.3333;
14016.6667 88600.0000;
14250.0000 88400.0000;
13566.6667 87100.0000;
14766.6667 87550.0000;
14916.6667 88333.3333;
14516.6667 89283.3333;
13416.6667 87750.0000;
13366.6667 87600.0000;
13916.6667 86433.3333;
14100.0000 88533.3333;
14750.0000 87716.6667;
15100.0000 88416.6667;
15100.0000 88416.6667;
14050.0000 88583.3333;
14800.0000 87800.0000;
13066.6667 86966.6667;
14200.0000 87516.6667;
14416.6667 89200.0000;
13483.3333 86816.6667;
15816.6667 85166.6667;
15383.3333 86000.0000;
15150.0000 86133.3333;
14116.6667 86883.3333;
13783.3333 87383.3333;
13650.0000 86916.6667;
13600.0000 87600.0000;
13550.0000 87033.3333;
13500.0000 86833.3333;
13483.3333 86816.6667;
13466.6667 87083.3333;
14500.0000 87116.6667;
14483.3333 89266.6667;
14300.0000 86733.3333;
14100.0000 87083.3333;
13766.6667 87216.6667;
13766.6667 87216.6667;
14983.3333 88166.6667;
14516.6667 89100.0000;
13450.0000 86933.3333;
14516.6667 87200.0000;
14183.3333 87133.3333;
14183.3333 87133.3333;
15183.3333 88783.3333;
15166.6667 85883.3333;
14150.0000 88666.6667;
14816.6667 86250.0000;
14900.0000 88583.3333;
14816.6667 88350.0000;
14600.0000 87466.6667;
15150.0000 88283.3333;
15650.0000 87883.3333;
13400.0000 87733.3333;
16016.6667 85933.3333;
15650.0000 87883.3333;
13900.0000 87000.0000;
13133.3333 87050.0000;
14116.6667 88600.0000;
15150.0000 88283.3333;
14500.0000 86700.0000;
14250.0000 86800.0000;
14166.6667 87183.3333;
13700.0000 87433.3333;
14916.6667 88633.3333;
14100.0000 87033.3333;
14116.6667 88566.6667;
13683.3333 87683.3333;
13616.6667 87050.0000;
14950.0000 87966.6667;
13500.0000 87566.6667;
15416.6667 88183.3333;
15033.3333 86900.0000;
15033.3333 86900.0000;
14316.6667 86550.0000;
13183.3333 87066.6667;
14816.6667 87800.0000;
13916.6667 87300.0000;
14916.6667 87933.3333;
14916.6667 87933.3333;
14850.0000 88600.0000;
14333.3333 87550.0000;
14550.0000 88516.6667;
13783.3333 87300.0000;
15166.6667 88533.3333;
13083.3333 87000.0000;
14850.0000 86166.6667;
14450.0000 87000.0000;
14250.0000 87300.0000;
13816.6667 87350.0000;
13683.3333 87700.0000;
13433.3333 87083.3333;
13166.6667 87050.0000;
13916.6667 86966.6667;
14800.0000 88583.3333;
14633.3333 87816.6667;
14600.0000 88000.0000;
14333.3333 87900.0000;
13950.0000 87316.6667;
13866.6667 86900.0000;
13816.6667 87316.6667;
13550.0000 87116.6667;
13433.3333 86900.0000;
13333.3333 86783.3333;
13250.0000 87066.6667;
15100.0000 88100.0000;
14966.6667 88900.0000;
14900.0000 88200.0000;
14833.3333 88516.6667;
14833.3333 88500.0000;
14066.6667 88250.0000;
13366.6667 86966.6667;
13050.0000 87016.6667;
15100.0000 88483.3333;
14583.3333 88333.3333;
14450.0000 88300.0000;
14416.6667 89083.3333;
13583.3333 86916.6667;
13783.3333 87150.0000;
16050.0000 86983.3333;
14666.6667 88933.3333;
13683.3333 87516.6667;
14100.0000 87083.3333;
14600.0000 86583.3333;
13816.6667 87233.3333;
13816.6667 87233.3333;
14100.0000 88266.6667;
13833.3333 87250.0000;
13566.6667 87150.0000;
13566.6667 87150.0000;
13466.6667 87066.6667;
14800.0000 88816.6667;
13483.3333 86900.0000;
14950.0000 87966.6667;
15050.0000 88633.3333;
14733.3333 88750.0000;
13616.6667 86933.3333;
13966.6667 86516.6667;
13616.6667 86933.3333;
13550.0000 87050.0000;
13533.3333 87033.3333;
13483.3333 86783.3333;
13083.3333 86983.3333;
14300.0000 87700.0000;
14766.6667 89016.6667;
14966.6667 87366.6667;
14083.3333 88633.3333;
14083.3333 88633.3333;
15616.6667 87400.0000;
15083.3333 86816.6667;
14983.3333 88783.3333;
14866.6667 88183.3333;
14600.0000 89066.6667;
13883.3333 88233.3333;
13700.0000 87650.0000;
13416.6667 87300.0000;
13683.3333 87533.3333;
13683.3333 87533.3333;
14650.0000 88883.3333;
14650.0000 88883.3333;
14716.6667 87583.3333;
14416.6667 87966.6667;
13783.3333 86933.3333;
14316.6667 87083.3333;
13833.3333 87250.0000;
15033.3333 89166.6667;
14000.0000 86566.6667;
13733.3333 87066.6667;
13633.3333 87050.0000;
14350.0000 88500.0000;
13816.6667 87233.3333;
13766.6667 86800.0000;
13433.3333 86933.3333;
14133.3333 88350.0000;
15650.0000 87616.6667;
14850.0000 87616.6667;
14816.6667 88216.6667;
14666.6667 88033.3333;
14650.0000 88316.6667;
15116.6667 87733.3333;
13350.0000 87016.6667;
13216.6667 87050.0000;
14283.3333 86700.0000;
14616.6667 89033.3333;
14000.0000 88200.0000;
13750.0000 87416.6667;
13733.3333 87333.3333;
13666.6667 87316.6667;
13450.0000 87750.0000;
13383.3333 86983.3333;
13316.6667 86866.6667;
13683.3333 87550.0000;
13683.3333 87550.0000;
15183.3333 88100.0000;
14600.0000 88550.0000;
14516.6667 87133.3333;
14483.3333 87133.3333;
14383.3333 87333.3333;
14900.0000 87650.0000;
14450.0000 87966.6667;
13583.3333 87150.0000;
13650.0000 87500.0000;
14183.3333 86666.6667;
14066.6667 86366.6667;
13683.3333 87350.0000;
13583.3333 87483.3333;
13533.3333 87750.0000;
15033.3333 86833.3333;
13766.6667 87200.0000;
14700.0000 87550.0000;
13716.6667 87316.6667;
13166.6667 87050.0000;
15633.3333 88166.6667;
15116.6667 88433.3333;
13800.0000 87316.6667;
13766.6667 87233.3333;
13633.3333 86900.0000;
15633.3333 88166.6667;
15116.6667 88433.3333;
14916.6667 89033.3333;
13800.0000 87316.6667;
13766.6667 87233.3333;
13633.3333 86933.3333;
13633.3333 86900.0000;
13516.6667 86933.3333;
13500.0000 87116.6667;
13516.6667 86933.3333;
14166.6667 87283.3333;
15650.0000 86366.6667;
14933.3333 86683.3333;
13416.6667 87550.0000;
15716.6667 86883.3333;
13950.0000 87883.3333;
14283.3333 86783.3333;
14283.3333 86783.3333;
15683.3333 87066.6667;
15083.3333 87700.0000;
15750.0000 87266.6667;
15683.3333 87066.6667;
15433.3333 87066.6667;
15100.0000 87216.6667;
15033.3333 86883.3333;
13800.0000 86650.0000;
13766.6667 87250.0000;
15750.0000 87266.6667;
15683.3333 87066.6667;
15566.6667 87283.3333;
13783.3333 86833.3333;
13083.3333 86950.0000;
14616.6667 87716.6667;
15083.3333 87650.0000;
14083.3333 86700.0000;
15000.0000 87300.0000;
15083.3333 87700.0000;
14933.3333 87450.0000;
14550.0000 87600.0000;
14733.3333 87450.0000;
14733.3333 87450.0000;
14750.0000 87550.0000;
14100.0000 86750.0000;
14100.0000 86750.0000;
15150.0000 88266.6667;
14350.0000 88483.3333;
15116.6667 88083.3333;
15000.0000 88250.0000;
14550.0000 87766.6667;
13683.3333 86850.0000;
15050.0000 88650.0000;
14983.3333 88800.0000;
14783.3333 88783.3333;
15050.0000 88850.0000;
14866.6667 88400.0000;
15050.0000 88850.0000;
14866.6667 88400.0000;
14983.3333 88783.3333;
14933.3333 87450.0000;
14550.0000 87600.0000;
13500.0000 87033.3333;
14650.0000 88716.6667;
14433.3333 88383.3333;
15283.3333 85416.6667;
14433.3333 87950.0000;
14100.0000 86833.3333;
14533.3333 88883.3333;
15050.0000 88866.6667;
14100.0000 87116.6667;
14133.3333 87150.0000;
15396.6667 88559.7222;
15033.3333 88650.0000;
14850.0000 88633.3333;
14783.3333 87583.3333;
14100.0000 88533.3333;
14100.0000 87183.3333;
14100.0000 87116.6667;
14233.3333 88216.6667;
13483.3333 87116.6667;
14983.3333 88200.0000;
14116.6667 88233.3333;
13850.0000 87616.6667;
14150.0000 87150.0000;
13600.0000 86900.0000;
13916.6667 87216.6667;
15066.6667 83283.3333;
15316.6667 87283.3333;
14000.0000 87233.3333;
14233.3333 87750.0000;
13616.6667 87600.0000;
14633.3333 88616.6667;
14233.3333 88350.0000;
14233.3333 87750.0000;
13666.6667 87133.3333;
14650.0000 88483.3333;
14566.6667 88483.3333;
13633.3333 87633.3333;
14733.3333 88600.0000;
14483.3333 88766.6667;
14416.6667 88233.3333;
13666.6667 87666.6667;
13766.6667 87666.6667;
14016.6667 88100.0000;
14983.3333 88300.0000;
14850.0000 89200.0000;
14683.3333 88666.6667;
14583.3333 88516.6667;
14466.6667 89016.6667;
14466.6667 88050.0000;
14450.0000 88750.0000;
13383.3333 87750.0000;
14366.6667 87883.3333;
14866.6667 89183.3333;
14233.3333 88000.0000;
14016.6667 88566.6667;
14016.6667 87916.6667;
13950.0000 88233.3333;
13700.0000 87433.3333;
13683.3333 86850.0000;
13666.6667 87366.6667;
13533.3333 87666.6667;
13083.3333 87066.6667;
14700.0000 88400.0000;
13766.6667 87666.6667;
14266.6667 88383.3333;
13933.3333 87500.0000;
13766.6667 87666.6667;
14783.3333 88416.6667;
13700.0000 87683.3333;
14983.3333 88300.0000;
14383.3333 88916.6667;
14216.6667 88433.3333;
14116.6667 88200.0000;
14850.0000 89200.0000;
14033.3333 88633.3333;
14366.6667 87883.3333;
14283.3333 88850.0000;
13566.6667 87716.6667;
14333.3333 87216.6667;
14033.3333 87500.0000;
14116.6667 88200.0000;
14233.3333 88883.3333;
14116.6667 88566.6667;
14033.3333 88033.3333;
14450.0000 88750.0000;
15083.3333 88733.3333;
14883.3333 88500.0000;
14150.0000 88333.3333;
14150.0000 88283.3333;
14116.6667 88400.0000;
13816.6667 88333.3333;
15016.6667 88783.3333;
13900.0000 88200.0000;
14866.6667 89150.0000;
15016.6667 88433.3333;
13916.6667 87016.6667;
13900.0000 86983.3333;
13533.3333 87083.3333;
14850.0000 87750.0000;
15833.3333 86483.3333;
14933.3333 83850.0000;
14933.3333 83850.0000;
14933.3333 83850.0000;
15083.3333 88166.6667;
13666.6667 86816.6667;
13916.6667 87300.0000;
15100.0000 88683.3333;
14200.0000 87050.0000;
14166.6667 86800.0000;
13833.3333 86866.6667;
13816.6667 86950.0000;
14550.0000 87733.3333;
14766.6667 88683.3333;
14566.6667 86716.6667;
14183.3333 87883.3333;
14183.3333 87883.3333;
15133.3333 86050.0000;
14450.0000 87100.0000;
13966.6667 87100.0000;
13966.6667 86483.3333;
13400.0000 87166.6667;
15400.0000 86650.0000;
15900.0000 85016.6667;
15400.0000 87933.3333;
15400.0000 86650.0000;
15300.0000 86216.6667;
14916.6667 87200.0000;
14666.6667 87100.0000;
14583.3333 86533.3333;
14200.0000 88866.6667;
14166.6667 88750.0000;
13866.6667 86650.0000;
13733.3333 86883.3333;
13466.6667 87100.0000;
13433.3333 86966.6667;
15850.0000 85550.0000;
14950.0000 88316.6667;
14666.6667 89050.0000;
14000.0000 86733.3333;
13983.3333 88416.6667;
13916.6667 88200.0000;
15133.3333 86050.0000;
15900.0000 85016.6667;
15866.6667 84916.6667;
15200.0000 85900.0000;
14083.3333 86850.0000;
15866.6667 85500.0000;
15683.3333 87033.3333;
15116.6667 88150.0000;
14883.3333 88866.6667;
14850.0000 86766.6667;
14833.3333 88716.6667;
14583.3333 86866.6667;
14216.6667 87933.3333;
14216.6667 86216.6667;
13983.3333 87150.0000;
13083.3333 86966.6667;
15350.0000 85400.0000;
15800.0000 86483.3333;
15433.3333 87916.6667;
14233.3333 87800.0000;
13816.6667 86650.0000;
15383.3333 87933.3333;
14133.3333 88766.6667;
15183.3333 83466.6667;
14416.6667 87666.6667;
15766.6667 85750.0000;
15766.6667 85750.0000;
15900.0000 86216.6667;
15200.0000 88633.3333;
14816.6667 89000.0000;
14783.3333 88183.3333;
14433.3333 87783.3333;
14600.0000 87900.0000;
13200.0000 87066.6667;
14500.0000 88766.6667;
14666.6667 88516.6667;
15600.0000 86166.6667;
14200.0000 87850.0000;
14033.3333 87533.3333;
14200.0000 88150.0000;
14066.6667 87466.6667;
14200.0000 87850.0000;
14616.6667 86583.3333;
14600.0000 86583.3333;
14200.0000 87816.6667;
14966.6667 88800.0000;
14783.3333 88583.3333;
13866.6667 87000.0000;
13866.6667 87000.0000;
14550.0000 87733.3333;
13866.6667 88216.6667;
15783.3333 85700.0000;
14000.0000 87533.3333;
14500.0000 88766.6667;
14716.6667 84083.3333;
14883.3333 88466.6667;
14866.6667 88566.6667;
14683.3333 88716.6667;
14366.6667 87700.0000;
14716.6667 84083.3333;
14566.6667 86866.6667;
15016.6667 88900.0000;
15050.0000 88283.3333;
15350.0000 88066.6667;
15183.3333 88766.6667;
15183.3333 88650.0000;
15033.3333 89100.0000;
13733.3333 87566.6667;
14316.6667 88133.3333;
13433.3333 87050.0000;
15083.3333 87683.3333;
15233.3333 87833.3333;
14966.6667 87100.0000;
15100.0000 87533.3333;
15083.3333 88116.6667;
14883.3333 88816.6667;
13433.3333 87050.0000;
15133.3333 83650.0000;
15566.6667 87833.3333;
14850.0000 88150.0000;
14733.3333 87966.6667;
15500.0000 88116.6667;
15500.0000 88116.6667;
14050.0000 88700.0000;
15283.3333 83500.0000;
14550.0000 87316.6667;
14316.6667 87616.6667;
14633.3333 87750.0000;
14150.0000 86800.0000;
13666.6667 86950.0000;
13616.6667 87083.3333;
13066.6667 86983.3333;
13783.3333 87533.3333;
15883.3333 85033.3333;
15050.0000 86466.6667;
15033.3333 88366.6667;
14916.6667 87866.6667;
14100.0000 87983.3333;
13600.0000 87116.6667;
15116.6667 88316.6667;
13216.6667 86966.6667;
14566.6667 88833.3333;
14316.6667 87166.6667;
15216.6667 88016.6667;
15100.0000 88750.0000;
15066.6667 85866.6667;
14600.0000 86250.0000;
14316.6667 87166.6667;
13750.0000 87316.6667;
15750.0000 88016.6667;
14716.6667 88150.0000;
15216.6667 88533.3333;
14916.6667 89000.0000;
14316.6667 86750.0000;
14650.0000 88183.3333;
15400.0000 87016.6667;
15100.0000 88400.0000;
15066.6667 87883.3333;
14900.0000 87233.3333;
14866.6667 87166.6667;
14816.6667 86783.3333;
14716.6667 86216.6667;
14650.0000 88300.0000;
14100.0000 88733.3333;
13433.3333 87033.3333;
14066.6667 88616.6667;
13583.3333 87266.6667;
13900.0000 86950.0000;
13900.0000 86950.0000;
13350.0000 86983.3333;
13583.3333 87266.6667;
13250.0000 87066.6667;
14983.3333 86716.6667;
14616.6667 86750.0000;
15800.0000 85283.3333;
14766.6667 87950.0000;
13833.3333 87116.6667;
13350.0000 86966.6667;
13850.0000 87666.6667;
13416.6667 87366.6667;
13416.6667 87366.6667;
15000.0000 89100.0000;
15716.6667 87000.0000;
15700.0000 87700.0000;
15533.3333 88150.0000;
15316.6667 87766.6667;
15150.0000 88266.6667;
15133.3333 88550.0000;
15083.3333 87516.6667;
15066.6667 88350.0000;
15033.3333 86716.6667;
15016.6667 88750.0000;
15000.0000 89100.0000;
14966.6667 87100.0000;
14916.6667 89066.6667;
14816.6667 88400.0000;
14783.3333 88150.0000;
14666.6667 88900.0000;
14533.3333 86683.3333;
13950.0000 87033.3333;
13866.6667 86516.6667;
15866.6667 85583.3333;
14433.3333 87150.0000;
13966.6667 86633.3333;
14350.0000 86833.3333;
13200.0000 87300.0000;
14600.0000 87333.3333;
15100.0000 87200.0000;
14950.0000 88750.0000;
14833.3333 86266.6667;
14716.6667 87666.6667;
14133.3333 88666.6667;
13933.3333 88400.0000;
13866.6667 87666.6667;
13400.0000 87116.6667;
14166.6667 87683.3333;
14100.0000 87183.3333;
13550.0000 86966.6667;
13516.6667 87083.3333;
14100.0000 87183.3333;
13900.0000 88216.6667;
14383.3333 89166.6667;
13900.0000 87700.0000;
13583.3333 87716.6667;
13116.6667 86966.6667;
14700.0000 87083.3333;
14633.3333 88866.6667;
14483.3333 88783.3333;
14316.6667 88483.3333;
14266.6667 86266.6667;
13933.3333 88200.0000;
13766.6667 87316.6667;
13683.3333 87733.3333;
13616.6667 87033.3333;
15700.0000 87516.6667;
14933.3333 86383.3333;
14616.6667 86300.0000;
14933.3333 86383.3333;
13316.6667 87083.3333;
14133.3333 87650.0000;
15283.3333 87933.3333;
14050.0000 88616.6667;
15066.6667 88616.6667;
14333.3333 87866.6667;
14633.3333 88650.0000;
14766.6667 89066.6667;
14900.0000 88050.0000;
14816.6667 87416.6667;
14516.6667 88033.3333;
13466.6667 87166.6667;
14300.0000 88866.6667;
14100.0000 88683.3333;
15133.3333 88250.0000;
14333.3333 89016.6667;
14083.3333 87816.6667;
15500.0000 88216.6667;
15283.3333 88083.3333;
15100.0000 88400.0000;
15016.6667 87450.0000;
14866.6667 88066.6667;
14500.0000 89050.0000;
14450.0000 88683.3333;
14350.0000 88633.3333;
14333.3333 89016.6667;
14316.6667 88850.0000;
14250.0000 88966.6667;
14233.3333 88616.6667;
13850.0000 86500.0000;
13266.6667 87033.3333;
15283.3333 88566.6667;
13966.6667 86883.3333;
14133.3333 88616.6667;
13883.3333 87066.6667;
14683.3333 87183.3333;
14250.0000 86800.0000;
14166.6667 86800.0000;
14050.0000 86666.6667;
13916.6667 86600.0000;
13783.3333 87233.3333;
13766.6667 87583.3333;
13666.6667 87350.0000;
13583.3333 87416.6667;
13133.3333 87033.3333;
15016.6667 87933.3333;
14750.0000 87033.3333;
14966.6667 87216.6667;
14866.6667 86316.6667;
13433.3333 86816.6667;
14033.3333 88316.6667;
13666.6667 87400.0000;
14883.3333 86316.6667;
13966.6667 86633.3333;
13933.3333 86583.3333;
13716.6667 86883.3333;
13716.6667 86783.3333;
13533.3333 86966.6667;
13766.6667 87633.3333;
15100.0000 85883.3333;
15050.0000 88266.6667;
14166.6667 86333.3333;
14066.6667 85983.3333;
13733.3333 87116.6667;
13616.6667 87050.0000;
15100.0000 85883.3333;
14766.6667 87466.6667;
14716.6667 86316.6667;
14016.6667 88183.3333;
13733.3333 87116.6667;
13716.6667 87283.3333;
13616.6667 87333.3333;
13416.6667 86966.6667;
14200.0000 88466.6667;
14700.0000 86083.3333;
13466.6667 87083.3333;
13300.0000 86883.3333;
13500.0000 87033.3333;
14766.6667 87266.6667;
14100.0000 87833.3333;
13916.6667 87133.3333;
13800.0000 87633.3333;
14050.0000 88300.0000;
14500.0000 87666.6667;
13900.0000 87700.0000;
14383.3333 89166.6667;
14566.6667 89133.3333;
14783.3333 87650.0000;
15366.6667 86733.3333;
14700.0000 87666.6667;
14800.0000 88600.0000;
14066.6667 87283.3333;
14700.0000 89116.6667;
14516.6667 89266.6667;
14333.3333 88666.6667;
14083.3333 87116.6667;
13833.3333 87100.0000;
13783.3333 87550.0000;
13383.3333 87016.6667;
15683.3333 86783.3333;
15466.6667 86566.6667;
14833.3333 88733.3333;
14833.3333 88733.3333;
15433.3333 88233.3333;
14966.6667 87283.3333;
13500.0000 87016.6667;
13316.6667 86750.0000;
14050.0000 86550.0000;
13783.3333 87166.6667;
14166.6667 86616.6667;
15033.3333 88400.0000;
13616.6667 87400.0000;
14933.3333 88966.6667;
14883.3333 89116.6667;
14200.0000 88083.3333;
15116.6667 86966.6667;
15383.3333 86516.6667;
15016.6667 87250.0000;
13933.3333 87250.0000;
13916.6667 87300.0000;
13850.0000 87000.0000;
15666.6667 87483.3333;
15383.3333 86516.6667;
15116.6667 86966.6667;
14966.6667 86700.0000;
14816.6667 88333.3333;
14800.0000 86200.0000;
14783.3333 88383.3333;
14783.3333 87500.0000;
14500.0000 87350.0000;
14400.0000 87133.3333;
13933.3333 87250.0000;
13800.0000 87050.0000;
13583.3333 87100.0000;
14166.6667 86733.3333;
14166.6667 88716.6667;
14150.0000 88550.0000;
13483.3333 87016.6667;
14850.0000 88683.3333;
15066.6667 87266.6667;
15050.0000 88633.3333;
14850.0000 88683.3333;
14483.3333 87100.0000;
13683.3333 87650.0000;
13616.6667 87400.0000;
13416.6667 87100.0000;
13416.6667 87066.6667;
15066.6667 87266.6667;
14416.6667 87683.3333;
13166.6667 87050.0000;
14083.3333 87033.3333;
14933.3333 88200.0000;
15430.8333 88554.4444;
15033.3333 86650.0000;
13666.6667 87516.6667;
13416.6667 87550.0000;
14116.6667 87550.0000;
13533.3333 86883.3333;
13466.6667 87166.6667;
13283.3333 87050.0000;
13166.6667 87066.6667;
14383.3333 87566.6667;
14383.3333 87566.6667;
14316.6667 87583.3333;
13766.6667 87200.0000;
13233.3333 87300.0000;
13233.3333 86983.3333;
14833.3333 88216.6667;
14066.6667 88500.0000;
14716.6667 88600.0000;
14183.3333 87150.0000;
14100.0000 87183.3333;
13900.0000 88183.3333;
14000.0000 88316.6667;
13650.0000 87516.6667;
13450.0000 87033.3333;
13316.6667 87600.0000;
14933.3333 87216.6667;
14900.0000 86133.3333;
14816.6667 88616.6667;
14800.0000 88450.0000;
14766.6667 88616.6667;
14683.3333 88483.3333;
14300.0000 87833.3333;
14200.0000 87983.3333;
14116.6667 87966.6667;
13983.3333 87933.3333;
13900.0000 87700.0000;
13900.0000 86950.0000;
13766.6667 87233.3333;
13733.3333 87333.3333;
13666.6667 87316.6667;
13533.3333 86916.6667;
13100.0000 87000.0000;
13783.3333 87233.3333;
13783.3333 87233.3333;
15033.3333 88800.0000;
14700.0000 86683.3333;
13816.6667 86950.0000;
15050.0000 86500.0000;
13433.3333 87016.6667;
15466.6667 88050.0000;
14850.0000 89033.3333;
14066.6667 88500.0000;
13766.6667 87650.0000;
13566.6667 87183.3333;
13300.0000 87283.3333;
14983.3333 88300.0000;
14866.6667 88933.3333;
14783.3333 89000.0000;
14783.3333 88400.0000;
13166.6667 87166.6667;
15483.3333 88133.3333;
14916.6667 88933.3333;
14616.6667 87766.6667;
15100.0000 86800.0000;
15266.6667 88000.0000;
15033.3333 88066.6667;
13483.3333 86950.0000;
13466.6667 86850.0000;
15733.3333 87400.0000;
15266.6667 88000.0000;
14583.3333 88583.3333;
14433.3333 88133.3333;
14350.0000 88433.3333;
14283.3333 88083.3333;
13450.0000 87583.3333;
13366.6667 86833.3333;
14750.0000 88950.0000;
14100.0000 87150.0000;
14266.6667 88083.3333;
14266.6667 88083.3333;
13950.0000 87283.3333;
15000.0000 87300.0000;
14200.0000 87216.6667;
15000.0000 87300.0000;
13966.6667 87333.3333;
14266.6667 88700.0000;
15366.6667 85750.0000;
15350.0000 88083.3333;
14800.0000 87533.3333;
14716.6667 87016.6667;
14383.3333 88400.0000;
14083.3333 87250.0000;
14033.3333 88400.0000;
13983.3333 88483.3333;
13866.6667 87350.0000;
15750.0000 87250.0000;
13866.6667 86533.3333;
15816.6667 85166.6667;
15050.0000 88700.0000;
13733.3333 86800.0000;
14316.6667 87416.6667;
14300.0000 87783.3333;
14150.0000 88400.0000;
14133.3333 87816.6667;
14116.6667 88416.6667;
13950.0000 87083.3333;
13350.0000 86783.3333;
13483.3333 87150.0000;
14916.6667 88300.0000;
14733.3333 87483.3333;
14683.3333 89000.0000;
14366.6667 87750.0000;
13650.0000 87050.0000;
15250.0000 85983.3333;
14600.0000 86583.3333;
14566.6667 88616.6667;
14550.0000 88516.6667;
14050.0000 88516.6667;
14050.0000 88516.6667;
13783.3333 87266.6667;
13766.6667 87200.0000;
13750.0000 87233.3333;
13816.6667 87100.0000;
14783.3333 87716.6667;
14516.6667 88466.6667;
14483.3333 88900.0000;
14416.6667 88966.6667;
14316.6667 88500.0000;
13950.0000 87300.0000;
13716.6667 87350.0000;
14116.6667 86783.3333;
14283.3333 86783.3333;
14183.3333 87600.0000;
13500.0000 86783.3333;
13333.3333 86733.3333;
14900.0000 88950.0000;
14783.3333 87733.3333;
14533.3333 88466.6667;
14350.0000 87583.3333;
14116.6667 87533.3333;
14033.3333 87000.0000;
13916.6667 87600.0000;
13800.0000 87316.6667;
13800.0000 86866.6667;
13766.6667 87416.6667;
13766.6667 87400.0000;
13650.0000 86966.6667;
13616.6667 87500.0000;
13600.0000 87416.6667;
13600.0000 87066.6667;
13533.3333 87533.3333;
13500.0000 86783.3333;
13316.6667 86916.6667;
13216.6667 87016.6667;
15633.3333 87166.6667;
14283.3333 87566.6667;
14933.3333 89033.3333;
14466.6667 88516.6667;
14433.3333 88533.3333;
14783.3333 88600.0000;
15783.3333 84783.3333;
15633.3333 87950.0000;
14933.3333 87916.6667;
14933.3333 87733.3333;
14900.0000 87983.3333;
14800.0000 88366.6667;
14750.0000 87983.3333;
14533.3333 87633.3333;
14533.3333 87433.3333;
14416.6667 87366.6667;
14100.0000 88350.0000;
14100.0000 86683.3333;
14016.6667 87966.6667;
13883.3333 88200.0000;
13883.3333 87466.6667;
13850.0000 88316.6667;
13850.0000 88250.0000;
13783.3333 87300.0000;
13766.6667 87166.6667;
13750.0000 87266.6667;
13733.3333 87383.3333;
13716.6667 87400.0000;
13700.0000 87616.6667;
13683.3333 87366.6667;
13666.6667 87266.6667;
13600.0000 87633.3333;
13583.3333 87083.3333;
13566.6667 87200.0000;
13550.0000 87133.3333;
13533.3333 87150.0000;
13433.3333 87166.6667;
13366.6667 87183.3333;
13350.0000 86983.3333;
13200.0000 87100.0000;
13183.3333 87000.0000;
15716.6667 85133.3333;
15250.0000 85800.0000;
14716.6667 88050.0000;
14066.6667 88433.3333;
13916.6667 87966.6667;
13866.6667 86633.3333;
13800.0000 86566.6667;
15716.6667 86016.6667;
15716.6667 86783.3333;
15516.6667 86050.0000;
15516.6667 85250.0000;
15250.0000 86916.6667;
15083.3333 87150.0000;
14383.3333 85933.3333;
14966.6667 88850.0000;
14166.6667 88633.3333;
14150.0000 87583.3333;
13850.0000 86566.6667;
13800.0000 86650.0000;
13433.3333 87100.0000;
13416.6667 86933.3333;
14933.3333 87450.0000;
15733.3333 87650.0000;
15216.6667 86050.0000;
15083.3333 87183.3333;
14916.6667 89016.6667;
14833.3333 88216.6667;
14683.3333 86333.3333;
14666.6667 87300.0000;
14366.6667 87950.0000;
13883.3333 88233.3333;
13866.6667 88233.3333;
13550.0000 86966.6667;
14583.3333 86266.6667;
14733.3333 88900.0000;
14683.3333 87316.6667;
14266.6667 87433.3333;
14233.3333 87800.0000;
13916.6667 87733.3333;
13816.6667 86650.0000;
14416.6667 87666.6667;
14133.3333 87566.6667;
14133.3333 87566.6667;
14583.3333 87266.6667;
13300.0000 87066.6667;
14950.0000 86733.3333;
14933.3333 86383.3333;
14716.6667 88650.0000;
14683.3333 88766.6667;
13833.3333 87250.0000;
13783.3333 87633.3333;
13633.3333 86950.0000;
13600.0000 87016.6667;
13466.6667 87183.3333;
13300.0000 87066.6667;
14900.0000 87583.3333;
14900.0000 86750.0000;
14783.3333 87750.0000;
14716.6667 86050.0000;
14433.3333 87250.0000;
14250.0000 88666.6667;
14183.3333 88250.0000;
14050.0000 88033.3333;
13783.3333 87266.6667;
13750.0000 87316.6667;
13716.6667 87033.3333;
13700.0000 87416.6667;
13583.3333 87750.0000;
13550.0000 87333.3333;
13433.3333 87016.6667;
13416.6667 86816.6667;
13400.0000 87116.6667;
13016.6667 87016.6667;
13716.6667 87450.0000;
13666.6667 87400.0000;
14083.3333 87683.3333;
14050.0000 87583.3333;
13716.6667 86800.0000;
13583.3333 87100.0000;
14983.3333 87133.3333;
14883.3333 87300.0000;
14650.0000 89116.6667;
14633.3333 87733.3333;
14483.3333 88100.0000;
13516.6667 86883.3333;
13900.0000 88216.6667;
15116.6667 86433.3333;
14883.3333 87116.6667;
14700.0000 86133.3333;
14966.6667 88966.6667;
14750.0000 89016.6667;
15283.3333 86216.6667;
14983.3333 88300.0000;
14633.3333 86250.0000;
14266.6667 88833.3333;
14266.6667 87716.6667;
13966.6667 87500.0000;
14966.6667 87450.0000;
14983.3333 88700.0000;
15466.6667 86583.3333;
14916.6667 87900.0000;
14866.6667 86433.3333;
13800.0000 86833.3333;
13450.0000 87166.6667;
15683.3333 86783.3333;
15250.0000 88000.0000;
14866.6667 86316.6667;
15383.3333 88183.3333;
15250.0000 88016.6667;
14100.0000 88633.3333;
15150.0000 88266.6667;
14100.0000 88633.3333;
13966.6667 86883.3333;
13516.6667 87016.6667;
15333.3333 87016.6667;
14766.6667 87433.3333;
14350.0000 87866.6667;
14266.6667 87833.3333;
14133.3333 88083.3333;
14016.6667 86466.6667;
13950.0000 87283.3333;
14366.6667 88716.6667;
13050.0000 87066.6667;
14466.6667 89300.0000;
14750.0000 89083.3333;
14016.6667 88600.0000;
15116.6667 88083.3333;
14816.6667 88650.0000;
13483.3333 87133.3333;
15083.3333 86650.0000;
14600.0000 86250.0000;
13866.6667 86516.6667;
13200.0000 87000.0000;
14900.0000 88316.6667;
14100.0000 87383.3333;
13700.0000 87400.0000;
13850.0000 87333.3333;
15483.3333 86666.6667;
15533.3333 86366.6667;
15516.6667 88166.6667;
15383.3333 88183.3333;
15733.3333 87266.6667;
15733.3333 87266.6667;
15550.0000 86283.3333;
15533.3333 86366.6667;
15516.6667 88166.6667;
15483.3333 86666.6667;
15366.6667 88150.0000;
15250.0000 88150.0000;
15200.0000 85616.6667;
15183.3333 88400.0000;
15133.3333 88183.3333;
15116.6667 87516.6667;
15083.3333 85466.6667;
15050.0000 89016.6667;
14983.3333 87266.6667;
14933.3333 86633.3333;
14850.0000 86983.3333;
14750.0000 89050.0000;
14733.3333 89150.0000;
14700.0000 88600.0000;
14683.3333 87466.6667;
14416.6667 86116.6667;
14333.3333 88116.6667;
14333.3333 86616.6667;
14283.3333 88816.6667;
14216.6667 87233.3333;
14116.6667 88016.6667;
14066.6667 87816.6667;
13950.0000 88233.3333;
13800.0000 86483.3333;
13566.6667 87150.0000;
14300.0000 87900.0000;
14166.6667 86683.3333;
13616.6667 87533.3333;
14350.0000 87100.0000;
15016.6667 86700.0000;
15283.3333 88000.0000;
14016.6667 86450.0000;
14600.0000 87216.6667;
14833.3333 88766.6667;
13583.3333 86933.3333;
13816.6667 86950.0000;
13783.3333 86500.0000;
15483.3333 87733.3333;
15550.0000 87850.0000;
15483.3333 87733.3333;
15450.0000 87633.3333;
15316.6667 87433.3333;
15133.3333 88550.0000;
15066.6667 89133.3333;
15033.3333 88616.6667;
14983.3333 88883.3333;
14933.3333 88766.6667;
14916.6667 88866.6667;
14916.6667 87366.6667;
14883.3333 88933.3333;
14733.3333 88716.6667;
14716.6667 87616.6667;
14583.3333 89000.0000;
14516.6667 87100.0000;
14483.3333 87400.0000;
14283.3333 87933.3333;
14283.3333 86900.0000;
14216.6667 87933.3333;
14216.6667 87850.0000;
14216.6667 86666.6667;
14116.6667 88433.3333;
14100.0000 88216.6667;
14000.0000 86750.0000;
13916.6667 87300.0000;
13866.6667 86783.3333;
13850.0000 88350.0000;
13783.3333 87683.3333;
13733.3333 87666.6667;
13700.0000 87533.3333;
13700.0000 86850.0000;
13583.3333 87366.6667;
13566.6667 86900.0000;
13333.3333 86883.3333;
14733.3333 88716.6667;
13700.0000 87533.3333;
14900.0000 88583.3333;
14733.3333 87733.3333;
14600.0000 87466.6667;
14600.0000 87300.0000;
14383.3333 87466.6667;
13783.3333 87233.3333;
13516.6667 87266.6667;
15066.6667 88066.6667;
14716.6667 88966.6667;
14316.6667 88283.3333;
14150.0000 88316.6667;
13983.3333 88250.0000;
13633.3333 87583.3333;
13516.6667 87516.6667;
13933.3333 87233.3333;
14983.3333 88733.3333;
14550.0000 87033.3333;
14383.3333 88966.6667;
14183.3333 88766.6667;
14166.6667 87533.3333;
14100.0000 88683.3333;
14100.0000 88333.3333;
13933.3333 87500.0000;
13866.6667 86516.6667;
13783.3333 86833.3333;
13766.6667 86816.6667;
13583.3333 86933.3333;
13550.0000 86950.0000;
13500.0000 86933.3333;
13516.6667 87516.6667;
15066.6667 88066.6667;
15000.0000 88650.0000;
14950.0000 88433.3333;
14883.3333 88200.0000;
14866.6667 88550.0000;
14716.6667 87016.6667;
14666.6667 88850.0000;
14616.6667 87133.3333;
14500.0000 88200.0000;
14466.6667 88766.6667;
14466.6667 88483.3333;
14266.6667 87916.6667;
14133.3333 88633.3333;
14116.6667 87200.0000;
14083.3333 87550.0000;
14050.0000 86733.3333;
13933.3333 86883.3333;
13933.3333 86733.3333;
13800.0000 86800.0000;
13700.0000 87433.3333;
15483.3333 88116.6667;
15300.0000 86166.6667;
15033.3333 88116.6667;
14850.0000 87416.6667;
14583.3333 89083.3333;
13733.3333 86950.0000;
14350.0000 86650.0000;
13850.0000 86900.0000;
13316.6667 87400.0000;
15033.3333 86900.0000;
15116.6667 88066.6667;
14333.3333 88066.6667;
13950.0000 87400.0000;
13866.6667 87200.0000;
14800.0000 88733.3333;
14566.6667 88400.0000;
14050.0000 88300.0000;
13433.3333 87183.3333;
14033.3333 86366.6667;
13166.6667 87050.0000;
13116.6667 87000.0000;
13866.6667 86900.0000;
13116.6667 87033.3333;
13400.0000 86783.3333;
14566.6667 88600.0000;
13966.6667 87350.0000;
15083.3333 88050.0000;
14916.6667 87466.6667;
14850.0000 87133.3333;
14700.0000 88716.6667;
14600.0000 86816.6667;
14583.3333 87933.3333;
14500.0000 88033.3333;
14450.0000 87916.6667;
14250.0000 88950.0000;
14116.6667 88583.3333;
14066.6667 87266.6667;
14066.6667 87150.0000;
13933.3333 87150.0000;
13900.0000 86983.3333;
13800.0000 86983.3333;
13750.0000 87333.3333;
13750.0000 86833.3333;
13700.0000 87433.3333;
13566.6667 87166.6667;
13283.3333 87033.3333;
13150.0000 87083.3333;
13533.3333 87133.3333;
13466.6667 86816.6667;
13500.0000 87166.6667;
14616.6667 88783.3333;
14616.6667 88766.6667;
15266.6667 88066.6667;
13516.6667 87016.6667;
13416.6667 87016.6667;
15200.0000 86100.0000;
15050.0000 86633.3333;
15033.3333 88600.0000;
14950.0000 87333.3333;
14933.3333 86350.0000;
14900.0000 88316.6667;
14783.3333 87433.3333;
14750.0000 88766.6667;
13800.0000 86600.0000;
13783.3333 86950.0000;
13683.3333 87383.3333;
13650.0000 87333.3333;
13433.3333 86733.3333;
13383.3333 87000.0000;
13300.0000 86800.0000;
15350.0000 87966.6667;
15333.3333 87983.3333;
14533.3333 88516.6667;
14500.0000 88550.0000;
14133.3333 87050.0000;
14066.6667 88450.0000;
13783.3333 86850.0000;
15666.6667 87016.6667;
14783.3333 88833.3333;
14283.3333 87716.6667;
13916.6667 86966.6667;
13366.6667 87083.3333;
14916.6667 87933.3333;
13433.3333 86833.3333;
15750.0000 88000.0000;
15083.3333 88200.0000;
14366.6667 87416.6667;
15266.6667 86116.6667;
14900.0000 87200.0000;
14600.0000 86583.3333;
15166.6667 86200.0000;
13816.6667 86616.6667;
13966.6667 86883.3333;
14416.6667 88500.0000;
13500.0000 87116.6667;
15233.3333 87833.3333;
14616.6667 87500.0000;
14483.3333 88483.3333;
13366.6667 87383.3333;
13316.6667 87166.6667;
14350.0000 88016.6667;
14350.0000 88500.0000;
14350.0000 88500.0000;
14350.0000 88016.6667;
14200.0000 87833.3333;
14150.0000 88266.6667;
14100.0000 88266.6667;
13850.0000 88316.6667;
13916.6667 87216.6667;
13633.3333 86933.3333;
13633.3333 86916.6667;
14566.6667 87683.3333;
14133.3333 88350.0000;
14000.0000 88416.6667;
13916.6667 87216.6667;
13900.0000 87583.3333;
13866.6667 86633.3333;
13816.6667 86700.0000;
13516.6667 86916.6667;
15083.3333 89150.0000;
14666.6667 86933.3333;
14650.0000 86750.0000;
14616.6667 87116.6667;
14250.0000 86566.6667;
13600.0000 87466.6667;
13533.3333 87716.6667;
14983.3333 87850.0000;
15433.3333 88233.3333;
14983.3333 87850.0000;
14450.0000 87533.3333;
15150.0000 88266.6667;
15400.0000 86666.6667;
15250.0000 86866.6667;
14733.3333 87983.3333;
14933.3333 88566.6667;
13783.3333 87050.0000;
13433.3333 87050.0000;
13400.0000 86966.6667;
13500.0000 87016.6667;
14100.0000 87116.6667;
15400.0000 86483.3333;
15366.6667 87933.3333;
14983.3333 87300.0000;
14233.3333 87200.0000;
14050.0000 87333.3333;
13600.0000 87016.6667;
13550.0000 86933.3333;
13416.6667 87133.3333;
15666.6667 86966.6667;
15150.0000 88600.0000;
14850.0000 88883.3333;
14750.0000 88083.3333;
15350.0000 87066.6667;
15066.6667 87166.6667;
14750.0000 86600.0000;
13833.3333 87700.0000;
13833.3333 87700.0000;
13650.0000 86966.6667;
14783.3333 88650.0000;
14683.3333 88683.3333;
13900.0000 88200.0000;
13833.3333 87050.0000;
13716.6667 87616.6667;
13700.0000 86850.0000;
13650.0000 87666.6667;
13650.0000 86966.6667;
13616.6667 87116.6667;
13600.0000 87000.0000;
13583.3333 87016.6667;
13533.3333 87316.6667;
13366.6667 86983.3333;
15000.0000 88883.3333;
14433.3333 89266.6667;
14383.3333 88466.6667;
13150.0000 87366.6667;
15700.0000 86783.3333;
15116.6667 88633.3333;
15050.0000 87766.6667;
15000.0000 88883.3333;
15166.6667 88350.0000;
15000.0000 88916.6667;
14900.0000 89100.0000;
13583.3333 87183.3333;
13700.0000 87566.6667;
13150.0000 87366.6667;
13150.0000 87366.6667;
14550.0000 87483.3333;
13616.6667 86966.6667;
14850.0000 89016.6667;
13783.3333 87316.6667;
14466.6667 87116.6667;
14233.3333 88900.0000;
13600.0000 86916.6667;
15066.6667 87833.3333;
14500.0000 89283.3333;
14233.3333 88900.0000;
14050.0000 86716.6667;
13933.3333 87583.3333;
13816.6667 87233.3333;
13800.0000 86983.3333;
13416.6667 86783.3333;
15283.3333 86183.3333;
14783.3333 87500.0000;
13533.3333 87150.0000;
15133.3333 88566.6667;
15116.6667 88266.6667;
14983.3333 87100.0000;
13433.3333 87700.0000;
16016.6667 86016.6667;
13283.3333 86750.0000;
14433.3333 87416.6667;
15933.3333 85200.0000;
15381.3889 88524.1667;
15183.3333 87283.3333;
15000.0000 88783.3333;
14950.0000 86716.6667;
14783.3333 88216.6667;
14600.0000 86583.3333;
14500.0000 88500.0000;
14433.3333 87416.6667;
14366.6667 86800.0000;
13850.0000 87000.0000;
13516.6667 86916.6667;
13433.3333 86883.3333;
13366.6667 87050.0000;
14133.3333 87166.6667;
14016.6667 88500.0000;
14516.6667 87150.0000;
14383.3333 87200.0000;
14483.3333 87183.3333;
15750.0000 86850.0000;
14483.3333 87183.3333;
13950.0000 87016.6667;
14033.3333 87266.6667;
13583.3333 86933.3333;
13450.0000 87033.3333;
15083.3333 87433.3333;
14033.3333 87266.6667;
13266.6667 87050.0000;
13266.6667 87050.0000;
15750.0000 85783.3333;
13216.6667 87016.6667;
14300.0000 87600.0000;
13433.3333 87100.0000;
15116.6667 88983.3333;
14783.3333 88166.6667;
13900.0000 88366.6667;
14166.6667 87400.0000;
13433.3333 86766.6667;
15716.6667 87933.3333;
15583.3333 86800.0000;
15383.3333 88100.0000;
15366.6667 88050.0000;
15150.0000 87883.3333;
15066.6667 88016.6667;
15066.6667 87650.0000;
15066.6667 86583.3333;
15033.3333 88983.3333;
15016.6667 88866.6667;
14983.3333 87466.6667;
14816.6667 86633.3333;
14733.3333 87600.0000;
14583.3333 86700.0000;
14033.3333 86883.3333;
13750.0000 87266.6667;
13750.0000 87083.3333;
13633.3333 87616.6667;
13533.3333 86883.3333;
13433.3333 86966.6667;
13433.3333 87000.0000;
14050.0000 88516.6667;
15066.6667 86533.3333;
14000.0000 88300.0000;
15400.0000 87350.0000;
15133.3333 88733.3333;
14850.0000 89116.6667;
14833.3333 89133.3333;
14050.0000 88516.6667;
14166.6667 87616.6667;
13533.3333 87700.0000;
15183.3333 86916.6667;
14616.6667 88200.0000;
14466.6667 87966.6667;
15483.3333 86516.6667;
15400.0000 87516.6667;
15283.3333 87966.6667;
15233.3333 85433.3333;
15183.3333 86916.6667;
15100.0000 84866.6667;
15000.0000 89016.6667;
14900.0000 87500.0000;
14750.0000 88050.0000;
14750.0000 87816.6667;
14633.3333 88233.3333;
13750.0000 87083.3333;
13433.3333 87116.6667;
13783.3333 86783.3333;
13700.0000 87450.0000;
13866.6667 87483.3333;
14116.6667 88733.3333;
15733.3333 86283.3333;
13416.6667 87266.6667;
13433.3333 87000.0000;
14383.3333 88850.0000;
15133.3333 88433.3333;
14883.3333 87333.3333;
14216.6667 87816.6667;
14166.6667 87616.6667;
14566.6667 88450.0000;
15116.6667 88433.3333;
15050.0000 86166.6667;
15033.3333 89016.6667;
14983.3333 87383.3333;
14783.3333 87266.6667;
14733.3333 87316.6667;
14716.6667 88400.0000;
14266.6667 87750.0000;
13700.0000 87700.0000;
13583.3333 87666.6667;
13533.3333 87700.0000;
13366.6667 87066.6667;
13066.6667 86983.3333;
13816.6667 87333.3333;
15633.3333 86166.6667;
15633.3333 85250.0000;
14316.6667 87683.3333;
13566.6667 87100.0000;
14816.6667 87650.0000;
14066.6667 87466.6667;
14366.6667 86800.0000;
14616.6667 88116.6667;
14600.0000 87300.0000;
14650.0000 86233.3333;
15066.6667 87833.3333;
14900.0000 87650.0000;
15133.3333 86916.6667;
14100.0000 87083.3333;
14083.3333 87166.6667;
14550.0000 87633.3333;
13583.3333 87350.0000;
13433.3333 86833.3333;
13283.3333 87050.0000;
14600.0000 86583.3333;
13183.3333 87000.0000;
13816.6667 88233.3333;
13583.3333 87766.6667;
14033.3333 87366.6667;
15233.3333 88316.6667;
14900.0000 87450.0000;
14416.6667 88233.3333;
14333.3333 88183.3333;
13616.6667 87650.0000;
14333.3333 87066.6667;
13366.6667 87600.0000;
15866.6667 85583.3333;
14900.0000 89116.6667;
14783.3333 89083.3333;
15700.0000 87466.6667;
14900.0000 89116.6667;
14516.6667 86816.6667;
15050.0000 86466.6667;
14100.0000 87400.0000;
14100.0000 87400.0000;
15700.0000 86800.0000;
15133.3333 86716.6667;
14766.6667 87983.3333;
14733.3333 87966.6667;
13816.6667 87216.6667;
13816.6667 87216.6667;
15430.8333 88554.4444;
15350.0000 87900.0000;
14533.3333 87416.6667;
14433.3333 86133.3333;
13683.3333 87583.3333;
14983.3333 87600.0000;
14650.0000 87933.3333;
14650.0000 87300.0000;
15050.0000 88333.3333;
14666.6667 87300.0000;
14600.0000 87083.3333;
14550.0000 87316.6667;
14416.6667 89133.3333;
14083.3333 87133.3333;
14066.6667 87116.6667;
13866.6667 87350.0000;
13766.6667 87466.6667;
13750.0000 87600.0000;
13750.0000 87550.0000;
13750.0000 87416.6667;
13733.3333 86933.3333;
13900.0000 87200.0000;
15500.0000 86716.6667;
15466.6667 86783.3333;
14516.6667 87200.0000;
13883.3333 88350.0000;
13750.0000 87016.6667;
13733.3333 86900.0000;
13616.6667 87183.3333;
13550.0000 87216.6667;
13500.0000 87216.6667;
13450.0000 86933.3333;
13433.3333 87516.6667;
13366.6667 87050.0000;
13350.0000 86750.0000;
13316.6667 87066.6667;
13283.3333 87000.0000;
13200.0000 87000.0000;
13316.6667 87066.6667;
14333.3333 88716.6667;
14066.6667 88583.3333;
13233.3333 87016.6667;
14433.3333 88800.0000;
15166.6667 87300.0000;
14983.3333 88333.3333;
14950.0000 88800.0000;
14683.3333 87950.0000;
14350.0000 88350.0000;
14683.3333 88550.0000;
15266.6667 88366.6667;
13816.6667 87233.3333;
13300.0000 86733.3333;
15716.6667 87933.3333;
15383.3333 87366.6667;
15350.0000 88300.0000;
15316.6667 87833.3333;
15266.6667 88016.6667;
15216.6667 88550.0000;
15066.6667 86700.0000;
14683.3333 88950.0000;
13783.3333 87250.0000;
13100.0000 87000.0000;
14033.3333 88333.3333;
15483.3333 88150.0000;
15016.6667 88066.6667;
15000.0000 88066.6667;
14466.6667 88683.3333;
15416.6667 87883.3333;
13816.6667 87316.6667;
13800.0000 87316.6667;
13733.3333 87450.0000;
14483.3333 88900.0000;
13716.6667 87350.0000;
13400.0000 86800.0000;
14600.0000 88866.6667;
14600.0000 88866.6667;
14283.3333 86783.3333;
15416.6667 87883.3333;
15250.0000 88016.6667;
14783.3333 87733.3333;
14200.0000 86983.3333;
13916.6667 87650.0000;
13816.6667 87316.6667;
13800.0000 87316.6667;
13800.0000 86866.6667;
13533.3333 87533.3333;
13433.3333 86783.3333;
13350.0000 86866.6667;
15250.0000 85716.6667;
14983.3333 86700.0000;
14466.6667 88650.0000;
15616.6667 87116.6667;
15050.0000 88016.6667;
15683.3333 85250.0000;
14583.3333 88566.6667;
14200.0000 87600.0000;
15216.6667 88316.6667;
15100.0000 86083.3333;
14883.3333 88316.6667;
13850.0000 87266.6667;
13783.3333 87233.3333;
13716.6667 87583.3333;
13683.3333 87450.0000;
13550.0000 86900.0000;
13366.6667 87033.3333;
14200.0000 87616.6667;
15850.0000 86566.6667;
15683.3333 87200.0000;
14716.6667 87550.0000;
14000.0000 87233.3333;
13683.3333 87450.0000;
13683.3333 87450.0000;
13800.0000 86650.0000;
14316.6667 87116.6667;
14516.6667 87266.6667;
15283.3333 87750.0000;
15000.0000 87833.3333;
14866.6667 86983.3333;
14766.6667 88716.6667;
14683.3333 87183.3333;
14516.6667 87266.6667;
14316.6667 87116.6667;
14283.3333 86700.0000;
14250.0000 87133.3333;
14200.0000 88800.0000;
14116.6667 88616.6667;
14066.6667 88583.3333;
14050.0000 87583.3333;
13933.3333 86500.0000;
13850.0000 87233.3333;
13716.6667 87583.3333;
13700.0000 87383.3333;
13533.3333 87200.0000;
13533.3333 86966.6667;
13233.3333 87016.6667;
15116.6667 89000.0000;
15283.3333 87033.3333;
13516.6667 87266.6667;
14900.0000 89016.6667;
14666.6667 88800.0000;
13433.3333 86983.3333;
13550.0000 87750.0000;
13783.3333 86833.3333;
13450.0000 86833.3333;
14100.0000 87116.6667;
14133.3333 87150.0000;
14783.3333 87583.3333;
14133.3333 87150.0000;
14100.0000 87183.3333;
15816.6667 85166.6667;
15683.3333 87883.3333;
15300.0000 87016.6667;
15116.6667 88083.3333;
14733.3333 88966.6667;
14733.3333 88900.0000;
14666.6667 88583.3333;
14483.3333 88900.0000;
14083.3333 87200.0000;
13983.3333 87050.0000;
13750.0000 87350.0000;
13683.3333 87016.6667;
13550.0000 86966.6667;
13166.6667 87216.6667;
15500.0000 86700.0000;
14750.0000 88950.0000;
14000.0000 87233.3333;
15250.0000 86850.0000;
15550.0000 85783.3333;
15433.3333 87916.6667;
15433.3333 87033.3333;
15133.3333 85866.6667;
14933.3333 88566.6667;
14916.6667 87000.0000;
14866.6667 88600.0000;
14833.3333 88900.0000;
14833.3333 86500.0000;
14766.6667 88800.0000;
14666.6667 87900.0000;
14650.0000 88600.0000;
14650.0000 86233.3333;
14566.6667 86583.3333;
14516.6667 87833.3333;
14133.3333 88766.6667;
14033.3333 86533.3333;
13983.3333 87083.3333;
13800.0000 87233.3333;
13633.3333 87083.3333;
15600.0000 87266.6667;
15500.0000 86700.0000;
15366.6667 86733.3333;
15333.3333 87916.6667;
15200.0000 88633.3333;
15016.6667 87833.3333;
14816.6667 89000.0000;
14800.0000 88583.3333;
14783.3333 88183.3333;
14750.0000 87616.6667;
14666.6667 87100.0000;
14466.6667 86666.6667;
14450.0000 87450.0000;
13700.0000 87500.0000;
14800.0000 88583.3333;
13483.3333 87133.3333;
14916.6667 88966.6667;
14650.0000 88283.3333;
14866.6667 88983.3333;
14816.6667 88883.3333;
14650.0000 88283.3333;
13333.3333 87233.3333;
14566.6667 86866.6667;
13416.6667 86950.0000;
15283.3333 87033.3333;
13633.3333 86950.0000;
13433.3333 87016.6667;
15033.3333 87716.6667;
14300.0000 88350.0000;
14783.3333 88150.0000;
14400.0000 89100.0000;
14166.6667 87666.6667;
15000.0000 87416.6667;
15050.0000 88333.3333;
14816.6667 88566.6667;
15066.6667 86550.0000;
14283.3333 88150.0000;
16466.6667 85916.6667;
15950.0000 85916.6667;
15466.6667 88166.6667;
15450.0000 85666.6667;
15300.0000 86850.0000;
15283.3333 87266.6667;
15216.6667 88133.3333;
15200.0000 87016.6667;
15166.6667 88583.3333;
15133.3333 88833.3333;
15116.6667 88100.0000;
15116.6667 86983.3333;
15066.6667 88783.3333;
15066.6667 86550.0000;
15033.3333 88583.3333;
15000.0000 87233.3333;
14983.3333 88716.6667;
14983.3333 87833.3333;
14966.6667 87533.3333;
14883.3333 87300.0000;
14883.3333 86316.6667;
14866.6667 87016.6667;
14833.3333 88200.0000;
14800.0000 89150.0000;
14800.0000 87516.6667;
14766.6667 88516.6667;
14733.3333 88866.6667;
14666.6667 86750.0000;
14650.0000 89116.6667;
14650.0000 88933.3333;
14633.3333 88650.0000;
14633.3333 87733.3333;
14583.3333 87816.6667;
14583.3333 87516.6667;
14450.0000 88933.3333;
14416.6667 87750.0000;
14383.3333 87116.6667;
14383.3333 86733.3333;
14350.0000 86150.0000;
14333.3333 87900.0000;
14333.3333 87233.3333;
14283.3333 86766.6667;
14200.0000 87800.0000;
14166.6667 87666.6667;
14133.3333 86633.3333;
14066.6667 87566.6667;
14050.0000 87900.0000;
13983.3333 88283.3333;
13983.3333 87816.6667;
13966.6667 87333.3333;
13966.6667 87166.6667;
13883.3333 87600.0000;
13866.6667 88200.0000;
13866.6667 87000.0000;
13850.0000 87033.3333;
13833.3333 86850.0000;
13816.6667 87250.0000;
13783.3333 86950.0000;
13766.6667 87250.0000;
13733.3333 87566.6667;
13666.6667 87483.3333;
13650.0000 87466.6667;
13633.3333 87633.3333;
13600.0000 87066.6667;
13583.3333 87550.0000;
13583.3333 87416.6667;
13566.6667 86966.6667;
13516.6667 86900.0000;
13500.0000 87683.3333;
13500.0000 87216.6667;
13433.3333 86900.0000;
13233.3333 87050.0000;
15050.0000 87233.3333;
15116.6667 86433.3333;
14366.6667 87083.3333;
14483.3333 89150.0000;
14483.3333 89000.0000;
15150.0000 83683.3333;
15166.6667 83683.3333;
15633.3333 88000.0000;
15700.0000 87816.6667;
15483.3333 88166.6667;
14550.0000 88516.6667;
14516.6667 88950.0000;
13850.0000 88500.0000;
15166.6667 87350.0000;
15166.6667 87350.0000;
13333.3333 87300.0000;
15433.3333 87483.3333;
15373.8889 88544.7222;
14500.0000 87700.0000;
14066.6667 88450.0000;
14050.0000 88500.0000;
14016.6667 86483.3333;
13800.0000 88383.3333;
13783.3333 86783.3333;
13700.0000 87333.3333;
13666.6667 87383.3333;
13650.0000 87333.3333;
13583.3333 87100.0000;
13566.6667 87700.0000;
13500.0000 86933.3333;
13433.3333 86833.3333;
13366.6667 87033.3333;
13183.3333 87000.0000;
14716.6667 88650.0000;
14683.3333 88766.6667;
14600.0000 87116.6667;
13883.3333 87800.0000;
13733.3333 87616.6667;
15350.0000 86733.3333;
15350.0000 85866.6667;
15033.3333 88800.0000;
13716.6667 86783.3333;
13733.3333 87616.6667;
13366.6667 86883.3333;
13533.3333 87716.6667;
13800.0000 87333.3333;
13600.0000 87600.0000;
14900.0000 86750.0000;
14716.6667 86050.0000;
14583.3333 88066.6667;
14050.0000 88033.3333;
13600.0000 87600.0000;
13016.6667 87016.6667;
14433.3333 87483.3333;
14966.6667 87450.0000;
14666.6667 87283.3333;
14433.3333 87616.6667;
13900.0000 87066.6667;
13266.6667 87016.6667;
15050.0000 88650.0000;
15350.0000 85866.6667;
15266.6667 86950.0000;
14883.3333 88550.0000;
14816.6667 86616.6667;
14500.0000 87116.6667;
14350.0000 87933.3333;
14183.3333 88650.0000;
14000.0000 88300.0000;
13916.6667 87050.0000;
13900.0000 86700.0000;
13866.6667 86616.6667;
13833.3333 87216.6667;
13733.3333 87133.3333;
13716.6667 87583.3333;
13650.0000 86966.6667;
13483.3333 87166.6667;
14150.0000 88716.6667;
13600.0000 87600.0000;
15566.6667 86166.6667;
14183.3333 88783.3333;
14100.0000 88533.3333;
14066.6667 88483.3333;
13700.0000 87616.6667;
13450.0000 87166.6667;
14983.3333 88250.0000;
13833.3333 87216.6667;
13916.6667 86866.6667;
13683.3333 87716.6667;
13983.3333 86850.0000;
13983.3333 86850.0000;
14766.6667 88783.3333;
14216.6667 87833.3333;
14716.6667 84083.3333;
14683.3333 86933.3333;
13716.6667 86800.0000;
13716.6667 86800.0000;
13716.6667 86800.0000;
14616.6667 88466.6667;
15583.3333 87883.3333;
15100.0000 88266.6667;
15016.6667 88500.0000;
14050.0000 87050.0000;
15066.6667 86083.3333;
15066.6667 86083.3333;
15616.6667 86400.0000;
15566.6667 86400.0000;
14716.6667 86316.6667;
14633.3333 88633.3333;
14016.6667 86483.3333;
13933.3333 87283.3333;
13800.0000 88383.3333;
13733.3333 87450.0000;
13700.0000 87500.0000;
15683.3333 87183.3333;
15616.6667 86400.0000;
15166.6667 85983.3333;
14850.0000 86316.6667;
14650.0000 87216.6667;
15650.0000 87950.0000;
15650.0000 87950.0000;
15450.0000 87033.3333;
13516.6667 87233.3333;
14033.3333 88666.6667;
14950.0000 88433.3333;
14033.3333 88666.6667;
14033.3333 88400.0000;
13933.3333 88366.6667;
14433.3333 89033.3333;
15133.3333 88566.6667;
15016.6667 88033.3333;
14683.3333 87700.0000;
14566.6667 87733.3333;
14533.3333 87733.3333;
14466.6667 88650.0000;
14166.6667 88700.0000;
14083.3333 88483.3333;
13883.3333 86533.3333;
13833.3333 87150.0000;
13816.6667 88383.3333;
13600.0000 87616.6667;
15300.0000 87300.0000;
15233.3333 87350.0000;
15133.3333 86750.0000;
14900.0000 88450.0000;
14800.0000 88450.0000;
15250.0000 87316.6667;
15066.6667 86350.0000;
15016.6667 87216.6667;
14983.3333 88700.0000;
13366.6667 86750.0000;
15133.3333 87916.6667;
15083.3333 88066.6667;
14800.0000 88450.0000;
14400.0000 87900.0000;
14083.3333 87683.3333;
14050.0000 87583.3333;
13783.3333 87233.3333;
15150.0000 88433.3333;
15133.3333 87916.6667;
14800.0000 88450.0000;
14400.0000 87900.0000;
14050.0000 87583.3333;
15411.9444 88550.0000;
15200.0000 88166.6667;
15133.3333 88400.0000;
15216.6667 88600.0000;
14983.3333 87100.0000;
14883.3333 88866.6667;
14700.0000 88833.3333;
14700.0000 86100.0000;
14616.6667 87566.6667;
14383.3333 88616.6667;
14250.0000 88200.0000;
14233.3333 87850.0000;
14966.6667 86733.3333;
14883.3333 87300.0000;
14750.0000 88533.3333;
14633.3333 87733.3333;
14616.6667 88483.3333;
13516.6667 86883.3333;
15066.6667 88333.3333;
15083.3333 86066.6667;
14300.0000 88350.0000;
15083.3333 86066.6667;
13433.3333 87500.0000;
14733.3333 88866.6667;
15716.6667 87600.0000;
13433.3333 87500.0000;
15000.0000 87416.6667;
15000.0000 87416.6667;
15050.0000 88333.3333;
14816.6667 88566.6667;
15466.6667 88166.6667;
14283.3333 88150.0000;
14683.3333 88050.0000;
15466.6667 88166.6667;
15016.6667 88333.3333;
15016.6667 88333.3333;
16000.0000 85050.0000;
15466.6667 88166.6667;
15300.0000 86850.0000;
15033.3333 88583.3333;
14416.6667 87750.0000;
14333.3333 87233.3333;
13666.6667 87483.3333;
13500.0000 87683.3333;
15183.3333 87100.0000;
15183.3333 87100.0000;
15083.3333 86383.3333;
15383.3333 88233.3333;
13250.0000 86916.6667;
13716.6667 87533.3333;
13716.6667 87533.3333;
15033.3333 86400.0000;
14733.3333 87600.0000;
15050.0000 88266.6667;
14883.3333 87933.3333;
14850.0000 88083.3333;
15700.0000 87200.0000;
14683.3333 86816.6667;
14633.3333 88500.0000;
14233.3333 87066.6667;
14050.0000 86833.3333;
13916.6667 87450.0000;
13516.6667 87516.6667;
15250.0000 87800.0000;
13916.6667 87700.0000;
13933.3333 87166.6667;
15200.0000 88716.6667;
13216.6667 87350.0000;
14083.3333 87200.0000;
14400.0000 89066.6667;
14483.3333 89066.6667;
14433.3333 89316.6667;
13933.3333 87350.0000;
13900.0000 87300.0000;
13633.3333 87600.0000;
14933.3333 88316.6667;
14933.3333 88316.6667;
15116.6667 88083.3333;
15100.0000 88450.0000;
13883.3333 87766.6667;
14516.6667 88800.0000;
15700.0000 86783.3333;
15500.0000 86583.3333;
14983.3333 88883.3333;
14966.6667 88750.0000;
14400.0000 88000.0000;
13500.0000 86883.3333;
14600.0000 87116.6667;
13266.6667 87283.3333;
13266.6667 87283.3333;
13266.6667 87283.3333;
14566.6667 87883.3333;
14183.3333 88883.3333;
13466.6667 87050.0000;
13583.3333 87200.0000;
13933.3333 87250.0000;
13833.3333 86750.0000;
13550.0000 87683.3333;
13800.0000 87716.6667;
13550.0000 87683.3333;
14933.3333 88316.6667;
14816.6667 87000.0000;
14716.6667 87016.6667;
14033.3333 88083.3333;
14033.3333 87116.6667;
13366.6667 87050.0000;
13116.6667 86983.3333;
15133.3333 86316.6667;
14133.3333 87166.6667;
15266.6667 85783.3333;
15633.3333 87816.6667;
14766.6667 87916.6667;
15700.0000 87666.6667;
15516.6667 88216.6667;
13833.3333 87250.0000;
13233.3333 87066.6667;
13816.6667 86800.0000;
15816.6667 87833.3333;
15483.3333 87500.0000;
15150.0000 87883.3333;
15016.6667 88050.0000;
14650.0000 87083.3333;
14283.3333 88900.0000;
14183.3333 87933.3333;
14066.6667 87983.3333;
14016.6667 87966.6667;
13816.6667 86800.0000;
13166.6667 87400.0000;
15366.6667 85850.0000;
15516.6667 87800.0000;
14850.0000 86983.3333;
14100.0000 87600.0000;
13616.6667 87600.0000;
13483.3333 87400.0000;
13433.3333 86833.3333;
13350.0000 87650.0000;
13083.3333 87083.3333;
15283.3333 88483.3333;
13516.6667 86883.3333;
14916.6667 88233.3333;
15816.6667 85166.6667;
13850.0000 86566.6667;
14100.0000 87716.6667;
15016.6667 88800.0000;
14216.6667 88050.0000;
15283.3333 87550.0000;
15050.0000 86350.0000;
14983.3333 88216.6667;
14950.0000 88333.3333;
14900.0000 88150.0000;
14733.3333 88600.0000;
14066.6667 87033.3333;
14000.0000 87533.3333;
13983.3333 87150.0000;
13983.3333 87183.3333;
13733.3333 87650.0000;
14400.0000 88433.3333;
14866.6667 87066.6667;
15666.6667 87500.0000;
15633.3333 88133.3333;
15633.3333 85766.6667;
15466.6667 86550.0000;
15416.6667 88183.3333;
15350.0000 86566.6667;
15266.6667 88083.3333;
15266.6667 86950.0000;
15116.6667 87366.6667;
15066.6667 87433.3333;
15066.6667 87350.0000;
15050.0000 89100.0000;
14966.6667 88883.3333;
14883.3333 88750.0000;
14866.6667 87066.6667;
14850.0000 87766.6667;
14850.0000 87383.3333;
14800.0000 89033.3333;
14783.3333 88166.6667;
14766.6667 87133.3333;
14716.6667 87583.3333;
14450.0000 87016.6667;
14300.0000 88183.3333;
14200.0000 87833.3333;
13800.0000 86816.6667;
13750.0000 87650.0000;
13716.6667 87033.3333;
13533.3333 86933.3333;
13416.6667 87100.0000;
15633.3333 85766.6667;
14883.3333 88750.0000;
15216.6667 86883.3333;
14716.6667 88416.6667;
13600.0000 87016.6667;
14150.0000 88650.0000;
13683.3333 87500.0000;
14133.3333 88550.0000;
14466.6667 87066.6667;
14416.6667 87100.0000;
13516.6667 87233.3333;
14666.6667 89083.3333;
14133.3333 88550.0000;
15050.0000 88733.3333;
15750.0000 87433.3333;
15733.3333 87066.6667;
15066.6667 86450.0000;
13783.3333 87316.6667;
14333.3333 87066.6667;
13616.6667 86916.6667;
15733.3333 87066.6667;
14666.6667 89083.3333;
13566.6667 87383.3333;
14950.0000 86616.6667;
14950.0000 86616.6667;
14650.0000 86133.3333;
14333.3333 87066.6667;
15133.3333 88850.0000;
15150.0000 88866.6667;
15433.3333 88166.6667;
14050.0000 88400.0000;
14650.0000 88650.0000;
14400.0000 87350.0000;
15766.6667 86183.3333;
15650.0000 86466.6667;
15616.6667 87883.3333;
15166.6667 86916.6667;
15133.3333 87866.6667;
15100.0000 85483.3333;
15033.3333 86883.3333;
14600.0000 87466.6667;
14416.6667 87866.6667;
14383.3333 87466.6667;
13616.6667 87450.0000;
13333.3333 87300.0000;
15216.6667 86916.6667;
13416.6667 87700.0000;
14866.6667 89166.6667;
15800.0000 85766.6667;
13516.6667 87266.6667;
14933.3333 88450.0000;
14733.3333 88900.0000;
14250.0000 86250.0000;
14733.3333 89083.3333;
15200.0000 88666.6667;
14383.3333 89066.6667;
14866.6667 89116.6667;
14866.6667 89116.6667;
15416.6667 88050.0000;
15316.6667 87350.0000;
15150.0000 88266.6667;
15100.0000 88983.3333;
14966.6667 89000.0000;
14950.0000 88816.6667;
14850.0000 86783.3333;
14200.0000 87850.0000;
14066.6667 88050.0000;
13716.6667 87616.6667;
13533.3333 87133.3333;
13383.3333 86766.6667;
13383.3333 86766.6667;
15016.6667 88683.3333;
15033.3333 88700.0000;
14183.3333 87400.0000;
15216.6667 88550.0000;
14883.3333 88866.6667;
14750.0000 88950.0000;
14100.0000 88333.3333;
13783.3333 87466.6667;
13666.6667 87716.6667;
13450.0000 86933.3333;
15666.6667 87900.0000;
15066.6667 87883.3333;
14883.3333 88200.0000;
14833.3333 86633.3333;
14416.6667 87133.3333;
14116.6667 87250.0000;
14066.6667 88716.6667;
13516.6667 87366.6667;
13500.0000 87400.0000;
15150.0000 88766.6667;
15150.0000 88766.6667;
15100.0000 88750.0000;
14916.6667 89050.0000;
14833.3333 88183.3333;
14800.0000 88600.0000;
14783.3333 88200.0000;
14700.0000 87883.3333;
14233.3333 87816.6667;
14100.0000 88066.6667;
13733.3333 87566.6667;
13616.6667 87566.6667;
13233.3333 87033.3333;
14116.6667 87116.6667;
13833.3333 87250.0000;
15250.0000 87516.6667;
14766.6667 86600.0000;
14350.0000 86033.3333;
14066.6667 87883.3333;
13400.0000 87183.3333;
14716.6667 87016.6667;
14700.0000 87950.0000;
14616.6667 87133.3333;
14583.3333 87550.0000;
14500.0000 88200.0000;
14483.3333 88000.0000;
14400.0000 87983.3333;
14133.3333 88633.3333;
14100.0000 87100.0000;
14083.3333 87550.0000;
14066.6667 87850.0000;
14050.0000 86733.3333;
13950.0000 86400.0000;
13933.3333 87166.6667;
13933.3333 86883.3333;
13816.6667 87250.0000;
13700.0000 87433.3333;
13616.6667 87500.0000;
13550.0000 87283.3333;
13516.6667 87300.0000;
15966.6667 84950.0000;
13450.0000 87416.6667;
14116.6667 88566.6667;
13866.6667 87233.3333;
13800.0000 88350.0000;
13733.3333 87566.6667;
13650.0000 87650.0000;
13516.6667 87666.6667;
13716.6667 87583.3333;
13083.3333 87000.0000;
13700.0000 86783.3333;
13383.3333 87083.3333;
15350.0000 88033.3333;
15350.0000 87450.0000;
15166.6667 87700.0000;
15350.0000 88033.3333;
15600.0000 87966.6667;
15350.0000 87450.0000;
15150.0000 87633.3333;
15166.6667 87366.6667;
14133.3333 86300.0000;
14566.6667 88966.6667;
14050.0000 87033.3333;
15633.3333 86050.0000;
15316.6667 87333.3333;
14983.3333 87666.6667;
14766.6667 85716.6667;
14716.6667 87783.3333;
14700.0000 86233.3333;
14666.6667 86783.3333;
14516.6667 87700.0000;
14516.6667 87200.0000;
13966.6667 86700.0000;
13766.6667 87433.3333;
13533.3333 87200.0000;
14983.3333 87933.3333;
15633.3333 86050.0000;
15266.6667 85883.3333;
15283.3333 88033.3333;
14416.6667 89200.0000;
14150.0000 86733.3333;
13966.6667 86450.0000;
13666.6667 87383.3333;
15616.6667 86816.6667;
15200.0000 85400.0000;
15133.3333 88766.6667;
15033.3333 88766.6667;
14233.3333 87300.0000;
14133.3333 88616.6667;
15133.3333 88716.6667;
14650.0000 86233.3333;
13916.6667 87000.0000;
15066.6667 86583.3333;
15833.3333 85150.0000;
15166.6667 86033.3333;
13833.3333 86800.0000;
15000.0000 88316.6667;
14816.6667 87666.6667;
14183.3333 87216.6667;
14116.6667 88716.6667;
13950.0000 87400.0000;
13833.3333 87033.3333;
13766.6667 87266.6667;
13466.6667 86966.6667;
14583.3333 87133.3333;
14333.3333 87733.3333;
14183.3333 87216.6667;
14116.6667 88716.6667;
14116.6667 87133.3333;
14083.3333 87016.6667;
13883.3333 86850.0000;
13866.6667 87200.0000;
13833.3333 87033.3333;
13766.6667 87266.6667;
13566.6667 86950.0000;
13466.6667 86966.6667;
14600.0000 87966.6667;
14466.6667 87100.0000;
14050.0000 87550.0000;
13966.6667 86883.3333;
14633.3333 87866.6667;
15066.6667 88383.3333;
14650.0000 88300.0000;
14416.6667 88966.6667;
14066.6667 86683.3333;
13916.6667 88216.6667;
13783.3333 87283.3333;
13666.6667 87400.0000;
13650.0000 87383.3333;
13416.6667 86916.6667;
13783.3333 88400.0000;
14750.0000 89083.3333;
13716.6667 86900.0000;
13233.3333 87066.6667;
14500.0000 88033.3333;
13666.6667 86950.0000;
13233.3333 87066.6667;
14550.0000 86500.0000;
15366.6667 88216.6667;
13233.3333 87066.6667;
15083.3333 88083.3333;
13800.0000 87233.3333;
14850.0000 87383.3333;
14566.6667 88600.0000;
13233.3333 87066.6667;
13233.3333 87033.3333;
14150.0000 88650.0000;
15633.3333 86033.3333;
15383.3333 88100.0000;
15366.6667 88100.0000;
15366.6667 87000.0000;
15333.3333 88183.3333;
15150.0000 88066.6667;
14916.6667 87916.6667;
14900.0000 88250.0000;
14633.3333 88266.6667;
14450.0000 86766.6667;
14416.6667 88416.6667;
14000.0000 88416.6667;
13800.0000 87233.3333;
13566.6667 87550.0000;
13100.0000 87000.0000;
15783.3333 86800.0000;
15150.0000 88133.3333;
15033.3333 89083.3333;
15000.0000 88266.6667;
14950.0000 87783.3333;
14850.0000 88666.6667;
14800.0000 88950.0000;
14583.3333 87850.0000;
14116.6667 88250.0000;
13800.0000 87283.3333;
13716.6667 87583.3333;
13700.0000 86800.0000;
13683.3333 86833.3333;
13600.0000 87200.0000;
13583.3333 87100.0000;
13516.6667 87150.0000;
13500.0000 87033.3333;
13500.0000 86916.6667;
13466.6667 86833.3333;
13433.3333 87733.3333;
13116.6667 86983.3333;
14833.3333 88766.6667;
15433.3333 86983.3333;
15116.6667 88233.3333;
14500.0000 88900.0000;
14366.6667 87516.6667;
14316.6667 86516.6667;
14133.3333 88416.6667;
15200.0000 87066.6667;
13483.3333 87400.0000;
15150.0000 83683.3333;
13433.3333 87333.3333;
14866.6667 89066.6667;
14816.6667 87000.0000;
14566.6667 86683.3333;
13750.0000 86833.3333;
13516.6667 86933.3333;
14150.0000 87333.3333;
15000.0000 87933.3333;
13883.3333 88400.0000;
13883.3333 88250.0000;
14700.0000 87566.6667;
14250.0000 88666.6667;
14116.6667 88566.6667;
14733.3333 87783.3333;
15183.3333 87016.6667;
14183.3333 88866.6667;
13633.3333 86966.6667;
13816.6667 86800.0000;
14933.3333 89050.0000;
14750.0000 89050.0000;
14133.3333 88416.6667;
15283.3333 88233.3333;
14900.0000 86700.0000;
14650.0000 86900.0000;
14633.3333 88566.6667;
13866.6667 87216.6667;
13516.6667 87016.6667;
13416.6667 87133.3333;
13416.6667 87016.6667;
13266.6667 87050.0000;
13200.0000 87033.3333;
14216.6667 88500.0000;
13700.0000 86933.3333;
13416.6667 86800.0000;
13683.3333 87500.0000;
15050.0000 87666.6667;
15016.6667 88200.0000;
14866.6667 88450.0000;
14800.0000 88250.0000;
14800.0000 87650.0000;
14683.3333 87183.3333;
14316.6667 87200.0000;
14266.6667 87683.3333;
14066.6667 88450.0000;
14050.0000 87183.3333;
13866.6667 87283.3333;
13816.6667 87250.0000;
13800.0000 87250.0000;
13766.6667 87650.0000;
13483.3333 86783.3333;
13433.3333 86733.3333;
13883.3333 87400.0000;
15166.6667 88283.3333;
14466.6667 88600.0000;
13616.6667 87733.3333;
15750.0000 88033.3333;
15550.0000 86683.3333;
14683.3333 87183.3333;
13950.0000 87250.0000;
15333.3333 87000.0000;
14766.6667 88166.6667;
14716.6667 87016.6667;
14700.0000 88683.3333;
14633.3333 88966.6667;
14566.6667 87866.6667;
14466.6667 88883.3333;
14300.0000 87700.0000;
14283.3333 87683.3333;
14116.6667 88316.6667;
14066.6667 88250.0000;
14066.6667 87350.0000;
14033.3333 87116.6667;
14000.0000 86650.0000;
13116.6667 86983.3333;
13650.0000 87300.0000;
13233.3333 87066.6667;
13300.0000 87000.0000;
15166.6667 83683.3333;
14766.6667 87133.3333;
14066.6667 87216.6667;
13516.6667 87033.3333;
14733.3333 88933.3333;
13166.6667 87066.6667;
15583.3333 87883.3333;
14783.3333 88050.0000;
13166.6667 87066.6667;
13600.0000 87716.6667;
15800.0000 85966.6667;
15083.3333 88200.0000;
14566.6667 89250.0000;
14433.3333 87516.6667;
13900.0000 87516.6667;
13816.6667 87250.0000;
13450.0000 87583.3333;
13666.6667 87066.6667;
15116.6667 86433.3333;
14550.0000 86683.3333;
14883.3333 87116.6667;
15450.0000 87066.6667;
13300.0000 86783.3333;
14483.3333 89150.0000;
14066.6667 88050.0000;
14800.0000 88116.6667;
15333.3333 87916.6667;
14900.0000 87200.0000;
14883.3333 86316.6667;
14766.6667 86850.0000;
13933.3333 87216.6667;
13233.3333 87083.3333;
15066.6667 88250.0000;
15016.6667 86133.3333;
14983.3333 87966.6667;
14966.6667 86400.0000;
14683.3333 87616.6667;
15633.3333 87100.0000;
13383.3333 86850.0000;
13416.6667 87100.0000;
16000.0000 85050.0000;
15700.0000 88233.3333;
14983.3333 88250.0000;
14250.0000 88783.3333;
13516.6667 87600.0000;
16016.6667 86016.6667;
14983.3333 86716.6667;
14616.6667 86750.0000;
14766.6667 88950.0000;
13083.3333 87166.6667;
13083.3333 87083.3333;
15733.3333 86883.3333;
15600.0000 87116.6667;
15733.3333 86100.0000;
13566.6667 87033.3333;
14650.0000 88600.0000;
14400.0000 88916.6667;
14400.0000 88916.6667;
14733.3333 88900.0000;
14733.3333 88966.6667;
14733.3333 88900.0000;
13900.0000 87300.0000;
14850.0000 88300.0000;
14066.6667 88533.3333;
13800.0000 87583.3333;
13783.3333 87616.6667;
14000.0000 88300.0000;
14116.6667 88700.0000;
13316.6667 87000.0000;
15150.0000 88283.3333;
14616.6667 87933.3333;
14500.0000 88250.0000;
14416.6667 88150.0000;
13500.0000 86766.6667;
13516.6667 87733.3333;
13233.3333 87000.0000;
13383.3333 86966.6667;
13383.3333 86966.6667;
13750.0000 87650.0000;
14966.6667 87300.0000;
13683.3333 87100.0000;
15116.6667 86983.3333;
14733.3333 87733.3333;
14300.0000 86566.6667;
14900.0000 88050.0000;
13466.6667 86850.0000;
13466.6667 86850.0000;
15366.6667 88216.6667;
15216.6667 87566.6667;
14400.0000 88916.6667;
13583.3333 87116.6667;
15750.0000 84516.6667;
15050.0000 83633.3333;
14966.6667 85083.3333;
15216.6667 83400.0000;
15516.6667 84316.6667;
14600.0000 84600.0000;
15033.3333 84933.3333;
15433.3333 83833.3333;
15083.3333 83550.0000;
15083.3333 83550.0000;
15083.3333 83616.6667;
15283.3333 83850.0000;
15300.0000 84200.0000;
15000.0000 83883.3333;
15033.3333 83266.6667;
15000.0000 83333.3333;
15183.3333 83466.6667;
14900.0000 83816.6667;
14833.3333 83883.3333;
15250.0000 88000.0000;
15383.3333 88016.6667;
15683.3333 87316.6667;
15700.0000 87550.0000;
15700.0000 87550.0000;
15700.0000 87533.3333;
15766.6667 84533.3333;
15350.0000 83716.6667;
15583.3333 87783.3333;
14966.6667 83800.0000;
15316.6667 83583.3333;
15366.6667 83683.3333;
15366.6667 83683.3333;
14750.0000 84083.3333;
14716.6667 84783.3333;
15033.3333 83250.0000;
15100.0000 83333.3333;
15233.3333 83466.6667;
14766.6667 84816.6667;
15200.0000 83433.3333;
14750.0000 84083.3333;
14716.6667 84783.3333;
15300.0000 86583.3333;
14200.0000 88450.0000;
15633.3333 88000.0000;
14716.6667 86083.3333;
16400.0000 86400.0000;
14650.0000 86200.0000;
13733.3333 87566.6667;
15766.6667 86516.6667;
15333.3333 88183.3333;
15083.3333 86350.0000;
14850.0000 86883.3333;
14833.3333 88016.6667;
14716.6667 86650.0000;
14416.6667 89183.3333;
14166.6667 87166.6667;
13983.3333 86400.0000;
14250.0000 86800.0000;
14250.0000 88466.6667;
13866.6667 88316.6667;
14150.0000 88366.6667;
14750.0000 89016.6667;
15116.6667 83666.6667;
14083.3333 86733.3333;
14633.3333 88866.6667;
14633.3333 88650.0000;
14583.3333 86316.6667;
14533.3333 88050.0000;
14400.0000 88633.3333;
14216.6667 86233.3333;
14200.0000 87700.0000;
14083.3333 86733.3333;
13950.0000 87000.0000;
13866.6667 88366.6667;
13866.6667 88316.6667;
13866.6667 88250.0000;
13800.0000 88383.3333;
13683.3333 87133.3333;
13616.6667 87666.6667;
13566.6667 87616.6667;
13900.0000 88016.6667;
13900.0000 88016.6667;
14250.0000 88866.6667;
14483.3333 87150.0000;
14750.0000 87650.0000;
14550.0000 87766.6667;
14533.3333 87733.3333;
15450.0000 86433.3333;
14783.3333 88483.3333;
13766.6667 87000.0000;
14400.0000 88633.3333;
14850.0000 88250.0000;
15166.6667 86866.6667;
15466.6667 87933.3333;
14766.6667 86850.0000;
15083.3333 89083.3333;
15766.6667 86916.6667;
15666.6667 86316.6667;
13933.3333 87350.0000;
14583.3333 86733.3333;
13550.0000 87583.3333;
15683.3333 85950.0000;
14433.3333 88750.0000;
13533.3333 87716.6667;
14916.6667 88883.3333;
14350.0000 86916.6667;
14350.0000 86916.6667;
14266.6667 88833.3333;
13766.6667 87233.3333;
14783.3333 87533.3333;
15266.6667 87033.3333;
14966.6667 87966.6667;
14366.6667 87066.6667;
14133.3333 86783.3333;
13366.6667 87600.0000;
14783.3333 86966.6667;
14783.3333 86966.6667;
14783.3333 87600.0000;
15283.3333 86116.6667;
14716.6667 86800.0000;
15166.6667 87350.0000;
14900.0000 87450.0000;
14533.3333 88883.3333;
13500.0000 87200.0000;
16400.0000 86366.6667;
13550.0000 86933.3333;
13433.3333 87116.6667;
14050.0000 86883.3333;
15100.0000 86100.0000;
16400.0000 86433.3333;
13900.0000 87900.0000;
13483.3333 86783.3333;
13316.6667 87583.3333;
14366.6667 89050.0000;
13650.0000 87366.6667;
13583.3333 87566.6667;
13550.0000 87400.0000;
14066.6667 87266.6667;
15354.4444 88635.5556;
15354.4444 88635.5556;
15033.3333 88466.6667;
14716.6667 88966.6667;
14633.3333 89066.6667;
15283.3333 86966.6667;
14116.6667 88733.3333;
14066.6667 87266.6667;
15316.6667 88233.3333;
15283.3333 87766.6667;
14333.3333 88600.0000;
14116.6667 88733.3333;
14066.6667 87266.6667;
14033.3333 88400.0000;
13816.6667 86733.3333;
13766.6667 87300.0000;
13583.3333 86883.3333;
13466.6667 87033.3333;
13250.0000 87100.0000;
16283.3333 86600.0000;
16283.3333 86600.0000;
14566.6667 86833.3333;
13466.6667 87150.0000;
14833.3333 87050.0000;
14450.0000 88750.0000;
14766.6667 88933.3333;
14000.0000 88350.0000;
14000.0000 88350.0000;
14133.3333 88383.3333;
15416.6667 86466.6667;
15283.3333 86366.6667;
14566.6667 88866.6667;
13966.6667 87300.0000;
13633.3333 86950.0000;
14483.3333 87150.0000;
14950.0000 88433.3333;
14983.3333 88616.6667;
14566.6667 88866.6667;
15383.3333 87166.6667;
15033.3333 88100.0000;
14983.3333 87216.6667;
15033.3333 88100.0000;
15016.6667 88766.6667;
14983.3333 87216.6667;
13800.0000 86766.6667;
15016.6667 88766.6667;
14850.0000 86433.3333;
15383.3333 87166.6667;
14883.3333 88733.3333;
15150.0000 88166.6667;
15416.6667 87983.3333;
15000.0000 88383.3333;
15583.3333 87350.0000;
15583.3333 87250.0000;
15033.3333 88800.0000;
14450.0000 87566.6667;
14950.0000 88300.0000;
13716.6667 87616.6667;
13400.0000 86850.0000;
13650.0000 87316.6667;
14850.0000 86033.3333;
13533.3333 87433.3333;
15483.3333 86483.3333;
14933.3333 87800.0000;
14900.0000 86183.3333;
14883.3333 88600.0000;
14633.3333 88633.3333;
14016.6667 87166.6667;
13950.0000 87300.0000;
13866.6667 87716.6667;
13866.6667 87300.0000;
13833.3333 86716.6667;
13766.6667 87433.3333;
13516.6667 87466.6667;
15183.3333 87050.0000;
14983.3333 87383.3333;
14783.3333 87766.6667;
14733.3333 87600.0000;
14450.0000 87566.6667;
14333.3333 87516.6667;
14250.0000 87083.3333;
14066.6667 87850.0000;
14033.3333 87066.6667;
13850.0000 87033.3333;
13800.0000 86850.0000;
13716.6667 87283.3333;
13616.6667 87266.6667;
13383.3333 86866.6667;
13250.0000 86950.0000;
14466.6667 88616.6667;
13950.0000 88383.3333;
13916.6667 87716.6667;
13800.0000 88366.6667;
13516.6667 86883.3333;
13700.0000 86833.3333;
14950.0000 88300.0000;
15016.6667 86033.3333;
14483.3333 87983.3333;
14266.6667 87700.0000;
13550.0000 87766.6667;
15666.6667 85716.6667;
14966.6667 88866.6667;
14600.0000 89133.3333;
15950.0000 85966.6667;
15250.0000 85983.3333;
14750.0000 88233.3333;
13500.0000 86900.0000;
13433.3333 87183.3333;
13366.6667 86833.3333;
14116.6667 88083.3333;
14083.3333 88316.6667;
14700.0000 87983.3333;
14383.3333 89066.6667;
14933.3333 88016.6667;
14866.6667 89066.6667;
15616.6667 87083.3333;
15600.0000 86366.6667;
14950.0000 88433.3333;
16400.0000 86366.6667;
15066.6667 86466.6667;
15050.0000 86500.0000;
13433.3333 87183.3333;
13700.0000 87066.6667;
14700.0000 85900.0000;
14700.0000 87583.3333;
14516.6667 87050.0000;
13750.0000 87133.3333;
15966.6667 84950.0000;
15166.6667 83466.6667;
15433.3333 86433.3333;
14550.0000 87316.6667;
15016.6667 87233.3333;
14933.3333 88333.3333;
14400.0000 87183.3333;
15750.0000 85883.3333;
14400.0000 87183.3333;
14700.0000 88000.0000;
14433.3333 87616.6667;
14083.3333 86916.6667;
13500.0000 87433.3333;
14816.6667 88566.6667;
14433.3333 87616.6667;
13500.0000 87433.3333;
15366.6667 87916.6667;
14916.6667 87900.0000;
13816.6667 86783.3333;
14766.6667 87133.3333;
15100.0000 88733.3333;
14883.3333 88550.0000;
14850.0000 88683.3333;
14500.0000 87116.6667;
14183.3333 88650.0000;
14166.6667 88350.0000;
13900.0000 86700.0000;
13483.3333 87166.6667;
13350.0000 87150.0000;
14750.0000 87550.0000;
15450.0000 86800.0000;
15354.4444 88635.5556;
14600.0000 87550.0000;
14716.6667 88500.0000;
14716.6667 88500.0000;
13383.3333 87116.6667;
15150.0000 86316.6667;
15150.0000 86316.6667;
14033.3333 87183.3333;
14016.6667 86666.6667;
14950.0000 88333.3333;
14933.3333 87400.0000;
14350.0000 87150.0000;
13916.6667 87233.3333;
13816.6667 88366.6667;
15900.0000 84816.6667;
13850.0000 88350.0000;
13850.0000 88350.0000;
13450.0000 87166.6667;
15566.6667 86166.6667;
15566.6667 86166.6667;
14183.3333 88783.3333;
13316.6667 87700.0000;
13316.6667 87700.0000;
13316.6667 87666.6667;
13650.0000 86866.6667;
14833.3333 88783.3333;
13866.6667 87750.0000;
15000.0000 83233.3333;
13600.0000 87600.0000;
15916.6667 85216.6667;
15950.0000 85183.3333;
15800.0000 86050.0000;
13950.0000 87283.3333;
14866.6667 88983.3333;
15000.0000 83233.3333;
14650.0000 84316.6667;
14316.6667 88166.6667;
14833.3333 88783.3333;
14133.3333 87850.0000;
14133.3333 87850.0000;
13183.3333 87133.3333;
15466.6667 88016.6667;
14766.6667 89100.0000;
13266.6667 87300.0000;
14450.0000 87266.6667;
14450.0000 89016.6667;
14950.0000 89016.6667;
15350.0000 88016.6667;
13783.3333 87233.3333;
13783.3333 87233.3333;
15483.3333 87833.3333;
15466.6667 87850.0000;
15033.3333 86716.6667;
15033.3333 86716.6667;
15033.3333 86716.6667;
14066.6667 88050.0000;
14666.6667 87750.0000;
15000.0000 83233.3333;
15766.6667 86100.0000;
15766.6667 86100.0000;
15666.6667 86133.3333;
15650.0000 86450.0000;
14333.3333 87216.6667;
15066.6667 88216.6667;
15200.0000 84083.3333;
14983.3333 88416.6667;
15000.0000 83883.3333;
15266.6667 86900.0000;
15066.6667 88333.3333;
14250.0000 87666.6667;
13766.6667 87466.6667;
13766.6667 87466.6667;
14983.3333 88216.6667;
15483.3333 83916.6667;
13700.0000 86816.6667;
14883.3333 88533.3333;
14666.6667 84383.3333;
15800.0000 85900.0000;
13550.0000 87100.0000;
14133.3333 88250.0000;
13866.6667 87333.3333;
13550.0000 87100.0000;
14133.3333 88250.0000;
13866.6667 87333.3333;
14516.6667 87716.6667;
15100.0000 88266.6667;
14350.0000 87866.6667;
15100.0000 88266.6667;
14616.6667 84433.3333;
15483.3333 84466.6667;
15850.0000 84616.6667;
14616.6667 84433.3333;
14966.6667 85000.0000;
14966.6667 85000.0000;
15183.3333 84633.3333;
15483.3333 84466.6667;
14050.0000 87050.0000;
14333.3333 86883.3333;
15066.6667 86083.3333;
13850.0000 87283.3333;
15266.6667 87033.3333;
14133.3333 86783.3333;
14050.0000 87050.0000;
14883.3333 87366.6667;
14300.0000 88566.6667;
13950.0000 87733.3333;
13916.6667 87883.3333;
14600.0000 87750.0000;
13716.6667 86866.6667;
15183.3333 87016.6667;
13733.3333 87066.6667;
13950.0000 87733.3333;
14850.0000 85850.0000;
14083.3333 86700.0000;
15433.3333 86900.0000;
14883.3333 86300.0000;
14700.0000 87266.6667;
14700.0000 86350.0000;
14366.6667 87866.6667;
14000.0000 87233.3333;
13950.0000 87733.3333;
13650.0000 87666.6667;
13550.0000 87783.3333;
15133.3333 88050.0000;
14200.0000 87666.6667;
14833.3333 88183.3333;
14233.3333 88766.6667;
14233.3333 88766.6667;
15250.0000 88233.3333;
14633.3333 88133.3333;
13500.0000 87116.6667;
13500.0000 87116.6667;
13733.3333 87616.6667;
13716.6667 87616.6667;
13733.3333 87616.6667;
13716.6667 87616.6667;
14100.0000 88266.6667;
13600.0000 86966.6667;
13583.3333 87450.0000;
13433.3333 86966.6667;
15033.3333 83700.0000;
14133.3333 86783.3333;
15483.3333 83916.6667;
14133.3333 86783.3333;
14300.0000 88950.0000;
13433.3333 86983.3333;
13433.3333 86983.3333;
13300.0000 87033.3333;
15483.3333 83916.6667;
15483.3333 83916.6667;
14216.6667 87250.0000;
15700.0000 86233.3333;
15050.0000 85250.0000;
14883.3333 88733.3333;
13700.0000 87633.3333;
13866.6667 86600.0000;
15066.6667 87316.6667;
14666.6667 88050.0000;
14566.6667 87716.6667;
15316.6667 88400.0000;
15833.3333 86016.6667;
15633.3333 87116.6667;
15316.6667 88400.0000;
15016.6667 87933.3333;
14950.0000 86683.3333;
14616.6667 87150.0000;
14133.3333 86616.6667;
14100.0000 86800.0000;
15833.3333 86016.6667;
15766.6667 85883.3333;
15716.6667 87216.6667;
15166.6667 87166.6667;
14766.6667 88933.3333;
14566.6667 88800.0000;
14650.0000 87216.6667;
14633.3333 88666.6667;
15366.6667 88033.3333;
14883.3333 86966.6667;
14416.6667 88783.3333;
13950.0000 86883.3333;
15516.6667 86366.6667;
14566.6667 88800.0000;
15716.6667 87366.6667;
15716.6667 87366.6667;
15666.6667 87383.3333;
15650.0000 87950.0000;
14466.6667 87066.6667;
14383.3333 89200.0000;
14916.6667 87950.0000;
14850.0000 86216.6667;
14466.6667 88083.3333;
13900.0000 87633.3333;
13716.6667 87583.3333;
13483.3333 87050.0000;
13300.0000 87033.3333;
13650.0000 87000.0000;
13600.0000 87016.6667;
14566.6667 86900.0000;
13666.6667 87483.3333;
13600.0000 87716.6667;
13350.0000 87200.0000;
13850.0000 87250.0000;
13600.0000 87716.6667;
13650.0000 87000.0000;
15000.0000 88300.0000;
13850.0000 87250.0000;
13583.3333 87033.3333;
14900.0000 86216.6667;
14133.3333 87166.6667;
13583.3333 87033.3333;
15216.6667 88083.3333;
14533.3333 88616.6667;
16283.3333 86583.3333;
13533.3333 87433.3333;
14950.0000 88433.3333;
14033.3333 88666.6667;
15283.3333 87283.3333;
14916.6667 87950.0000;
14366.6667 88633.3333;
14166.6667 88466.6667;
13933.3333 88366.6667;
13866.6667 88233.3333;
13766.6667 87550.0000;
13716.6667 87616.6667;
13533.3333 87433.3333;
14833.3333 87533.3333;
13966.6667 88250.0000;
13916.6667 88216.6667;
13333.3333 87250.0000;
13950.0000 87050.0000;
13166.6667 87150.0000;
14650.0000 86133.3333;
14633.3333 88616.6667;
14016.6667 88416.6667;
13966.6667 87000.0000;
13100.0000 87166.6667;
13133.3333 87183.3333;
15050.0000 88750.0000;
13400.0000 87733.3333;
14650.0000 86166.6667;
14650.0000 85950.0000;
13166.6667 87216.6667;
15400.0000 87033.3333;
13216.6667 87350.0000;
14650.0000 87083.3333;
13166.6667 87400.0000;
13966.6667 86583.3333;
14150.0000 88433.3333;
14850.0000 89200.0000;
15066.6667 88800.0000;
13500.0000 86916.6667;
13250.0000 87650.0000;
14650.0000 86150.0000;
14433.3333 89033.3333;
14633.3333 88616.6667;
14450.0000 88450.0000;
13200.0000 87133.3333;
13250.0000 87333.3333;
14733.3333 88800.0000;
13816.6667 88383.3333;
15283.3333 87283.3333;
15050.0000 86616.6667;
15300.0000 87300.0000;
15233.3333 87350.0000;
14600.0000 87650.0000;
15033.3333 87350.0000;
15033.3333 87350.0000;
14333.3333 87916.6667;
14366.6667 88983.3333;
15800.0000 85216.6667;
14600.0000 87866.6667;
13583.3333 87066.6667;
14883.3333 86300.0000;
15050.0000 87200.0000;
14300.0000 88083.3333;
14233.3333 88116.6667;
14883.3333 88533.3333;
15066.6667 88650.0000;
13733.3333 87016.6667;
13733.3333 87016.6667;
15250.0000 88100.0000;
13116.6667 87400.0000;
13616.6667 87033.3333;
13883.3333 86933.3333;
14766.6667 87550.0000;
15133.3333 88316.6667;
13716.6667 87300.0000;
14683.3333 86916.6667;
14000.0000 88166.6667;
13700.0000 86816.6667;
14000.0000 88166.6667;
14666.6667 88533.3333;
14016.6667 87616.6667;
13933.3333 87333.3333;
13733.3333 87566.6667;
14966.6667 85000.0000;
14533.3333 88216.6667;
13866.6667 87366.6667;
14333.3333 88000.0000;
14033.3333 88100.0000;
15500.0000 87716.6667;
15150.0000 87883.3333;
15150.0000 87883.3333;
15450.0000 87500.0000;
15150.0000 87883.3333;
14866.6667 86966.6667;
14866.6667 86966.6667;
15383.3333 85800.0000;
13883.3333 87233.3333;
13866.6667 87216.6667;
14716.6667 86833.3333;
14033.3333 86366.6667;
15233.3333 86066.6667;
13950.0000 86650.0000;
13383.3333 86850.0000;
15466.6667 88150.0000;
15033.3333 86516.6667;
14916.6667 88066.6667;
14750.0000 89033.3333;
14666.6667 87100.0000;
13700.0000 87383.3333;
13683.3333 87433.3333;
13666.6667 86983.3333;
13566.6667 87200.0000;
13483.3333 87433.3333;
14550.0000 88866.6667;
13500.0000 86916.6667;
14333.3333 88600.0000;
14900.0000 86316.6667;
14766.6667 87133.3333;
14666.6667 87100.0000;
14666.6667 86933.3333;
14583.3333 86266.6667;
14316.6667 87033.3333;
13866.6667 87300.0000;
13800.0000 87050.0000;
13400.0000 87033.3333;
14333.3333 88600.0000;
13400.0000 87033.3333;
15083.3333 88050.0000;
15316.6667 85866.6667;
14200.0000 87950.0000;
14200.0000 87850.0000;
14116.6667 88383.3333;
13966.6667 88283.3333;
13866.6667 87300.0000;
13600.0000 87400.0000;
13300.0000 86950.0000;
15416.6667 84433.3333;
14133.3333 88516.6667;
14133.3333 88416.6667;
14133.3333 88416.6667;
14916.6667 87216.6667;
14016.6667 88533.3333;
14200.0000 88633.3333;
14166.6667 88516.6667;
15183.3333 87100.0000;
14116.6667 88616.6667;
14416.6667 87983.3333;
15083.3333 86383.3333;
13866.6667 87366.6667;
14133.3333 88516.6667;
13966.6667 88433.3333;
14100.0000 87900.0000;
14383.3333 87900.0000;
14333.3333 88000.0000;
14100.0000 88133.3333;
14100.0000 88133.3333;
15383.3333 88233.3333;
15350.0000 88200.0000;
15583.3333 86083.3333;
15350.0000 88200.0000;
15383.3333 88233.3333;
15300.0000 83533.3333;
14600.0000 87650.0000;
13583.3333 87516.6667;
14100.0000 87900.0000;
14100.0000 87900.0000;
14150.0000 87250.0000;
14216.6667 87916.6667;
13583.3333 87616.6667;
13316.6667 86983.3333;
13316.6667 86983.3333;
15333.3333 84216.6667;
14000.0000 88266.6667;
15383.3333 87933.3333;
15366.6667 87983.3333;
14233.3333 86883.3333;
14750.0000 89033.3333;
13550.0000 87050.0000;
13483.3333 87700.0000;
15366.6667 87966.6667;
15133.3333 88433.3333;
14766.6667 86950.0000;
14616.6667 86900.0000;
14916.6667 86333.3333;
14183.3333 88816.6667;
13933.3333 87333.3333;
13933.3333 87333.3333;
14400.0000 89116.6667;
15200.0000 87250.0000;
13583.3333 86900.0000;
13716.6667 87533.3333;
13733.3333 87016.6667;
13716.6667 86783.3333;
13700.0000 86783.3333;
14683.3333 87833.3333;
14683.3333 87833.3333;
14716.6667 87850.0000;
14716.6667 87850.0000;
14683.3333 87833.3333;
14716.6667 87850.0000;
14716.6667 87850.0000;
14983.3333 87700.0000;
14766.6667 86950.0000;
14983.3333 87700.0000;
14016.6667 88533.3333;
14316.6667 87916.6667;
13483.3333 86983.3333;
15816.6667 85166.6667;
15650.0000 86083.3333;
14933.3333 86233.3333;
14083.3333 86850.0000;
13866.6667 88316.6667;
15650.0000 86083.3333;
14383.3333 88250.0000;
14600.0000 87300.0000;
14200.0000 88633.3333;
14600.0000 88583.3333;
14550.0000 87100.0000;
14383.3333 88250.0000;
14383.3333 88250.0000;
14716.6667 88600.0000;
14133.3333 88366.6667;
13350.0000 86833.3333;
15116.6667 83300.0000;
15016.6667 83283.3333;
14366.6667 88200.0000;
14250.0000 87250.0000;
15150.0000 87883.3333;
14716.6667 88600.0000;
14733.3333 88600.0000;
14716.6667 88600.0000;
15533.3333 88150.0000;
15150.0000 88100.0000;
14350.0000 88633.3333;
14350.0000 88633.3333;
16400.0000 85900.0000;
13500.0000 87400.0000;
13900.0000 86783.3333;
13550.0000 86966.6667;
13400.0000 87316.6667;
14033.3333 87716.6667;
15666.6667 87833.3333;
15500.0000 87833.3333;
15050.0000 86833.3333;
14883.3333 86750.0000;
14533.3333 87100.0000;
14033.3333 87716.6667;
13916.6667 88200.0000;
13800.0000 88350.0000;
13233.3333 87000.0000;
15700.0000 87833.3333;
13500.0000 87400.0000;
15700.0000 87833.3333;
14716.6667 87016.6667;
13500.0000 87400.0000;
14666.6667 86383.3333;
15216.6667 85566.6667;
15000.0000 85033.3333;
15216.6667 85566.6667;
14950.0000 86766.6667;
14766.6667 86566.6667;
15116.6667 83300.0000;
14150.0000 88650.0000;
14133.3333 88366.6667;
14683.3333 88816.6667;
14466.6667 88916.6667;
14150.0000 88650.0000;
15183.3333 84633.3333;
15183.3333 84633.3333;
13250.0000 87616.6667;
14033.3333 88466.6667;
14516.6667 88850.0000;
13883.3333 87233.3333;
14150.0000 88433.3333;
15000.0000 88233.3333;
14950.0000 88233.3333;
14733.3333 88916.6667;
14150.0000 87733.3333;
14950.0000 88233.3333;
13966.6667 87300.0000;
13933.3333 86450.0000;
13750.0000 87550.0000;
13583.3333 87050.0000;
13433.3333 87183.3333;
13400.0000 86800.0000;
13350.0000 86883.3333;
13750.0000 87550.0000;
14000.0000 88050.0000;
14466.6667 88916.6667;
14216.6667 88416.6667;
14350.0000 88666.6667;
14350.0000 88666.6667;
14133.3333 88416.6667;
14350.0000 88666.6667;
14400.0000 88733.3333;
14400.0000 88733.3333;
14150.0000 88650.0000;
14150.0000 88650.0000;
14800.0000 88450.0000;
14116.6667 88550.0000;
14016.6667 88533.3333;
14116.6667 88550.0000;
14150.0000 88650.0000;
15000.0000 88683.3333;
14483.3333 88800.0000;
14100.0000 88633.3333;
14333.3333 87916.6667;
13766.6667 87466.6667;
13766.6667 87466.6667;
14750.0000 88583.3333;
15016.6667 88233.3333;
15016.6667 87933.3333;
14183.3333 88350.0000;
15050.0000 86050.0000;
14616.6667 86900.0000;
14116.6667 87833.3333;
14116.6667 87833.3333;
15366.6667 87666.6667;
14266.6667 86200.0000;
14216.6667 88816.6667;
14133.3333 88416.6667;
14100.0000 88350.0000;
14083.3333 88700.0000;
14050.0000 88600.0000;
14050.0000 88266.6667;
13950.0000 87083.3333;
13900.0000 87133.3333;
13866.6667 88300.0000;
13766.6667 87466.6667;
13483.3333 86916.6667;
13366.6667 86916.6667;
13350.0000 86833.3333;
13266.6667 87033.3333;
13900.0000 87133.3333;
15216.6667 86866.6667;
15916.6667 85866.6667;
15566.6667 87733.3333;
15500.0000 87716.6667;
14533.3333 86816.6667;
15416.6667 84433.3333;
15433.3333 87016.6667;
15916.6667 86150.0000;
14683.3333 86816.6667;
14633.3333 88500.0000;
14233.3333 87066.6667;
14050.0000 86833.3333;
13516.6667 87516.6667;
14100.0000 86933.3333;
14466.6667 88633.3333;
15033.3333 86900.0000;
14100.0000 88533.3333;
13833.3333 87533.3333;
13583.3333 87516.6667;
13216.6667 87016.6667;
13216.6667 87000.0000;
14666.6667 88533.3333;
14150.0000 87700.0000;
13983.3333 88283.3333;
14933.3333 87466.6667;
14900.0000 86250.0000;
14750.0000 88766.6667;
14466.6667 87850.0000;
14383.3333 87333.3333;
14150.0000 87700.0000;
14100.0000 87150.0000;
14050.0000 88250.0000;
13966.6667 87366.6667;
13883.3333 88250.0000;
13850.0000 87700.0000;
15150.0000 88283.3333;
15366.6667 87983.3333;
15016.6667 88150.0000;
14933.3333 86400.0000;
14716.6667 87633.3333;
14483.3333 87600.0000;
14250.0000 87083.3333;
14200.0000 87100.0000;
15366.6667 87983.3333;
15016.6667 88150.0000;
14933.3333 86400.0000;
14716.6667 87633.3333;
14483.3333 87600.0000;
14250.0000 87083.3333;
13916.6667 87700.0000;
15900.0000 85050.0000;
15166.6667 83483.3333;
15100.0000 87333.3333;
15033.3333 87350.0000;
15050.0000 84950.0000;
15200.0000 88716.6667;
16300.0000 86583.3333;
14400.0000 88866.6667;
14900.0000 87950.0000;
15816.6667 86666.6667;
13833.3333 86500.0000;
14216.6667 87900.0000;
13833.3333 86500.0000;
13933.3333 87350.0000;
13900.0000 87300.0000;
14783.3333 88800.0000;
14483.3333 89066.6667;
14150.0000 87866.6667;
13200.0000 87000.0000;
13816.6667 87700.0000;
15100.0000 88416.6667;
14933.3333 88316.6667;
14583.3333 88583.3333;
15133.3333 87616.6667;
15133.3333 87616.6667;
14916.6667 89033.3333;
14750.0000 88083.3333;
15716.6667 86883.3333;
15716.6667 86883.3333;
15516.6667 86216.6667;
15516.6667 86216.6667;
14116.6667 87833.3333;
15354.4444 88635.5556;
13766.6667 87600.0000;
15600.0000 87233.3333;
15083.3333 88783.3333;
13583.3333 87616.6667;
14833.3333 86166.6667;
13800.0000 86533.3333;
14800.0000 87800.0000;
16300.0000 86633.3333;
15700.0000 86283.3333;
14100.0000 88733.3333;
14716.6667 89050.0000;
16300.0000 86633.3333;
14316.6667 87050.0000;
14833.3333 87633.3333;
14116.6667 88316.6667;
13433.3333 87183.3333;
14066.6667 87566.6667;
13983.3333 87950.0000;
15000.0000 87200.0000;
13316.6667 87583.3333;
14883.3333 88233.3333;
14816.6667 87000.0000;
13916.6667 86983.3333;
13366.6667 87050.0000;
13116.6667 86983.3333;
15633.3333 87050.0000;
15666.6667 87100.0000;
15666.6667 87116.6667;
13350.0000 86883.3333;
16350.0000 86433.3333;
16350.0000 86433.3333;
14450.0000 88616.6667;
14533.3333 89083.3333;
14450.0000 88616.6667;
15850.0000 85583.3333;
14566.6667 88616.6667;
15633.3333 87816.6667;
15700.0000 85783.3333;
15700.0000 87666.6667;
16283.3333 86616.6667;
15033.3333 88833.3333;
14066.6667 87983.3333;
14016.6667 87966.6667;
13850.0000 88366.6667;
14400.0000 87400.0000;
15883.3333 84683.3333;
15533.3333 86316.6667;
15733.3333 87266.6667;
15600.0000 87250.0000;
15733.3333 87266.6667;
15600.0000 87250.0000;
15550.0000 86283.3333;
15183.3333 88400.0000;
15133.3333 88183.3333;
15050.0000 89016.6667;
14733.3333 89150.0000;
14416.6667 86116.6667;
14333.3333 86883.3333;
14283.3333 88816.6667;
14283.3333 87566.6667;
14216.6667 87233.3333;
14100.0000 87783.3333;
14083.3333 87183.3333;
15483.3333 87866.6667;
14066.6667 86950.0000;
16383.3333 86400.0000;
16383.3333 86400.0000;
15450.0000 87683.3333;
15416.6667 87850.0000;
15450.0000 87700.0000;
15383.3333 87816.6667;
15550.0000 87716.6667;
15616.6667 86383.3333;
15416.6667 87983.3333;
14716.6667 87533.3333;
14533.3333 86850.0000;
15783.3333 85700.0000;
15150.0000 88233.3333;
15883.3333 86266.6667;
15883.3333 85433.3333;
15883.3333 86266.6667;
14850.0000 87900.0000;
15366.6667 88050.0000;
14133.3333 88333.3333;
13500.0000 87616.6667;
13383.3333 87566.6667;
15850.0000 87700.0000;
14383.3333 87133.3333;
14000.0000 86400.0000;
15783.3333 84600.0000;
14133.3333 88333.3333;
14316.6667 88683.3333;
14216.6667 88050.0000;
14316.6667 88683.3333;
14983.3333 88216.6667;
14733.3333 88600.0000;
15050.0000 86350.0000;
14983.3333 88216.6667;
14733.3333 88600.0000;
14066.6667 87033.3333;
13916.6667 87916.6667;
13583.3333 87516.6667;
13516.6667 87483.3333;
15300.0000 86533.3333;
14716.6667 88816.6667;
14666.6667 88516.6667;
14150.0000 88516.6667;
13550.0000 87250.0000;
14733.3333 87366.6667;
15183.3333 88783.3333;
15066.6667 87216.6667;
14000.0000 87566.6667;
13850.0000 87016.6667;
13733.3333 87650.0000;
13816.6667 87700.0000;
14600.0000 86200.0000;
13683.3333 86816.6667;
15900.0000 86233.3333;
15716.6667 87200.0000;
15100.0000 87200.0000;
15216.6667 86883.3333;
14716.6667 88416.6667;
13950.0000 86350.0000;
13833.3333 86733.3333;
13716.6667 87066.6667;
14166.6667 86683.3333;
13616.6667 87533.3333;
14183.3333 88616.6667;
14750.0000 87066.6667;
14750.0000 87066.6667;
13466.6667 87083.3333;
14666.6667 87100.0000;
14350.0000 88850.0000;
13750.0000 87550.0000;
14733.3333 86100.0000;
14733.3333 86100.0000;
14133.3333 88550.0000;
14466.6667 87066.6667;
14416.6667 87100.0000;
14550.0000 87316.6667;
14233.3333 88466.6667;
15666.6667 86533.3333;
13483.3333 87133.3333;
15816.6667 86683.3333;
13616.6667 86916.6667;
15066.6667 86700.0000;
14383.3333 86766.6667;
14116.6667 87900.0000;
13433.3333 87100.0000;
14466.6667 88683.3333;
14500.0000 87116.6667;
13733.3333 87200.0000;
14350.0000 87283.3333;
14650.0000 86866.6667;
13833.3333 87300.0000;
13733.3333 87200.0000;
15050.0000 88333.3333;
14083.3333 87366.6667;
16033.3333 85966.6667;
14950.0000 86616.6667;
14650.0000 86133.3333;
13816.6667 87616.6667;
14950.0000 88450.0000;
14516.6667 87200.0000;
14266.6667 86883.3333;
14200.0000 87416.6667;
14566.6667 88883.3333;
15233.3333 86050.0000;
14000.0000 87150.0000;
15233.3333 86050.0000;
14816.6667 86566.6667;
15050.0000 88250.0000;
14250.0000 88783.3333;
13483.3333 87666.6667;
14700.0000 88550.0000;
13966.6667 87383.3333;
13966.6667 87300.0000;
13766.6667 87466.6667;
13683.3333 86800.0000;
13550.0000 86900.0000;
14116.6667 88666.6667;
13483.3333 87616.6667;
15200.0000 88800.0000;
14883.3333 88800.0000;
14683.3333 88100.0000;
14716.6667 86316.6667;
15300.0000 87933.3333;
15066.6667 86516.6667;
14833.3333 86800.0000;
15150.0000 87083.3333;
15033.3333 88600.0000;
14966.6667 87433.3333;
14716.6667 86316.6667;
14666.6667 88066.6667;
14583.3333 88600.0000;
14583.3333 86200.0000;
14383.3333 86750.0000;
14316.6667 88916.6667;
14283.3333 86966.6667;
14250.0000 88783.3333;
14150.0000 87633.3333;
14100.0000 86433.3333;
13966.6667 86866.6667;
13950.0000 87400.0000;
13850.0000 87000.0000;
13800.0000 87550.0000;
13766.6667 86933.3333;
13300.0000 86766.6667;
14733.3333 87916.6667;
14000.0000 86850.0000;
15016.6667 88950.0000;
14816.6667 89133.3333;
14283.3333 88033.3333;
14033.3333 86366.6667;
14016.6667 86616.6667;
13383.3333 87016.6667;
13333.3333 87133.3333;
15500.0000 88166.6667;
15866.6667 86033.3333;
15800.0000 86550.0000;
15616.6667 87433.3333;
15533.3333 86050.0000;
15500.0000 88166.6667;
15416.6667 87983.3333;
15200.0000 87350.0000;
15150.0000 88133.3333;
15066.6667 88333.3333;
15033.3333 89016.6667;
15033.3333 88033.3333;
15016.6667 87850.0000;
15016.6667 87483.3333;
15000.0000 88000.0000;
14983.3333 88316.6667;
14966.6667 89133.3333;
14966.6667 88233.3333;
14966.6667 87350.0000;
14916.6667 86633.3333;
14883.3333 88850.0000;
14800.0000 88783.3333;
14800.0000 87416.6667;
14766.6667 86866.6667;
14716.6667 87300.0000;
14700.0000 88483.3333;
14683.3333 88583.3333;
14666.6667 88700.0000;
14600.0000 88833.3333;
14600.0000 87900.0000;
14566.6667 87116.6667;
14450.0000 87950.0000;
14300.0000 88500.0000;
14266.6667 88716.6667;
14250.0000 87050.0000;
14216.6667 88933.3333;
14150.0000 86750.0000;
14116.6667 87866.6667;
14100.0000 88766.6667;
14100.0000 88750.0000;
14050.0000 88550.0000;
13950.0000 88250.0000;
13866.6667 86600.0000;
13850.0000 87666.6667;
13816.6667 87183.3333;
13766.6667 86833.3333;
13750.0000 87416.6667;
13683.3333 87466.6667;
13683.3333 87133.3333;
13633.3333 87316.6667;
13583.3333 87750.0000;
13583.3333 87100.0000;
13583.3333 86966.6667;
13500.0000 86833.3333;
13466.6667 87700.0000;
13383.3333 87216.6667;
13100.0000 87000.0000;
15150.0000 88416.6667;
15400.0000 88100.0000;
15516.6667 88050.0000;
15716.6667 86533.3333;
15516.6667 88050.0000;
15083.3333 88366.6667;
15066.6667 88333.3333;
14916.6667 86350.0000;
14650.0000 88966.6667;
14200.0000 88416.6667;
14116.6667 87866.6667;
14066.6667 88450.0000;
13666.6667 87050.0000;
13200.0000 87050.0000;
13500.0000 86833.3333;
13466.6667 87000.0000;
14066.6667 86366.6667;
15066.6667 88700.0000;
14600.0000 87300.0000;
14066.6667 86366.6667;
14016.6667 87033.3333;
14066.6667 87933.3333;
13850.0000 86533.3333;
14600.0000 88233.3333;
14400.0000 87783.3333;
14333.3333 88200.0000;
14066.6667 87933.3333;
14000.0000 87033.3333;
13750.0000 87666.6667;
14116.6667 88583.3333;
13533.3333 86933.3333;
14333.3333 89016.6667;
15983.3333 85150.0000;
14416.6667 89100.0000;
14333.3333 88650.0000;
13300.0000 86950.0000;
13933.3333 88300.0000;
13600.0000 87700.0000;
13483.3333 87633.3333;
14983.3333 88900.0000;
14100.0000 87666.6667;
14050.0000 88416.6667;
14050.0000 88116.6667;
13816.6667 87300.0000;
14850.0000 88833.3333;
14483.3333 86366.6667;
14633.3333 87750.0000;
14600.0000 88250.0000;
13383.3333 86983.3333;
13183.3333 87050.0000;
14850.0000 85833.3333;
14600.0000 87300.0000;
13583.3333 87116.6667;
15850.0000 85216.6667;
15266.6667 88083.3333;
15166.6667 86200.0000;
15050.0000 87650.0000;
14483.3333 88266.6667;
14300.0000 86533.3333;
14383.3333 88716.6667;
15150.0000 86833.3333;
15083.3333 86650.0000;
14650.0000 87650.0000;
14050.0000 86583.3333;
14133.3333 88733.3333;
13783.3333 88400.0000;
13650.0000 87066.6667;
13500.0000 87533.3333;
13616.6667 87066.6667;
14733.3333 86250.0000;
13666.6667 87350.0000;
15900.0000 85283.3333;
15733.3333 86416.6667;
15400.0000 87066.6667;
15383.3333 88183.3333;
15266.6667 88033.3333;
15500.0000 86466.6667;
15266.6667 86900.0000;
14966.6667 87450.0000;
13666.6667 87350.0000;
13800.0000 87300.0000;
14816.6667 87500.0000;
13616.6667 87716.6667;
13616.6667 87516.6667;
14150.0000 87066.6667;
14133.3333 87150.0000;
14850.0000 86350.0000;
13616.6667 87516.6667;
15150.0000 88283.3333;
15166.6667 87333.3333;
15100.0000 88166.6667;
15083.3333 86350.0000;
14916.6667 88716.6667;
14916.6667 88450.0000;
14816.6667 87500.0000;
14750.0000 87650.0000;
14416.6667 87250.0000;
14383.3333 87783.3333;
13900.0000 88316.6667;
13866.6667 86833.3333;
13783.3333 87266.6667;
13783.3333 87250.0000;
13600.0000 86916.6667;
13583.3333 87050.0000;
13483.3333 87133.3333;
13316.6667 87066.6667;
13216.6667 86983.3333;
15300.0000 88516.6667;
15083.3333 88700.0000;
13450.0000 87516.6667;
14633.3333 89133.3333;
14916.6667 87216.6667;
13366.6667 86833.3333;
15766.6667 87433.3333;
15766.6667 87433.3333;
15100.0000 88616.6667;
15050.0000 88333.3333;
15016.6667 89083.3333;
14916.6667 88816.6667;
14866.6667 86950.0000;
14483.3333 88783.3333;
13116.6667 87000.0000;
15850.0000 87750.0000;
14666.6667 88950.0000;
13433.3333 86850.0000;
13150.0000 87366.6667;
14950.0000 88933.3333;
14150.0000 88600.0000;
15316.6667 87900.0000;
15033.3333 86516.6667;
14950.0000 86400.0000;
14766.6667 86900.0000;
14133.3333 87950.0000;
13866.6667 86583.3333;
13616.6667 87600.0000;
13450.0000 87283.3333;
13450.0000 86950.0000;
13266.6667 87033.3333;
14950.0000 88933.3333;
14666.6667 88850.0000;
14383.3333 88916.6667;
13516.6667 87600.0000;
14966.6667 87050.0000;
13516.6667 87600.0000;
13533.3333 87133.3333;
13533.3333 87133.3333;
14516.6667 86766.6667;
14750.0000 88316.6667;
14750.0000 88083.3333;
14566.6667 86933.3333;
13916.6667 87300.0000;
14000.0000 87233.3333;
14883.3333 86333.3333;
13916.6667 87300.0000;
13783.3333 87466.6667;
13450.0000 87116.6667;
13900.0000 87916.6667;
13116.6667 87166.6667;
14416.6667 87516.6667;
15833.3333 87733.3333;
15833.3333 87733.3333;
15700.0000 85983.3333;
15683.3333 85250.0000;
15366.6667 87950.0000;
15350.0000 86800.0000;
15083.3333 88266.6667;
14966.6667 88000.0000;
14950.0000 86783.3333;
14933.3333 87983.3333;
14883.3333 89166.6667;
14833.3333 89083.3333;
14600.0000 86583.3333;
14583.3333 87133.3333;
13816.6667 87250.0000;
15033.3333 89000.0000;
15016.6667 89066.6667;
15100.0000 88416.6667;
13816.6667 87233.3333;
13600.0000 87533.3333;
14883.3333 87050.0000;
13700.0000 87016.6667;
13516.6667 86950.0000;
14683.3333 86816.6667;
15550.0000 86416.6667;
15250.0000 88300.0000;
15050.0000 86833.3333;
14983.3333 88500.0000;
14866.6667 86450.0000;
14716.6667 87166.6667;
14316.6667 87966.6667;
14266.6667 88166.6667;
14066.6667 87066.6667;
13866.6667 87666.6667;
13866.6667 87216.6667;
13816.6667 87233.3333;
13816.6667 87100.0000;
13800.0000 87316.6667;
13716.6667 87333.3333;
13716.6667 87150.0000;
13716.6667 87033.3333;
13650.0000 86933.3333;
13616.6667 87383.3333;
13583.3333 86983.3333;
13550.0000 87116.6667;
13516.6667 86966.6667;
13500.0000 86933.3333;
13400.0000 86983.3333;
13383.3333 87050.0000;
13366.6667 86883.3333;
13316.6667 87033.3333;
13216.6667 86966.6667;
14833.3333 87316.6667;
13266.6667 87033.3333;
14266.6667 88166.6667;
13716.6667 87150.0000;
13266.6667 87033.3333;
13916.6667 86800.0000;
13900.0000 87050.0000;
13633.3333 87650.0000;
15150.0000 88283.3333;
14233.3333 88183.3333;
14033.3333 87866.6667;
13900.0000 86866.6667;
13566.6667 87116.6667;
13233.3333 87000.0000;
15316.6667 87366.6667;
15033.3333 86416.6667;
14900.0000 88833.3333;
14366.6667 88416.6667;
13550.0000 87100.0000;
14816.6667 89200.0000;
14916.6667 88333.3333;
14850.0000 86733.3333;
13583.3333 87666.6667;
14800.0000 87283.3333;
13366.6667 87350.0000;
14933.3333 86283.3333;
14516.6667 87150.0000;
14416.6667 87533.3333;
13716.6667 87400.0000;
13650.0000 87383.3333;
13650.0000 86950.0000;
13600.0000 87400.0000;
13583.3333 87233.3333;
13583.3333 87016.6667;
13583.3333 86950.0000;
13533.3333 87066.6667;
13450.0000 87100.0000;
13433.3333 87050.0000;
14600.0000 86583.3333;
13683.3333 87500.0000;
13566.6667 87133.3333;
13416.6667 87066.6667;
13616.6667 87650.0000;
14450.0000 89066.6667;
14450.0000 87716.6667;
13200.0000 87083.3333;
13950.0000 86866.6667;
13666.6667 87633.3333;
15833.3333 85783.3333;
15350.0000 88283.3333;
15183.3333 87366.6667;
15083.3333 86350.0000;
15083.3333 86200.0000;
14983.3333 88300.0000;
14916.6667 87400.0000;
14916.6667 86400.0000;
14900.0000 88483.3333;
14833.3333 87800.0000;
14766.6667 87133.3333;
14750.0000 87483.3333;
14716.6667 88716.6667;
14683.3333 88600.0000;
14650.0000 86750.0000;
14600.0000 87200.0000;
14600.0000 86250.0000;
14516.6667 87050.0000;
14450.0000 88966.6667;
14383.3333 87783.3333;
14366.6667 88950.0000;
14350.0000 88283.3333;
14133.3333 88666.6667;
14116.6667 88283.3333;
14116.6667 86633.3333;
14083.3333 88316.6667;
14033.3333 87166.6667;
13883.3333 86850.0000;
13733.3333 87650.0000;
13683.3333 87666.6667;
13666.6667 87633.3333;
13566.6667 87416.6667;
13533.3333 87100.0000;
13450.0000 87133.3333;
13550.0000 87350.0000;
14133.3333 88416.6667;
14066.6667 87566.6667;
13850.0000 87316.6667;
14283.3333 86783.3333;
14083.3333 86866.6667;
13966.6667 87333.3333;
13933.3333 87500.0000;
15166.6667 88083.3333;
14833.3333 87050.0000;
14516.6667 87216.6667;
14316.6667 87350.0000;
14283.3333 86766.6667;
14250.0000 87433.3333;
13866.6667 87233.3333;
14250.0000 87433.3333;
15666.6667 87200.0000;
14333.3333 87850.0000;
14500.0000 88466.6667;
15233.3333 86050.0000;
14816.6667 86566.6667;
14500.0000 89266.6667;
15050.0000 88283.3333;
14833.3333 88433.3333;
14533.3333 88783.3333;
14733.3333 88816.6667;
14316.6667 88700.0000;
15050.0000 88250.0000;
14766.6667 87033.3333;
13433.3333 87000.0000;
15200.0000 88800.0000;
14883.3333 89183.3333;
14883.3333 88800.0000;
14816.6667 87450.0000;
15050.0000 87233.3333;
13766.6667 87466.6667;
13733.3333 87483.3333;
13416.6667 86733.3333;
16483.3333 85916.6667;
14750.0000 87616.6667;
14683.3333 89033.3333;
14633.3333 87916.6667;
14383.3333 87433.3333;
14200.0000 87833.3333;
13600.0000 87600.0000;
13483.3333 86900.0000;
15333.3333 88050.0000;
15750.0000 87300.0000;
15416.6667 88333.3333;
15150.0000 87233.3333;
15133.3333 88083.3333;
14783.3333 88400.0000;
14616.6667 88916.6667;
14483.3333 87616.6667;
14216.6667 88800.0000;
14033.3333 88533.3333;
13966.6667 87783.3333;
13866.6667 87350.0000;
13833.3333 88400.0000;
13833.3333 88250.0000;
15050.0000 89150.0000;
14366.6667 89066.6667;
14550.0000 88516.6667;
14433.3333 89000.0000;
14650.0000 89100.0000;
14900.0000 89166.6667;
14383.3333 87783.3333;
14383.3333 87783.3333;
15116.6667 87166.6667;
15116.6667 87166.6667;
13566.6667 87500.0000;
13500.0000 86833.3333;
15683.3333 87783.3333;
15466.6667 88016.6667;
15433.3333 87466.6667;
15283.3333 88050.0000;
15166.6667 88533.3333;
14883.3333 88050.0000;
14650.0000 87916.6667;
14650.0000 86233.3333;
14533.3333 87666.6667;
14416.6667 89116.6667;
14400.0000 87783.3333;
14116.6667 87066.6667;
13983.3333 87833.3333;
13916.6667 87216.6667;
13700.0000 86816.6667;
15666.6667 86283.3333;
15133.3333 87600.0000;
15216.6667 86050.0000;
15216.6667 87333.3333;
15200.0000 88150.0000;
15250.0000 87450.0000;
14850.0000 89216.6667;
14566.6667 86716.6667;
14716.6667 87616.6667;
14866.6667 89200.0000;
14800.0000 88800.0000;
15233.3333 88100.0000;
15216.6667 87316.6667;
15216.6667 87016.6667;
14883.3333 86683.3333;
14833.3333 86450.0000;
14800.0000 88233.3333;
14716.6667 87016.6667;
14550.0000 89216.6667;
14550.0000 88866.6667;
14433.3333 87950.0000;
14400.0000 89233.3333;
14083.3333 88633.3333;
13500.0000 87083.3333;
14700.0000 88500.0000;
13533.3333 87233.3333;
14650.0000 87933.3333;
15033.3333 88883.3333;
15816.6667 87833.3333;
14466.6667 86366.6667;
15416.6667 86583.3333;
15416.6667 86583.3333;
15266.6667 87333.3333;
15216.6667 88650.0000;
15200.0000 88800.0000;
15100.0000 88083.3333;
14950.0000 88916.6667;
14916.6667 89083.3333;
14900.0000 86683.3333;
14816.6667 88766.6667;
14800.0000 87766.6667;
14750.0000 88966.6667;
14666.6667 89100.0000;
14583.3333 87733.3333;
14500.0000 89033.3333;
14416.6667 87050.0000;
14283.3333 88983.3333;
14216.6667 87083.3333;
14000.0000 88383.3333;
13833.3333 88383.3333;
13516.6667 87433.3333;
14633.3333 88550.0000;
13566.6667 86966.6667;
14633.3333 88550.0000;
15350.0000 87683.3333;
15333.3333 87333.3333;
15150.0000 88283.3333;
14933.3333 86666.6667;
14916.6667 87316.6667;
14850.0000 87200.0000;
14816.6667 86316.6667;
14750.0000 88750.0000;
14733.3333 87050.0000;
14683.3333 87183.3333;
14650.0000 88650.0000;
14566.6667 87716.6667;
14550.0000 88550.0000;
14466.6667 88150.0000;
14400.0000 88666.6667;
14283.3333 86600.0000;
14266.6667 88483.3333;
14266.6667 88333.3333;
14216.6667 88916.6667;
14183.3333 88716.6667;
14166.6667 87100.0000;
14150.0000 88450.0000;
14116.6667 88750.0000;
14033.3333 88283.3333;
14016.6667 88600.0000;
13983.3333 87050.0000;
13966.6667 88216.6667;
13916.6667 87300.0000;
13883.3333 86783.3333;
13850.0000 87000.0000;
13816.6667 86733.3333;
13766.6667 87466.6667;
13650.0000 87083.3333;
13633.3333 87550.0000;
13566.6667 86966.6667;
13533.3333 87133.3333;
13533.3333 86933.3333;
13483.3333 87083.3333;
13366.6667 86833.3333;
14900.0000 86166.6667;
13883.3333 86683.3333;
13583.3333 87100.0000;
13566.6667 87100.0000;
13550.0000 86966.6667;
13516.6667 86933.3333;
13450.0000 87183.3333;
13366.6667 86833.3333;
13400.0000 86800.0000;
14500.0000 89250.0000;
14566.6667 87650.0000;
15250.0000 88083.3333;
14966.6667 86366.6667;
14950.0000 87100.0000;
14833.3333 87600.0000;
14466.6667 86700.0000;
14166.6667 86716.6667;
13950.0000 86650.0000;
13933.3333 86883.3333;
13633.3333 86966.6667;
15016.6667 88850.0000;
14800.0000 88600.0000;
14150.0000 87783.3333;
14050.0000 88366.6667;
14950.0000 88583.3333;
14750.0000 89166.6667;
14716.6667 88833.3333;
14650.0000 89100.0000;
14100.0000 88450.0000;
14433.3333 88800.0000;
14600.0000 89116.6667;
15716.6667 87933.3333;
14866.6667 87100.0000;
14766.6667 87133.3333;
13933.3333 86833.3333;
13766.6667 87283.3333;
13316.6667 86966.6667;
13783.3333 86950.0000;
15150.0000 88766.6667;
15100.0000 86516.6667;
14883.3333 88033.3333;
14883.3333 86316.6667;
14766.6667 88216.6667;
14716.6667 86316.6667;
14583.3333 87933.3333;
14050.0000 87950.0000;
14000.0000 88283.3333;
13916.6667 87016.6667;
13900.0000 87300.0000;
13816.6667 87133.3333;
13783.3333 86950.0000;
13733.3333 87216.6667;
13716.6667 87583.3333;
13666.6667 87466.6667;
13650.0000 87483.3333;
13633.3333 87266.6667;
13583.3333 87700.0000;
13550.0000 86933.3333;
13533.3333 87683.3333;
13516.6667 87300.0000;
13183.3333 87333.3333;
14350.0000 88850.0000;
14833.3333 88600.0000;
14250.0000 87366.6667;
13633.3333 87366.6667;
14816.6667 88516.6667;
15583.3333 87350.0000;
15300.0000 86800.0000;
14933.3333 88366.6667;
14716.6667 87016.6667;
14550.0000 86283.3333;
14183.3333 86816.6667;
13850.0000 87000.0000;
13616.6667 87100.0000;
13566.6667 87050.0000;
13900.0000 87750.0000;
13750.0000 87616.6667;
14866.6667 88433.3333;
14850.0000 88850.0000;
13600.0000 87683.3333;
14166.6667 88766.6667;
14116.6667 87183.3333;
15516.6667 88200.0000;
15116.6667 87816.6667;
14933.3333 88266.6667;
13566.6667 87250.0000;
14083.3333 88483.3333;
14066.6667 87583.3333;
14600.0000 88850.0000;
14566.6667 88600.0000;
14366.6667 88950.0000;
13816.6667 87066.6667;
14066.6667 88300.0000;
14650.0000 86233.3333;
14350.0000 86583.3333;
13616.6667 87016.6667;
14500.0000 87700.0000;
13633.3333 87366.6667;
14766.6667 85950.0000;
15116.6667 87166.6667;
14633.3333 89100.0000;
14400.0000 89033.3333;
14616.6667 89000.0000;
14683.3333 88550.0000;
15666.6667 87950.0000;
15266.6667 87833.3333;
15016.6667 85750.0000;
14683.3333 87500.0000;
14333.3333 87850.0000;
14283.3333 88383.3333;
14150.0000 87816.6667;
14083.3333 87150.0000;
14050.0000 86900.0000;
14016.6667 88383.3333;
13933.3333 87350.0000;
13783.3333 87550.0000;
14783.3333 88816.6667;
14533.3333 88800.0000;
13766.6667 87666.6667;
14833.3333 89000.0000;
13583.3333 86916.6667;
14750.0000 88400.0000;
14100.0000 87366.6667;
14016.6667 88083.3333;
13816.6667 87716.6667;
13850.0000 87050.0000;
13366.6667 87050.0000;
13850.0000 87050.0000;
13583.3333 86916.6667;
13366.6667 87050.0000;
13716.6667 87516.6667;
13616.6667 87483.3333;
13616.6667 86950.0000;
13633.3333 87566.6667;
13550.0000 87200.0000;
15166.6667 85900.0000;
14883.3333 89166.6667;
14450.0000 87950.0000;
14033.3333 87066.6667;
13616.6667 87083.3333;
13583.3333 87400.0000;
13533.3333 87216.6667;
13433.3333 87016.6667;
13350.0000 87050.0000;
13216.6667 87033.3333;
15166.6667 85900.0000;
14833.3333 86516.6667;
14716.6667 87216.6667;
14416.6667 89200.0000;
14116.6667 87750.0000;
13916.6667 88266.6667;
13883.3333 88200.0000;
13866.6667 87333.3333;
13716.6667 87516.6667;
13700.0000 87100.0000;
13616.6667 86950.0000;
13566.6667 86950.0000;
13300.0000 87016.6667;
13516.6667 86883.3333;
14950.0000 87000.0000;
14483.3333 87100.0000;
13366.6667 87050.0000;
15650.0000 87816.6667;
15166.6667 86883.3333;
15083.3333 88066.6667;
14883.3333 87900.0000;
14833.3333 87633.3333;
14100.0000 88783.3333;
13283.3333 87116.6667;
14916.6667 87233.3333;
13183.3333 87050.0000;
15400.0000 87800.0000;
15400.0000 87800.0000;
14716.6667 87016.6667;
14900.0000 88866.6667;
14083.3333 87200.0000;
14750.0000 89050.0000;
13450.0000 87033.3333;
14650.0000 88600.0000;
14250.0000 88000.0000;
15483.3333 86350.0000;
15333.3333 87666.6667;
15250.0000 87600.0000;
15250.0000 86083.3333;
15050.0000 87216.6667;
15016.6667 86833.3333;
14966.6667 87266.6667;
14950.0000 86683.3333;
14950.0000 86216.6667;
14933.3333 86683.3333;
14833.3333 86983.3333;
14833.3333 86266.6667;
14800.0000 87783.3333;
14733.3333 86100.0000;
14683.3333 86916.6667;
14633.3333 88550.0000;
14633.3333 88083.3333;
14633.3333 87033.3333;
14550.0000 87316.6667;
14450.0000 88033.3333;
14300.0000 88616.6667;
14283.3333 87300.0000;
14166.6667 86733.3333;
14166.6667 86683.3333;
14116.6667 88500.0000;
14116.6667 88450.0000;
14100.0000 88350.0000;
14033.3333 88116.6667;
14000.0000 88366.6667;
13833.3333 87700.0000;
13783.3333 86883.3333;
13766.6667 87566.6667;
13700.0000 87600.0000;
13650.0000 87700.0000;
13600.0000 87050.0000;
13516.6667 87050.0000;
13516.6667 87000.0000;
13266.6667 87000.0000;
13933.3333 87400.0000;
13883.3333 87966.6667;
13783.3333 87550.0000;
13300.0000 86916.6667;
13883.3333 87616.6667;
13816.6667 87600.0000;
13700.0000 87650.0000;
15033.3333 89116.6667;
15016.6667 89116.6667;
14533.3333 88383.3333;
15833.3333 87933.3333;
15750.0000 86933.3333;
15500.0000 88066.6667;
15400.0000 87783.3333;
15366.6667 87900.0000;
15200.0000 88816.6667;
15150.0000 88066.6667;
15000.0000 88733.3333;
14916.6667 88766.6667;
14900.0000 88850.0000;
14850.0000 88433.3333;
14750.0000 87183.3333;
14650.0000 86200.0000;
14583.3333 87883.3333;
14466.6667 88033.3333;
14100.0000 87833.3333;
14083.3333 86850.0000;
14033.3333 86450.0000;
13783.3333 87633.3333;
13750.0000 87350.0000;
13550.0000 86900.0000;
13316.6667 87583.3333;
13300.0000 87000.0000;
14366.6667 87083.3333;
14900.0000 86366.6667;
13950.0000 87100.0000;
14816.6667 87633.3333;
13900.0000 87216.6667;
13716.6667 86816.6667;
14833.3333 87033.3333;
14766.6667 88883.3333;
13716.6667 87450.0000;
14183.3333 87616.6667;
14450.0000 87900.0000;
13533.3333 87133.3333;
13533.3333 87133.3333;
13900.0000 87616.6667;
14450.0000 87900.0000;
13316.6667 87083.3333;
15283.3333 87600.0000;
14650.0000 89033.3333;
14650.0000 89033.3333;
13550.0000 87033.3333;
13766.6667 87466.6667;
13616.6667 87200.0000;
15716.6667 86583.3333;
15450.0000 87033.3333;
15283.3333 87600.0000;
15083.3333 86516.6667;
14983.3333 88750.0000;
14966.6667 88583.3333;
14933.3333 88316.6667;
14900.0000 88500.0000;
14833.3333 86616.6667;
14783.3333 88700.0000;
14750.0000 89000.0000;
14683.3333 88866.6667;
14683.3333 88000.0000;
14633.3333 86750.0000;
14583.3333 87583.3333;
14566.6667 86866.6667;
14466.6667 89066.6667;
14350.0000 87050.0000;
14183.3333 88716.6667;
14166.6667 87283.3333;
14116.6667 87916.6667;
14083.3333 88283.3333;
13933.3333 87166.6667;
13900.0000 87233.3333;
13883.3333 87616.6667;
13866.6667 87483.3333;
13766.6667 87466.6667;
13733.3333 86833.3333;
13666.6667 87500.0000;
13666.6667 87050.0000;
13600.0000 87583.3333;
13600.0000 87116.6667;
13566.6667 87166.6667;
13566.6667 87083.3333;
13550.0000 87666.6667;
13550.0000 87033.3333;
13550.0000 86966.6667;
13500.0000 87100.0000;
13483.3333 87150.0000;
13316.6667 87083.3333;
13266.6667 87033.3333;
13100.0000 87000.0000;
14816.6667 88116.6667;
14816.6667 88116.6667;
13833.3333 87250.0000;
13466.6667 87283.3333;
14100.0000 88450.0000;
14583.3333 86250.0000;
13866.6667 87333.3333;
14850.0000 89066.6667;
15100.0000 88483.3333;
14733.3333 87516.6667;
14383.3333 87783.3333;
14350.0000 88950.0000;
14350.0000 87750.0000;
13450.0000 87033.3333;
13600.0000 87700.0000;
13166.6667 87083.3333;
14316.6667 88383.3333;
13983.3333 86883.3333;
13900.0000 87650.0000;
13666.6667 87150.0000;
13583.3333 87050.0000;
13450.0000 87033.3333;
13166.6667 87083.3333;
13716.6667 87633.3333;
13716.6667 87633.3333;
14883.3333 89100.0000;
14833.3333 88983.3333;
14933.3333 88583.3333;
14800.0000 87466.6667;
13700.0000 87000.0000;
13583.3333 87100.0000;
14616.6667 88800.0000;
14400.0000 88866.6667;
14533.3333 88866.6667;
14850.0000 88633.3333;
14816.6667 88583.3333;
14733.3333 89016.6667;
14833.3333 88650.0000;
14600.0000 88750.0000;
15283.3333 87966.6667;
15050.0000 88283.3333;
14183.3333 86883.3333;
13933.3333 86800.0000;
13616.6667 87050.0000;
13433.3333 87100.0000;
13400.0000 86766.6667;
13750.0000 87233.3333;
14850.0000 89116.6667;
14733.3333 87866.6667;
14616.6667 87900.0000;
14533.3333 87266.6667;
14350.0000 87300.0000;
14100.0000 88600.0000;
14483.3333 88783.3333;
15683.3333 86783.3333;
15183.3333 88633.3333;
15116.6667 88166.6667;
14983.3333 88233.3333;
14666.6667 88050.0000;
14116.6667 88566.6667;
13750.0000 87233.3333;
14600.0000 87300.0000;
14600.0000 87300.0000;
15700.0000 86933.3333;
14883.3333 86933.3333;
14116.6667 87800.0000;
14816.6667 89083.3333;
14750.0000 88683.3333;
14800.0000 88716.6667;
14600.0000 88616.6667;
14583.3333 88850.0000;
14566.6667 88550.0000;
14550.0000 89166.6667;
14466.6667 88300.0000;
14283.3333 88833.3333;
14116.6667 87800.0000;
14016.6667 87633.3333;
14816.6667 87583.3333;
15333.3333 88616.6667;
15083.3333 88366.6667;
14866.6667 89150.0000;
14750.0000 89133.3333;
14333.3333 87550.0000;
14766.6667 88200.0000;
14616.6667 89066.6667;
14350.0000 88633.3333;
14166.6667 87116.6667;
14166.6667 87116.6667;
14133.3333 87150.0000;
13983.3333 87633.3333;
14416.6667 88333.3333;
15016.6667 87133.3333;
13716.6667 87066.6667;
15133.3333 88066.6667;
14166.6667 88250.0000;
13983.3333 88183.3333;
13816.6667 87516.6667;
13700.0000 87016.6667;
13633.3333 87716.6667;
13566.6667 87650.0000;
14200.0000 87033.3333;
13933.3333 87500.0000;
15050.0000 87783.3333;
14833.3333 88766.6667;
14200.0000 87716.6667;
13750.0000 87116.6667;
13733.3333 87083.3333;
13933.3333 86550.0000;
15783.3333 86750.0000;
15416.6667 88116.6667;
13900.0000 86850.0000;
15083.3333 88100.0000;
13133.3333 87033.3333;
14833.3333 88866.6667;
14700.0000 87716.6667;
14650.0000 87966.6667;
14033.3333 88450.0000;
13866.6667 87216.6667;
13850.0000 87283.3333;
13250.0000 87000.0000;
13200.0000 87033.3333;
15250.0000 88016.6667;
14983.3333 88650.0000;
14483.3333 89183.3333;
14416.6667 88416.6667;
14333.3333 88133.3333;
14450.0000 88433.3333;
14333.3333 88133.3333;
15433.3333 87500.0000;
14416.6667 88416.6667;
14316.6667 88216.6667;
14250.0000 88083.3333;
14183.3333 88050.0000;
14100.0000 87833.3333;
14133.3333 87150.0000;
14066.6667 87566.6667;
15566.6667 85683.3333;
14183.3333 87566.6667;
13950.0000 88366.6667;
13683.3333 87450.0000;
13466.6667 87566.6667;
14133.3333 87283.3333;
13783.3333 86733.3333;
15216.6667 87533.3333;
14900.0000 86200.0000;
14766.6667 87133.3333;
14600.0000 87600.0000;
14233.3333 87316.6667;
14233.3333 86983.3333;
14083.3333 88283.3333;
13800.0000 88400.0000;
13700.0000 87650.0000;
14883.3333 89066.6667;
14700.0000 87116.6667;
14216.6667 87933.3333;
14000.0000 87533.3333;
15266.6667 87766.6667;
15233.3333 88283.3333;
15233.3333 87650.0000;
15116.6667 87583.3333;
15016.6667 85616.6667;
14800.0000 86300.0000;
14733.3333 88500.0000;
14216.6667 86616.6667;
14066.6667 88500.0000;
13983.3333 86866.6667;
15350.0000 86066.6667;
13633.3333 86933.3333;
13583.3333 86933.3333;
14816.6667 87650.0000;
15166.6667 86866.6667;
13666.6667 87350.0000;
13650.0000 87666.6667;
13633.3333 87016.6667;
14700.0000 86850.0000;
15800.0000 85783.3333;
13616.6667 86966.6667;
15116.6667 87500.0000;
15750.0000 87650.0000;
15650.0000 88100.0000;
15616.6667 87950.0000;
15366.6667 87766.6667;
15233.3333 88300.0000;
15066.6667 87833.3333;
15016.6667 88983.3333;
14983.3333 87016.6667;
14783.3333 88166.6667;
14766.6667 88300.0000;
14766.6667 87683.3333;
14750.0000 88083.3333;
14733.3333 86866.6667;
14483.3333 88783.3333;
14416.6667 88033.3333;
14416.6667 87600.0000;
14316.6667 88683.3333;
14150.0000 87616.6667;
14050.0000 88183.3333;
14000.0000 88316.6667;
13966.6667 87850.0000;
13966.6667 87383.3333;
13866.6667 86550.0000;
15383.3333 88183.3333;
13683.3333 87450.0000;
13550.0000 87266.6667;
13400.0000 87533.3333;
13366.6667 87050.0000;
13316.6667 87266.6667;
15150.0000 87116.6667;
15400.0000 87400.0000;
14983.3333 87450.0000;
14866.6667 87116.6667;
14700.0000 88950.0000;
14550.0000 87316.6667;
14500.0000 86933.3333;
13783.3333 87283.3333;
13833.3333 86566.6667;
13183.3333 87050.0000;
14600.0000 86583.3333;
14833.3333 88350.0000;
14050.0000 88616.6667;
14016.6667 88350.0000;
14850.0000 87816.6667;
15766.6667 85850.0000;
15033.3333 89166.6667;
14750.0000 88050.0000;
15383.3333 88050.0000;
14683.3333 87183.3333;
14533.3333 88250.0000;
13933.3333 87916.6667;
13216.6667 87033.3333;
14016.6667 87750.0000;
13216.6667 87300.0000;
14666.6667 88016.6667;
15066.6667 88750.0000;
14400.0000 89083.3333;
13416.6667 86816.6667;
14100.0000 87116.6667;
14966.6667 86400.0000;
13183.3333 87000.0000;
14700.0000 88983.3333;
15166.6667 88216.6667;
14816.6667 88200.0000;
14700.0000 88983.3333;
14650.0000 89050.0000;
15150.0000 87916.6667;
13816.6667 87066.6667;
14016.6667 87183.3333;
15283.3333 88683.3333;
14566.6667 87366.6667;
15383.3333 88933.3333;
14883.3333 86350.0000;
14700.0000 88916.6667;
14600.0000 87166.6667;
13816.6667 87316.6667;
13766.6667 87283.3333;
13750.0000 87550.0000;
13450.0000 87033.3333;
13383.3333 87083.3333;
14733.3333 87550.0000;
14500.0000 87416.6667;
14450.0000 89333.3333;
13583.3333 87350.0000;
15083.3333 87883.3333;
15700.0000 87316.6667;
15683.3333 85250.0000;
13483.3333 87700.0000;
13333.3333 87650.0000;
13516.6667 86966.6667;
13383.3333 87050.0000;
14716.6667 86216.6667;
13666.6667 87500.0000;
13400.0000 87750.0000;
14650.0000 88550.0000;
14816.6667 88150.0000;
14000.0000 87116.6667;
15433.3333 86916.6667;
14833.3333 86500.0000;
14566.6667 87316.6667;
14516.6667 87966.6667;
14150.0000 87583.3333;
14100.0000 86850.0000;
14050.0000 86883.3333;
14000.0000 87233.3333;
13800.0000 88400.0000;
13633.3333 87116.6667;
13516.6667 86883.3333;
13450.0000 86900.0000;
13250.0000 87016.6667;
13133.3333 87366.6667;
13166.6667 87383.3333;
14050.0000 86883.3333;
13133.3333 87366.6667;
15033.3333 88883.3333;
13616.6667 87400.0000;
15183.3333 87066.6667;
14850.0000 88566.6667;
14800.0000 88350.0000;
14566.6667 87250.0000;
14433.3333 89116.6667;
14366.6667 87833.3333;
14316.6667 87216.6667;
13833.3333 87250.0000;
13566.6667 86966.6667;
13366.6667 87066.6667;
13333.3333 87650.0000;
13266.6667 87133.3333;
14500.0000 86083.3333;
13700.0000 87566.6667;
13700.0000 87566.6667;
15633.3333 86466.6667;
15416.6667 86566.6667;
15266.6667 85866.6667;
15250.0000 88000.0000;
14883.3333 86250.0000;
14766.6667 88116.6667;
14300.0000 87033.3333;
14066.6667 88266.6667;
13950.0000 87250.0000;
13783.3333 87533.3333;
13600.0000 87133.3333;
13266.6667 87133.3333;
15350.0000 87316.6667;
13566.6667 86966.6667;
13333.3333 86983.3333;
15350.0000 87333.3333;
15333.3333 88550.0000;
15300.0000 86650.0000;
15100.0000 85850.0000;
14950.0000 86383.3333;
14933.3333 86650.0000;
14883.3333 86250.0000;
14850.0000 88283.3333;
14850.0000 87316.6667;
14833.3333 86533.3333;
14816.6667 88666.6667;
14666.6667 86916.6667;
14416.6667 87150.0000;
14366.6667 87100.0000;
14300.0000 86533.3333;
14266.6667 87866.6667;
14216.6667 86550.0000;
13933.3333 86900.0000;
13800.0000 87300.0000;
13766.6667 87300.0000;
14050.0000 88516.6667;
13800.0000 87333.3333;
14583.3333 89233.3333;
14316.6667 88883.3333;
14000.0000 86433.3333;
13666.6667 87516.6667;
13633.3333 87250.0000;
13500.0000 87416.6667;
13383.3333 87083.3333;
13166.6667 87133.3333;
14266.6667 88166.6667;
15200.0000 88816.6667;
14900.0000 86650.0000;
14833.3333 88066.6667;
15233.3333 87133.3333;
13300.0000 87033.3333;
14866.6667 88083.3333;
14800.0000 89183.3333;
14766.6667 88333.3333;
14683.3333 88800.0000;
13933.3333 87666.6667;
14983.3333 88600.0000;
15316.6667 87700.0000;
14483.3333 87700.0000;
14400.0000 87516.6667;
15700.0000 85233.3333;
13866.6667 87216.6667;
15733.3333 86800.0000;
15716.6667 86433.3333;
15533.3333 87666.6667;
15347.5000 88612.2222;
15133.3333 86900.0000;
14850.0000 88983.3333;
14783.3333 88466.6667;
14700.0000 86933.3333;
14683.3333 89016.6667;
14566.6667 88250.0000;
14566.6667 88183.3333;
14516.6667 88450.0000;
14483.3333 88566.6667;
14450.0000 88883.3333;
14450.0000 88400.0000;
14433.3333 89116.6667;
14066.6667 87516.6667;
13966.6667 86900.0000;
13966.6667 86400.0000;
13783.3333 87266.6667;
13716.6667 87066.6667;
13633.3333 87633.3333;
13600.0000 87133.3333;
13550.0000 86933.3333;
13433.3333 86800.0000;
13383.3333 87733.3333;
13383.3333 87066.6667;
15066.6667 89050.0000;
14950.0000 88683.3333;
14783.3333 87783.3333;
14683.3333 89016.6667;
14066.6667 88450.0000;
13550.0000 87383.3333;
15633.3333 87083.3333;
15116.6667 86966.6667;
14933.3333 86250.0000;
14800.0000 87016.6667;
14733.3333 87483.3333;
14733.3333 85916.6667;
14566.6667 88450.0000;
14566.6667 86200.0000;
14216.6667 87016.6667;
13800.0000 87400.0000;
13366.6667 87050.0000;
14083.3333 88333.3333;
15766.6667 86166.6667;
14083.3333 88333.3333;
15766.6667 86166.6667;
13466.6667 87050.0000;
13283.3333 87000.0000;
15450.0000 86816.6667;
14866.6667 88500.0000;
14833.3333 86216.6667;
14666.6667 86966.6667;
14533.3333 86650.0000;
13650.0000 87633.3333;
13283.3333 87000.0000;
13600.0000 87116.6667;
13700.0000 87083.3333;
13633.3333 86883.3333;
13616.6667 87000.0000;
13700.0000 87083.3333;
13550.0000 87116.6667;
13350.0000 87316.6667;
13583.3333 86966.6667;
14650.0000 86200.0000;
13366.6667 87033.3333;
15033.3333 87350.0000;
15000.0000 87283.3333;
14800.0000 89000.0000;
14616.6667 88916.6667;
14816.6667 88716.6667;
14350.0000 88583.3333;
14050.0000 88666.6667;
13283.3333 87016.6667;
13483.3333 87166.6667;
13366.6667 87600.0000;
14466.6667 89116.6667;
14050.0000 88666.6667;
13316.6667 87066.6667;
13783.3333 87200.0000;
14633.3333 88866.6667;
14216.6667 87033.3333;
14683.3333 87183.3333;
14483.3333 89300.0000;
14583.3333 89233.3333;
14583.3333 88583.3333;
14316.6667 88150.0000;
14000.0000 87233.3333;
14316.6667 87966.6667;
14483.3333 89300.0000;
15266.6667 88800.0000;
15066.6667 89000.0000;
14316.6667 87966.6667;
14250.0000 88833.3333;
13866.6667 88400.0000;
13183.3333 87100.0000;
14483.3333 89300.0000;
13783.3333 87550.0000;
14966.6667 87116.6667;
14816.6667 88800.0000;
14816.6667 88783.3333;
14766.6667 88066.6667;
14700.0000 88400.0000;
14600.0000 87300.0000;
13833.3333 87666.6667;
13650.0000 87650.0000;
13566.6667 87450.0000;
13400.0000 86816.6667;
15283.3333 88000.0000;
15000.0000 88683.3333;
14800.0000 89000.0000;
14866.6667 88083.3333;
14400.0000 87750.0000;
14883.3333 89000.0000;
15400.0000 87966.6667;
15266.6667 85850.0000;
14683.3333 88850.0000;
15200.0000 87516.6667;
14500.0000 88916.6667;
14266.6667 88233.3333;
14383.3333 88616.6667;
15150.0000 87250.0000;
14900.0000 88500.0000;
14916.6667 86400.0000;
13550.0000 87066.6667;
14650.0000 88783.3333;
14633.3333 89083.3333;
14516.6667 88033.3333;
14400.0000 89016.6667;
14266.6667 88433.3333;
14250.0000 87733.3333;
14200.0000 87800.0000;
14183.3333 87133.3333;
14033.3333 88366.6667;
13900.0000 88216.6667;
13900.0000 87300.0000;
13700.0000 86933.3333;
14750.0000 87516.6667;
14716.6667 88883.3333;
14683.3333 88733.3333;
14683.3333 88516.6667;
14650.0000 88783.3333;
14633.3333 89083.3333;
14516.6667 88033.3333;
14500.0000 89066.6667;
14500.0000 88866.6667;
14400.0000 89016.6667;
14333.3333 88683.3333;
14266.6667 88433.3333;
14250.0000 87733.3333;
14250.0000 86766.6667;
14200.0000 87800.0000;
14183.3333 87133.3333;
14166.6667 87350.0000;
14133.3333 87916.6667;
14033.3333 88366.6667;
14016.6667 86366.6667;
13900.0000 88216.6667;
13900.0000 87300.0000;
13766.6667 87133.3333;
13700.0000 86933.3333;
14333.3333 88683.3333;
15333.3333 87933.3333;
14066.6667 87683.3333;
13733.3333 87566.6667;
13533.3333 87150.0000;
13516.6667 87116.6667;
13483.3333 87150.0000;
14000.0000 87016.6667;
14000.0000 87016.6667;
15033.3333 88883.3333;
14800.0000 88283.3333;
14183.3333 88316.6667;
15083.3333 89016.6667;
13800.0000 87533.3333;
13366.6667 87283.3333;
15400.0000 88050.0000;
14683.3333 89083.3333;
14100.0000 87100.0000;
14216.6667 87033.3333;
15083.3333 89050.0000;
14450.0000 88816.6667;
15150.0000 87883.3333;
15033.3333 87533.3333;
14716.6667 88466.6667;
14633.3333 89083.3333;
13983.3333 87700.0000;
15766.6667 85700.0000;
15566.6667 87100.0000;
14616.6667 88566.6667;
14900.0000 87100.0000;
13916.6667 87583.3333;
14883.3333 87550.0000;
13616.6667 87566.6667;
13600.0000 87083.3333;
14300.0000 87350.0000;
13800.0000 87233.3333;
13783.3333 87466.6667;
14100.0000 88483.3333;
14783.3333 89150.0000;
14450.0000 89100.0000;
13683.3333 87083.3333;
15200.0000 86850.0000;
14483.3333 89300.0000;
14450.0000 88816.6667;
14450.0000 88816.6667;
13850.0000 87033.3333;
13333.3333 87133.3333;
15133.3333 87433.3333;
13683.3333 87733.3333;
13666.6667 87383.3333;
13616.6667 87633.3333;
15033.3333 88883.3333;
13916.6667 87583.3333;
14116.6667 87266.6667;
13916.6667 87216.6667;
14783.3333 88416.6667;
14216.6667 88433.3333;
14383.3333 88916.6667;
14033.3333 88633.3333;
15150.0000 87883.3333;
14850.0000 89083.3333;
14816.6667 88316.6667;
14133.3333 87333.3333;
14133.3333 86833.3333;
14050.0000 87216.6667;
14033.3333 88633.3333;
13983.3333 87466.6667;
13933.3333 87350.0000;
13916.6667 86850.0000;
13883.3333 88383.3333;
13816.6667 87250.0000;
13783.3333 87400.0000;
13700.0000 87383.3333;
13666.6667 87366.6667;
13650.0000 87316.6667;
13400.0000 86866.6667;
13250.0000 86983.3333;
13166.6667 87083.3333;
13900.0000 88200.0000;
14200.0000 87050.0000;
14200.0000 87050.0000;
14733.3333 87916.6667;
14183.3333 87883.3333;
13933.3333 86966.6667;
15283.3333 87066.6667;
14666.6667 89050.0000;
14333.3333 88966.6667;
14000.0000 86733.3333;
13983.3333 88416.6667;
13916.6667 88200.0000;
13583.3333 87500.0000;
15900.0000 85016.6667;
15200.0000 85900.0000;
14083.3333 86850.0000;
15300.0000 86216.6667;
15116.6667 88150.0000;
15050.0000 88700.0000;
15033.3333 88933.3333;
14983.3333 88116.6667;
14916.6667 89016.6667;
14883.3333 88866.6667;
14833.3333 88716.6667;
14750.0000 89033.3333;
14750.0000 86133.3333;
14666.6667 89050.0000;
14583.3333 86866.6667;
14550.0000 88616.6667;
14216.6667 86216.6667;
14133.3333 88683.3333;
14066.6667 88666.6667;
14050.0000 88466.6667;
14016.6667 87016.6667;
13983.3333 87150.0000;
13850.0000 87433.3333;
13766.6667 87466.6667;
13733.3333 87566.6667;
13633.3333 86950.0000;
13616.6667 87200.0000;
13616.6667 87050.0000;
13600.0000 87600.0000;
13550.0000 87633.3333;
13400.0000 87000.0000;
13083.3333 86966.6667;
13866.6667 88216.6667;
14883.3333 88466.6667;
13350.0000 86983.3333;
13416.6667 87366.6667;
13700.0000 87050.0000;
13416.6667 87366.6667;
13616.6667 87633.3333;
13366.6667 86883.3333;
13316.6667 87050.0000;
14250.0000 87716.6667;
14750.0000 89000.0000;
14650.0000 88650.0000;
15683.3333 87533.3333;
14850.0000 86383.3333;
14250.0000 86800.0000;
13800.0000 88383.3333;
14433.3333 88800.0000;
14616.6667 87900.0000;
13733.3333 87300.0000;
14816.6667 88150.0000;
14633.3333 88866.6667;
14583.3333 86316.6667;
14533.3333 88050.0000;
14200.0000 87700.0000;
14083.3333 86733.3333;
13950.0000 87000.0000;
13900.0000 87483.3333;
13866.6667 88366.6667;
13866.6667 88250.0000;
13866.6667 87000.0000;
13833.3333 87633.3333;
13733.3333 87300.0000;
13683.3333 87133.3333;
13616.6667 87533.3333;
13566.6667 87616.6667;
15716.6667 87533.3333;
15300.0000 87733.3333;
15216.6667 86850.0000;
15200.0000 86700.0000;
14900.0000 87766.6667;
14900.0000 86800.0000;
14866.6667 86450.0000;
14750.0000 87650.0000;
14716.6667 87466.6667;
14633.3333 88950.0000;
14616.6667 88850.0000;
14616.6667 87900.0000;
14550.0000 87766.6667;
15450.0000 86433.3333;
15083.3333 88083.3333;
14783.3333 88483.3333;
13766.6667 87000.0000;
14400.0000 88966.6667;
13733.3333 87583.3333;
13616.6667 87700.0000;
13500.0000 87016.6667;
13483.3333 86783.3333;
13350.0000 86783.3333;
13283.3333 87016.6667;
13650.0000 87366.6667;
14633.3333 89066.6667;
15283.3333 86966.6667;
14583.3333 86916.6667;
13766.6667 87300.0000;
13583.3333 86883.3333;
13466.6667 87033.3333;
13716.6667 87583.3333;
13950.0000 86583.3333;
13866.6667 86583.3333;
13716.6667 87583.3333;
13633.3333 86983.3333;
13583.3333 86933.3333;
13533.3333 87466.6667;
13466.6667 87150.0000;
13866.6667 86583.3333;
13500.0000 87233.3333;
13500.0000 87200.0000;
13550.0000 87016.6667;
13633.3333 86933.3333;
15483.3333 86483.3333;
15385.5556 88543.6111;
15183.3333 86900.0000;
15066.6667 87600.0000;
14933.3333 87800.0000;
14883.3333 88600.0000;
14866.6667 87283.3333;
14633.3333 88633.3333;
14250.0000 88666.6667;
14100.0000 88200.0000;
14016.6667 87166.6667;
13950.0000 87300.0000;
13866.6667 87716.6667;
13866.6667 87300.0000;
13850.0000 88233.3333;
13833.3333 86716.6667;
13816.6667 86866.6667;
13800.0000 87316.6667;
13766.6667 87433.3333;
13666.6667 87000.0000;
13666.6667 86983.3333;
13650.0000 87316.6667;
13600.0000 87133.3333;
13516.6667 87466.6667;
13450.0000 86783.3333;
13416.6667 87050.0000;
14783.3333 87766.6667;
14733.3333 87600.0000;
14333.3333 87516.6667;
14050.0000 87700.0000;
14033.3333 87066.6667;
13800.0000 86850.0000;
13600.0000 87083.3333;
13383.3333 86866.6667;
13250.0000 86950.0000;
13166.6667 87316.6667;
13600.0000 87566.6667;
13950.0000 88383.3333;
13916.6667 87716.6667;
13666.6667 86966.6667;
13566.6667 87400.0000;
14750.0000 88233.3333;
14733.3333 89050.0000;
14900.0000 88833.3333;
15083.3333 88500.0000;
15483.3333 88150.0000;
14383.3333 89066.6667;
14933.3333 88016.6667;
14866.6667 89066.6667;
14866.6667 87183.3333;
15466.6667 86200.0000;
15466.6667 86200.0000;
14850.0000 88683.3333;
14850.0000 88683.3333;
15033.3333 88883.3333;
13816.6667 88366.6667;
15483.3333 86300.0000;
13916.6667 87233.3333;
13600.0000 87600.0000;
13450.0000 86850.0000;
14450.0000 89016.6667;
15350.0000 88016.6667;
14566.6667 88816.6667;
15266.6667 86900.0000;
14300.0000 86766.6667;
15350.0000 86833.3333;
14750.0000 89166.6667;
14600.0000 87750.0000;
14450.0000 88633.3333;
14416.6667 87466.6667;
13950.0000 87200.0000;
13816.6667 87050.0000;
13716.6667 86866.6667;
13600.0000 86800.0000;
13466.6667 86850.0000;
13350.0000 86866.6667;
14666.6667 88833.3333;
14316.6667 87833.3333;
13733.3333 87066.6667;
14316.6667 87833.3333;
14850.0000 85850.0000;
14566.6667 89116.6667;
14100.0000 88266.6667;
13916.6667 86950.0000;
13816.6667 86516.6667;
13783.3333 86916.6667;
13600.0000 86966.6667;
13433.3333 86966.6667;
14816.6667 86316.6667;
14616.6667 88016.6667;
13750.0000 86816.6667;
14983.3333 88066.6667;
14883.3333 88733.3333;
14383.3333 87883.3333;
13700.0000 87633.3333;
13483.3333 87050.0000;
13366.6667 87066.6667;
15550.0000 87833.3333;
14983.3333 87200.0000;
14566.6667 87716.6667;
14300.0000 86766.6667;
15833.3333 86016.6667;
15633.3333 87116.6667;
15316.6667 88400.0000;
15016.6667 87933.3333;
14650.0000 86200.0000;
14616.6667 87150.0000;
14133.3333 86616.6667;
14100.0000 86800.0000;
15716.6667 87216.6667;
15166.6667 87166.6667;
14866.6667 88866.6667;
14633.3333 88816.6667;
15366.6667 88033.3333;
13600.0000 87433.3333;
14833.3333 87583.3333;
14400.0000 87133.3333;
13483.3333 87050.0000;
15183.3333 87033.3333;
15300.0000 86900.0000;
15000.0000 88300.0000;
14200.0000 87016.6667;
14016.6667 87333.3333;
13716.6667 87466.6667;
13683.3333 87016.6667;
13550.0000 86983.3333;
13516.6667 87233.3333;
13466.6667 87483.3333;
13316.6667 86950.0000;
13566.6667 87100.0000;
14900.0000 86216.6667;
14266.6667 87050.0000;
14133.3333 87166.6667;
14066.6667 87566.6667;
13966.6667 86850.0000;
13933.3333 86466.6667;
13783.3333 87433.3333;
13583.3333 87033.3333;
13550.0000 87116.6667;
14133.3333 88683.3333;
13616.6667 87066.6667;
13600.0000 87116.6667;
13783.3333 86800.0000;
13550.0000 87016.6667;
14333.3333 88583.3333;
14516.6667 89250.0000;
13633.3333 86966.6667;
15066.6667 88650.0000;
14450.0000 89283.3333;
15250.0000 88100.0000;
15233.3333 88133.3333;
15133.3333 88316.6667;
14533.3333 88216.6667;
13950.0000 86650.0000;
14216.6667 88516.6667;
14233.3333 88516.6667;
15466.6667 88150.0000;
15033.3333 86516.6667;
14983.3333 88133.3333;
14933.3333 88066.6667;
14916.6667 88066.6667;
14750.0000 89033.3333;
14716.6667 86833.3333;
14650.0000 88800.0000;
14616.6667 88866.6667;
14216.6667 88516.6667;
14183.3333 86533.3333;
14166.6667 87283.3333;
14150.0000 87000.0000;
13983.3333 86866.6667;
13700.0000 87383.3333;
13666.6667 86983.3333;
13566.6667 87200.0000;
13500.0000 87650.0000;
13483.3333 87433.3333;
14833.3333 86033.3333;
13500.0000 86916.6667;
15316.6667 85866.6667;
14200.0000 87850.0000;
14183.3333 86533.3333;
14066.6667 87566.6667;
13816.6667 87316.6667;
13750.0000 87550.0000;
13600.0000 87400.0000;
13566.6667 87200.0000;
13566.6667 87133.3333;
13300.0000 86950.0000;
14033.3333 88133.3333;
15583.3333 86083.3333;
13650.0000 86950.0000;
14000.0000 88266.6667;
14750.0000 89033.3333;
13550.0000 87050.0000;
13483.3333 87700.0000;
14516.6667 89250.0000;
13700.0000 86783.3333;
13483.3333 86983.3333;
13766.6667 87466.6667;
14600.0000 87300.0000;
14550.0000 87100.0000;
15683.3333 87533.3333;
13266.6667 87033.3333;
15150.0000 88100.0000;
15666.6667 87833.3333;
15166.6667 88533.3333;
15050.0000 86833.3333;
14716.6667 87033.3333;
14116.6667 88283.3333;
14116.6667 87016.6667;
13850.0000 87183.3333;
13750.0000 87550.0000;
13716.6667 87583.3333;
13700.0000 87466.6667;
13550.0000 86966.6667;
14666.6667 86383.3333;
14433.3333 89083.3333;
13650.0000 86966.6667;
13583.3333 87050.0000;
13450.0000 86933.3333;
13400.0000 86800.0000;
13450.0000 86933.3333;
14266.6667 86200.0000;
13950.0000 87083.3333;
13766.6667 87466.6667;
13550.0000 87133.3333;
13366.6667 86916.6667;
13266.6667 87033.3333;
14733.3333 88266.6667;
13466.6667 86850.0000;
13466.6667 86850.0000;
15016.6667 87266.6667;
15016.6667 87266.6667;
14016.6667 87616.6667;
13466.6667 86850.0000;
13350.0000 87183.3333;
13216.6667 87000.0000;
14383.3333 87333.3333;
14100.0000 87150.0000;
13883.3333 88250.0000;
15150.0000 88283.3333;
14400.0000 88866.6667;
13583.3333 87716.6667;
14216.6667 87900.0000;
14916.6667 88983.3333;
14950.0000 89000.0000;
14916.6667 88983.3333;
14600.0000 88216.6667;
13600.0000 87433.3333;
14916.6667 86666.6667;
14916.6667 86666.6667;
15483.3333 88116.6667;
15383.3333 88016.6667;
14016.6667 88250.0000;
14983.3333 87283.3333;
13350.0000 86883.3333;
13983.3333 86833.3333;
14566.6667 88616.6667;
13016.6667 87066.6667;
13683.3333 87566.6667;
13616.6667 87616.6667;
14816.6667 88450.0000;
14716.6667 87533.3333;
13983.3333 86833.3333;
14900.0000 88833.3333;
15066.6667 83300.0000;
15316.6667 87566.6667;
13183.3333 87333.3333;
13016.6667 87016.6667;
14383.3333 87133.3333;
14000.0000 86400.0000;
13483.3333 87700.0000;
13666.6667 87066.6667;
14666.6667 88516.6667;
15183.3333 88783.3333;
15183.3333 88783.3333;
15066.6667 87216.6667;
14950.0000 87233.3333;
14866.6667 87350.0000;
14633.3333 87600.0000;
14433.3333 88033.3333;
14216.6667 87833.3333;
14000.0000 87566.6667;
13950.0000 86666.6667;
13950.0000 86650.0000;
13883.3333 88316.6667;
13866.6667 87550.0000;
13866.6667 86966.6667;
13850.0000 87016.6667;
13783.3333 87300.0000;
13733.3333 87650.0000;
13533.3333 87750.0000;
13450.0000 86733.3333;
13433.3333 87516.6667;
13950.0000 86666.6667;
13816.6667 87700.0000;
15100.0000 87183.3333;
14716.6667 88883.3333;
14600.0000 86200.0000;
14383.3333 88466.6667;
13683.3333 86816.6667;
13516.6667 87250.0000;
15400.0000 86600.0000;
15400.0000 86600.0000;
14833.3333 86716.6667;
14983.3333 88116.6667;
14933.3333 87933.3333;
14883.3333 88216.6667;
13716.6667 87066.6667;
13833.3333 86733.3333;
13833.3333 86733.3333;
14750.0000 87066.6667;
14750.0000 87066.6667;
13466.6667 87083.3333;
14666.6667 87100.0000;
13750.0000 87550.0000;
14750.0000 88783.3333;
15250.0000 88683.3333;
13066.6667 87133.3333;
15266.6667 85800.0000;
15450.0000 88150.0000;
14600.0000 89150.0000;
14116.6667 87900.0000;
14466.6667 88683.3333;
15250.0000 86516.6667;
14750.0000 89133.3333;
14166.6667 86766.6667;
13733.3333 87200.0000;
15266.6667 85800.0000;
14866.6667 87333.3333;
14650.0000 86866.6667;
14583.3333 86133.3333;
14333.3333 86150.0000;
13933.3333 87333.3333;
13833.3333 87300.0000;
13833.3333 87050.0000;
15133.3333 88650.0000;
15050.0000 88333.3333;
15016.6667 87733.3333;
14750.0000 87583.3333;
13450.0000 86933.3333;
14300.0000 86766.6667;
14083.3333 87366.6667;
15366.6667 87583.3333;
14950.0000 88450.0000;
14866.6667 88566.6667;
14616.6667 88750.0000;
15683.3333 87150.0000;
15366.6667 87316.6667;
15133.3333 88183.3333;
15000.0000 89116.6667;
14950.0000 88016.6667;
14933.3333 87400.0000;
14716.6667 88416.6667;
14566.6667 87333.3333;
14083.3333 87100.0000;
13450.0000 86933.3333;
14133.3333 87266.6667;
14133.3333 87266.6667;
15100.0000 85533.3333;
15750.0000 86550.0000;
15650.0000 85266.6667;
14000.0000 88233.3333;
13566.6667 87100.0000;
15050.0000 88266.6667;
14616.6667 88216.6667;
14583.3333 88150.0000;
13816.6667 87233.3333;
15150.0000 86750.0000;
14933.3333 88083.3333;
15150.0000 86750.0000;
15766.6667 86533.3333;
15583.3333 87233.3333;
15066.6667 87183.3333;
14850.0000 86016.6667;
13716.6667 87300.0000;
13566.6667 87716.6667;
13233.3333 87083.3333;
14950.0000 87283.3333;
13816.6667 86816.6667;
14833.3333 88916.6667;
14750.0000 88783.3333;
15266.6667 87716.6667;
15333.3333 83616.6667;
13633.3333 87000.0000;
13916.6667 88216.6667;
13650.0000 87616.6667;
14066.6667 88300.0000;
15366.6667 87550.0000;
14066.6667 88450.0000;
13416.6667 87700.0000;
13050.0000 87000.0000;
14033.3333 88533.3333;
14033.3333 88533.3333;
14066.6667 88450.0000;
14366.6667 88983.3333;
14533.3333 86833.3333;
13883.3333 88400.0000;
15450.0000 87483.3333;
13466.6667 87666.6667;
13466.6667 87666.6667;
15133.3333 88200.0000;
14450.0000 87066.6667;
13983.3333 86866.6667;
14950.0000 88433.3333;
14933.3333 86633.3333;
13933.3333 87233.3333;
15383.3333 88933.3333;
15300.0000 85916.6667;
13650.0000 87083.3333;
14700.0000 86300.0000;
15350.0000 86766.6667;
15316.6667 88050.0000;
14183.3333 87000.0000;
13783.3333 86883.3333;
13500.0000 87366.6667;
13466.6667 86950.0000;
14950.0000 87266.6667;
15266.6667 87133.3333;
15183.3333 86933.3333;
14800.0000 86900.0000;
14016.6667 88500.0000;
13966.6667 86450.0000;
13683.3333 87433.3333;
13600.0000 87700.0000;
15366.6667 88483.3333;
14550.0000 86883.3333;
14433.3333 86166.6667;
13883.3333 86866.6667;
13566.6667 86966.6667;
13083.3333 86983.3333;
14316.6667 89016.6667;
14933.3333 89150.0000;
14933.3333 89150.0000;
14750.0000 86133.3333;
13750.0000 87216.6667;
13433.3333 87033.3333;
14850.0000 88733.3333;
14816.6667 88783.3333;
14483.3333 87100.0000;
14283.3333 86533.3333;
13933.3333 88283.3333;
13816.6667 86900.0000;
13800.0000 86683.3333;
13750.0000 86900.0000;
13716.6667 86933.3333;
13466.6667 87033.3333;
13433.3333 86950.0000;
13983.3333 86633.3333;
14700.0000 88916.6667;
13283.3333 87033.3333;
15416.6667 88466.6667;
15266.6667 86983.3333;
15016.6667 87216.6667;
14600.0000 86583.3333;
15116.6667 88300.0000;
15066.6667 88616.6667;
14650.0000 86200.0000;
14083.3333 88650.0000;
15266.6667 86983.3333;
14916.6667 87900.0000;
13933.3333 87333.3333;
14916.6667 87900.0000;
14866.6667 89216.6667;
14683.3333 87183.3333;
14100.0000 88583.3333;
13950.0000 86900.0000;
13850.0000 87683.3333;
13366.6667 87000.0000;
15366.6667 88100.0000;
15800.0000 86616.6667;
14600.0000 86583.3333;
15366.6667 88483.3333;
14316.6667 89016.6667;
14350.0000 87616.6667;
14933.3333 88900.0000;
14066.6667 88483.3333;
13916.6667 88200.0000;
13850.0000 88233.3333;
14516.6667 88783.3333;
15033.3333 86516.6667;
14966.6667 88733.3333;
14066.6667 88383.3333;
13850.0000 87516.6667;
13416.6667 88216.6667;
13716.6667 87583.3333;
13433.3333 87116.6667;
13633.3333 86983.3333;
14816.6667 86900.0000;
14766.6667 88833.3333;
13683.3333 87450.0000;
14500.0000 88783.3333;
14783.3333 88683.3333;
13200.0000 87050.0000;
13950.0000 86900.0000;
13433.3333 87750.0000;
14900.0000 89066.6667;
14883.3333 88700.0000;
14850.0000 88800.0000;
14733.3333 88416.6667;
14250.0000 88500.0000;
14200.0000 88550.0000;
14983.3333 87400.0000;
14550.0000 86500.0000;
13616.6667 87033.3333;
13616.6667 87033.3333;
13466.6667 87400.0000;
14983.3333 88883.3333;
14266.6667 88416.6667;
15450.0000 88166.6667;
14850.0000 88516.6667;
14416.6667 88983.3333;
13833.3333 87250.0000;
15783.3333 86083.3333;
15550.0000 87400.0000;
15283.3333 88050.0000;
15166.6667 87250.0000;
15150.0000 87066.6667;
14100.0000 88533.3333;
14066.6667 87616.6667;
13866.6667 86566.6667;
13800.0000 87050.0000;
15183.3333 88100.0000;
13933.3333 88333.3333;
15050.0000 89150.0000;
15300.0000 88500.0000;
15216.6667 85816.6667;
14516.6667 87600.0000;
13883.3333 87183.3333;
13783.3333 87233.3333;
13750.0000 87233.3333;
13700.0000 86933.3333;
14216.6667 88216.6667;
13916.6667 87300.0000;
14483.3333 88600.0000;
14433.3333 88683.3333;
14566.6667 88366.6667;
14500.0000 88750.0000;
14400.0000 89100.0000;
14500.0000 88033.3333;
14483.3333 88600.0000;
14433.3333 88800.0000;
14433.3333 88683.3333;
14183.3333 88900.0000;
14066.6667 88050.0000;
14000.0000 87100.0000;
13766.6667 87550.0000;
14850.0000 88600.0000;
14333.3333 87550.0000;
14916.6667 88450.0000;
14316.6667 88450.0000;
14850.0000 88983.3333;
14800.0000 87816.6667;
14650.0000 89100.0000;
14600.0000 88833.3333;
14900.0000 86800.0000;
14850.0000 88516.6667;
13850.0000 87500.0000;
13783.3333 87550.0000;
13566.6667 86900.0000;
13550.0000 87066.6667;
13550.0000 87066.6667;
15533.3333 86666.6667;
15650.0000 86383.3333;
15533.3333 86666.6667;
15250.0000 88350.0000;
15033.3333 86866.6667;
14916.6667 87283.3333;
14850.0000 87250.0000;
14833.3333 88833.3333;
14683.3333 87183.3333;
14666.6667 89016.6667;
14433.3333 89083.3333;
14066.6667 88050.0000;
13783.3333 87550.0000;
13533.3333 87666.6667;
13483.3333 87433.3333;
13233.3333 87266.6667;
14783.3333 88816.6667;
14933.3333 87983.3333;
13516.6667 87116.6667;
14833.3333 87750.0000;
15100.0000 88150.0000;
13666.6667 87733.3333;
13816.6667 86800.0000;
15000.0000 88966.6667;
15083.3333 88450.0000;
13583.3333 86916.6667;
14483.3333 88666.6667;
14300.0000 88716.6667;
13816.6667 86800.0000;
13550.0000 87000.0000;
13366.6667 86933.3333;
15083.3333 88450.0000;
14966.6667 86400.0000;
14133.3333 87116.6667;
13316.6667 87066.6667;
14283.3333 86766.6667;
15800.0000 87883.3333;
15483.3333 88116.6667;
15066.6667 88633.3333;
14283.3333 86833.3333;
14250.0000 86833.3333;
15033.3333 89083.3333;
14783.3333 89150.0000;
13316.6667 87066.6667;
13766.6667 87550.0000;
14350.0000 89000.0000;
13516.6667 87500.0000;
14066.6667 86300.0000;
13466.6667 87033.3333;
15700.0000 86200.0000;
14066.6667 86300.0000;
15850.0000 85233.3333;
13583.3333 86883.3333;
15850.0000 85233.3333;
15033.3333 89083.3333;
15083.3333 89033.3333;
14000.0000 86800.0000;
13966.6667 86500.0000;
13950.0000 87300.0000;
13916.6667 87016.6667;
14133.3333 88833.3333;
13700.0000 87200.0000;
14716.6667 87033.3333;
14716.6667 88233.3333;
14950.0000 86733.3333;
14616.6667 86300.0000;
14200.0000 87116.6667;
13750.0000 87150.0000;
13616.6667 86900.0000;
14833.3333 87133.3333;
14766.6667 87733.3333;
14616.6667 88016.6667;
14033.3333 88516.6667;
13766.6667 87466.6667;
13683.3333 87450.0000;
13650.0000 87600.0000;
13616.6667 87250.0000;
13600.0000 87050.0000;
13583.3333 87400.0000;
13550.0000 87433.3333;
13683.3333 87450.0000;
14133.3333 88616.6667;
15250.0000 87233.3333;
15116.6667 88283.3333;
14983.3333 88733.3333;
14850.0000 88833.3333;
14633.3333 88083.3333;
14500.0000 89300.0000;
14400.0000 89300.0000;
14333.3333 87416.6667;
13150.0000 87116.6667;
13900.0000 86866.6667;
13900.0000 86866.6667;
14000.0000 86800.0000;
14250.0000 87500.0000;
13833.3333 86900.0000;
13550.0000 86983.3333;
14400.0000 87300.0000;
14250.0000 88933.3333;
14250.0000 86866.6667;
13166.6667 87066.6667;
15400.0000 87333.3333;
14833.3333 89083.3333;
15150.0000 88133.3333;
14900.0000 88316.6667;
14866.6667 88500.0000;
14766.6667 88650.0000;
14716.6667 88400.0000;
14716.6667 87966.6667;
14266.6667 89016.6667;
14250.0000 88700.0000;
14233.3333 88200.0000;
14100.0000 88000.0000;
14000.0000 88316.6667;
13200.0000 87033.3333;
13916.6667 87616.6667;
13633.3333 87050.0000;
13616.6667 86966.6667;
13550.0000 87133.3333;
15250.0000 88150.0000;
14950.0000 86366.6667;
14850.0000 88516.6667;
14816.6667 86550.0000;
14450.0000 88350.0000;
14166.6667 88750.0000;
13883.3333 88250.0000;
13800.0000 86716.6667;
13550.0000 87133.3333;
13416.6667 87116.6667;
13400.0000 86983.3333;
13266.6667 87083.3333;
15150.0000 87133.3333;
15066.6667 87150.0000;
14783.3333 87333.3333;
14066.6667 87150.0000;
13666.6667 87566.6667;
13616.6667 86983.3333;
13550.0000 87116.6667;
14716.6667 87033.3333;
14066.6667 86933.3333;
13433.3333 87400.0000;
14250.0000 86783.3333;
15733.3333 87416.6667;
15000.0000 88116.6667;
14500.0000 88716.6667;
14283.3333 88833.3333;
14150.0000 87883.3333;
13700.0000 86783.3333;
15133.3333 87366.6667;
14350.0000 87200.0000;
13100.0000 87066.6667;
15100.0000 88683.3333;
15083.3333 88633.3333;
15000.0000 89083.3333;
14966.6667 87133.3333;
14783.3333 87783.3333;
14716.6667 87900.0000;
14550.0000 87933.3333;
14333.3333 87850.0000;
14050.0000 88133.3333;
13083.3333 86983.3333;
15550.0000 86083.3333;
15666.6667 86066.6667;
15550.0000 86083.3333;
15383.3333 86700.0000;
15316.6667 85850.0000;
15200.0000 87066.6667;
14750.0000 86483.3333;
14466.6667 86833.3333;
14066.6667 88483.3333;
13833.3333 88316.6667;
13800.0000 88366.6667;
13650.0000 87250.0000;
14683.3333 88783.3333;
14483.3333 88766.6667;
15833.3333 85166.6667;
13816.6667 86516.6667;
14033.3333 88583.3333;
13900.0000 88216.6667;
13833.3333 88350.0000;
13016.6667 87016.6667;
14483.3333 88800.0000;
14416.6667 87950.0000;
13566.6667 87666.6667;
13516.6667 86966.6667;
13466.6667 86833.3333;
13450.0000 87700.0000;
13250.0000 87250.0000;
14100.0000 87516.6667;
14850.0000 89216.6667;
14866.6667 89166.6667;
14366.6667 88433.3333;
14300.0000 88516.6667;
14016.6667 87583.3333;
13833.3333 87283.3333;
13716.6667 87283.3333;
13833.3333 87283.3333;
13833.3333 87283.3333;
15357.7778 88565.8333;
15216.6667 86500.0000;
15133.3333 88233.3333;
15050.0000 87633.3333;
15050.0000 86833.3333;
14983.3333 88183.3333;
14933.3333 87300.0000;
14816.6667 88916.6667;
14800.0000 88833.3333;
14783.3333 88166.6667;
14766.6667 88800.0000;
14733.3333 87666.6667;
14666.6667 87950.0000;
14650.0000 88483.3333;
14650.0000 86233.3333;
14566.6667 86633.3333;
14550.0000 88866.6667;
14483.3333 88450.0000;
14466.6667 89133.3333;
14400.0000 87033.3333;
14400.0000 86133.3333;
14383.3333 88950.0000;
14383.3333 88366.6667;
14366.6667 88733.3333;
14300.0000 88700.0000;
14300.0000 88483.3333;
14283.3333 88200.0000;
14250.0000 87683.3333;
14216.6667 88433.3333;
14183.3333 86900.0000;
14166.6667 87616.6667;
14150.0000 88650.0000;
14150.0000 87350.0000;
14150.0000 86733.3333;
14133.3333 87283.3333;
14100.0000 87900.0000;
14100.0000 87516.6667;
14083.3333 88333.3333;
14033.3333 88066.6667;
14016.6667 87583.3333;
13966.6667 88066.6667;
13966.6667 87383.3333;
13966.6667 86750.0000;
13933.3333 88300.0000;
13916.6667 87333.3333;
13916.6667 87300.0000;
13916.6667 87133.3333;
13866.6667 86633.3333;
13800.0000 88250.0000;
13800.0000 87300.0000;
13750.0000 87550.0000;
13716.6667 86850.0000;
13650.0000 87583.3333;
13650.0000 87416.6667;
13583.3333 87133.3333;
13550.0000 86866.6667;
13516.6667 87116.6667;
13500.0000 87083.3333;
13366.6667 87000.0000;
13183.3333 87066.6667;
13716.6667 87283.3333;
14750.0000 88083.3333;
13800.0000 87450.0000;
13266.6667 87283.3333;
13816.6667 87283.3333;
14416.6667 87950.0000;
15316.6667 85833.3333;
14416.6667 87950.0000;
15516.6667 87966.6667;
15416.6667 87650.0000;
15016.6667 88733.3333;
14883.3333 88616.6667;
14800.0000 88783.3333;
13966.6667 88283.3333;
13833.3333 88333.3333;
13250.0000 87650.0000;
14850.0000 86483.3333;
14800.0000 86433.3333;
14750.0000 86483.3333;
14700.0000 86300.0000;
13650.0000 87050.0000;
13566.6667 87166.6667;
15416.6667 85533.3333;
14250.0000 87050.0000;
14116.6667 87583.3333;
13733.3333 87066.6667;
14066.6667 88466.6667;
13066.6667 87033.3333;
13766.6667 87466.6667;
15083.3333 88483.3333;
14200.0000 87950.0000;
14033.3333 88216.6667;
14000.0000 86833.3333;
13983.3333 88183.3333;
13816.6667 86883.3333;
13450.0000 87183.3333;
13416.6667 86900.0000;
13266.6667 87016.6667;
15216.6667 85866.6667;
14066.6667 86866.6667;
13850.0000 87533.3333;
13800.0000 87400.0000;
13766.6667 87550.0000;
13766.6667 87300.0000;
13750.0000 87433.3333;
13716.6667 86816.6667;
13566.6667 87116.6667;
13516.6667 87066.6667;
13400.0000 87716.6667;
14533.3333 88783.3333;
14566.6667 87833.3333;
13633.3333 86966.6667;
14866.6667 88516.6667;
14283.3333 86766.6667;
13916.6667 86316.6667;
13750.0000 87233.3333;
14916.6667 87933.3333;
13733.3333 87616.6667;
14383.3333 88950.0000;
14933.3333 88900.0000;
15950.0000 85850.0000;
14916.6667 88583.3333;
14050.0000 87183.3333;
15150.0000 88716.6667;
14416.6667 87883.3333;
14350.0000 87566.6667;
13800.0000 88400.0000;
13733.3333 87450.0000;
14883.3333 88866.6667;
14600.0000 88833.3333;
14483.3333 89116.6667;
14483.3333 88550.0000;
14083.3333 88750.0000;
14866.6667 87333.3333;
13816.6667 86683.3333;
13800.0000 87300.0000;
13766.6667 87300.0000;
13800.0000 87300.0000;
14050.0000 88533.3333;
13866.6667 87216.6667;
13800.0000 87300.0000;
13766.6667 87300.0000;
15266.6667 86950.0000;
14933.3333 88333.3333;
14800.0000 88800.0000;
14733.3333 89033.3333;
13916.6667 88200.0000;
13600.0000 87716.6667;
14716.6667 88016.6667;
15333.3333 87566.6667;
15300.0000 87950.0000;
15183.3333 87766.6667;
14866.6667 89150.0000;
14800.0000 87400.0000;
14700.0000 86316.6667;
13616.6667 86983.3333;
13233.3333 87066.6667;
14600.0000 88216.6667;
13916.6667 87650.0000;
13233.3333 87066.6667;
13483.3333 87033.3333;
15383.3333 88016.6667;
14550.0000 87316.6667;
14483.3333 88866.6667;
13450.0000 87383.3333;
13366.6667 86983.3333;
13900.0000 86866.6667;
14350.0000 88666.6667;
15783.3333 86533.3333;
15450.0000 88233.3333;
15183.3333 86866.6667;
15166.6667 88550.0000;
15033.3333 86816.6667;
14900.0000 86416.6667;
14866.6667 87066.6667;
14850.0000 87333.3333;
14816.6667 87966.6667;
14750.0000 87766.6667;
14716.6667 87033.3333;
14650.0000 87316.6667;
14583.3333 88183.3333;
14583.3333 87583.3333;
14566.6667 86700.0000;
14416.6667 86116.6667;
14066.6667 86866.6667;
13950.0000 86516.6667;
13833.3333 86666.6667;
13683.3333 87383.3333;
13533.3333 86900.0000;
13500.0000 87216.6667;
13266.6667 87050.0000;
13233.3333 86950.0000;
13083.3333 87066.6667;
13700.0000 87616.6667;
13566.6667 87116.6667;
14100.0000 88300.0000;
14066.6667 88583.3333;
13850.0000 88366.6667;
15633.3333 87950.0000;
13716.6667 87583.3333;
13700.0000 87583.3333;
14900.0000 87066.6667;
13633.3333 87600.0000;
13616.6667 87250.0000;
14550.0000 87100.0000;
14866.6667 87783.3333;
14866.6667 87650.0000;
13616.6667 87600.0000;
13566.6667 87016.6667;
13616.6667 87600.0000;
13566.6667 87016.6667;
13500.0000 86883.3333;
13150.0000 87366.6667;
14550.0000 87316.6667;
14766.6667 87033.3333;
13633.3333 87033.3333;
13433.3333 87733.3333;
14716.6667 88333.3333;
14450.0000 88516.6667;
13633.3333 87033.3333;
13916.6667 87233.3333;
13816.6667 87666.6667;
13550.0000 87650.0000;
14850.0000 89116.6667;
13716.6667 87350.0000;
13550.0000 87350.0000;
14983.3333 88800.0000;
14850.0000 88833.3333;
14483.3333 86366.6667;
14550.0000 86166.6667;
13366.6667 87333.3333;
14833.3333 88500.0000;
14033.3333 86466.6667;
15100.0000 83316.6667;
15100.0000 83316.6667;
14816.6667 88550.0000;
13600.0000 87516.6667;
14583.3333 89150.0000;
13383.3333 86983.3333;
14833.3333 86333.3333;
14600.0000 86583.3333;
14483.3333 87183.3333;
15700.0000 85950.0000;
15350.0000 87866.6667;
15216.6667 86050.0000;
15050.0000 88516.6667;
14916.6667 88266.6667;
14783.3333 88166.6667;
14583.3333 86700.0000;
14566.6667 88883.3333;
14433.3333 88983.3333;
14183.3333 86883.3333;
14100.0000 86683.3333;
13833.3333 86866.6667;
13783.3333 86866.6667;
14800.0000 88600.0000;
14183.3333 86883.3333;
14116.6667 88400.0000;
14000.0000 88483.3333;
14550.0000 88133.3333;
14433.3333 89166.6667;
13866.6667 88300.0000;
13616.6667 87516.6667;
13466.6667 87100.0000;
13100.0000 87066.6667;
15216.6667 86050.0000;
13416.6667 86783.3333;
14433.3333 89166.6667;
13883.3333 87683.3333;
13600.0000 87166.6667;
13466.6667 87100.0000;
15466.6667 86466.6667;
15300.0000 86983.3333;
15266.6667 88666.6667;
14816.6667 86883.3333;
14183.3333 88383.3333;
14000.0000 88100.0000;
15016.6667 86250.0000;
15350.0000 87900.0000;
14816.6667 89133.3333;
14816.6667 89116.6667;
14700.0000 88366.6667;
14666.6667 88800.0000;
13366.6667 86966.6667;
15016.6667 88300.0000;
13566.6667 86966.6667;
13283.3333 87016.6667;
15166.6667 86200.0000;
14550.0000 89216.6667;
13950.0000 88266.6667;
13816.6667 87100.0000;
13816.6667 87100.0000;
15733.3333 87900.0000;
15383.3333 88000.0000;
15266.6667 87866.6667;
15066.6667 87466.6667;
14983.3333 88200.0000;
14950.0000 88866.6667;
14700.0000 86316.6667;
14650.0000 88783.3333;
13300.0000 87000.0000;
14766.6667 88783.3333;
13650.0000 87266.6667;
13583.3333 87116.6667;
14033.3333 88050.0000;
14600.0000 88750.0000;
13550.0000 87616.6667;
13533.3333 87583.3333;
13716.6667 86900.0000;
14133.3333 88683.3333;
14300.0000 88616.6667;
14300.0000 88616.6667;
14366.6667 87500.0000;
14233.3333 88416.6667;
14166.6667 88283.3333;
15350.0000 86833.3333;
14283.3333 88133.3333;
14133.3333 87616.6667;
14000.0000 86633.3333;
13433.3333 86983.3333;
13900.0000 87600.0000;
13883.3333 87500.0000;
13833.3333 87616.6667;
13300.0000 87066.6667;
14000.0000 88300.0000;
13616.6667 87500.0000;
14000.0000 88300.0000;
13616.6667 87716.6667;
13500.0000 86833.3333;
15166.6667 87533.3333;
15783.3333 85083.3333;
15750.0000 85783.3333;
14566.6667 89216.6667;
13283.3333 86883.3333;
14566.6667 89216.6667;
13833.3333 87516.6667;
14966.6667 88800.0000;
13783.3333 87550.0000;
14500.0000 88800.0000;
14100.0000 87650.0000;
14033.3333 88600.0000;
13750.0000 87550.0000;
13733.3333 86900.0000;
13666.6667 87500.0000;
13583.3333 87766.6667;
13283.3333 87350.0000;
13800.0000 87600.0000;
14433.3333 89333.3333;
14966.6667 89150.0000;
13883.3333 86533.3333;
13500.0000 87483.3333;
13500.0000 87483.3333;
14566.6667 86216.6667;
14483.3333 87133.3333;
13866.6667 87216.6667;
13816.6667 87266.6667;
13766.6667 87350.0000;
13633.3333 87633.3333;
13433.3333 87516.6667;
13433.3333 86933.3333;
14966.6667 88700.0000;
13900.0000 88216.6667;
13700.0000 87300.0000;
13450.0000 87300.0000;
13333.3333 87650.0000;
13383.3333 87050.0000;
13166.6667 87383.3333;
14650.0000 88783.3333;
14750.0000 88083.3333;
15050.0000 86900.0000;
14833.3333 88500.0000;
14816.6667 88116.6667;
14100.0000 88500.0000;
13866.6667 88350.0000;
13716.6667 86850.0000;
13916.6667 86783.3333;
14116.6667 87066.6667;
13533.3333 86950.0000;
14883.3333 87816.6667;
14883.3333 87300.0000;
14850.0000 88116.6667;
14733.3333 88266.6667;
14666.6667 88683.3333;
13866.6667 87633.3333;
14333.3333 88750.0000;
13566.6667 87033.3333;
14700.0000 87750.0000;
14950.0000 88316.6667;
14800.0000 88716.6667;
14450.0000 88666.6667;
14416.6667 88816.6667;
14216.6667 86983.3333;
13750.0000 87233.3333;
15733.3333 86583.3333;
15466.6667 86950.0000;
15250.0000 88033.3333;
15250.0000 85816.6667;
15133.3333 88733.3333;
14950.0000 88350.0000;
14916.6667 85850.0000;
14850.0000 87316.6667;
14783.3333 88383.3333;
14683.3333 88716.6667;
14500.0000 87183.3333;
14450.0000 87933.3333;
14133.3333 88766.6667;
14000.0000 87533.3333;
13950.0000 87133.3333;
13783.3333 87300.0000;
13650.0000 87650.0000;
13533.3333 87433.3333;
13466.6667 87183.3333;
13450.0000 87033.3333;
13416.6667 86850.0000;
13366.6667 86883.3333;
15166.6667 88283.3333;
14883.3333 88150.0000;
14816.6667 88583.3333;
13966.6667 87366.6667;
13650.0000 86933.3333;
14983.3333 89133.3333;
14666.6667 87300.0000;
14550.0000 88850.0000;
14283.3333 88450.0000;
14183.3333 88683.3333;
14066.6667 88316.6667;
13800.0000 87133.3333;
13483.3333 86900.0000;
13916.6667 87383.3333;
13716.6667 87083.3333;
14783.3333 88500.0000;
15250.0000 88033.3333;
14500.0000 87850.0000;
14966.6667 88783.3333;
14083.3333 88750.0000;
14500.0000 87850.0000;
13783.3333 86683.3333;
13633.3333 86933.3333;
13616.6667 87666.6667;
14966.6667 88783.3333;
14083.3333 88750.0000;
13616.6667 87066.6667;
14233.3333 88750.0000;
13933.3333 88283.3333;
13883.3333 86850.0000;
13850.0000 87500.0000;
13716.6667 86933.3333;
13700.0000 87066.6667;
13666.6667 87066.6667;
13583.3333 87116.6667;
13483.3333 87683.3333;
13483.3333 87050.0000;
13783.3333 86800.0000;
13400.0000 86866.6667;
13550.0000 87616.6667;
15766.6667 87850.0000;
15133.3333 87116.6667;
15133.3333 87116.6667;
14616.6667 88750.0000;
14283.3333 88500.0000;
15133.3333 88183.3333;
14566.6667 87333.3333;
16500.0000 85866.6667;
13333.3333 86783.3333;
13633.3333 86816.6667;
14183.3333 87133.3333;
14433.3333 89250.0000;
14066.6667 87850.0000;
14066.6667 87850.0000;
15833.3333 85816.6667;
14466.6667 87850.0000;
15100.0000 85533.3333;
15100.0000 85533.3333;
15100.0000 85533.3333;
14866.6667 87616.6667;
14850.0000 88833.3333;
13816.6667 87250.0000;
13600.0000 87183.3333;
15750.0000 86550.0000;
14100.0000 88566.6667;
15100.0000 85533.3333;
15366.6667 88116.6667;
15283.3333 88433.3333;
15166.6667 85883.3333;
14866.6667 86166.6667;
14766.6667 89150.0000;
15333.3333 88000.0000;
14150.0000 88666.6667;
14983.3333 88850.0000;
15566.6667 87833.3333;
15983.3333 85066.6667;
14233.3333 88350.0000;
14533.3333 89116.6667;
14883.3333 87283.3333;
14866.6667 88833.3333;
14783.3333 87750.0000;
14533.3333 89116.6667;
14233.3333 88350.0000;
14016.6667 87816.6667;
13866.6667 87800.0000;
16350.0000 86500.0000;
16316.6667 86516.6667;
15050.0000 88266.6667;
15166.6667 86200.0000;
14550.0000 87316.6667;
13850.0000 88266.6667;
13816.6667 87233.3333;
13833.3333 86866.6667;
16416.6667 86300.0000;
13783.3333 86500.0000;
15150.0000 86750.0000;
15150.0000 86750.0000;
16416.6667 86300.0000;
15766.6667 86533.3333;
15583.3333 87233.3333;
15266.6667 83433.3333;
15266.6667 83433.3333;
15066.6667 87183.3333;
13233.3333 87083.3333;
14816.6667 86250.0000;
14216.6667 88816.6667;
14950.0000 87283.3333;
13816.6667 86816.6667;
15583.3333 86416.6667;
14783.3333 88800.0000;
14750.0000 89083.3333;
15583.3333 86416.6667;
14883.3333 88066.6667;
14783.3333 88800.0000;
13500.0000 86883.3333;
14466.6667 88716.6667;
14750.0000 88783.3333;
14966.6667 88633.3333;
15916.6667 85866.6667;
14016.6667 88416.6667;
14650.0000 88083.3333;
14983.3333 88883.3333;
14950.0000 89033.3333;
14933.3333 88766.6667;
14933.3333 87683.3333;
14916.6667 87366.6667;
14900.0000 88500.0000;
14883.3333 88933.3333;
14816.6667 88816.6667;
14766.6667 88733.3333;
14683.3333 88050.0000;
14550.0000 86566.6667;
14283.3333 87933.3333;
14283.3333 86900.0000;
14050.0000 87750.0000;
14000.0000 86750.0000;
13850.0000 88350.0000;
13816.6667 86533.3333;
13783.3333 87683.3333;
13700.0000 86850.0000;
14816.6667 88816.6667;
14766.6667 88733.3333;
13700.0000 87533.3333;
14200.0000 88750.0000;
14850.0000 88933.3333;
15333.3333 83616.6667;
15766.6667 86816.6667;
15783.3333 86850.0000;
15733.3333 86850.0000;
15783.3333 86866.6667;
14600.0000 87466.6667;
14000.0000 86883.3333;
14400.0000 87783.3333;
14033.3333 86583.3333;
15150.0000 83683.3333;
15616.6667 87350.0000;
15150.0000 83683.3333;
15616.6667 87350.0000;
13950.0000 86533.3333;
13916.6667 88216.6667;
15616.6667 88316.6667;
15816.6667 85966.6667;
15766.6667 85166.6667;
15666.6667 88200.0000;
15283.3333 87483.3333;
15150.0000 87883.3333;
15100.0000 87766.6667;
13883.3333 86550.0000;
13950.0000 86533.3333;
14883.3333 86750.0000;
15150.0000 88283.3333;
15150.0000 88166.6667;
14066.6667 88300.0000;
13883.3333 88400.0000;
13766.6667 87616.6667;
14783.3333 88833.3333;
14783.3333 88833.3333;
14700.0000 88933.3333;
15850.0000 85233.3333;
15183.3333 83500.0000;
15850.0000 85233.3333;
14200.0000 88616.6667;
15500.0000 88216.6667;
13950.0000 86533.3333;
13733.3333 87033.3333;
13950.0000 86533.3333;
14883.3333 86750.0000;
15100.0000 87333.3333;
15033.3333 87350.0000;
14566.6667 88466.6667;
15633.3333 88233.3333;
13666.6667 87416.6667;
14683.3333 89050.0000;
13850.0000 87533.3333;
14233.3333 88433.3333;
14633.3333 89050.0000;
13650.0000 87000.0000;
13850.0000 87533.3333;
13850.0000 87533.3333;
14366.6667 88983.3333;
13850.0000 87533.3333;
14733.3333 89083.3333;
15200.0000 88666.6667;
15050.0000 88333.3333;
14966.6667 89000.0000;
14950.0000 88816.6667;
14533.3333 86833.3333;
14966.6667 88566.6667;
14966.6667 88566.6667;
13916.6667 88416.6667;
15083.3333 88083.3333;
15066.6667 85416.6667;
15733.3333 87566.6667;
15733.3333 87566.6667;
15100.0000 85533.3333;
15733.3333 87566.6667;
14083.3333 87550.0000;
14800.0000 88716.6667;
14950.0000 87266.6667;
13583.3333 86916.6667;
14950.0000 87266.6667;
15150.0000 87566.6667;
14716.6667 88966.6667;
13633.3333 87583.3333;
13933.3333 87233.3333;
13500.0000 86933.3333;
13583.3333 87100.0000;
14750.0000 88400.0000;
15566.6667 87683.3333;
14183.3333 87400.0000;
13933.3333 88283.3333;
14183.3333 88766.6667;
14650.0000 86916.6667;
14833.3333 86633.3333;
13966.6667 87050.0000;
13483.3333 87016.6667;
13483.3333 87016.6667;
13800.0000 87183.3333;
15283.3333 88000.0000;
14883.3333 88200.0000;
15750.0000 87116.6667;
15500.0000 87133.3333;
14650.0000 88866.6667;
14100.0000 88700.0000;
15300.0000 83550.0000;
15066.6667 88683.3333;
15250.0000 87333.3333;
14583.3333 87550.0000;
15016.6667 88883.3333;
15050.0000 88400.0000;
14783.3333 88200.0000;
14966.6667 89116.6667;
14583.3333 87550.0000;
15050.0000 88400.0000;
14966.6667 89116.6667;
15166.6667 88200.0000;
15250.0000 87333.3333;
15083.3333 88133.3333;
14900.0000 88400.0000;
14833.3333 88183.3333;
13483.3333 87683.3333;
15133.3333 88200.0000;
14416.6667 88750.0000;
14416.6667 88750.0000;
15150.0000 88166.6667;
15666.6667 88200.0000;
13800.0000 87050.0000;
15200.0000 87250.0000;
14350.0000 88633.3333;
14416.6667 88550.0000;
14633.3333 89050.0000;
15533.3333 86116.6667;
15533.3333 86116.6667;
15266.6667 86216.6667;
15650.0000 87883.3333;
14783.3333 87583.3333;
14950.0000 88433.3333;
14933.3333 86650.0000;
14933.3333 86633.3333;
14900.0000 88383.3333;
14050.0000 88000.0000;
14050.0000 88000.0000;
14866.6667 88466.6667;
14066.6667 88416.6667;
14000.0000 87100.0000;
14000.0000 87100.0000;
14483.3333 88816.6667;
14450.0000 88550.0000;
13833.3333 87250.0000;
14266.6667 87916.6667;
13850.0000 88233.3333;
15216.6667 83400.0000;
15433.3333 83833.3333;
15166.6667 83483.3333;
15516.6667 84316.6667;
14950.0000 88433.3333;
14883.3333 88200.0000;
14616.6667 87133.3333;
14466.6667 88483.3333;
14116.6667 87200.0000;
13933.3333 86733.3333;
13800.0000 86800.0000;
15000.0000 88650.0000;
14750.0000 88933.3333;
14733.3333 87683.3333;
14066.6667 87766.6667;
13950.0000 86400.0000;
13700.0000 87433.3333;
15466.6667 86266.6667;
15516.6667 84316.6667;
14616.6667 88000.0000;
15783.3333 87316.6667;
14716.6667 87600.0000;
15816.6667 86683.3333;
14600.0000 84600.0000;
15533.3333 87700.0000;
13650.0000 87083.3333;
16350.0000 86450.0000;
15050.0000 84950.0000;
15433.3333 83833.3333;
15083.3333 83550.0000;
14700.0000 86300.0000;
14016.6667 87100.0000;
14933.3333 86583.3333;
13900.0000 87000.0000;
13800.0000 88350.0000;
13650.0000 87650.0000;
15350.0000 86766.6667;
13866.6667 88350.0000;
13700.0000 87383.3333;
13183.3333 87083.3333;
15616.6667 86800.0000;
15316.6667 88050.0000;
15066.6667 87633.3333;
14700.0000 87416.6667;
15316.6667 88050.0000;
15066.6667 87633.3333;
14216.6667 88633.3333;
14200.0000 86233.3333;
14183.3333 87000.0000;
13716.6667 87583.3333;
13533.3333 87216.6667;
13500.0000 87366.6667;
13316.6667 87583.3333;
14233.3333 88800.0000;
15400.0000 86666.6667;
15466.6667 86683.3333;
15250.0000 87300.0000;
14933.3333 86583.3333;
14950.0000 87266.6667;
15266.6667 87133.3333;
15183.3333 86933.3333;
14250.0000 87500.0000;
14100.0000 88750.0000;
13966.6667 86450.0000;
13883.3333 88333.3333;
13783.3333 87633.3333;
13766.6667 87283.3333;
13683.3333 87433.3333;
13816.6667 87316.6667;
14550.0000 86883.3333;
13883.3333 86866.6667;
13566.6667 86966.6667;
14633.3333 87566.6667;
16300.0000 86550.0000;
16300.0000 86550.0000;
15366.6667 87916.6667;
15150.0000 88283.3333;
14933.3333 86816.6667;
14033.3333 88266.6667;
13966.6667 88183.3333;
13033.3333 87000.0000;
15350.0000 86983.3333;
13600.0000 87516.6667;
14350.0000 86650.0000;
15633.3333 88300.0000;
13750.0000 87216.6667;
15166.6667 87966.6667;
14133.3333 88483.3333;
15133.3333 88233.3333;
15483.3333 88100.0000;
15416.6667 88450.0000;
15416.6667 88450.0000;
15266.6667 88233.3333;
15200.0000 85800.0000;
13900.0000 87516.6667;
15683.3333 86483.3333;
14900.0000 88616.6667;
14850.0000 88733.3333;
14816.6667 87416.6667;
14733.3333 87666.6667;
14483.3333 87100.0000;
14400.0000 86883.3333;
14366.6667 87016.6667;
14166.6667 87183.3333;
13933.3333 88283.3333;
13833.3333 88333.3333;
13700.0000 87433.3333;
13483.3333 87166.6667;
15166.6667 88100.0000;
15050.0000 86400.0000;
14850.0000 89183.3333;
14850.0000 88733.3333;
14816.6667 88783.3333;
14783.3333 87683.3333;
14483.3333 87100.0000;
14366.6667 87016.6667;
14283.3333 86533.3333;
14166.6667 87183.3333;
13833.3333 88333.3333;
13816.6667 86900.0000;
13800.0000 87516.6667;
13800.0000 86683.3333;
13750.0000 86900.0000;
13716.6667 86933.3333;
13416.6667 87100.0000;
14266.6667 88933.3333;
13950.0000 86583.3333;
13900.0000 87683.3333;
14566.6667 88866.6667;
13283.3333 87033.3333;
15233.3333 86533.3333;
15166.6667 87700.0000;
16316.6667 86516.6667;
15800.0000 86716.6667;
15416.6667 87833.3333;
15350.0000 86066.6667;
15116.6667 88300.0000;
14650.0000 86200.0000;
14083.3333 88650.0000;
15350.0000 88033.3333;
14316.6667 87900.0000;
13933.3333 87333.3333;
15600.0000 87966.6667;
15116.6667 85716.6667;
15750.0000 85783.3333;
15750.0000 85783.3333;
15583.3333 88366.6667;
15316.6667 87133.3333;
14850.0000 87766.6667;
14016.6667 87933.3333;
14016.6667 87933.3333;
14016.6667 87933.3333;
14566.6667 88866.6667;
15033.3333 88033.3333;
14916.6667 87900.0000;
14916.6667 87900.0000;
14866.6667 89216.6667;
14700.0000 87683.3333;
14683.3333 87183.3333;
14100.0000 88583.3333;
13950.0000 86900.0000;
13850.0000 88333.3333;
13850.0000 87683.3333;
13850.0000 87533.3333;
14833.3333 86016.6667;
15800.0000 86616.6667;
13666.6667 87416.6667;
13650.0000 87533.3333;
14400.0000 88650.0000;
14850.0000 89183.3333;
14200.0000 88450.0000;
14933.3333 88900.0000;
15566.6667 86216.6667;
15450.0000 87883.3333;
15450.0000 87900.0000;
15616.6667 85183.3333;
15450.0000 87900.0000;
14083.3333 88250.0000;
14983.3333 88600.0000;
14133.3333 88466.6667;
14083.3333 88250.0000;
14566.6667 88533.3333;
14200.0000 88483.3333;
14133.3333 88466.6667;
14083.3333 88250.0000;
13966.6667 87366.6667;
15033.3333 86516.6667;
14966.6667 88733.3333;
14233.3333 88700.0000;
14066.6667 88383.3333;
13850.0000 87516.6667;
13416.6667 88216.6667;
15450.0000 87900.0000;
14833.3333 89150.0000;
13433.3333 87116.6667;
13750.0000 87550.0000;
13683.3333 87683.3333;
13433.3333 87116.6667;
13616.6667 87050.0000;
14100.0000 88750.0000;
13366.6667 87250.0000;
14816.6667 86900.0000;
14500.0000 88783.3333;
14116.6667 88550.0000;
14116.6667 88550.0000;
14733.3333 88766.6667;
14616.6667 88616.6667;
14816.6667 88633.3333;
14133.3333 88800.0000;
14133.3333 86300.0000;
15300.0000 85633.3333;
14783.3333 88600.0000;
14850.0000 88366.6667;
14183.3333 88550.0000;
14383.3333 89183.3333;
14016.6667 88316.6667;
13600.0000 87650.0000;
13100.0000 87433.3333;
13600.0000 87600.0000;
15133.3333 88216.6667;
14616.6667 86650.0000;
14566.6667 88966.6667;
14100.0000 88300.0000;
13950.0000 87850.0000;
13950.0000 87850.0000;
13433.3333 87750.0000;
14566.6667 88450.0000;
14566.6667 88450.0000;
14566.6667 88450.0000;
13866.6667 86450.0000;
13850.0000 86466.6667;
14800.0000 88166.6667;
14316.6667 87833.3333;
13983.3333 87283.3333;
14833.3333 88850.0000;
15166.6667 88133.3333;
14316.6667 87833.3333;
13983.3333 87283.3333;
14833.3333 88850.0000;
14716.6667 88416.6667;
13216.6667 87000.0000;
14800.0000 88166.6667;
13983.3333 87283.3333;
15166.6667 88133.3333;
15166.6667 88716.6667;
14600.0000 87650.0000;
14000.0000 88316.6667;
15166.6667 88716.6667;
15633.3333 86050.0000;
14983.3333 88866.6667;
14983.3333 87933.3333;
14900.0000 89133.3333;
14833.3333 88850.0000;
14800.0000 88166.6667;
14666.6667 86783.3333;
14516.6667 87700.0000;
14500.0000 89216.6667;
14350.0000 88450.0000;
14300.0000 88966.6667;
14233.3333 87233.3333;
14033.3333 88333.3333;
13616.6667 87400.0000;
13533.3333 87200.0000;
14900.0000 89066.6667;
14883.3333 88700.0000;
14850.0000 88800.0000;
14250.0000 88500.0000;
14200.0000 88833.3333;
14283.3333 88633.3333;
14200.0000 88833.3333;
15283.3333 88033.3333;
14150.0000 86733.3333;
13716.6667 86833.3333;
14983.3333 87400.0000;
14133.3333 88466.6667;
13466.6667 87400.0000;
14050.0000 86150.0000;
14983.3333 88883.3333;
13500.0000 87100.0000;
15100.0000 86500.0000;
14083.3333 87216.6667;
13600.0000 87716.6667;
15633.3333 88283.3333;
15100.0000 87800.0000;
14450.0000 87633.3333;
14066.6667 88583.3333;
13400.0000 86850.0000;
15716.6667 86883.3333;
15783.3333 87316.6667;
15783.3333 87316.6667;
15666.6667 87316.6667;
15033.3333 86900.0000;
15033.3333 89033.3333;
14100.0000 87166.6667;
14050.0000 87216.6667;
15866.6667 85800.0000;
14100.0000 87183.3333;
14966.6667 86416.6667;
15033.3333 88316.6667;
13466.6667 86800.0000;
13950.0000 88283.3333;
15666.6667 87200.0000;
15583.3333 86783.3333;
14083.3333 88316.6667;
14483.3333 88400.0000;
14750.0000 88533.3333;
14300.0000 88883.3333;
14450.0000 88666.6667;
14416.6667 88983.3333;
15116.6667 88066.6667;
14533.3333 87716.6667;
15283.3333 86183.3333;
15166.6667 88650.0000;
14166.6667 88616.6667;
15633.3333 87116.6667;
15616.6667 87150.0000;
15133.3333 88716.6667;
15650.0000 86083.3333;
14850.0000 88733.3333;
14600.0000 88466.6667;
15150.0000 88133.3333;
13866.6667 87216.6667;
15116.6667 83666.6667;
14116.6667 88483.3333;
16283.3333 86583.3333;
16283.3333 86583.3333;
14283.3333 86983.3333;
13950.0000 87333.3333;
13950.0000 87333.3333;
15400.0000 88150.0000;
15050.0000 86500.0000;
14933.3333 86733.3333;
14866.6667 86033.3333;
14833.3333 86616.6667;
14650.0000 86233.3333;
14316.6667 88333.3333;
14283.3333 86983.3333;
14233.3333 88216.6667;
14216.6667 87183.3333;
13950.0000 87333.3333;
13916.6667 87000.0000;
13883.3333 87300.0000;
13866.6667 86600.0000;
13800.0000 87300.0000;
13783.3333 87233.3333;
13233.3333 86983.3333;
13183.3333 87116.6667;
14316.6667 87900.0000;
15900.0000 84816.6667;
15850.0000 84766.6667;
15233.3333 83400.0000;
15233.3333 83400.0000;
15900.0000 84816.6667;
15750.0000 86916.6667;
16316.6667 86533.3333;
15900.0000 84816.6667;
15850.0000 84766.6667;
16316.6667 86533.3333;
15783.3333 86083.3333;
14100.0000 88533.3333;
15600.0000 87933.3333;
14450.0000 87966.6667;
14433.3333 88483.3333;
15833.3333 84516.6667;
16000.0000 85133.3333;
14783.3333 87583.3333;
15416.6667 87850.0000;
13800.0000 87050.0000;
14716.6667 88633.3333;
14383.3333 88583.3333;
15100.0000 88483.3333;
14200.0000 87283.3333;
14216.6667 87283.3333;
14200.0000 87283.3333;
15033.3333 83266.6667;
15033.3333 83266.6667;
15033.3333 83266.6667;
15033.3333 83266.6667;
15033.3333 83266.6667;
15033.3333 83266.6667;
15500.0000 86383.3333;
15500.0000 86383.3333;
15616.6667 84066.6667;
15616.6667 84066.6667;
15433.3333 86533.3333;
15716.6667 84766.6667;
13650.0000 86950.0000;
15300.0000 88500.0000;
13883.3333 87183.3333;
15050.0000 87183.3333;
14666.6667 88716.6667;
14183.3333 87633.3333;
15016.6667 88733.3333;
14566.6667 88883.3333;
14533.3333 87750.0000;
15833.3333 85150.0000;
15916.6667 85233.3333;
13916.6667 87300.0000;
14666.6667 88716.6667;
14166.6667 87966.6667;
14500.0000 88033.3333;
14000.0000 87100.0000;
14916.6667 87933.3333;
13850.0000 87550.0000;
14916.6667 88450.0000;
14333.3333 87550.0000;
14600.0000 87883.3333;
14916.6667 88450.0000;
14316.6667 88450.0000;
14016.6667 87850.0000;
13916.6667 87516.6667;
14266.6667 88116.6667;
15050.0000 86683.3333;
14050.0000 86100.0000;
15750.0000 87933.3333;
14650.0000 88600.0000;
15750.0000 87933.3333;
14650.0000 88600.0000;
13950.0000 87400.0000;
14800.0000 87816.6667;
14183.3333 87216.6667;
14083.3333 87250.0000;
14083.3333 87016.6667;
14000.0000 86633.3333;
15750.0000 87933.3333;
15000.0000 88316.6667;
13883.3333 86850.0000;
13766.6667 87266.6667;
14550.0000 88616.6667;
14233.3333 88516.6667;
14566.6667 87900.0000;
13916.6667 87300.0000;
13916.6667 87300.0000;
13916.6667 87300.0000;
14583.3333 88433.3333;
14183.3333 88050.0000;
15700.0000 86266.6667;
14383.3333 88300.0000;
14383.3333 88300.0000;
13516.6667 87116.6667;
13583.3333 87500.0000;
13550.0000 87066.6667;
13516.6667 87116.6667;
14800.0000 86583.3333;
14150.0000 88750.0000;
15233.3333 88500.0000;
14200.0000 88616.6667;
14116.6667 88550.0000;
14116.6667 88550.0000;
14200.0000 88616.6667;
15316.6667 86900.0000;
14850.0000 86550.0000;
14850.0000 86550.0000;
14800.0000 86583.3333;
14150.0000 88233.3333;
15416.6667 87983.3333;
15033.3333 86866.6667;
14916.6667 87283.3333;
15616.6667 87966.6667;
14633.3333 87866.6667;
14633.3333 87866.6667;
15416.6667 86716.6667;
14883.3333 86266.6667;
14650.0000 88300.0000;
14450.0000 88250.0000;
14300.0000 88483.3333;
13666.6667 87400.0000;
13650.0000 87383.3333;
14833.3333 89200.0000;
13783.3333 88400.0000;
13300.0000 87200.0000;
15616.6667 87950.0000;
14883.3333 88400.0000;
14466.6667 88066.6667;
13300.0000 87200.0000;
15100.0000 88150.0000;
14283.3333 88133.3333;
14283.3333 88133.3333;
13966.6667 87300.0000;
14833.3333 89200.0000;
13666.6667 87733.3333;
13666.6667 87733.3333;
13966.6667 87300.0000;
14650.0000 88950.0000;
15750.0000 87983.3333;
15400.0000 86583.3333;
15600.0000 87333.3333;
14200.0000 87033.3333;
14200.0000 87033.3333;
14483.3333 88666.6667;
14483.3333 88666.6667;
14300.0000 88716.6667;
15233.3333 88583.3333;
15233.3333 88583.3333;
15133.3333 88150.0000;
15166.6667 88533.3333;
15850.0000 85083.3333;
14750.0000 88933.3333;
14750.0000 88933.3333;
14116.6667 88383.3333;
14083.3333 88500.0000;
14116.6667 88766.6667;
15100.0000 86083.3333;
14316.6667 87900.0000;
14316.6667 87900.0000;
14316.6667 87900.0000;
15116.6667 88200.0000;
15350.0000 86833.3333;
13366.6667 86933.3333;
13800.0000 86700.0000;
13800.0000 86683.3333;
14166.6667 88000.0000;
14283.3333 88516.6667;
15050.0000 88300.0000;
15050.0000 88300.0000;
14533.3333 88716.6667;
14416.6667 88583.3333;
14750.0000 89083.3333;
14133.3333 87116.6667;
14283.3333 86766.6667;
14250.0000 86816.6667;
15050.0000 87533.3333;
14550.0000 88833.3333;
14916.6667 87200.0000;
15266.6667 87483.3333;
15266.6667 87483.3333;
14283.3333 88150.0000;
14283.3333 88150.0000;
15483.3333 88116.6667;
14600.0000 88816.6667;
15033.3333 89083.3333;
13716.6667 86900.0000;
14783.3333 89150.0000;
13550.0000 86933.3333;
13883.3333 88366.6667;
13766.6667 87550.0000;
14183.3333 87650.0000;
13883.3333 87666.6667;
14516.6667 87750.0000;
14516.6667 87750.0000;
14516.6667 87750.0000;
14516.6667 87750.0000;
14916.6667 87783.3333;
14916.6667 87783.3333;
14216.6667 88933.3333;
13466.6667 87033.3333;
15700.0000 86200.0000;
13816.6667 86683.3333;
14483.3333 88766.6667;
14316.6667 87916.6667;
14066.6667 86300.0000;
15850.0000 85233.3333;
13583.3333 86883.3333;
15233.3333 88016.6667;
15383.3333 87933.3333;
15250.0000 88083.3333;
14850.0000 86166.6667;
14450.0000 87000.0000;
14250.0000 87300.0000;
14850.0000 87900.0000;
14583.3333 87433.3333;
14133.3333 88833.3333;
13850.0000 87533.3333;
13766.6667 87300.0000;
13700.0000 87200.0000;
13116.6667 87000.0000;
14116.6667 88766.6667;
14616.6667 86300.0000;
13750.0000 87150.0000;
13616.6667 86900.0000;
15500.0000 86550.0000;
14616.6667 88016.6667;
14166.6667 88750.0000;
14033.3333 88516.6667;
13733.3333 87583.3333;
13616.6667 87250.0000;
13733.3333 87583.3333;
15833.3333 85783.3333;
14250.0000 87683.3333;
14116.6667 88566.6667;
14350.0000 88883.3333;
14333.3333 87050.0000;
14133.3333 88616.6667;
14133.3333 88616.6667;
15283.3333 87450.0000;
15250.0000 87233.3333;
15350.0000 86733.3333;
14833.3333 87750.0000;
15850.0000 87850.0000;
15433.3333 88016.6667;
15233.3333 88533.3333;
13300.0000 87283.3333;
15200.0000 87050.0000;
15100.0000 88683.3333;
15250.0000 87700.0000;
15116.6667 88283.3333;
14983.3333 87833.3333;
14850.0000 88866.6667;
14850.0000 88833.3333;
14666.6667 87950.0000;
14500.0000 89300.0000;
14333.3333 87416.6667;
13650.0000 87133.3333;
13616.6667 87266.6667;
13716.6667 87066.6667;
14566.6667 87716.6667;
13716.6667 87066.6667;
13716.6667 87066.6667;
13900.0000 86866.6667;
15250.0000 87316.6667;
14633.3333 87816.6667;
13950.0000 87316.6667;
13950.0000 87300.0000;
13900.0000 86866.6667;
13883.3333 87666.6667;
13716.6667 86850.0000;
13650.0000 87133.3333;
14000.0000 86800.0000;
14350.0000 87133.3333;
14250.0000 87500.0000;
14183.3333 86783.3333;
13916.6667 87016.6667;
13866.6667 87483.3333;
13833.3333 86900.0000;
13800.0000 86733.3333;
13550.0000 86983.3333;
13533.3333 87150.0000;
14850.0000 87900.0000;
14400.0000 87300.0000;
14333.3333 87900.0000;
14250.0000 86866.6667;
14016.6667 87066.6667;
13916.6667 87016.6667;
13883.3333 87666.6667;
13716.6667 86850.0000;
15400.0000 87333.3333;
14116.6667 88566.6667;
14283.3333 88133.3333;
14450.0000 88650.0000;
14566.6667 86700.0000;
14566.6667 86700.0000;
13400.0000 86783.3333;
15716.6667 88100.0000;
15633.3333 87950.0000;
13400.0000 86783.3333;
14566.6667 88600.0000;
15716.6667 86183.3333;
15516.6667 88050.0000;
15566.6667 87933.3333;
13816.6667 86516.6667;
15566.6667 87933.3333;
13716.6667 87050.0000;
15266.6667 86183.3333;
14516.6667 88750.0000;
14016.6667 87700.0000;
14000.0000 87466.6667;
13916.6667 87850.0000;
13883.3333 88233.3333;
15083.3333 88233.3333;
13633.3333 87316.6667;
14600.0000 87116.6667;
15033.3333 88700.0000;
13483.3333 87150.0000;
15416.6667 87616.6667;
15383.3333 87633.3333;
13716.6667 86816.6667;
15000.0000 87733.3333;
13316.6667 87266.6667;
15233.3333 86216.6667;
14416.6667 88033.3333;
13800.0000 87550.0000;
14233.3333 86900.0000;
13900.0000 87533.3333;
14766.6667 88966.6667;
15233.3333 86216.6667;
15116.6667 88550.0000;
14866.6667 88933.3333;
14800.0000 88816.6667;
14500.0000 88866.6667;
14350.0000 87850.0000;
13633.3333 86800.0000;
14833.3333 89083.3333;
15150.0000 88133.3333;
14866.6667 88500.0000;
14816.6667 87800.0000;
14716.6667 88400.0000;
14433.3333 88600.0000;
14250.0000 88700.0000;
14233.3333 88200.0000;
14100.0000 88000.0000;
13616.6667 86966.6667;
14033.3333 88533.3333;
14050.0000 88516.6667;
13916.6667 87616.6667;
13916.6667 87616.6667;
14900.0000 88383.3333;
14866.6667 88183.3333;
14583.3333 88466.6667;
14183.3333 88750.0000;
14183.3333 87833.3333;
14133.3333 87283.3333;
14133.3333 87266.6667;
14116.6667 87033.3333;
14033.3333 88583.3333;
13866.6667 88266.6667;
13816.6667 87250.0000;
13750.0000 86800.0000;
13666.6667 87500.0000;
13650.0000 87050.0000;
13633.3333 87050.0000;
13533.3333 87316.6667;
13400.0000 87066.6667;
15083.3333 86466.6667;
14716.6667 86133.3333;
14950.0000 88200.0000;
14683.3333 86133.3333;
13600.0000 87433.3333;
13683.3333 86833.3333;
13550.0000 86900.0000;
13883.3333 87883.3333;
13733.3333 87700.0000;
14583.3333 88450.0000;
14550.0000 88883.3333;
13716.6667 87483.3333;
13816.6667 87416.6667;
13816.6667 87266.6667;
13816.6667 87700.0000;
13700.0000 87616.6667;
13616.6667 86966.6667;
14033.3333 88533.3333;
13816.6667 87266.6667;
13916.6667 87083.3333;
14050.0000 88516.6667;
14900.0000 88383.3333;
14116.6667 87850.0000;
13600.0000 87433.3333;
13816.6667 87700.0000;
14333.3333 88250.0000;
14050.0000 88433.3333;
13816.6667 87116.6667;
13733.3333 86800.0000;
13716.6667 87583.3333;
13683.3333 87500.0000;
13666.6667 86950.0000;
13200.0000 86983.3333;
15833.3333 87850.0000;
14200.0000 87916.6667;
13700.0000 87483.3333;
15150.0000 87366.6667;
15116.6667 87300.0000;
14383.3333 86750.0000;
14316.6667 87050.0000;
13716.6667 87583.3333;
13633.3333 87050.0000;
13550.0000 87133.3333;
13516.6667 87333.3333;
14666.6667 87783.3333;
14300.0000 88733.3333;
14950.0000 87466.6667;
14783.3333 88716.6667;
14816.6667 86550.0000;
13950.0000 87300.0000;
15583.3333 87766.6667;
14833.3333 88500.0000;
14583.3333 88566.6667;
13950.0000 87300.0000;
15133.3333 87116.6667;
15133.3333 87116.6667;
13650.0000 87050.0000;
15083.3333 86466.6667;
14100.0000 88600.0000;
13683.3333 86833.3333;
13550.0000 86900.0000;
13350.0000 87133.3333;
14250.0000 87200.0000;
13516.6667 87233.3333;
13516.6667 87233.3333;
14566.6667 88116.6667;
13716.6667 86883.3333;
14033.3333 87500.0000;
14066.6667 86933.3333;
13966.6667 87350.0000;
13833.3333 86666.6667;
13433.3333 87400.0000;
14850.0000 87900.0000;
14250.0000 86783.3333;
13833.3333 86666.6667;
14216.6667 88600.0000;
14750.0000 88216.6667;
14750.0000 88216.6667;
14050.0000 88500.0000;
14583.3333 88800.0000;
14583.3333 88800.0000;
15750.0000 87250.0000;
15750.0000 87250.0000;
15633.3333 86033.3333;
15366.6667 88100.0000;
15366.6667 87000.0000;
15333.3333 88183.3333;
14933.3333 88450.0000;
14916.6667 87916.6667;
14900.0000 88250.0000;
14450.0000 86766.6667;
13800.0000 87233.3333;
13816.6667 88316.6667;
13566.6667 87550.0000;
15033.3333 89083.3333;
15783.3333 86500.0000;
15783.3333 86800.0000;
14800.0000 88200.0000;
15700.0000 86500.0000;
14583.3333 87133.3333;
15666.6667 87766.6667;
14600.0000 87116.6667;
14583.3333 88816.6667;
14233.3333 88450.0000;
13583.3333 86916.6667;
14150.0000 87883.3333;
14883.3333 88900.0000;
14483.3333 88766.6667;
14150.0000 87883.3333;
13700.0000 86783.3333;
15050.0000 88066.6667;
14333.3333 87900.0000;
13783.3333 87150.0000;
14350.0000 87200.0000;
14966.6667 87133.3333;
14800.0000 88483.3333;
14050.0000 88133.3333;
13166.6667 87433.3333;
14666.6667 89050.0000;
15050.0000 88200.0000;
14466.6667 87983.3333;
15450.0000 87700.0000;
15116.6667 88233.3333;
14316.6667 86516.6667;
15383.3333 87916.6667;
13066.6667 86983.3333;
14966.6667 83800.0000;
14966.6667 83800.0000;
15033.3333 83700.0000;
15966.6667 86450.0000;
15783.3333 84583.3333;
16483.3333 85866.6667;
15983.3333 84983.3333;
15716.6667 87133.3333;
15716.6667 87133.3333;
15666.6667 86066.6667;
14650.0000 86200.0000;
14650.0000 86200.0000;
16333.3333 86600.0000;
15700.0000 87633.3333;
13333.3333 87000.0000;
13333.3333 87000.0000;
15316.6667 83583.3333;
14150.0000 88500.0000;
14900.0000 87666.6667;
15066.6667 88100.0000;
14750.0000 86483.3333;
14466.6667 86833.3333;
13833.3333 88316.6667;
13800.0000 88366.6667;
13650.0000 87250.0000;
15450.0000 87950.0000;
14816.6667 88366.6667;
15366.6667 87916.6667;
14483.3333 88766.6667;
13483.3333 87400.0000;
15533.3333 86116.6667;
14533.3333 88583.3333;
14116.6667 88683.3333;
15383.3333 83700.0000;
15166.6667 87266.6667;
13733.3333 87666.6667;
14533.3333 88583.3333;
14666.6667 88933.3333;
15266.6667 88016.6667;
14650.0000 88616.6667;
14666.6667 88933.3333;
14866.6667 88750.0000;
15266.6667 88016.6667;
13966.6667 88183.3333;
14983.3333 87100.0000;
14800.0000 85900.0000;
15850.0000 85233.3333;
15833.3333 85166.6667;
13833.3333 88350.0000;
13433.3333 87333.3333;
15383.3333 83700.0000;
14916.6667 87466.6667;
14850.0000 87133.3333;
14816.6667 87000.0000;
14700.0000 88716.6667;
14600.0000 86816.6667;
14566.6667 86683.3333;
14450.0000 87916.6667;
14383.3333 87916.6667;
14250.0000 88950.0000;
14066.6667 87266.6667;
13900.0000 86983.3333;
13750.0000 87333.3333;
13666.6667 87366.6667;
14866.6667 89066.6667;
13666.6667 87366.6667;
13516.6667 87000.0000;
14500.0000 88500.0000;
14700.0000 88700.0000;
15950.0000 85766.6667;
14100.0000 88466.6667;
14150.0000 88400.0000;
13516.6667 87150.0000;
14116.6667 88316.6667;
14116.6667 88283.3333;
14150.0000 88433.3333;
14150.0000 88450.0000;
14083.3333 88316.6667;
15100.0000 86033.3333;
15400.0000 86683.3333;
13783.3333 87600.0000;
14933.3333 87850.0000;
14766.6667 86266.6667;
13783.3333 87600.0000;
15033.3333 83250.0000;
15250.0000 88466.6667;
15183.3333 85983.3333;
15166.6667 86800.0000;
14933.3333 87850.0000;
14766.6667 86266.6667;
14666.6667 88000.0000;
14616.6667 87466.6667;
14500.0000 88033.3333;
14366.6667 86816.6667;
14066.6667 88383.3333;
13600.0000 87516.6667;
15500.0000 85666.6667;
15266.6667 88550.0000;
15116.6667 88083.3333;
14850.0000 87000.0000;
14666.6667 88816.6667;
14466.6667 88616.6667;
14166.6667 87133.3333;
14016.6667 88066.6667;
13866.6667 86616.6667;
13550.0000 87116.6667;
14750.0000 85166.6667;
14433.3333 89116.6667;
14850.0000 86516.6667;
14433.3333 89116.6667;
15633.3333 87150.0000;
14933.3333 87916.6667;
13983.3333 87000.0000;
15466.6667 86333.3333;
14633.3333 88866.6667;
14633.3333 88850.0000;
15433.3333 83833.3333;
14916.6667 86300.0000;
14416.6667 87950.0000;
13450.0000 87700.0000;
13250.0000 87250.0000;
14916.6667 89016.6667;
14850.0000 89216.6667;
14383.3333 87050.0000;
15216.6667 87283.3333;
14950.0000 87283.3333;
14866.6667 89166.6667;
14683.3333 88900.0000;
14383.3333 87050.0000;
14366.6667 88416.6667;
14300.0000 88516.6667;
14216.6667 88816.6667;
13716.6667 87283.3333;
13833.3333 87283.3333;
13716.6667 87283.3333;
15250.0000 88300.0000;
14500.0000 88450.0000;
13783.3333 87050.0000;
15357.7778 88565.8333;
15216.6667 86500.0000;
15133.3333 88233.3333;
15100.0000 86450.0000;
15083.3333 88050.0000;
15050.0000 87633.3333;
15050.0000 86833.3333;
15016.6667 88316.6667;
15000.0000 86733.3333;
14950.0000 88166.6667;
14933.3333 87300.0000;
14883.3333 88066.6667;
14866.6667 86200.0000;
14800.0000 88900.0000;
14800.0000 88833.3333;
14783.3333 84933.3333;
14766.6667 88800.0000;
14716.6667 88950.0000;
14666.6667 87950.0000;
14650.0000 88483.3333;
14550.0000 88866.6667;
14483.3333 88450.0000;
14466.6667 89133.3333;
14433.3333 88333.3333;
14400.0000 86133.3333;
14383.3333 88950.0000;
14383.3333 88366.6667;
14366.6667 88733.3333;
14300.0000 88700.0000;
14283.3333 88200.0000;
14216.6667 88433.3333;
14183.3333 86900.0000;
14166.6667 86283.3333;
14150.0000 86733.3333;
14116.6667 88433.3333;
14100.0000 87900.0000;
14083.3333 88333.3333;
14050.0000 88600.0000;
13966.6667 88066.6667;
13966.6667 87383.3333;
13966.6667 86750.0000;
13916.6667 87333.3333;
13916.6667 87300.0000;
13900.0000 88350.0000;
13850.0000 87016.6667;
13800.0000 88250.0000;
13800.0000 87300.0000;
13716.6667 87283.3333;
13716.6667 86850.0000;
13650.0000 86800.0000;
13583.3333 86783.3333;
13550.0000 86866.6667;
13516.6667 87116.6667;
13500.0000 87083.3333;
13250.0000 87183.3333;
15466.6667 86683.3333;
14933.3333 88383.3333;
13800.0000 87450.0000;
13500.0000 87166.6667;
14916.6667 88416.6667;
14666.6667 87733.3333;
14166.6667 87183.3333;
13816.6667 87283.3333;
13933.3333 87333.3333;
15316.6667 85833.3333;
14800.0000 88783.3333;
14566.6667 87116.6667;
15400.0000 87133.3333;
15616.6667 87183.3333;
15500.0000 86616.6667;
15316.6667 85833.3333;
14300.0000 88483.3333;
13366.6667 87000.0000;
15450.0000 87500.0000;
15000.0000 87933.3333;
13883.3333 88400.0000;
13883.3333 88250.0000;
13833.3333 87683.3333;
13300.0000 86883.3333;
14783.3333 84900.0000;
15600.0000 87933.3333;
14816.6667 87333.3333;
14566.6667 87750.0000;
13850.0000 87533.3333;
13816.6667 87250.0000;
14283.3333 88600.0000;
13850.0000 87533.3333;
13816.6667 87233.3333;
14850.0000 86483.3333;
13783.3333 87233.3333;
13650.0000 87050.0000;
13400.0000 87116.6667;
14250.0000 87050.0000;
15516.6667 86350.0000;
15366.6667 83733.3333;
15100.0000 83333.3333;
14100.0000 88266.6667;
13883.3333 87516.6667;
15233.3333 85933.3333;
15233.3333 85933.3333;
15233.3333 85933.3333;
13700.0000 87250.0000;
13700.0000 87250.0000;
13766.6667 87466.6667;
13566.6667 87466.6667;
15633.3333 88233.3333;
15100.0000 87966.6667;
15083.3333 88483.3333;
14200.0000 87950.0000;
13450.0000 87183.3333;
14166.6667 87266.6667;
15250.0000 88000.0000;
15216.6667 85866.6667;
15150.0000 87883.3333;
15050.0000 87166.6667;
14933.3333 88366.6667;
14066.6667 86866.6667;
13800.0000 87400.0000;
13766.6667 87300.0000;
13716.6667 86816.6667;
13600.0000 87066.6667;
13516.6667 87066.6667;
14616.6667 88766.6667;
14966.6667 88100.0000;
14283.3333 88450.0000;
14250.0000 88666.6667;
15066.6667 83300.0000;
15033.3333 87283.3333;
14400.0000 87600.0000;
14833.3333 87683.3333;
14183.3333 88516.6667;
15100.0000 88483.3333;
15383.3333 88600.0000;
14566.6667 87833.3333;
15683.3333 87766.6667;
15633.3333 87950.0000;
13933.3333 87350.0000;
13916.6667 87300.0000;
14450.0000 87800.0000;
15166.6667 87150.0000;
14450.0000 87800.0000;
15666.6667 86466.6667;
14250.0000 87683.3333;
13800.0000 86650.0000;
13816.6667 86800.0000;
14916.6667 87933.3333;
13733.3333 87616.6667;
15033.3333 88333.3333;
14266.6667 87033.3333;
13150.0000 87066.6667;
14266.6667 87033.3333;
15666.6667 86466.6667;
14783.3333 88683.3333;
14033.3333 87500.0000;
14333.3333 87883.3333;
14700.0000 88700.0000;
14700.0000 88700.0000;
15300.0000 85633.3333;
15316.6667 83583.3333;
15016.6667 88883.3333;
14866.6667 88916.6667;
15000.0000 88916.6667;
13766.6667 87616.6667;
14900.0000 86700.0000;
15283.3333 88233.3333;
14183.3333 88516.6667;
14766.6667 88616.6667;
14916.6667 87900.0000;
14566.6667 87733.3333;
14433.3333 88333.3333;
14350.0000 88883.3333;
15533.3333 87433.3333;
15266.6667 88033.3333;
14283.3333 87666.6667;
15100.0000 88083.3333;
15800.0000 86083.3333;
14900.0000 88933.3333;
14900.0000 88933.3333;
14900.0000 88933.3333;
14716.6667 86216.6667;
14016.6667 88316.6667;
15600.0000 86283.3333;
15366.6667 87566.6667;
14883.3333 88366.6667;
14850.0000 88866.6667;
14816.6667 87616.6667;
14433.3333 87183.3333;
14333.3333 88600.0000;
14083.3333 88566.6667;
14016.6667 87783.3333;
14000.0000 87633.3333;
13700.0000 86933.3333;
13633.3333 87600.0000;
13700.0000 86933.3333;
14716.6667 86216.6667;
14733.3333 88133.3333;
14850.0000 88700.0000;
15233.3333 83466.6667;
15166.6667 83483.3333;
14333.3333 87883.3333;
14900.0000 87833.3333;
14900.0000 87833.3333;
13816.6667 87233.3333;
14983.3333 88016.6667;
14983.3333 88016.6667;
13766.6667 87616.6667;
14200.0000 88833.3333;
13583.3333 86883.3333;
13583.3333 86883.3333;
15316.6667 88366.6667;
14950.0000 87333.3333;
14366.6667 87783.3333;
13883.3333 87666.6667;
14566.6667 86500.0000;
14866.6667 88500.0000;
13950.0000 86583.3333;
14133.3333 87950.0000;
14133.3333 87950.0000;
15700.0000 84866.6667;
14533.3333 89200.0000;
15950.0000 85850.0000;
14916.6667 88583.3333;
14766.6667 87550.0000;
15033.3333 87766.6667;
14533.3333 88516.6667;
15033.3333 87766.6667;
13800.0000 87050.0000;
13900.0000 86966.6667;
14866.6667 86300.0000;
14866.6667 86300.0000;
15016.6667 88200.0000;
14900.0000 86816.6667;
14900.0000 86800.0000;
14800.0000 87650.0000;
13800.0000 87050.0000;
14200.0000 88833.3333;
14633.3333 88650.0000;
15416.6667 87916.6667;
15350.0000 86866.6667;
15066.6667 87733.3333;
15350.0000 86766.6667;
15350.0000 86733.3333;
15416.6667 87900.0000;
15450.0000 86716.6667;
15733.3333 87250.0000;
15500.0000 86650.0000;
15333.3333 88083.3333;
15350.0000 86833.3333;
15100.0000 88733.3333;
15416.6667 87983.3333;
15716.6667 87466.6667;
15533.3333 86666.6667;
15416.6667 87933.3333;
15350.0000 86833.3333;
15483.3333 86633.3333;
15350.0000 87866.6667;
16400.0000 86283.3333;
14483.3333 87916.6667;
14483.3333 87916.6667;
15150.0000 88716.6667;
14933.3333 86283.3333;
14416.6667 87883.3333;
15766.6667 87850.0000;
14533.3333 87750.0000;
15916.6667 86033.3333;
14550.0000 86650.0000;
13433.3333 87566.6667;
14666.6667 88233.3333;
14533.3333 87733.3333;
15216.6667 87100.0000;
15016.6667 88566.6667;
15700.0000 88050.0000;
15266.6667 88033.3333;
15666.6667 87016.6667;
15666.6667 87016.6667;
15550.0000 86683.3333;
13716.6667 86850.0000;
14000.0000 88383.3333;
13766.6667 87300.0000;
13800.0000 88400.0000;
14066.6667 88583.3333;
15250.0000 86250.0000;
15100.0000 86850.0000;
14633.3333 88650.0000;
15383.3333 87783.3333;
15450.0000 87766.6667;
15333.3333 88333.3333;
15233.3333 86516.6667;
15216.6667 87566.6667;
14883.3333 88866.6667;
14766.6667 86516.6667;
14666.6667 88766.6667;
14633.3333 88650.0000;
14533.3333 87733.3333;
14083.3333 88750.0000;
15250.0000 88200.0000;
14666.6667 87966.6667;
15250.0000 88200.0000;
15250.0000 86250.0000;
14866.6667 87333.3333;
14783.3333 86500.0000;
14666.6667 87966.6667;
13816.6667 86683.3333;
15816.6667 87900.0000;
14950.0000 85133.3333;
14950.0000 85133.3333;
15983.3333 85016.6667;
15016.6667 88566.6667;
14733.3333 88750.0000;
14733.3333 88750.0000;
13866.6667 87216.6667;
13800.0000 87300.0000;
14583.3333 88883.3333;
15400.0000 86616.6667;
15466.6667 87966.6667;
15400.0000 86616.6667;
15383.3333 88316.6667;
15333.3333 86650.0000;
15133.3333 87050.0000;
15066.6667 88433.3333;
14716.6667 87033.3333;
14716.6667 86350.0000;
14666.6667 87733.3333;
14583.3333 87366.6667;
14566.6667 86233.3333;
13616.6667 87050.0000;
13616.6667 86933.3333;
13533.3333 87033.3333;
13483.3333 86783.3333;
15200.0000 83433.3333;
14966.6667 86416.6667;
14516.6667 86850.0000;
15166.6667 88650.0000;
14366.6667 89016.6667;
14800.0000 88800.0000;
14383.3333 88283.3333;
13600.0000 87716.6667;
15166.6667 87266.6667;
15683.3333 86600.0000;
13950.0000 87683.3333;
15100.0000 88100.0000;
14883.3333 87483.3333;
15333.3333 87566.6667;
15183.3333 87766.6667;
15100.0000 86666.6667;
14800.0000 87400.0000;
14700.0000 87850.0000;
14900.0000 88350.0000;
14900.0000 88350.0000;
13916.6667 87650.0000;
13766.6667 87466.6667;
13366.6667 87716.6667;
13483.3333 87033.3333;
14383.3333 87733.3333;
14383.3333 87733.3333;
15033.3333 86633.3333;
14816.6667 87000.0000;
15333.3333 87000.0000;
13633.3333 87550.0000;
13566.6667 87533.3333;
16000.0000 85116.6667;
15466.6667 87016.6667;
14566.6667 87866.6667;
13300.0000 87066.6667;
16000.0000 85116.6667;
14716.6667 86350.0000;
14566.6667 86233.3333;
14483.3333 88783.3333;
14416.6667 88466.6667;
14816.6667 88333.3333;
15366.6667 88116.6667;
14816.6667 88333.3333;
13250.0000 87216.6667;
13933.3333 87100.0000;
13316.6667 87033.3333;
14783.3333 88833.3333;
13900.0000 87750.0000;
13900.0000 87750.0000;
16400.0000 86333.3333;
13916.6667 86966.6667;
14716.6667 88650.0000;
14683.3333 88766.6667;
13416.6667 86933.3333;
14416.6667 88600.0000;
14750.0000 86816.6667;
14000.0000 88083.3333;
13366.6667 86983.3333;
16283.3333 86583.3333;
16283.3333 86583.3333;
13350.0000 86750.0000;
14350.0000 88666.6667;
14166.6667 87266.6667;
13583.3333 87033.3333;
14066.6667 87950.0000;
13550.0000 87366.6667;
13716.6667 87583.3333;
13716.6667 87583.3333;
15066.6667 88333.3333;
13966.6667 88300.0000;
13716.6667 87583.3333;
14066.6667 88583.3333;
13300.0000 87366.6667;
15400.0000 88233.3333;
15783.3333 86533.3333;
15050.0000 86650.0000;
14883.3333 86166.6667;
14816.6667 87966.6667;
14583.3333 87583.3333;
14416.6667 86116.6667;
14233.3333 88700.0000;
14066.6667 86866.6667;
13950.0000 86516.6667;
13833.3333 86666.6667;
13683.3333 87383.3333;
13633.3333 87233.3333;
13533.3333 86900.0000;
13333.3333 86750.0000;
13833.3333 87283.3333;
14433.3333 89133.3333;
13700.0000 86883.3333;
15066.6667 88333.3333;
13966.6667 88300.0000;
15033.3333 87500.0000;
14300.0000 88550.0000;
14100.0000 88300.0000;
14083.3333 88616.6667;
14066.6667 88583.3333;
13850.0000 88366.6667;
14116.6667 88483.3333;
14300.0000 88550.0000;
14100.0000 88300.0000;
14083.3333 88616.6667;
13850.0000 88366.6667;
14583.3333 87633.3333;
14116.6667 88483.3333;
14166.6667 87266.6667;
13766.6667 87466.6667;
15033.3333 88033.3333;
15000.0000 83166.6667;
15033.3333 88033.3333;
15033.3333 88033.3333;
15766.6667 86816.6667;
13516.6667 86866.6667;
13366.6667 87083.3333;
14933.3333 87583.3333;
15666.6667 87450.0000;
14800.0000 87216.6667;
14800.0000 87216.6667;
14516.6667 88283.3333;
14550.0000 88316.6667;
14950.0000 87616.6667;
14916.6667 86300.0000;
14600.0000 88850.0000;
14833.3333 89100.0000;
14050.0000 88000.0000;
15100.0000 87666.6667;
15100.0000 87666.6667;
14433.3333 87550.0000;
15600.0000 86216.6667;
15033.3333 88033.3333;
14783.3333 88600.0000;
15483.3333 84333.3333;
15800.0000 84283.3333;
15800.0000 84283.3333;
13516.6667 87033.3333;
13616.6667 87250.0000;
15750.0000 86966.6667;
15766.6667 87833.3333;
15133.3333 84766.6667;
15766.6667 87833.3333;
15766.6667 87833.3333;
15133.3333 84766.6667;
15133.3333 84766.6667;
14600.0000 84516.6667;
15383.3333 88000.0000;
15383.3333 88000.0000;
14733.3333 88933.3333;
14866.6667 87650.0000;
14550.0000 87700.0000;
14116.6667 87200.0000;
15916.6667 85216.6667;
15816.6667 86700.0000;
15700.0000 87283.3333;
15666.6667 88083.3333;
15483.3333 88183.3333;
15466.6667 87816.6667;
15466.6667 86400.0000;
15350.0000 86933.3333;
15350.0000 86733.3333;
15333.3333 87983.3333;
15316.6667 87783.3333;
15300.0000 87116.6667;
15116.6667 87650.0000;
15083.3333 87650.0000;
15066.6667 89066.6667;
15033.3333 88966.6667;
15016.6667 88616.6667;
14850.0000 87916.6667;
14833.3333 88566.6667;
14733.3333 87966.6667;
14600.0000 88216.6667;
14433.3333 88600.0000;
14350.0000 86566.6667;
13983.3333 88300.0000;
13933.3333 87800.0000;
13900.0000 87033.3333;
13866.6667 86450.0000;
13616.6667 87733.3333;
13366.6667 87000.0000;
14200.0000 87916.6667;
15950.0000 85016.6667;
15700.0000 87916.6667;
15650.0000 88166.6667;
15616.6667 85033.3333;
15550.0000 84916.6667;
15466.6667 88133.3333;
15383.3333 87816.6667;
15350.0000 86650.0000;
15316.6667 88400.0000;
15166.6667 88283.3333;
15166.6667 88133.3333;
15150.0000 88633.3333;
15100.0000 87300.0000;
15000.0000 88933.3333;
15000.0000 87700.0000;
14983.3333 89083.3333;
14983.3333 88816.6667;
14983.3333 85050.0000;
14950.0000 87983.3333;
14916.6667 88716.6667;
14900.0000 88050.0000;
14850.0000 89116.6667;
14800.0000 88300.0000;
14766.6667 88600.0000;
14750.0000 88300.0000;
14716.6667 84283.3333;
14416.6667 87500.0000;
14216.6667 88650.0000;
14200.0000 86566.6667;
14166.6667 87866.6667;
14166.6667 86800.0000;
14133.3333 88466.6667;
14116.6667 87983.3333;
13883.3333 87050.0000;
13816.6667 87233.3333;
13816.6667 86650.0000;
13783.3333 87616.6667;
13750.0000 87316.6667;
13733.3333 87033.3333;
13616.6667 87033.3333;
13283.3333 87383.3333;
14683.3333 87183.3333;
14566.6667 87850.0000;
14983.3333 85050.0000;
15366.6667 87950.0000;
14150.0000 86466.6667;
14600.0000 84516.6667;
15866.6667 85066.6667;
15750.0000 84483.3333;
15950.0000 84950.0000;
15933.3333 84900.0000;
14850.0000 88383.3333;
14850.0000 88383.3333;
15450.0000 87716.6667;
15483.3333 87800.0000;
15766.6667 85850.0000;
16333.3333 86500.0000;
15766.6667 85850.0000;
15750.0000 84483.3333;
15750.0000 84483.3333;
15083.3333 88200.0000;
15450.0000 87066.6667;
14583.3333 87133.3333;
15316.6667 84650.0000;
15666.6667 87850.0000;
13450.0000 87716.6667;
15316.6667 87900.0000;
13483.3333 87083.3333;
15150.0000 88400.0000;
15483.3333 87866.6667;
15300.0000 86116.6667;
13816.6667 87666.6667;
13916.6667 87233.3333;
15733.3333 85733.3333;
15700.0000 86866.6667;
14566.6667 88600.0000;
14850.0000 89116.6667;
14850.0000 89116.6667;
15383.3333 86716.6667;
15616.6667 87400.0000;
14033.3333 88050.0000;
13933.3333 87216.6667;
16400.0000 86366.6667;
13483.3333 87083.3333;
15466.6667 86416.6667;
15800.0000 86800.0000;
15483.3333 86416.6667;
15466.6667 86416.6667;
15750.0000 87050.0000;
15750.0000 87050.0000;
14983.3333 86416.6667;
14816.6667 86216.6667;
14783.3333 89150.0000;
14550.0000 88833.3333;
15500.0000 85550.0000;
14616.6667 84433.3333;
15666.6667 88183.3333;
15966.6667 85750.0000;
15783.3333 86866.6667;
15766.6667 87200.0000;
15766.6667 87200.0000;
15083.3333 86816.6667;
16516.6667 85883.3333;
15583.3333 87783.3333;
14300.0000 85200.0000;
14300.0000 85200.0000;
15316.6667 84633.3333;
15316.6667 84633.3333;
15316.6667 84633.3333;
15266.6667 87583.3333;
15716.6667 87933.3333;
14550.0000 86166.6667;
16400.0000 86450.0000;
16400.0000 86450.0000;
15916.6667 86166.6667;
15883.3333 84800.0000;
14683.3333 87616.6667;
15450.0000 88083.3333;
15450.0000 88083.3333;
15600.0000 86566.6667;
15450.0000 88083.3333;
14833.3333 88500.0000;
13366.6667 87333.3333;
15300.0000 85850.0000;
15050.0000 83333.3333;
14816.6667 88550.0000;
15766.6667 87200.0000;
14733.3333 86950.0000;
15766.6667 87200.0000;
15633.3333 87100.0000;
15800.0000 86416.6667;
14483.3333 88800.0000;
15750.0000 87933.3333;
14800.0000 88766.6667;
14500.0000 88483.3333;
14483.3333 88800.0000;
15716.6667 86583.3333;
15133.3333 87933.3333;
13383.3333 86983.3333;
15183.3333 84683.3333;
15050.0000 83616.6667;
15050.0000 83616.6667;
14850.0000 89050.0000;
14650.0000 86833.3333;
16000.0000 85033.3333;
15550.0000 87716.6667;
16000.0000 85033.3333;
15550.0000 87716.6667;
14300.0000 87083.3333;
14683.3333 87050.0000;
14683.3333 87050.0000;
14750.0000 88766.6667;
14450.0000 88566.6667;
14450.0000 87066.6667;
14416.6667 87783.3333;
14266.6667 87916.6667;
14083.3333 88483.3333;
14316.6667 88150.0000;
13916.6667 88216.6667;
14100.0000 86683.3333;
15583.3333 87933.3333;
13866.6667 88300.0000;
13466.6667 87100.0000;
15083.3333 88100.0000;
15083.3333 88100.0000;
15916.6667 87716.6667;
15850.0000 84616.6667;
15800.0000 84283.3333;
13383.3333 86850.0000;
13283.3333 87466.6667;
14683.3333 87983.3333;
14566.6667 87416.6667;
15816.6667 85166.6667;
16000.0000 85866.6667;
13883.3333 86783.3333;
13816.6667 86950.0000;
15616.6667 85266.6667;
13866.6667 88316.6667;
13866.6667 87600.0000;
15200.0000 88716.6667;
15700.0000 88233.3333;
15783.3333 87266.6667;
15916.6667 87716.6667;
15783.3333 87266.6667;
15700.0000 88233.3333;
15916.6667 87716.6667;
15800.0000 84283.3333;
15700.0000 88233.3333;
15233.3333 83416.6667;
15666.6667 88183.3333;
15983.3333 85783.3333;
15833.3333 87816.6667;
15366.6667 83733.3333;
15966.6667 85750.0000;
15233.3333 83416.6667;
15383.3333 83716.6667;
15133.3333 88100.0000;
15383.3333 83716.6667;
13900.0000 87516.6667;
15216.6667 86050.0000;
13516.6667 86883.3333;
13450.0000 87716.6667;
14816.6667 89133.3333;
14816.6667 89116.6667;
14700.0000 88366.6667;
15733.3333 87966.6667;
14866.6667 88916.6667;
15266.6667 88233.3333;
16433.3333 86150.0000;
15983.3333 84983.3333;
14250.0000 88783.3333;
13833.3333 87150.0000;
13750.0000 87166.6667;
15983.3333 84983.3333;
15766.6667 87850.0000;
13366.6667 86966.6667;
15066.6667 83300.0000;
14283.3333 89000.0000;
14583.3333 88816.6667;
14283.3333 89000.0000;
15250.0000 88300.0000;
15016.6667 88300.0000;
15266.6667 88450.0000;
16016.6667 85933.3333;
14866.6667 88183.3333;
13566.6667 86966.6667;
14866.6667 88933.3333;
14316.6667 87916.6667;
13950.0000 88266.6667;
13816.6667 88333.3333;
14550.0000 89216.6667;
13866.6667 88366.6667;
14266.6667 86766.6667;
15850.0000 86283.3333;
13816.6667 87100.0000;
15050.0000 88700.0000;
15266.6667 86366.6667;
14750.0000 88233.3333;
15883.3333 84800.0000;
15683.3333 84900.0000;
15483.3333 86333.3333;
15483.3333 86633.3333;
15733.3333 87900.0000;
15483.3333 86333.3333;
15383.3333 88000.0000;
15066.6667 87466.6667;
14916.6667 88900.0000;
13666.6667 87383.3333;
15050.0000 88700.0000;
15266.6667 86366.6667;
14483.3333 87883.3333;
15800.0000 86416.6667;
15716.6667 86283.3333;
13300.0000 87000.0000;
15316.6667 83866.6667;
14716.6667 84850.0000;
14716.6667 84850.0000;
15116.6667 87733.3333;
15083.3333 87733.3333;
14716.6667 87016.6667;
13533.3333 87250.0000;
15883.3333 87850.0000;
15000.0000 83700.0000;
15483.3333 86033.3333;
14933.3333 88333.3333;
15183.3333 84683.3333;
15950.0000 85016.6667;
15950.0000 85016.6667;
14983.3333 87983.3333;
16433.3333 86150.0000;
13933.3333 87283.3333;
13583.3333 87033.3333;
14100.0000 86666.6667;
14683.3333 88550.0000;
14700.0000 88583.3333;
14400.0000 86100.0000;
14600.0000 88750.0000;
14600.0000 88750.0000;
15116.6667 86400.0000;
14650.0000 88666.6667;
14200.0000 88350.0000;
14083.3333 87866.6667;
13916.6667 87250.0000;
13833.3333 87400.0000;
14416.6667 86150.0000;
14400.0000 86100.0000;
14233.3333 88516.6667;
14216.6667 88450.0000;
14300.0000 88400.0000;
14383.3333 88216.6667;
15343.3333 88551.3889;
15300.0000 86183.3333;
15066.6667 88433.3333;
14933.3333 88266.6667;
14766.6667 85800.0000;
14716.6667 88100.0000;
14650.0000 88666.6667;
14550.0000 86850.0000;
14483.3333 88916.6667;
14433.3333 88416.6667;
14400.0000 86100.0000;
14383.3333 88216.6667;
14383.3333 88200.0000;
14350.0000 87983.3333;
14266.6667 88700.0000;
14266.6667 88383.3333;
14216.6667 88450.0000;
14200.0000 88350.0000;
14083.3333 88466.6667;
14033.3333 88533.3333;
14033.3333 88100.0000;
13983.3333 87133.3333;
13950.0000 88000.0000;
13866.6667 88350.0000;
13850.0000 87400.0000;
13833.3333 87400.0000;
13083.3333 87166.6667;
13083.3333 87083.3333;
14150.0000 86500.0000;
15100.0000 87150.0000;
15250.0000 83600.0000;
14783.3333 84916.6667;
14783.3333 84933.3333;
15266.6667 83816.6667;
14783.3333 84916.6667;
15050.0000 83733.3333;
15416.6667 84533.3333;
14766.6667 84966.6667;
14766.6667 84750.0000;
15483.3333 84333.3333;
14766.6667 84966.6667;
13533.3333 87583.3333;
13683.3333 86900.0000;
15416.6667 84533.3333;
15416.6667 84533.3333;
14166.6667 88750.0000;
15433.3333 84100.0000;
13950.0000 86550.0000;
15233.3333 88316.6667;
14933.3333 83833.3333;
14283.3333 88450.0000;
15600.0000 87116.6667;
14933.3333 83833.3333;
15183.3333 83633.3333;
15266.6667 83816.6667;
15233.3333 83866.6667;
15116.6667 83683.3333;
15133.3333 83683.3333;
15133.3333 83683.3333;
14766.6667 84750.0000;
15483.3333 84333.3333;
14933.3333 88483.3333;
14266.6667 87050.0000;
15683.3333 87316.6667;
15733.3333 86100.0000;
13716.6667 86900.0000;
13566.6667 87033.3333;
13583.3333 87033.3333;
13566.6667 87033.3333;
14066.6667 86533.3333;
14366.6667 87000.0000;
14683.3333 87200.0000;
14916.6667 87966.6667;
14383.3333 86750.0000;
14366.6667 87000.0000;
14383.3333 86750.0000;
15450.0000 87933.3333;
15450.0000 87933.3333;
14566.6667 88566.6667;
16383.3333 86383.3333;
16383.3333 86383.3333;
13633.3333 87033.3333;
14416.6667 87966.6667;
15166.6667 87200.0000;
14416.6667 87966.6667;
13783.3333 86933.3333;
15516.6667 86633.3333;
14783.3333 88683.3333;
14166.6667 88283.3333;
14683.3333 88933.3333;
13616.6667 87266.6667;
15500.0000 88050.0000;
15683.3333 86866.6667;
15466.6667 86366.6667;
15633.3333 87316.6667;
14783.3333 86000.0000;
13666.6667 87133.3333;
14533.3333 88616.6667;
14616.6667 87500.0000;
14483.3333 88483.3333;
15450.0000 88000.0000;
14816.6667 88616.6667;
14666.6667 88466.6667;
14316.6667 87083.3333;
13733.3333 87566.6667;
15350.0000 86833.3333;
14966.6667 88200.0000;
14666.6667 88466.6667;
14000.0000 86633.3333;
13283.3333 86883.3333;
15283.3333 87800.0000;
15150.0000 87150.0000;
14733.3333 88966.6667;
15083.3333 86083.3333;
13800.0000 87266.6667;
15033.3333 89166.6667;
14000.0000 86566.6667;
14366.6667 88566.6667;
14000.0000 86566.6667;
14566.6667 88566.6667;
14366.6667 88566.6667;
13900.0000 87250.0000;
13950.0000 86550.0000;
15716.6667 84483.3333;
13750.0000 87716.6667;
13950.0000 87300.0000;
13550.0000 86933.3333;
13716.6667 86783.3333;
13650.0000 86966.6667;
13816.6667 87233.3333;
13483.3333 87150.0000;
13433.3333 86933.3333;
14350.0000 88500.0000;
14950.0000 88300.0000;
14116.6667 88300.0000;
14033.3333 88283.3333;
14150.0000 88266.6667;
13850.0000 88316.6667;
14850.0000 88300.0000;
14066.6667 88533.3333;
13583.3333 87650.0000;
13833.3333 87500.0000;
13250.0000 87033.3333;
13616.6667 87500.0000;
13666.6667 86850.0000;
13650.0000 86850.0000;
14766.6667 88783.3333;
13650.0000 86850.0000;
13633.3333 86950.0000;
13650.0000 87016.6667;
13683.3333 86883.3333;
13866.6667 87266.6667;
13666.6667 86850.0000;
13650.0000 86850.0000;
13800.0000 87266.6667;
13850.0000 87633.3333;
13433.3333 87066.6667;
13716.6667 87633.3333;
13766.6667 87550.0000;
13766.6667 87550.0000;
14100.0000 88666.6667;
14466.6667 88550.0000;
14466.6667 88550.0000;
13833.3333 87500.0000;
13683.3333 86916.6667;
13683.3333 86916.6667;
13900.0000 86450.0000;
13716.6667 86866.6667;
13683.3333 86916.6667;
14016.6667 86350.0000;
14466.6667 88550.0000;
13766.6667 87550.0000;
13800.0000 87266.6667;
13850.0000 87633.3333;
14750.0000 87583.3333;
13433.3333 87066.6667;
15166.6667 87533.3333;
13650.0000 87016.6667;
15783.3333 85083.3333;
16333.3333 86600.0000;
16333.3333 86600.0000;
14966.6667 87866.6667;
16333.3333 86600.0000;
14216.6667 87916.6667;
14400.0000 89200.0000;
15750.0000 85783.3333;
13633.3333 86916.6667;
14133.3333 88350.0000;
14050.0000 87766.6667;
13616.6667 87266.6667;
15166.6667 88316.6667;
15166.6667 88316.6667;
13316.6667 87000.0000;
13283.3333 86883.3333;
14566.6667 89216.6667;
14616.6667 87116.6667;
13850.0000 88316.6667;
14900.0000 88216.6667;
14850.0000 87616.6667;
15150.0000 88283.3333;
14416.6667 88150.0000;
15033.3333 83800.0000;
13766.6667 87166.6667;
15016.6667 83650.0000;
14283.3333 88850.0000;
14283.3333 88850.0000;
14050.0000 87216.6667;
13783.3333 87550.0000;
14500.0000 88850.0000;
14033.3333 88600.0000;
13733.3333 86900.0000;
14133.3333 88783.3333;
13666.6667 87516.6667;
13450.0000 87750.0000;
15816.6667 85166.6667;
14233.3333 87366.6667;
14633.3333 86733.3333;
15033.3333 88016.6667;
15850.0000 85550.0000;
13283.3333 87650.0000;
15116.6667 88133.3333;
15033.3333 87983.3333;
14833.3333 86316.6667;
14616.6667 84400.0000;
15283.3333 87466.6667;
15433.3333 86566.6667;
13800.0000 87466.6667;
13450.0000 87450.0000;
14766.6667 87550.0000;
13883.3333 86533.3333;
13516.6667 87016.6667;
13550.0000 87766.6667;
15266.6667 86950.0000;
14100.0000 88433.3333;
13766.6667 87550.0000;
14966.6667 88700.0000;
14183.3333 86666.6667;
16433.3333 86283.3333;
16433.3333 86283.3333;
13700.0000 87650.0000;
15050.0000 88316.6667;
13516.6667 87733.3333;
13483.3333 87133.3333;
13766.6667 87200.0000;
13700.0000 87300.0000;
14583.3333 86300.0000;
14933.3333 88566.6667;
15250.0000 88150.0000;
15050.0000 88316.6667;
14333.3333 86733.3333;
14383.3333 88500.0000;
14916.6667 89133.3333;
14883.3333 88916.6667;
14816.6667 89133.3333;
14366.6667 89033.3333;
13316.6667 87083.3333;
14366.6667 88550.0000;
14066.6667 87050.0000;
13383.3333 86966.6667;
13750.0000 87650.0000;
13150.0000 87350.0000;
13816.6667 86716.6667;
13816.6667 86716.6667;
13850.0000 86683.3333;
15100.0000 87383.3333;
15300.0000 86083.3333;
15150.0000 86883.3333;
15116.6667 86983.3333;
14100.0000 87183.3333;
15183.3333 83466.6667;
14383.3333 87700.0000;
14650.0000 88783.3333;
15633.3333 86316.6667;
15616.6667 86383.3333;
15266.6667 83816.6667;
15416.6667 84533.3333;
15416.6667 84533.3333;
14766.6667 84750.0000;
15483.3333 84333.3333;
13400.0000 86866.6667;
13783.3333 87050.0000;
14900.0000 86816.6667;
13866.6667 88350.0000;
15683.3333 85250.0000;
15083.3333 85633.3333;
15066.6667 88066.6667;
15050.0000 88200.0000;
15000.0000 87716.6667;
14933.3333 88900.0000;
14883.3333 89100.0000;
14783.3333 88466.6667;
14700.0000 88116.6667;
14666.6667 86433.3333;
14350.0000 88316.6667;
14133.3333 88683.3333;
14050.0000 88333.3333;
14033.3333 87216.6667;
13933.3333 86883.3333;
13816.6667 86750.0000;
13766.6667 87233.3333;
13750.0000 87583.3333;
13716.6667 86850.0000;
13650.0000 87633.3333;
13533.3333 87066.6667;
13483.3333 87383.3333;
13916.6667 86783.3333;
15600.0000 87166.6667;
13933.3333 87050.0000;
13816.6667 87050.0000;
13550.0000 87316.6667;
14283.3333 88500.0000;
13483.3333 87383.3333;
15350.0000 88200.0000;
14766.6667 88783.3333;
14533.3333 88266.6667;
14050.0000 88050.0000;
14566.6667 87883.3333;
14933.3333 88900.0000;
14883.3333 89100.0000;
13533.3333 87066.6667;
14550.0000 87716.6667;
14500.0000 88733.3333;
14483.3333 87133.3333;
14033.3333 87200.0000;
13616.6667 87016.6667;
15150.0000 85566.6667;
14133.3333 88116.6667;
15516.6667 87916.6667;
15516.6667 87916.6667;
14116.6667 87066.6667;
13783.3333 86816.6667;
13733.3333 87350.0000;
13666.6667 87016.6667;
13533.3333 86950.0000;
13483.3333 87116.6667;
14050.0000 88050.0000;
13950.0000 87666.6667;
14133.3333 88116.6667;
13950.0000 87666.6667;
15183.3333 87250.0000;
15083.3333 87166.6667;
15335.2778 88553.0556;
15033.3333 88750.0000;
15850.0000 85766.6667;
13550.0000 87000.0000;
15283.3333 88350.0000;
15183.3333 88633.3333;
15066.6667 88350.0000;
14566.6667 88450.0000;
15366.6667 87366.6667;
15316.6667 87016.6667;
15266.6667 85783.3333;
14883.3333 89200.0000;
14533.3333 87633.3333;
14416.6667 86850.0000;
14333.3333 88750.0000;
14283.3333 86783.3333;
14116.6667 86616.6667;
13900.0000 86783.3333;
13733.3333 87350.0000;
13450.0000 87550.0000;
13250.0000 87050.0000;
15016.6667 87650.0000;
14750.0000 88683.3333;
14583.3333 88216.6667;
14316.6667 88433.3333;
14050.0000 88483.3333;
13766.6667 87466.6667;
13566.6667 87033.3333;
14700.0000 87750.0000;
15783.3333 86633.3333;
15300.0000 88050.0000;
15183.3333 88133.3333;
14833.3333 87150.0000;
14800.0000 87250.0000;
14600.0000 87833.3333;
14000.0000 87000.0000;
13566.6667 87100.0000;
14116.6667 87066.6667;
15050.0000 87766.6667;
15383.3333 87416.6667;
15100.0000 87250.0000;
14883.3333 86266.6667;
14800.0000 88716.6667;
14450.0000 88666.6667;
14216.6667 86983.3333;
14383.3333 87283.3333;
15633.3333 86433.3333;
13933.3333 87116.6667;
15633.3333 86433.3333;
15466.6667 86950.0000;
15250.0000 88033.3333;
15133.3333 88733.3333;
15050.0000 87966.6667;
14950.0000 88350.0000;
14916.6667 85850.0000;
14500.0000 87183.3333;
14450.0000 87933.3333;
14383.3333 87283.3333;
14216.6667 88850.0000;
14000.0000 87533.3333;
13816.6667 87100.0000;
13366.6667 86883.3333;
15450.0000 88100.0000;
15316.6667 86166.6667;
15233.3333 88350.0000;
15083.3333 88500.0000;
15316.6667 86166.6667;
14883.3333 88150.0000;
14816.6667 88583.3333;
14166.6667 87866.6667;
14150.0000 87816.6667;
13966.6667 87366.6667;
13650.0000 86933.3333;
13283.3333 87033.3333;
13250.0000 86966.6667;
13433.3333 87233.3333;
15850.0000 85200.0000;
15816.6667 86683.3333;
15783.3333 86616.6667;
15750.0000 87916.6667;
15500.0000 88050.0000;
15500.0000 86266.6667;
14983.3333 89133.3333;
14983.3333 88750.0000;
14933.3333 86266.6667;
14916.6667 89066.6667;
14883.3333 88816.6667;
14866.6667 87716.6667;
14866.6667 86500.0000;
14716.6667 88133.3333;
14666.6667 89133.3333;
14666.6667 87300.0000;
14650.0000 88600.0000;
14583.3333 88950.0000;
14550.0000 89266.6667;
14550.0000 88850.0000;
14416.6667 88350.0000;
14300.0000 88600.0000;
14183.3333 88850.0000;
14183.3333 88683.3333;
14066.6667 88316.6667;
14050.0000 88600.0000;
13883.3333 88383.3333;
13883.3333 87900.0000;
13866.6667 87666.6667;
13800.0000 87133.3333;
13666.6667 87083.3333;
13483.3333 87533.3333;
13483.3333 86900.0000;
13433.3333 87233.3333;
15000.0000 89166.6667;
15016.6667 89150.0000;
15683.3333 87016.6667;
15450.0000 86683.3333;
15183.3333 88700.0000;
15083.3333 88483.3333;
15066.6667 88983.3333;
15000.0000 89166.6667;
14966.6667 88383.3333;
14933.3333 88850.0000;
14916.6667 88766.6667;
14850.0000 88850.0000;
14766.6667 88800.0000;
14833.3333 88250.0000;
15250.0000 87883.3333;
15450.0000 87750.0000;
15250.0000 87883.3333;
15683.3333 87633.3333;
15450.0000 86683.3333;
15250.0000 87883.3333;
15200.0000 87450.0000;
15150.0000 87700.0000;
15150.0000 87150.0000;
15066.6667 85700.0000;
15050.0000 88733.3333;
15000.0000 87550.0000;
14933.3333 87733.3333;
14933.3333 88850.0000;
14900.0000 88216.6667;
14883.3333 87233.3333;
14866.6667 87533.3333;
14850.0000 88300.0000;
14850.0000 87700.0000;
14650.0000 87350.0000;
14616.6667 88583.3333;
14416.6667 87500.0000;
14383.3333 87116.6667;
14366.6667 88333.3333;
14300.0000 87900.0000;
14266.6667 88316.6667;
14183.3333 88150.0000;
14183.3333 87366.6667;
14116.6667 87600.0000;
14050.0000 86750.0000;
14033.3333 87050.0000;
14016.6667 87400.0000;
13933.3333 87283.3333;
13916.6667 87383.3333;
13733.3333 87216.6667;
13633.3333 87066.6667;
13483.3333 87166.6667;
13466.6667 87033.3333;
14916.6667 87966.6667;
14900.0000 87950.0000;
14916.6667 87966.6667;
14900.0000 87950.0000;
15283.3333 85783.3333;
15033.3333 87766.6667;
14033.3333 87083.3333;
13633.3333 87050.0000;
13366.6667 87066.6667;
15500.0000 86600.0000;
14450.0000 87266.6667;
13766.6667 87166.6667;
14783.3333 88500.0000;
14033.3333 87500.0000;
15633.3333 88166.6667;
14916.6667 89033.3333;
13800.0000 87316.6667;
13500.0000 87116.6667;
15566.6667 86183.3333;
14916.6667 89033.3333;
15083.3333 88100.0000;
15000.0000 87733.3333;
14916.6667 89033.3333;
13633.3333 86900.0000;
13500.0000 87116.6667;
15566.6667 86183.3333;
14916.6667 89033.3333;
14433.3333 86166.6667;
13783.3333 86683.3333;
14083.3333 88750.0000;
15366.6667 88216.6667;
14233.3333 88750.0000;
14200.0000 88750.0000;
13716.6667 86933.3333;
13483.3333 87683.3333;
14850.0000 87000.0000;
14033.3333 87500.0000;
15150.0000 88300.0000;
13550.0000 87616.6667;
14683.3333 87416.6667;
14683.3333 87416.6667;
13383.3333 86966.6667;
15733.3333 86116.6667;
15900.0000 86033.3333;
15900.0000 85983.3333;
15916.6667 85966.6667;
15900.0000 85966.6667;
15900.0000 85950.0000;
15900.0000 85916.6667;
15933.3333 85916.6667;
15933.3333 85900.0000;
16016.6667 85983.3333;
15472.7778 88501.3889;
15450.5556 88526.3889;
15439.4444 88515.8333;
15436.3889 88560.0000;
15434.7222 88533.0556;
15415.0000 88595.2778;
15411.3889 88592.2222;
15416.6667 88508.0556;
15403.6111 88534.4444;
15401.3889 88538.6111;
15399.4444 88605.8333;
15391.1111 88588.3333;
15396.3889 88519.1667;
15382.7778 88613.3333;
15386.9444 88621.1111;
15374.1667 88629.1667;
15377.2222 88601.6667;
15382.5000 88511.6667;
15363.3333 88536.1111;
15363.8889 88564.1667;
15366.1111 88585.2778;
15362.5000 88645.0000;
15360.5556 88616.6667;
15346.1111 88503.8889;
15349.4444 88538.3333;
15354.1667 88532.2222;
15347.5000 88556.9444;
15347.5000 88649.1667;
15343.3333 88673.3333;
15342.2222 88664.4444;
15340.5556 88632.7778;
15342.5000 88592.5000;
15343.8889 88569.1667;
15341.6667 88558.8889;
15340.8333 88531.6667;
15335.8333 88520.0000;
15336.9444 88562.7778
]
sitesCoordinates = clientsCoordinates

clientsCoordinates, sitesCoordinates
