n = 38478
m = 38478
clientsCoordinates = [
0 101;
0 11;
0 111;
0 121;
0 131;
0 134;
0 137;
0 141;
0 151;
0 161;
0 17;
0 171;
0 176;
0 181;
0 191;
0 2;
0 201;
0 21;
0 211;
0 219;
0 221;
0 231;
0 241;
0 25;
0 251;
0 261;
0 267;
0 270;
0 271;
0 279;
0 281;
0 283;
0 284;
0 291;
0 301;
0 305;
0 309;
0 31;
0 311;
0 317;
0 321;
0 331;
0 335;
0 341;
0 343;
0 344;
0 351;
0 361;
0 369;
0 371;
0 381;
0 387;
0 395;
0 405;
0 41;
0 450;
0 489;
0 501;
0 506;
0 51;
0 550;
0 553;
0 59;
0 600;
0 61;
0 611;
0 639;
0 649;
0 659;
0 669;
0 679;
0 681;
0 689;
0 699;
0 709;
0 71;
0 719;
0 81;
0 91;
2 108;
2 109;
2 111;
2 123;
2 124;
2 125;
2 126;
2 13;
2 15;
2 150;
2 152;
2 153;
2 156;
2 157;
2 159;
2 160;
2 178;
2 180;
2 183;
2 189;
2 190;
2 195;
2 196;
2 198;
2 199;
2 20;
2 203;
2 204;
2 205;
2 213;
2 215;
2 216;
2 219;
2 222;
2 228;
2 229;
2 230;
2 234;
2 235;
2 237;
2 240;
2 247;
2 251;
2 252;
2 253;
2 255;
2 257;
2 261;
2 263;
2 268;
2 274;
2 276;
2 279;
2 281;
2 288;
2 291;
2 297;
2 299;
2 301;
2 308;
2 31;
2 310;
2 312;
2 314;
2 317;
2 320;
2 322;
2 324;
2 33;
2 331;
2 333;
2 335;
2 343;
2 345;
2 347;
2 350;
2 352;
2 354;
2 359;
2 36;
2 365;
2 366;
2 368;
2 369;
2 375;
2 376;
2 378;
2 379;
2 38;
2 385;
2 387;
2 39;
2 391;
2 393;
2 395;
2 397;
2 400;
2 402;
2 404;
2 408;
2 409;
2 410;
2 412;
2 418;
2 420;
2 422;
2 425;
2 426;
2 428;
2 429;
2 438;
2 440;
2 443;
2 445;
2 447;
2 450;
2 457;
2 459;
2 46;
2 462;
2 464;
2 47;
2 470;
2 474;
2 476;
2 478;
2 48;
2 480;
2 482;
2 484;
2 486;
2 488;
2 490;
2 492;
2 494;
2 496;
2 498;
2 50;
2 500;
2 503;
2 505;
2 507;
2 51;
2 512;
2 514;
2 516;
2 518;
2 520;
2 522;
2 524;
2 526;
2 528;
2 530;
2 532;
2 534;
2 536;
2 538;
2 541;
2 57;
2 578;
2 586;
2 599;
2 612;
2 613;
2 616;
2 617;
2 618;
2 620;
2 626;
2 628;
2 631;
2 648;
2 663;
2 665;
2 667;
2 669;
2 671;
2 673;
2 676;
2 68;
2 680;
2 682;
2 684;
2 686;
2 69;
2 694;
2 696;
2 699;
2 70;
2 701;
2 703;
2 705;
2 707;
2 71;
2 710;
2 712;
2 715;
2 720;
2 722;
2 73;
2 74;
2 97;
2 98;
3 112;
3 53;
3 614;
5 150;
5 164;
5 168;
5 172;
5 20;
5 219;
5 24;
5 257;
5 259;
5 263;
5 266;
5 268;
5 270;
5 275;
5 28;
5 280;
5 286;
5 288;
5 291;
5 293;
5 297;
5 299;
5 301;
5 303;
5 306;
5 308;
5 310;
5 312;
5 314;
5 320;
5 322;
5 324;
5 327;
5 331;
5 333;
5 335;
5 337;
5 341;
5 343;
5 345;
5 347;
5 350;
5 352;
5 354;
5 359;
5 361;
5 385;
5 387;
5 389;
5 391;
5 393;
5 395;
5 397;
5 400;
5 402;
5 404;
5 406;
5 418;
5 420;
5 422;
5 443;
5 445;
5 447;
5 450;
5 452;
5 455;
5 457;
5 459;
5 462;
5 464;
5 467;
5 475;
5 479;
5 483;
5 487;
5 491;
5 495;
5 499;
5 503;
5 505;
5 507;
5 509;
5 513;
5 517;
5 521;
5 525;
5 529;
5 533;
5 537;
5 541;
5 543;
5 547;
5 551;
5 557;
5 563;
5 569;
5 575;
5 581;
5 583;
5 590;
5 593;
5 597;
5 600;
5 621;
5 644;
5 660;
5 663;
5 665;
5 667;
5 669;
5 671;
5 673;
5 676;
5 678;
5 680;
5 682;
5 686;
5 690;
5 696;
5 700;
5 703;
5 706;
5 711;
5 715;
5 8;
9 142;
9 165;
9 168;
9 172;
9 255;
9 261;
9 273;
9 278;
9 30;
9 473;
9 511;
9 548;
9 684;
9 687;
9 694;
9 701;
9 704;
9 709;
10 149;
10 166;
10 170;
10 19;
10 218;
10 255;
10 261;
10 267;
10 273;
10 278;
10 287;
10 290;
10 296;
10 307;
10 319;
10 330;
10 342;
10 349;
10 358;
10 384;
10 390;
10 399;
10 417;
10 442;
10 449;
10 456;
10 461;
10 473;
10 502;
10 511;
10 540;
10 548;
10 599;
10 620;
10 630;
10 647;
10 662;
10 675;
10 679;
10 684;
10 687;
10 694;
10 699;
10 701;
10 704;
10 709;
11 142;
11 149;
11 162;
11 174;
11 19;
11 218;
11 22;
11 255;
11 258;
11 261;
11 264;
11 267;
11 273;
11 278;
11 287;
11 290;
11 296;
11 304;
11 307;
11 319;
11 326;
11 330;
11 342;
11 349;
11 358;
11 368;
11 378;
11 384;
11 390;
11 399;
11 411;
11 417;
11 428;
11 434;
11 442;
11 449;
11 453;
11 456;
11 461;
11 466;
11 473;
11 502;
11 511;
11 540;
11 548;
11 57;
11 582;
11 588;
11 591;
11 599;
11 601;
11 620;
11 622;
11 630;
11 647;
11 658;
11 662;
11 675;
11 679;
11 684;
11 687;
11 694;
11 699;
11 701;
11 704;
11 709;
11 716;
11 76;
11 9;
12 283;
12 338;
12 5;
12 544;
12 548;
12 641;
12 687;
15 150;
15 167;
15 171;
15 20;
15 219;
15 259;
15 268;
15 270;
15 286;
15 288;
15 291;
15 293;
15 297;
15 299;
15 301;
15 303;
15 308;
15 31;
15 310;
15 312;
15 314;
15 320;
15 322;
15 324;
15 327;
15 331;
15 333;
15 335;
15 337;
15 341;
15 343;
15 345;
15 347;
15 350;
15 352;
15 354;
15 359;
15 361;
15 385;
15 387;
15 389;
15 391;
15 393;
15 395;
15 397;
15 400;
15 402;
15 404;
15 406;
15 418;
15 420;
15 422;
15 443;
15 445;
15 447;
15 450;
15 452;
15 457;
15 459;
15 462;
15 464;
15 467;
15 503;
15 505;
15 507;
15 509;
15 541;
15 543;
15 547;
15 551;
15 557;
15 563;
15 569;
15 575;
15 58;
15 581;
15 583;
15 600;
15 621;
15 644;
15 663;
15 665;
15 667;
15 669;
15 671;
15 673;
15 676;
15 678;
15 680;
15 682;
15 690;
15 700;
15 8;
17 123;
17 125;
17 153;
17 157;
17 160;
17 190;
17 204;
17 205;
17 213;
17 216;
17 228;
17 229;
17 235;
17 237;
17 240;
17 251;
17 252;
17 253;
17 317;
17 33;
17 366;
17 367;
17 369;
17 370;
17 372;
17 376;
17 377;
17 379;
17 38;
17 380;
17 382;
17 39;
17 409;
17 410;
17 411;
17 413;
17 415;
17 426;
17 427;
17 429;
17 430;
17 432;
17 46;
17 470;
17 53;
17 586;
17 617;
17 618;
17 68;
17 69;
17 70;
17 71;
17 74;
17 97;
18 107;
18 113;
18 126;
18 183;
18 189;
18 195;
18 196;
18 198;
18 199;
18 203;
18 222;
18 230;
18 234;
18 247;
18 47;
18 549;
18 551;
18 553;
18 555;
18 557;
18 559;
18 561;
18 563;
18 565;
18 567;
18 569;
18 571;
18 573;
18 575;
18 577;
18 579;
18 580;
18 611;
18 614;
18 688;
18 690;
18 691;
18 692;
18 96;
25 101;
25 102;
25 103;
25 108;
25 110;
25 113;
25 114;
25 118;
25 119;
25 122;
25 123;
25 124;
25 129;
25 131;
25 134;
25 135;
25 139;
25 140;
25 143;
25 144;
25 145;
25 150;
25 152;
25 155;
25 156;
25 160;
25 161;
25 164;
25 165;
25 166;
25 171;
25 178;
25 184;
25 185;
25 190;
25 191;
25 193;
25 194;
25 198;
25 199;
25 200;
25 208;
25 210;
25 212;
25 214;
25 215;
25 218;
25 224;
25 225;
25 230;
25 231;
25 233;
25 234;
25 238;
25 239;
25 241;
25 249;
25 250;
25 253;
25 255;
25 256;
25 257;
25 261;
25 262;
25 264;
25 271;
25 275;
25 277;
25 282;
25 295;
25 297;
25 299;
25 306;
25 310;
25 314;
25 316;
25 325;
25 327;
25 329;
25 332;
25 336;
25 338;
25 340;
25 343;
25 349;
25 351;
25 353;
25 359;
25 363;
25 365;
25 367;
25 368;
25 370;
25 371;
25 373;
25 374;
25 376;
25 377;
25 379;
25 383;
25 385;
25 387;
25 39;
25 399;
25 401;
25 403;
25 405;
25 408;
25 41;
25 410;
25 411;
25 412;
25 415;
25 42;
25 420;
25 421;
25 422;
25 425;
25 43;
25 430;
25 431;
25 432;
25 435;
25 441;
25 442;
25 443;
25 445;
25 45;
25 457;
25 459;
25 46;
25 461;
25 463;
25 467;
25 469;
25 470;
25 475;
25 476;
25 477;
25 478;
25 480;
25 484;
25 488;
25 49;
25 497;
25 499;
25 51;
25 515;
25 517;
25 520;
25 522;
25 529;
25 531;
25 533;
25 535;
25 537;
25 539;
25 54;
25 541;
25 543;
25 545;
25 547;
25 549;
25 551;
25 553;
25 555;
25 558;
25 56;
25 560;
25 57;
25 579;
25 588;
25 594;
25 600;
25 601;
25 602;
25 603;
25 606;
25 612;
25 613;
25 614;
25 615;
25 619;
25 625;
25 626;
25 627;
25 628;
25 637;
25 639;
25 64;
25 65;
25 66;
25 669;
25 673;
25 675;
25 677;
25 679;
25 68;
25 681;
25 683;
25 684;
25 687;
25 688;
25 69;
25 690;
25 692;
25 693;
25 696;
25 697;
25 700;
25 702;
25 704;
25 706;
25 708;
25 710;
25 716;
25 723;
25 75;
25 86;
25 87;
25 88;
25 89;
25 92;
25 93;
25 97;
25 98;
26 116;
26 137;
26 158;
26 71;
26 95;
28 12;
28 18;
28 212;
28 22;
28 245;
28 27;
28 277;
28 279;
28 295;
28 297;
28 299;
28 301;
28 305;
28 307;
28 310;
28 316;
28 319;
28 323;
28 325;
28 327;
28 329;
28 33;
28 336;
28 338;
28 340;
28 343;
28 345;
28 349;
28 351;
28 353;
28 358;
28 360;
28 363;
28 367;
28 37;
28 370;
28 373;
28 378;
28 382;
28 384;
28 387;
28 391;
28 397;
28 399;
28 401;
28 403;
28 405;
28 451;
28 453;
28 457;
28 459;
28 461;
28 463;
28 465;
28 484;
28 486;
28 488;
28 490;
28 492;
28 497;
28 499;
28 506;
28 520;
28 522;
28 527;
28 530;
28 534;
28 538;
28 542;
28 546;
28 550;
28 554;
28 558;
28 560;
28 565;
28 571;
28 579;
28 588;
28 632;
28 645;
28 653;
28 661;
28 665;
28 672;
28 675;
28 678;
28 684;
28 688;
28 693;
28 697;
28 701;
28 706;
28 709;
28 713;
28 8;
31 19;
31 374;
31 502;
31 508;
31 575;
31 581;
31 584;
31 590;
31 641;
31 647;
31 655;
31 681;
31 690;
32 210;
32 275;
32 30;
32 314;
32 33;
32 365;
32 368;
32 37;
32 371;
32 374;
32 379;
32 385;
32 388;
32 39;
32 48;
32 502;
32 508;
32 528;
32 562;
32 575;
32 581;
32 584;
32 590;
32 593;
32 605;
32 618;
32 641;
32 647;
32 655;
32 662;
32 669;
32 673;
32 676;
32 681;
32 684;
32 688;
32 690;
32 693;
32 697;
32 699;
32 704;
32 707;
33 210;
33 275;
33 294;
33 306;
33 309;
33 31;
33 314;
33 324;
33 335;
33 342;
33 348;
33 35;
33 359;
33 362;
33 365;
33 368;
33 371;
33 375;
33 377;
33 379;
33 383;
33 385;
33 388;
33 398;
33 456;
33 483;
33 487;
33 496;
33 502;
33 508;
33 519;
33 528;
33 557;
33 562;
33 575;
33 581;
33 584;
33 590;
33 641;
33 647;
33 655;
33 662;
33 669;
33 673;
33 676;
33 682;
33 686;
33 691;
33 695;
33 699;
33 704;
33 707;
34 173;
34 210;
34 243;
34 275;
34 278;
34 288;
34 294;
34 306;
34 309;
34 314;
34 317;
34 324;
34 335;
34 342;
34 348;
34 359;
34 362;
34 365;
34 368;
34 371;
34 374;
34 377;
34 379;
34 383;
34 385;
34 388;
34 395;
34 398;
34 41;
34 410;
34 414;
34 420;
34 424;
34 430;
34 434;
34 444;
34 450;
34 456;
34 466;
34 483;
34 487;
34 491;
34 496;
34 502;
34 509;
34 511;
34 519;
34 528;
34 557;
34 562;
34 575;
34 582;
34 584;
34 591;
34 630;
34 633;
34 641;
34 648;
34 656;
34 662;
34 669;
34 673;
34 676;
34 681;
34 690;
34 699;
34 704;
34 707;
34 712;
34 75;
35 302;
35 320;
35 355;
35 379;
35 388;
35 5;
35 502;
35 524;
35 562;
35 575;
35 584;
35 641;
35 662;
35 669;
35 9;
38 12;
38 18;
38 22;
38 27;
38 279;
38 295;
38 297;
38 299;
38 301;
38 305;
38 307;
38 310;
38 32;
38 323;
38 325;
38 327;
38 329;
38 336;
38 338;
38 340;
38 343;
38 345;
38 349;
38 351;
38 353;
38 358;
38 36;
38 360;
38 363;
38 376;
38 378;
38 382;
38 384;
38 391;
38 399;
38 401;
38 403;
38 405;
38 451;
38 453;
38 457;
38 459;
38 461;
38 463;
38 465;
38 484;
38 486;
38 488;
38 49;
38 490;
38 492;
38 497;
38 499;
38 520;
38 522;
38 527;
38 558;
38 560;
38 565;
38 571;
38 665;
38 672;
38 683;
38 687;
38 692;
38 696;
38 713;
38 76;
38 8;
40 101;
40 108;
40 110;
40 113;
40 119;
40 122;
40 129;
40 131;
40 134;
40 140;
40 143;
40 150;
40 152;
40 155;
40 161;
40 164;
40 171;
40 185;
40 199;
40 200;
40 208;
40 214;
40 224;
40 225;
40 241;
40 255;
40 256;
40 262;
40 264;
40 282;
40 332;
40 408;
40 412;
40 413;
40 416;
40 418;
40 422;
40 423;
40 426;
40 428;
40 432;
40 433;
40 436;
40 438;
40 442;
40 443;
40 444;
40 446;
40 448;
40 46;
40 51;
40 56;
40 57;
40 594;
40 603;
40 606;
40 615;
40 619;
40 628;
40 64;
40 71;
40 716;
40 86;
40 87;
40 88;
40 89;
40 92;
40 98;
41 102;
41 117;
41 123;
41 138;
41 144;
41 159;
41 165;
41 178;
41 184;
41 190;
41 191;
41 193;
41 194;
41 198;
41 218;
41 230;
41 231;
41 233;
41 234;
41 238;
41 239;
41 249;
41 250;
41 253;
41 257;
41 261;
41 271;
41 380;
41 381;
41 389;
41 391;
41 392;
41 393;
41 411;
41 421;
41 431;
41 467;
41 468;
41 469;
41 476;
41 477;
41 478;
41 480;
41 503;
41 504;
41 506;
41 507;
41 508;
41 563;
41 565;
41 567;
41 569;
41 571;
41 573;
41 576;
41 577;
41 579;
41 581;
41 585;
41 586;
41 588;
41 590;
41 600;
41 602;
41 612;
41 614;
41 625;
41 627;
41 642;
41 643;
41 645;
41 646;
41 65;
41 650;
41 651;
41 653;
41 655;
41 659;
41 660;
41 663;
41 665;
41 666;
41 667;
41 670;
41 671;
41 723;
41 96;
48 102;
48 103;
48 104;
48 109;
48 111;
48 114;
48 115;
48 119;
48 120;
48 123;
48 124;
48 125;
48 130;
48 132;
48 135;
48 136;
48 140;
48 141;
48 144;
48 145;
48 146;
48 151;
48 153;
48 156;
48 157;
48 161;
48 162;
48 165;
48 166;
48 167;
48 172;
48 174;
48 176;
48 177;
48 179;
48 181;
48 183;
48 184;
48 185;
48 187;
48 189;
48 190;
48 191;
48 194;
48 195;
48 198;
48 204;
48 205;
48 206;
48 210;
48 211;
48 213;
48 216;
48 222;
48 223;
48 228;
48 229;
48 231;
48 232;
48 236;
48 237;
48 239;
48 242;
48 248;
48 249;
48 252;
48 254;
48 255;
48 256;
48 260;
48 261;
48 263;
48 264;
48 268;
48 269;
48 271;
48 274;
48 275;
48 278;
48 280;
48 281;
48 282;
48 286;
48 287;
48 289;
48 292;
48 293;
48 296;
48 298;
48 299;
48 300;
48 304;
48 305;
48 307;
48 308;
48 312;
48 313;
48 315;
48 318;
48 319;
48 322;
48 324;
48 325;
48 326;
48 33;
48 330;
48 331;
48 333;
48 334;
48 338;
48 339;
48 341;
48 344;
48 345;
48 348;
48 35;
48 350;
48 351;
48 352;
48 356;
48 357;
48 359;
48 366;
48 37;
48 371;
48 377;
48 38;
48 380;
48 383;
48 388;
48 390;
48 392;
48 399;
48 40;
48 401;
48 404;
48 406;
48 408;
48 41;
48 411;
48 412;
48 413;
48 415;
48 420;
48 423;
48 424;
48 426;
48 427;
48 434;
48 436;
48 438;
48 44;
48 441;
48 445;
48 455;
48 46;
48 460;
48 462;
48 464;
48 468;
48 478;
48 480;
48 482;
48 484;
48 487;
48 489;
48 49;
48 491;
48 493;
48 497;
48 499;
48 502;
48 504;
48 506;
48 51;
48 515;
48 517;
48 519;
48 52;
48 521;
48 523;
48 525;
48 527;
48 529;
48 537;
48 542;
48 545;
48 546;
48 549;
48 563;
48 565;
48 568;
48 571;
48 573;
48 578;
48 580;
48 582;
48 584;
48 586;
48 59;
48 60;
48 61;
48 611;
48 612;
48 618;
48 619;
48 625;
48 626;
48 63;
48 630;
48 631;
48 634;
48 637;
48 639;
48 64;
48 641;
48 642;
48 644;
48 646;
48 648;
48 650;
48 652;
48 654;
48 656;
48 658;
48 664;
48 665;
48 671;
48 673;
48 676;
48 677;
48 679;
48 680;
48 696;
48 698;
48 70;
48 701;
48 705;
48 707;
48 710;
48 712;
48 714;
48 721;
48 81;
48 82;
48 83;
48 84;
48 86;
48 87;
48 89;
48 90;
48 93;
48 94;
48 98;
48 99;
49 117;
49 138;
49 159;
49 66;
49 96;
51 12;
51 17;
51 180;
51 183;
51 189;
51 23;
51 246;
51 27;
51 362;
51 366;
51 368;
51 371;
51 373;
51 377;
51 380;
51 383;
51 385;
51 388;
51 390;
51 392;
51 397;
51 399;
51 401;
51 404;
51 406;
51 408;
51 421;
51 434;
51 436;
51 438;
51 441;
51 443;
51 445;
51 447;
51 451;
51 455;
51 457;
51 460;
51 462;
51 464;
51 466;
51 476;
51 479;
51 483;
51 488;
51 492;
51 497;
51 499;
51 501;
51 503;
51 506;
51 510;
51 516;
51 520;
51 524;
51 528;
51 534;
51 537;
51 539;
51 543;
51 560;
51 563;
51 565;
51 567;
51 569;
51 571;
51 573;
51 577;
51 580;
51 583;
51 589;
51 638;
51 641;
51 644;
51 652;
51 654;
51 656;
51 658;
51 660;
51 662;
51 669;
51 672;
51 676;
51 679;
51 681;
51 685;
51 691;
51 697;
51 701;
51 703;
51 706;
51 710;
51 713;
51 8;
54 9;
55 181;
55 187;
55 20;
55 23;
55 27;
55 43;
55 477;
55 486;
55 504;
55 507;
55 514;
55 578;
55 581;
55 586;
55 639;
55 642;
55 650;
55 670;
55 677;
55 682;
55 695;
55 704;
55 711;
56 179;
56 181;
56 187;
56 21;
56 25;
56 365;
56 370;
56 376;
56 379;
56 382;
56 387;
56 398;
56 403;
56 420;
56 433;
56 440;
56 444;
56 454;
56 459;
56 467;
56 477;
56 486;
56 496;
56 502;
56 504;
56 507;
56 514;
56 536;
56 542;
56 548;
56 562;
56 568;
56 570;
56 578;
56 581;
56 586;
56 637;
56 639;
56 642;
56 650;
56 653;
56 670;
56 677;
56 680;
56 682;
56 695;
56 700;
56 704;
56 711;
57 179;
57 181;
57 187;
57 244;
57 29;
57 361;
57 365;
57 370;
57 376;
57 379;
57 382;
57 387;
57 398;
57 403;
57 414;
57 420;
57 426;
57 433;
57 440;
57 444;
57 454;
57 459;
57 467;
57 474;
57 477;
57 486;
57 496;
57 502;
57 504;
57 507;
57 514;
57 536;
57 542;
57 548;
57 562;
57 568;
57 570;
57 575;
57 578;
57 581;
57 586;
57 590;
57 637;
57 639;
57 642;
57 650;
57 653;
57 661;
57 667;
57 670;
57 677;
57 680;
57 682;
57 695;
57 70;
57 700;
57 704;
57 711;
58 394;
58 448;
58 5;
58 507;
58 531;
58 557;
58 586;
58 682;
61 12;
61 17;
61 180;
61 22;
61 26;
61 362;
61 366;
61 368;
61 371;
61 373;
61 377;
61 380;
61 383;
61 385;
61 388;
61 390;
61 392;
61 397;
61 399;
61 401;
61 404;
61 406;
61 408;
61 421;
61 434;
61 436;
61 438;
61 44;
61 441;
61 443;
61 445;
61 447;
61 451;
61 455;
61 457;
61 460;
61 462;
61 464;
61 466;
61 497;
61 499;
61 501;
61 503;
61 510;
61 534;
61 537;
61 539;
61 543;
61 560;
61 563;
61 565;
61 567;
61 569;
61 571;
61 573;
61 589;
61 638;
61 654;
61 656;
61 658;
61 660;
61 662;
61 681;
61 685;
61 691;
61 701;
61 703;
61 71;
61 8;
62 468;
63 102;
63 109;
63 111;
63 114;
63 120;
63 123;
63 130;
63 132;
63 135;
63 141;
63 144;
63 151;
63 153;
63 156;
63 162;
63 165;
63 172;
63 174;
63 177;
63 185;
63 191;
63 194;
63 204;
63 205;
63 211;
63 213;
63 222;
63 223;
63 239;
63 242;
63 254;
63 255;
63 271;
63 280;
63 281;
63 287;
63 289;
63 298;
63 299;
63 315;
63 324;
63 325;
63 341;
63 350;
63 351;
63 357;
63 359;
63 38;
63 41;
63 412;
63 413;
63 414;
63 416;
63 418;
63 424;
63 425;
63 427;
63 428;
63 430;
63 46;
63 51;
63 52;
63 546;
63 59;
63 611;
63 619;
63 625;
63 630;
63 634;
63 646;
63 648;
63 66;
63 665;
63 81;
63 82;
63 83;
63 84;
63 87;
63 90;
63 93;
63 99;
64 0;
64 103;
64 118;
64 124;
64 139;
64 145;
64 160;
64 166;
64 198;
64 206;
64 210;
64 216;
64 228;
64 229;
64 231;
64 232;
64 236;
64 237;
64 248;
64 249;
64 252;
64 256;
64 260;
64 261;
64 263;
64 264;
64 268;
64 269;
64 274;
64 275;
64 278;
64 282;
64 286;
64 292;
64 293;
64 296;
64 300;
64 304;
64 305;
64 307;
64 308;
64 312;
64 313;
64 318;
64 319;
64 322;
64 326;
64 330;
64 331;
64 333;
64 334;
64 338;
64 339;
64 344;
64 345;
64 348;
64 352;
64 356;
64 508;
64 510;
64 511;
64 512;
64 587;
64 588;
64 60;
64 610;
64 618;
64 626;
64 683;
64 685;
64 686;
64 687;
64 689;
64 691;
64 692;
64 693;
64 721;
64 730;
64 97;
71 100;
71 107;
71 108;
71 109;
71 111;
71 112;
71 118;
71 129;
71 130;
71 131;
71 132;
71 135;
71 137;
71 140;
71 142;
71 143;
71 150;
71 151;
71 152;
71 154;
71 155;
71 16;
71 161;
71 168;
71 169;
71 170;
71 171;
71 172;
71 173;
71 174;
71 175;
71 177;
71 179;
71 180;
71 182;
71 194;
71 196;
71 207;
71 210;
71 212;
71 214;
71 216;
71 218;
71 22;
71 220;
71 223;
71 224;
71 227;
71 229;
71 23;
71 230;
71 231;
71 235;
71 236;
71 238;
71 239;
71 243;
71 244;
71 246;
71 249;
71 250;
71 253;
71 255;
71 256;
71 257;
71 261;
71 262;
71 264;
71 265;
71 269;
71 270;
71 271;
71 272;
71 279;
71 28;
71 282;
71 283;
71 286;
71 288;
71 289;
71 29;
71 290;
71 294;
71 295;
71 297;
71 298;
71 302;
71 303;
71 304;
71 305;
71 31;
71 312;
71 315;
71 317;
71 32;
71 320;
71 321;
71 324;
71 326;
71 327;
71 328;
71 332;
71 333;
71 335;
71 336;
71 340;
71 341;
71 343;
71 345;
71 347;
71 349;
71 351;
71 354;
71 356;
71 358;
71 36;
71 361;
71 364;
71 366;
71 37;
71 38;
71 410;
71 411;
71 412;
71 415;
71 422;
71 424;
71 426;
71 428;
71 434;
71 438;
71 442;
71 444;
71 446;
71 448;
71 452;
71 454;
71 456;
71 458;
71 46;
71 460;
71 462;
71 464;
71 474;
71 476;
71 478;
71 480;
71 482;
71 485;
71 49;
71 496;
71 498;
71 502;
71 503;
71 504;
71 505;
71 507;
71 509;
71 51;
71 510;
71 511;
71 533;
71 537;
71 539;
71 54;
71 543;
71 548;
71 56;
71 562;
71 565;
71 57;
71 573;
71 575;
71 577;
71 580;
71 582;
71 584;
71 586;
71 588;
71 589;
71 591;
71 594;
71 595;
71 600;
71 602;
71 605;
71 607;
71 609;
71 611;
71 613;
71 615;
71 618;
71 624;
71 636;
71 638;
71 64;
71 65;
71 656;
71 658;
71 66;
71 68;
71 680;
71 682;
71 685;
71 687;
71 689;
71 69;
71 691;
71 693;
71 695;
71 697;
71 699;
71 701;
71 703;
71 705;
71 707;
71 708;
71 710;
71 711;
71 713;
71 75;
71 86;
71 87;
71 88;
71 89;
71 92;
71 94;
71 97;
71 99;
72 114;
72 157;
72 71;
74 179;
74 182;
74 185;
74 189;
74 199;
74 202;
74 204;
74 211;
74 216;
74 219;
74 316;
74 347;
74 350;
74 354;
74 356;
74 358;
74 362;
74 364;
74 366;
74 368;
74 373;
74 381;
74 390;
74 398;
74 405;
74 409;
74 422;
74 424;
74 426;
74 428;
74 430;
74 434;
74 436;
74 438;
74 440;
74 442;
74 444;
74 446;
74 448;
74 450;
74 452;
74 454;
74 456;
74 458;
74 460;
74 462;
74 465;
74 469;
74 475;
74 479;
74 483;
74 485;
74 487;
74 491;
74 508;
74 516;
74 522;
74 528;
74 533;
74 535;
74 537;
74 539;
74 541;
74 547;
74 551;
74 553;
74 556;
74 558;
74 563;
74 568;
74 572;
74 575;
74 577;
74 580;
74 584;
74 588;
74 590;
74 592;
74 600;
74 603;
74 606;
74 610;
74 614;
74 618;
74 638;
74 643;
74 651;
74 666;
74 674;
74 681;
74 686;
74 691;
74 694;
74 699;
74 702;
74 707;
74 710;
74 712;
74 714;
74 717;
74 720;
74 724;
77 369;
77 375;
77 383;
77 386;
77 392;
77 400;
77 564;
77 639;
77 645;
77 662;
77 668;
77 676;
78 134;
78 177;
78 180;
78 209;
78 214;
78 217;
78 314;
78 345;
78 348;
78 369;
78 375;
78 383;
78 386;
78 392;
78 400;
78 466;
78 473;
78 48;
78 513;
78 548;
78 564;
78 573;
78 582;
78 586;
78 604;
78 636;
78 639;
78 645;
78 662;
78 668;
78 676;
78 679;
78 684;
78 689;
78 692;
78 697;
78 700;
78 705;
78 708;
78 91;
79 177;
79 180;
79 209;
79 214;
79 217;
79 314;
79 345;
79 348;
79 353;
79 361;
79 363;
79 369;
79 375;
79 383;
79 386;
79 392;
79 400;
79 421;
79 433;
79 437;
79 441;
79 451;
79 464;
79 466;
79 473;
79 482;
79 484;
79 507;
79 513;
79 532;
79 536;
79 548;
79 562;
79 564;
79 573;
79 576;
79 579;
79 582;
79 586;
79 589;
79 591;
79 599;
79 602;
79 604;
79 621;
79 636;
79 639;
79 645;
79 662;
79 668;
79 676;
79 679;
79 684;
79 689;
79 692;
79 697;
79 700;
79 705;
79 708;
79 711;
79 713;
80 118;
80 161;
80 177;
80 180;
80 183;
80 190;
80 198;
80 201;
80 209;
80 214;
80 217;
80 314;
80 345;
80 348;
80 353;
80 361;
80 363;
80 369;
80 376;
80 384;
80 386;
80 393;
80 401;
80 403;
80 410;
80 414;
80 421;
80 433;
80 437;
80 441;
80 451;
80 464;
80 466;
80 473;
80 482;
80 484;
80 492;
80 507;
80 513;
80 532;
80 536;
80 545;
80 548;
80 552;
80 555;
80 562;
80 564;
80 573;
80 576;
80 579;
80 582;
80 586;
80 589;
80 591;
80 599;
80 602;
80 604;
80 621;
80 636;
80 639;
80 646;
80 652;
80 662;
80 669;
80 677;
80 679;
80 684;
80 689;
80 692;
80 697;
80 700;
80 705;
80 708;
80 711;
80 713;
80 715;
80 718;
80 75;
80 9;
81 186;
81 369;
81 386;
81 406;
81 466;
81 488;
81 513;
81 548;
81 564;
81 569;
81 639;
81 648;
81 662;
84 119;
84 135;
84 162;
84 189;
84 199;
84 202;
84 204;
84 354;
84 356;
84 358;
84 362;
84 364;
84 366;
84 368;
84 409;
84 422;
84 424;
84 426;
84 428;
84 430;
84 434;
84 436;
84 438;
84 440;
84 442;
84 444;
84 446;
84 448;
84 450;
84 452;
84 454;
84 456;
84 458;
84 460;
84 462;
84 465;
84 469;
84 483;
84 485;
84 487;
84 49;
84 491;
84 508;
84 516;
84 522;
84 528;
84 533;
84 535;
84 537;
84 539;
84 541;
84 551;
84 553;
84 556;
84 558;
84 563;
84 572;
84 577;
84 580;
84 590;
84 592;
84 600;
84 603;
84 651;
84 712;
84 714;
84 76;
84 92;
86 100;
86 107;
86 114;
86 129;
86 130;
86 131;
86 132;
86 137;
86 142;
86 143;
86 150;
86 157;
86 168;
86 169;
86 170;
86 171;
86 172;
86 173;
86 174;
86 175;
86 207;
86 229;
86 23;
86 230;
86 246;
86 256;
86 270;
86 271;
86 279;
86 289;
86 303;
86 304;
86 312;
86 326;
86 327;
86 343;
86 37;
86 38;
86 412;
86 413;
86 416;
86 418;
86 46;
86 503;
86 504;
86 505;
86 51;
86 510;
86 511;
86 543;
86 56;
86 57;
86 595;
86 64;
86 71;
86 86;
86 87;
86 88;
86 89;
86 94;
86 99;
87 108;
87 151;
87 16;
87 22;
87 223;
87 224;
87 227;
87 231;
87 235;
87 236;
87 238;
87 239;
87 243;
87 244;
87 249;
87 250;
87 253;
87 255;
87 257;
87 261;
87 262;
87 264;
87 265;
87 269;
87 272;
87 28;
87 282;
87 283;
87 286;
87 288;
87 29;
87 290;
87 294;
87 295;
87 297;
87 298;
87 302;
87 305;
87 31;
87 32;
87 320;
87 321;
87 324;
87 328;
87 332;
87 333;
87 335;
87 336;
87 340;
87 341;
87 36;
87 370;
87 371;
87 373;
87 374;
87 375;
87 378;
87 379;
87 381;
87 382;
87 383;
87 387;
87 388;
87 390;
87 391;
87 392;
87 395;
87 396;
87 398;
87 399;
87 400;
87 411;
87 467;
87 468;
87 470;
87 471;
87 514;
87 516;
87 518;
87 520;
87 522;
87 524;
87 526;
87 527;
87 529;
87 530;
87 549;
87 550;
87 566;
87 567;
87 640;
87 641;
87 643;
87 644;
87 645;
87 65;
87 663;
87 664;
87 666;
87 667;
87 671;
87 672;
87 674;
87 676;
94 10;
94 106;
94 107;
94 108;
94 110;
94 111;
94 117;
94 124;
94 125;
94 126;
94 127;
94 128;
94 129;
94 130;
94 131;
94 134;
94 135;
94 138;
94 140;
94 143;
94 145;
94 146;
94 15;
94 153;
94 154;
94 155;
94 157;
94 158;
94 164;
94 171;
94 172;
94 173;
94 174;
94 175;
94 176;
94 177;
94 178;
94 196;
94 198;
94 209;
94 21;
94 22;
94 221;
94 222;
94 225;
94 227;
94 228;
94 229;
94 233;
94 234;
94 236;
94 237;
94 241;
94 242;
94 243;
94 244;
94 251;
94 254;
94 255;
94 258;
94 260;
94 261;
94 262;
94 266;
94 267;
94 269;
94 27;
94 270;
94 274;
94 275;
94 276;
94 277;
94 28;
94 284;
94 287;
94 288;
94 291;
94 293;
94 294;
94 295;
94 299;
94 30;
94 300;
94 302;
94 303;
94 307;
94 308;
94 309;
94 31;
94 310;
94 317;
94 320;
94 321;
94 324;
94 326;
94 327;
94 328;
94 332;
94 333;
94 335;
94 336;
94 340;
94 341;
94 342;
94 343;
94 35;
94 350;
94 353;
94 36;
94 360;
94 37;
94 407;
94 408;
94 409;
94 411;
94 416;
94 417;
94 418;
94 419;
94 420;
94 421;
94 426;
94 427;
94 428;
94 429;
94 430;
94 431;
94 442;
94 45;
94 450;
94 451;
94 452;
94 453;
94 454;
94 455;
94 460;
94 461;
94 462;
94 463;
94 464;
94 465;
94 470;
94 472;
94 473;
94 475;
94 48;
94 50;
94 500;
94 515;
94 517;
94 518;
94 520;
94 522;
94 524;
94 526;
94 529;
94 53;
94 530;
94 531;
94 532;
94 533;
94 534;
94 539;
94 541;
94 55;
94 553;
94 555;
94 557;
94 558;
94 56;
94 566;
94 570;
94 571;
94 573;
94 575;
94 576;
94 581;
94 584;
94 587;
94 590;
94 592;
94 595;
94 596;
94 602;
94 604;
94 607;
94 609;
94 610;
94 617;
94 618;
94 619;
94 621;
94 622;
94 628;
94 63;
94 635;
94 636;
94 638;
94 639;
94 64;
94 640;
94 641;
94 642;
94 65;
94 662;
94 664;
94 667;
94 669;
94 67;
94 672;
94 674;
94 676;
94 678;
94 679;
94 68;
94 681;
94 682;
94 684;
94 686;
94 688;
94 690;
94 691;
94 692;
94 695;
94 697;
94 700;
94 702;
94 704;
94 707;
94 709;
94 710;
94 711;
94 714;
94 717;
94 74;
94 81;
94 82;
94 83;
94 84;
94 85;
94 86;
94 87;
94 88;
94 91;
94 93;
94 96;
94 98;
94 99;
95 113;
95 160;
95 624;
95 70;
97 182;
97 186;
97 190;
97 201;
97 204;
97 206;
97 369;
97 377;
97 385;
97 393;
97 401;
97 437;
97 439;
97 442;
97 444;
97 446;
97 472;
97 475;
97 478;
97 483;
97 491;
97 497;
97 505;
97 511;
97 517;
97 519;
97 521;
97 524;
97 526;
97 528;
97 541;
97 544;
97 548;
97 563;
97 569;
97 575;
97 579;
97 584;
97 587;
97 591;
97 595;
97 597;
97 599;
97 648;
97 656;
97 663;
97 668;
97 673;
97 678;
97 681;
97 684;
97 687;
97 696;
97 701;
97 705;
97 707;
97 714;
97 717;
97 721;
97 725;
100 365;
100 371;
100 379;
100 387;
100 395;
100 403;
100 479;
100 485;
100 493;
100 644;
100 650;
100 658;
101 137;
101 183;
101 186;
101 190;
101 365;
101 371;
101 379;
101 387;
101 395;
101 403;
101 47;
101 470;
101 473;
101 479;
101 485;
101 493;
101 502;
101 515;
101 522;
101 539;
101 560;
101 573;
101 576;
101 589;
101 601;
101 644;
101 650;
101 658;
101 661;
101 666;
101 671;
101 676;
101 679;
101 682;
101 685;
101 694;
101 699;
101 730;
101 90;
102 184;
102 188;
102 365;
102 371;
102 379;
102 387;
102 395;
102 403;
102 441;
102 470;
102 473;
102 479;
102 485;
102 493;
102 502;
102 515;
102 518;
102 520;
102 522;
102 525;
102 539;
102 560;
102 573;
102 576;
102 583;
102 586;
102 589;
102 596;
102 644;
102 650;
102 658;
102 661;
102 666;
102 671;
102 676;
102 679;
102 682;
102 685;
102 694;
102 699;
102 704;
102 706;
102 713;
102 716;
103 117;
103 164;
103 180;
103 192;
103 200;
103 203;
103 215;
103 365;
103 372;
103 380;
103 388;
103 396;
103 404;
103 410;
103 416;
103 420;
103 426;
103 430;
103 436;
103 441;
103 445;
103 450;
103 454;
103 460;
103 464;
103 470;
103 473;
103 476;
103 479;
103 486;
103 494;
103 496;
103 502;
103 515;
103 518;
103 520;
103 522;
103 525;
103 529;
103 533;
103 539;
103 542;
103 549;
103 560;
103 573;
103 576;
103 583;
103 586;
103 589;
103 596;
103 598;
103 628;
103 644;
103 651;
103 659;
103 661;
103 666;
103 671;
103 676;
103 679;
103 682;
103 685;
103 694;
103 699;
103 704;
103 706;
103 713;
103 716;
103 719;
103 74;
104 365;
104 479;
104 502;
104 545;
104 560;
104 576;
104 644;
104 722;
107 118;
107 138;
107 165;
107 185;
107 189;
107 201;
107 204;
107 206;
107 437;
107 439;
107 442;
107 444;
107 446;
107 48;
107 497;
107 505;
107 511;
107 519;
107 521;
107 526;
107 528;
107 548;
107 563;
107 569;
107 579;
107 584;
107 587;
107 597;
107 599;
107 602;
107 629;
107 705;
107 707;
107 714;
107 717;
107 725;
107 75;
107 91;
109 106;
109 113;
109 124;
109 125;
109 126;
109 127;
109 128;
109 129;
109 130;
109 131;
109 134;
109 140;
109 145;
109 146;
109 153;
109 160;
109 171;
109 172;
109 173;
109 174;
109 175;
109 176;
109 177;
109 178;
109 209;
109 22;
109 228;
109 242;
109 243;
109 251;
109 261;
109 275;
109 276;
109 284;
109 294;
109 308;
109 309;
109 317;
109 327;
109 341;
109 342;
109 350;
109 353;
109 36;
109 37;
109 408;
109 409;
109 410;
109 412;
109 414;
109 418;
109 419;
109 420;
109 421;
109 422;
109 424;
109 428;
109 429;
109 430;
109 431;
109 432;
109 434;
109 45;
109 452;
109 453;
109 454;
109 455;
109 456;
109 458;
109 462;
109 463;
109 464;
109 465;
109 466;
109 468;
109 50;
109 500;
109 531;
109 532;
109 533;
109 534;
109 535;
109 537;
109 55;
109 558;
109 56;
109 571;
109 581;
109 604;
109 609;
109 610;
109 617;
109 624;
109 63;
109 635;
109 636;
109 638;
109 639;
109 640;
109 641;
109 642;
109 691;
109 692;
109 70;
109 710;
109 711;
109 81;
109 82;
109 83;
109 84;
109 85;
109 86;
109 87;
109 88;
109 93;
109 98;
109 99;
110 10;
110 107;
110 15;
110 154;
110 21;
110 221;
110 222;
110 225;
110 227;
110 229;
110 233;
110 234;
110 236;
110 237;
110 241;
110 244;
110 254;
110 255;
110 258;
110 260;
110 262;
110 266;
110 267;
110 269;
110 27;
110 270;
110 274;
110 277;
110 28;
110 287;
110 288;
110 291;
110 293;
110 295;
110 299;
110 30;
110 300;
110 302;
110 303;
110 307;
110 31;
110 310;
110 320;
110 321;
110 324;
110 326;
110 328;
110 332;
110 333;
110 335;
110 336;
110 340;
110 343;
110 35;
110 360;
110 367;
110 369;
110 371;
110 375;
110 377;
110 379;
110 383;
110 385;
110 387;
110 391;
110 393;
110 395;
110 399;
110 401;
110 403;
110 417;
110 427;
110 451;
110 461;
110 480;
110 481;
110 483;
110 484;
110 485;
110 488;
110 489;
110 491;
110 492;
110 493;
110 503;
110 505;
110 507;
110 509;
110 511;
110 513;
110 530;
110 561;
110 563;
110 564;
110 565;
110 567;
110 568;
110 577;
110 578;
110 618;
110 64;
110 645;
110 646;
110 648;
110 649;
110 653;
110 654;
110 656;
110 658;
117 101;
117 102;
117 103;
117 105;
117 106;
117 11;
117 112;
117 119;
117 120;
117 121;
117 122;
117 123;
117 124;
117 125;
117 126;
117 129;
117 13;
117 131;
117 134;
117 136;
117 137;
117 144;
117 145;
117 146;
117 148;
117 149;
117 155;
117 162;
117 163;
117 164;
117 165;
117 166;
117 167;
117 168;
117 169;
117 171;
117 172;
117 183;
117 184;
117 187;
117 189;
117 190;
117 191;
117 195;
117 196;
117 198;
117 199;
117 203;
117 204;
117 206;
117 209;
117 210;
117 213;
117 215;
117 216;
117 217;
117 221;
117 222;
117 224;
117 225;
117 229;
117 23;
117 230;
117 231;
117 232;
117 239;
117 242;
117 243;
117 246;
117 248;
117 249;
117 25;
117 250;
117 254;
117 255;
117 257;
117 260;
117 261;
117 264;
117 266;
117 267;
117 268;
117 272;
117 273;
117 275;
117 276;
117 280;
117 281;
117 283;
117 286;
117 287;
117 290;
117 292;
117 293;
117 294;
117 298;
117 299;
117 301;
117 302;
117 306;
117 307;
117 309;
117 312;
117 318;
117 319;
117 322;
117 324;
117 325;
117 326;
117 330;
117 331;
117 333;
117 334;
117 338;
117 339;
117 340;
117 341;
117 348;
117 359;
117 361;
117 363;
117 37;
117 39;
117 411;
117 42;
117 425;
117 429;
117 431;
117 432;
117 433;
117 434;
117 435;
117 436;
117 44;
117 441;
117 442;
117 443;
117 444;
117 445;
117 446;
117 45;
117 452;
117 454;
117 456;
117 459;
117 463;
117 465;
117 470;
117 472;
117 506;
117 509;
117 511;
117 513;
117 514;
117 516;
117 517;
117 518;
117 519;
117 52;
117 520;
117 521;
117 526;
117 528;
117 53;
117 530;
117 532;
117 535;
117 537;
117 539;
117 54;
117 541;
117 544;
117 546;
117 549;
117 552;
117 554;
117 556;
117 557;
117 559;
117 56;
117 566;
117 568;
117 57;
117 574;
117 578;
117 580;
117 581;
117 585;
117 587;
117 588;
117 590;
117 592;
117 596;
117 598;
117 599;
117 6;
117 602;
117 606;
117 609;
117 611;
117 612;
117 614;
117 616;
117 626;
117 628;
117 63;
117 632;
117 634;
117 638;
117 641;
117 645;
117 647;
117 650;
117 654;
117 658;
117 660;
117 663;
117 665;
117 669;
117 671;
117 673;
117 675;
117 676;
117 678;
117 685;
117 687;
117 689;
117 694;
117 695;
117 696;
117 70;
117 700;
117 701;
117 702;
117 706;
117 708;
117 71;
117 710;
117 712;
117 714;
117 717;
117 72;
117 73;
117 74;
117 75;
117 76;
117 77;
117 79;
117 80;
117 82;
117 83;
117 86;
117 88;
117 91;
117 93;
117 94;
118 108;
118 151;
118 59;
120 176;
120 18;
120 180;
120 28;
120 31;
120 316;
120 33;
120 351;
120 354;
120 356;
120 359;
120 361;
120 363;
120 369;
120 377;
120 385;
120 393;
120 401;
120 409;
120 411;
120 413;
120 416;
120 419;
120 423;
120 425;
120 427;
120 429;
120 452;
120 454;
120 456;
120 459;
120 463;
120 465;
120 467;
120 470;
120 472;
120 474;
120 478;
120 484;
120 490;
120 496;
120 502;
120 507;
120 511;
120 528;
120 530;
120 532;
120 536;
120 540;
120 545;
120 549;
120 552;
120 554;
120 562;
120 565;
120 568;
120 580;
120 582;
120 587;
120 589;
120 592;
120 595;
120 598;
120 600;
120 602;
120 607;
120 609;
120 615;
120 619;
120 623;
120 628;
120 631;
120 633;
120 635;
120 638;
120 641;
120 643;
120 646;
120 650;
120 652;
120 654;
120 656;
120 659;
120 663;
120 665;
120 667;
120 670;
120 675;
120 678;
120 682;
120 690;
120 693;
120 706;
120 710;
120 713;
120 717;
120 721;
120 725;
123 365;
123 371;
123 379;
123 387;
123 395;
123 403;
124 128;
124 36;
124 365;
124 371;
124 379;
124 387;
124 395;
124 403;
124 475;
124 509;
124 526;
124 534;
124 543;
124 559;
124 566;
124 578;
124 585;
124 590;
124 596;
124 616;
124 626;
124 644;
124 657;
124 668;
124 673;
124 676;
124 708;
124 711;
124 85;
125 358;
125 365;
125 371;
125 379;
125 387;
125 395;
125 403;
125 410;
125 424;
125 428;
125 451;
125 458;
125 462;
125 469;
125 475;
125 506;
125 509;
125 526;
125 529;
125 534;
125 543;
125 548;
125 551;
125 559;
125 566;
125 578;
125 581;
125 585;
125 588;
125 590;
125 596;
125 599;
125 601;
125 606;
125 608;
125 614;
125 616;
125 626;
125 632;
125 634;
125 637;
125 640;
125 644;
125 649;
125 653;
125 657;
125 664;
125 668;
125 673;
125 676;
125 689;
125 705;
125 708;
125 711;
125 716;
126 112;
126 155;
126 174;
126 19;
126 27;
126 30;
126 314;
126 350;
126 353;
126 358;
126 365;
126 372;
126 380;
126 388;
126 396;
126 404;
126 410;
126 414;
126 417;
126 424;
126 428;
126 431;
126 435;
126 441;
126 445;
126 451;
126 458;
126 462;
126 469;
126 475;
126 506;
126 509;
126 516;
126 520;
126 526;
126 529;
126 534;
126 543;
126 548;
126 551;
126 559;
126 563;
126 566;
126 578;
126 581;
126 585;
126 588;
126 590;
126 593;
126 596;
126 599;
126 601;
126 606;
126 608;
126 614;
126 616;
126 626;
126 629;
126 63;
126 632;
126 634;
126 637;
126 640;
126 644;
126 649;
126 653;
126 657;
126 664;
126 668;
126 673;
126 676;
126 689;
126 691;
126 705;
126 708;
126 711;
126 716;
126 719;
127 15;
127 365;
127 406;
127 475;
127 559;
127 616;
127 620;
127 679;
127 722;
130 113;
130 129;
130 156;
130 18;
130 28;
130 31;
130 33;
130 351;
130 354;
130 356;
130 359;
130 361;
130 363;
130 37;
130 409;
130 411;
130 413;
130 425;
130 427;
130 429;
130 452;
130 454;
130 456;
130 459;
130 463;
130 465;
130 467;
130 470;
130 472;
130 474;
130 478;
130 484;
130 490;
130 496;
130 502;
130 507;
130 530;
130 532;
130 549;
130 552;
130 554;
130 562;
130 582;
130 589;
130 600;
130 602;
130 607;
130 609;
130 615;
130 619;
130 623;
130 633;
130 635;
130 638;
130 64;
130 641;
130 643;
130 650;
130 652;
130 654;
130 656;
130 665;
130 667;
130 682;
130 690;
130 706;
130 717;
130 725;
130 86;
132 101;
132 108;
132 11;
132 119;
132 120;
132 121;
132 122;
132 123;
132 124;
132 125;
132 126;
132 13;
132 131;
132 136;
132 137;
132 144;
132 151;
132 162;
132 163;
132 164;
132 165;
132 166;
132 167;
132 168;
132 169;
132 172;
132 189;
132 190;
132 206;
132 216;
132 230;
132 231;
132 239;
132 248;
132 249;
132 255;
132 257;
132 266;
132 267;
132 283;
132 292;
132 293;
132 309;
132 312;
132 325;
132 339;
132 340;
132 348;
132 39;
132 433;
132 434;
132 435;
132 436;
132 437;
132 439;
132 44;
132 443;
132 444;
132 445;
132 446;
132 447;
132 449;
132 45;
132 513;
132 514;
132 518;
132 519;
132 52;
132 520;
132 521;
132 522;
132 524;
132 557;
132 59;
132 6;
132 612;
132 685;
132 687;
132 695;
132 696;
132 70;
132 701;
132 702;
132 71;
132 72;
132 73;
132 74;
132 75;
132 76;
132 77;
132 80;
132 83;
132 88;
132 93;
132 94;
133 102;
133 145;
133 183;
133 184;
133 187;
133 191;
133 195;
133 196;
133 198;
133 199;
133 203;
133 204;
133 209;
133 210;
133 213;
133 215;
133 217;
133 221;
133 222;
133 224;
133 225;
133 229;
133 232;
133 242;
133 243;
133 246;
133 250;
133 254;
133 260;
133 261;
133 264;
133 268;
133 272;
133 273;
133 275;
133 276;
133 280;
133 281;
133 286;
133 287;
133 290;
133 294;
133 298;
133 299;
133 301;
133 302;
133 306;
133 307;
133 318;
133 319;
133 322;
133 324;
133 326;
133 330;
133 331;
133 333;
133 334;
133 338;
133 341;
133 367;
133 369;
133 371;
133 375;
133 377;
133 379;
133 383;
133 385;
133 387;
133 391;
133 393;
133 395;
133 399;
133 401;
133 403;
133 432;
133 442;
133 476;
133 478;
133 480;
133 482;
133 484;
133 486;
133 488;
133 490;
133 492;
133 494;
133 496;
133 498;
133 500;
133 501;
133 503;
133 504;
133 517;
133 53;
133 560;
133 561;
133 574;
133 617;
133 618;
140 10;
140 100;
140 101;
140 107;
140 114;
140 115;
140 116;
140 117;
140 118;
140 119;
140 12;
140 120;
140 121;
140 124;
140 125;
140 127;
140 128;
140 13;
140 131;
140 133;
140 136;
140 138;
140 139;
140 14;
140 146;
140 147;
140 148;
140 15;
140 150;
140 151;
140 157;
140 164;
140 165;
140 166;
140 167;
140 168;
140 169;
140 17;
140 170;
140 171;
140 173;
140 174;
140 176;
140 177;
140 179;
140 180;
140 190;
140 192;
140 198;
140 199;
140 20;
140 201;
140 202;
140 207;
140 208;
140 211;
140 212;
140 214;
140 215;
140 218;
140 220;
140 221;
140 223;
140 224;
140 226;
140 227;
140 230;
140 231;
140 234;
140 235;
140 238;
140 244;
140 246;
140 247;
140 249;
140 250;
140 252;
140 253;
140 256;
140 257;
140 260;
140 261;
140 264;
140 270;
140 272;
140 273;
140 276;
140 277;
140 280;
140 281;
140 284;
140 29;
140 290;
140 292;
140 293;
140 295;
140 296;
140 298;
140 299;
140 301;
140 302;
140 305;
140 306;
140 31;
140 316;
140 317;
140 320;
140 321;
140 326;
140 327;
140 33;
140 330;
140 331;
140 334;
140 335;
140 338;
140 339;
140 347;
140 348;
140 360;
140 367;
140 374;
140 408;
140 42;
140 437;
140 442;
140 465;
140 466;
140 476;
140 477;
140 479;
140 48;
140 49;
140 491;
140 492;
140 493;
140 494;
140 517;
140 518;
140 519;
140 520;
140 521;
140 522;
140 527;
140 530;
140 531;
140 54;
140 544;
140 546;
140 549;
140 55;
140 551;
140 552;
140 559;
140 560;
140 561;
140 563;
140 564;
140 57;
140 570;
140 575;
140 576;
140 577;
140 578;
140 579;
140 58;
140 580;
140 581;
140 582;
140 583;
140 584;
140 6;
140 607;
140 608;
140 618;
140 619;
140 62;
140 621;
140 63;
140 633;
140 634;
140 635;
140 636;
140 65;
140 660;
140 662;
140 665;
140 667;
140 668;
140 67;
140 675;
140 676;
140 677;
140 679;
140 68;
140 680;
140 686;
140 69;
140 691;
140 692;
140 693;
140 694;
140 695;
140 696;
140 697;
140 698;
140 699;
140 700;
140 72;
140 722;
140 724;
140 74;
140 76;
140 77;
140 78;
140 81;
140 83;
140 86;
140 88;
140 89;
140 96;
140 97;
140 98;
141 103;
141 153;
141 480;
141 566;
141 622;
141 682;
143 12;
143 18;
143 185;
143 195;
143 206;
143 309;
143 312;
143 314;
143 34;
143 344;
143 352;
143 356;
143 36;
143 360;
143 372;
143 377;
143 38;
143 381;
143 387;
143 393;
143 399;
143 405;
143 411;
143 415;
143 421;
143 427;
143 433;
143 440;
143 528;
143 534;
143 537;
143 539;
143 704;
143 708;
143 712;
143 716;
143 72;
143 76;
147 10;
147 130;
147 374;
147 378;
147 412;
147 437;
147 510;
147 543;
147 652;
147 659;
147 709;
147 712;
147 716;
147 74;
147 80;
148 10;
148 17;
148 19;
148 33;
148 359;
148 374;
148 378;
148 412;
148 437;
148 527;
148 71;
148 710;
148 714;
148 74;
149 10;
149 107;
149 157;
149 17;
149 186;
149 19;
149 194;
149 204;
149 229;
149 255;
149 275;
149 308;
149 311;
149 33;
149 35;
149 350;
149 359;
149 370;
149 374;
149 378;
149 412;
149 437;
149 444;
149 510;
149 517;
149 521;
149 527;
149 533;
149 536;
149 570;
149 586;
149 652;
149 686;
149 702;
149 71;
149 718;
149 74;
150 182;
150 341;
150 374;
150 378;
150 412;
150 437;
150 705;
153 108;
153 131;
153 158;
153 18;
153 185;
153 195;
153 309;
153 312;
153 314;
153 34;
153 344;
153 36;
153 360;
153 377;
153 38;
153 381;
153 387;
153 393;
153 399;
153 405;
153 411;
153 415;
153 421;
153 427;
153 433;
153 440;
153 528;
153 534;
153 537;
153 539;
153 544;
153 571;
153 660;
153 687;
153 708;
153 711;
153 715;
153 72;
153 81;
155 103;
155 114;
155 115;
155 116;
155 117;
155 118;
155 119;
155 120;
155 121;
155 124;
155 128;
155 133;
155 138;
155 139;
155 14;
155 146;
155 15;
155 153;
155 164;
155 165;
155 166;
155 167;
155 168;
155 169;
155 170;
155 171;
155 174;
155 177;
155 180;
155 199;
155 202;
155 208;
155 211;
155 215;
155 218;
155 221;
155 224;
155 227;
155 230;
155 231;
155 235;
155 240;
155 245;
155 250;
155 253;
155 256;
155 257;
155 261;
155 266;
155 271;
155 276;
155 277;
155 281;
155 286;
155 29;
155 291;
155 296;
155 299;
155 302;
155 305;
155 31;
155 317;
155 320;
155 326;
155 330;
155 334;
155 338;
155 347;
155 442;
155 465;
155 48;
155 49;
155 491;
155 493;
155 519;
155 520;
155 521;
155 522;
155 523;
155 525;
155 530;
155 546;
155 551;
155 552;
155 559;
155 566;
155 575;
155 576;
155 577;
155 578;
155 579;
155 580;
155 581;
155 582;
155 583;
155 584;
155 6;
155 607;
155 633;
155 635;
155 65;
155 662;
155 667;
155 668;
155 675;
155 68;
155 682;
155 69;
155 691;
155 692;
155 693;
155 694;
155 695;
155 696;
155 697;
155 698;
155 699;
155 700;
155 78;
155 83;
155 88;
155 89;
155 96;
156 147;
156 233;
156 239;
156 246;
156 259;
156 265;
156 272;
156 279;
156 285;
156 292;
156 367;
156 375;
156 376;
156 379;
156 381;
156 383;
156 385;
156 387;
156 389;
156 391;
156 393;
156 395;
156 397;
156 399;
156 401;
156 403;
156 405;
156 407;
156 409;
156 410;
156 413;
156 415;
156 417;
156 419;
156 42;
156 421;
156 423;
156 425;
156 427;
156 429;
156 431;
156 432;
156 434;
156 435;
156 438;
156 439;
156 464;
156 475;
156 481;
156 494;
156 518;
156 54;
156 55;
156 560;
156 57;
156 58;
156 606;
156 617;
156 62;
156 623;
156 63;
156 636;
156 676;
156 97;
163 10;
163 106;
163 107;
163 108;
163 109;
163 110;
163 111;
163 112;
163 113;
163 115;
163 116;
163 119;
163 12;
163 120;
163 123;
163 125;
163 128;
163 13;
163 130;
163 131;
163 138;
163 139;
163 14;
163 140;
163 142;
163 143;
163 149;
163 15;
163 156;
163 157;
163 158;
163 159;
163 160;
163 161;
163 162;
163 163;
163 166;
163 167;
163 169;
163 17;
163 170;
163 173;
163 174;
163 188;
163 189;
163 19;
163 192;
163 193;
163 196;
163 197;
163 20;
163 200;
163 201;
163 204;
163 210;
163 212;
163 213;
163 216;
163 217;
163 22;
163 220;
163 221;
163 224;
163 23;
163 230;
163 232;
163 233;
163 236;
163 237;
163 240;
163 241;
163 244;
163 25;
163 250;
163 252;
163 253;
163 256;
163 257;
163 26;
163 260;
163 261;
163 264;
163 270;
163 272;
163 273;
163 275;
163 276;
163 278;
163 279;
163 28;
163 282;
163 283;
163 286;
163 287;
163 290;
163 296;
163 298;
163 299;
163 30;
163 302;
163 303;
163 306;
163 307;
163 310;
163 316;
163 318;
163 319;
163 32;
163 322;
163 323;
163 326;
163 327;
163 330;
163 331;
163 334;
163 34;
163 341;
163 346;
163 347;
163 350;
163 351;
163 36;
163 37;
163 373;
163 375;
163 39;
163 41;
163 422;
163 426;
163 443;
163 444;
163 447;
163 448;
163 452;
163 453;
163 456;
163 457;
163 458;
163 463;
163 47;
163 470;
163 471;
163 475;
163 476;
163 479;
163 48;
163 480;
163 481;
163 486;
163 493;
163 494;
163 498;
163 499;
163 502;
163 503;
163 504;
163 509;
163 511;
163 514;
163 515;
163 519;
163 520;
163 523;
163 524;
163 525;
163 53;
163 530;
163 532;
163 534;
163 535;
163 54;
163 545;
163 550;
163 551;
163 555;
163 556;
163 559;
163 56;
163 560;
163 561;
163 566;
163 568;
163 57;
163 571;
163 572;
163 576;
163 577;
163 580;
163 581;
163 582;
163 587;
163 594;
163 595;
163 599;
163 6;
163 600;
163 603;
163 604;
163 605;
163 61;
163 610;
163 612;
163 615;
163 616;
163 62;
163 620;
163 621;
163 624;
163 625;
163 626;
163 631;
163 633;
163 636;
163 638;
163 64;
163 641;
163 643;
163 644;
163 651;
163 652;
163 653;
163 655;
163 656;
163 66;
163 662;
163 667;
163 668;
163 669;
163 67;
163 670;
163 671;
163 672;
163 673;
163 674;
163 675;
163 676;
163 679;
163 681;
163 684;
163 686;
163 687;
163 69;
163 694;
163 695;
163 696;
163 698;
163 699;
163 705;
163 71;
163 710;
163 711;
163 712;
163 713;
163 714;
163 715;
163 716;
163 717;
163 718;
163 719;
163 73;
163 75;
163 78;
163 80;
163 81;
163 88;
163 89;
163 90;
163 92;
163 93;
163 99;
164 145;
164 450;
164 473;
164 496;
164 517;
164 553;
164 574;
164 597;
164 618;
164 658;
164 701;
164 95;
166 12;
166 178;
166 180;
166 183;
166 185;
166 19;
166 22;
166 25;
166 28;
166 355;
166 359;
166 36;
166 363;
166 367;
166 378;
166 381;
166 383;
166 388;
166 39;
166 394;
166 400;
166 406;
166 412;
166 418;
166 423;
166 540;
166 71;
166 722;
166 724;
170 10;
170 122;
170 17;
170 20;
170 23;
170 26;
170 34;
170 360;
170 363;
170 367;
170 37;
170 385;
170 537;
170 635;
170 678;
170 69;
170 72;
171 10;
171 17;
171 20;
171 23;
171 26;
171 34;
171 361;
171 365;
171 37;
171 385;
171 422;
171 424;
171 465;
171 488;
171 537;
171 69;
172 10;
172 149;
172 17;
172 176;
172 179;
172 182;
172 195;
172 20;
172 215;
172 23;
172 235;
172 255;
172 26;
172 281;
172 301;
172 34;
172 353;
172 369;
172 37;
172 377;
172 380;
172 385;
172 422;
172 424;
172 537;
172 589;
172 662;
172 69;
172 705;
172 721;
172 99;
173 356;
173 385;
173 537;
176 100;
176 123;
176 150;
176 180;
176 183;
176 185;
176 359;
176 362;
176 366;
176 378;
176 381;
176 383;
176 388;
176 394;
176 400;
176 406;
176 412;
176 418;
176 423;
176 540;
176 636;
176 663;
176 679;
176 706;
176 722;
176 724;
176 73;
178 106;
178 107;
178 108;
178 109;
178 110;
178 111;
178 112;
178 113;
178 116;
178 119;
178 125;
178 130;
178 131;
178 138;
178 14;
178 145;
178 15;
178 156;
178 157;
178 158;
178 159;
178 160;
178 161;
178 162;
178 163;
178 166;
178 170;
178 173;
178 188;
178 192;
178 196;
178 197;
178 201;
178 206;
178 211;
178 216;
178 217;
178 221;
178 226;
178 231;
178 236;
178 237;
178 241;
178 246;
178 251;
178 256;
178 257;
178 261;
178 266;
178 271;
178 276;
178 279;
178 282;
178 283;
178 287;
178 292;
178 297;
178 30;
178 302;
178 303;
178 307;
178 312;
178 317;
178 32;
178 322;
178 326;
178 330;
178 334;
178 346;
178 350;
178 444;
178 447;
178 453;
178 456;
178 463;
178 47;
178 470;
178 476;
178 479;
178 48;
178 486;
178 493;
178 499;
178 502;
178 509;
178 511;
178 514;
178 520;
178 523;
178 530;
178 532;
178 535;
178 545;
178 550;
178 556;
178 559;
178 566;
178 568;
178 571;
178 577;
178 580;
178 587;
178 594;
178 6;
178 600;
178 603;
178 610;
178 612;
178 615;
178 621;
178 624;
178 631;
178 633;
178 638;
178 64;
178 643;
178 644;
178 651;
178 658;
178 667;
178 668;
178 669;
178 67;
178 670;
178 671;
178 672;
178 673;
178 674;
178 675;
178 676;
178 681;
178 686;
178 687;
178 694;
178 701;
178 710;
178 711;
178 712;
178 713;
178 714;
178 715;
178 716;
178 717;
178 718;
178 719;
178 75;
178 80;
178 81;
178 88;
178 95;
179 139;
179 199;
179 205;
179 212;
179 219;
179 225;
179 232;
179 239;
179 245;
179 252;
179 259;
179 265;
179 272;
179 285;
179 291;
179 298;
179 305;
179 311;
179 318;
179 341;
179 386;
179 388;
179 390;
179 392;
179 394;
179 396;
179 398;
179 400;
179 402;
179 404;
179 406;
179 408;
179 41;
179 410;
179 412;
179 414;
179 416;
179 417;
179 419;
179 420;
179 451;
179 457;
179 474;
179 480;
179 497;
179 503;
179 518;
179 524;
179 53;
179 538;
179 539;
179 54;
179 541;
179 542;
179 554;
179 56;
179 560;
179 57;
179 575;
179 581;
179 598;
179 604;
179 61;
179 619;
179 62;
179 625;
179 652;
179 695;
179 89;
186 106;
186 107;
186 108;
186 11;
186 110;
186 111;
186 117;
186 124;
186 125;
186 126;
186 127;
186 128;
186 129;
186 13;
186 130;
186 131;
186 134;
186 136;
186 139;
186 141;
186 142;
186 149;
186 15;
186 150;
186 151;
186 153;
186 154;
186 160;
186 167;
186 168;
186 169;
186 17;
186 170;
186 171;
186 172;
186 173;
186 174;
186 176;
186 177;
186 191;
186 192;
186 195;
186 196;
186 199;
186 205;
186 207;
186 208;
186 211;
186 212;
186 215;
186 216;
186 219;
186 225;
186 227;
186 228;
186 23;
186 231;
186 232;
186 235;
186 236;
186 239;
186 245;
186 247;
186 248;
186 25;
186 251;
186 252;
186 255;
186 256;
186 259;
186 26;
186 265;
186 267;
186 268;
186 270;
186 271;
186 273;
186 274;
186 277;
186 278;
186 28;
186 281;
186 282;
186 285;
186 29;
186 291;
186 293;
186 294;
186 297;
186 298;
186 301;
186 302;
186 305;
186 306;
186 309;
186 31;
186 310;
186 315;
186 317;
186 320;
186 321;
186 324;
186 325;
186 328;
186 33;
186 334;
186 335;
186 336;
186 337;
186 34;
186 340;
186 346;
186 347;
186 348;
186 349;
186 352;
186 353;
186 356;
186 357;
186 36;
186 366;
186 369;
186 372;
186 374;
186 376;
186 379;
186 38;
186 381;
186 383;
186 391;
186 40;
186 41;
186 414;
186 419;
186 424;
186 427;
186 430;
186 432;
186 435;
186 44;
186 454;
186 457;
186 459;
186 46;
186 462;
186 464;
186 465;
186 472;
186 473;
186 474;
186 476;
186 477;
186 483;
186 49;
186 493;
186 494;
186 495;
186 496;
186 497;
186 500;
186 501;
186 505;
186 506;
186 509;
186 51;
186 510;
186 511;
186 516;
186 52;
186 524;
186 544;
186 546;
186 548;
186 551;
186 554;
186 556;
186 563;
186 565;
186 568;
186 570;
186 573;
186 575;
186 576;
186 583;
186 584;
186 585;
186 587;
186 588;
186 59;
186 594;
186 60;
186 601;
186 602;
186 604;
186 605;
186 606;
186 607;
186 608;
186 61;
186 611;
186 612;
186 616;
186 617;
186 620;
186 621;
186 622;
186 627;
186 63;
186 634;
186 636;
186 639;
186 64;
186 641;
186 642;
186 649;
186 650;
186 651;
186 653;
186 654;
186 660;
186 665;
186 666;
186 667;
186 668;
186 669;
186 670;
186 671;
186 672;
186 673;
186 674;
186 677;
186 679;
186 682;
186 684;
186 685;
186 692;
186 693;
186 694;
186 696;
186 697;
186 70;
186 703;
186 708;
186 709;
186 710;
186 711;
186 712;
186 713;
186 714;
186 715;
186 716;
186 717;
186 77;
186 78;
186 79;
186 80;
186 81;
186 82;
186 83;
186 84;
186 87;
186 88;
186 91;
186 93;
186 96;
186 98;
186 99;
187 113;
187 156;
187 479;
187 503;
187 590;
187 614;
187 656;
187 66;
187 699;
189 17;
189 181;
189 184;
189 188;
189 21;
189 25;
189 28;
189 31;
189 315;
189 317;
189 361;
189 365;
189 367;
189 373;
189 377;
189 38;
189 380;
189 384;
189 388;
189 394;
189 398;
189 400;
189 403;
189 405;
189 411;
189 417;
189 423;
189 425;
189 427;
189 431;
189 435;
189 437;
189 441;
189 446;
189 449;
189 451;
189 455;
189 527;
189 530;
189 534;
189 538;
189 549;
189 556;
189 558;
189 560;
189 6;
189 722;
189 724;
193 133;
193 15;
193 23;
193 26;
193 29;
193 327;
193 339;
193 36;
193 371;
193 378;
193 385;
193 408;
193 429;
193 43;
193 438;
193 456;
193 524;
193 531;
193 534;
193 538;
193 554;
193 567;
193 633;
193 676;
193 90;
194 15;
194 23;
194 26;
194 29;
194 314;
194 36;
194 366;
194 371;
194 376;
194 378;
194 383;
194 385;
194 408;
194 424;
194 426;
194 429;
194 434;
194 438;
194 454;
194 518;
194 524;
194 532;
194 536;
194 548;
194 554;
195 117;
195 15;
195 160;
195 179;
195 182;
195 190;
195 210;
195 23;
195 230;
195 250;
195 26;
195 276;
195 29;
195 314;
195 359;
195 36;
195 366;
195 371;
195 376;
195 378;
195 383;
195 385;
195 399;
195 402;
195 408;
195 421;
195 424;
195 426;
195 429;
195 434;
195 438;
195 445;
195 448;
195 454;
195 483;
195 5;
195 524;
195 528;
195 540;
195 548;
195 554;
195 557;
195 594;
195 629;
195 660;
195 70;
195 703;
195 723;
196 18;
196 362;
196 385;
196 395;
196 408;
196 438;
196 524;
196 719;
199 118;
199 134;
199 161;
199 21;
199 315;
199 317;
199 365;
199 367;
199 377;
199 384;
199 388;
199 394;
199 398;
199 400;
199 403;
199 405;
199 411;
199 417;
199 425;
199 427;
199 435;
199 437;
199 44;
199 441;
199 446;
199 449;
199 451;
199 455;
199 457;
199 484;
199 527;
199 533;
199 537;
199 549;
199 558;
199 560;
199 568;
199 595;
199 6;
199 634;
199 661;
199 677;
199 704;
199 71;
199 722;
199 724;
199 91;
201 106;
201 11;
201 113;
201 124;
201 125;
201 126;
201 127;
201 128;
201 129;
201 13;
201 130;
201 131;
201 136;
201 141;
201 142;
201 149;
201 156;
201 167;
201 168;
201 169;
201 170;
201 171;
201 172;
201 173;
201 174;
201 177;
201 191;
201 192;
201 196;
201 201;
201 206;
201 211;
201 212;
201 216;
201 221;
201 226;
201 231;
201 232;
201 236;
201 241;
201 246;
201 251;
201 252;
201 256;
201 261;
201 266;
201 271;
201 274;
201 277;
201 278;
201 282;
201 287;
201 292;
201 297;
201 301;
201 305;
201 309;
201 320;
201 324;
201 328;
201 33;
201 337;
201 340;
201 349;
201 352;
201 356;
201 369;
201 40;
201 419;
201 459;
201 46;
201 464;
201 465;
201 472;
201 479;
201 493;
201 494;
201 495;
201 496;
201 497;
201 500;
201 506;
201 509;
201 51;
201 516;
201 52;
201 551;
201 563;
201 565;
201 570;
201 575;
201 576;
201 583;
201 59;
201 590;
201 601;
201 602;
201 604;
201 605;
201 606;
201 607;
201 608;
201 611;
201 617;
201 620;
201 627;
201 636;
201 641;
201 642;
201 649;
201 656;
201 66;
201 665;
201 666;
201 667;
201 668;
201 669;
201 670;
201 671;
201 672;
201 673;
201 674;
201 679;
201 684;
201 685;
201 692;
201 699;
201 708;
201 709;
201 710;
201 711;
201 712;
201 713;
201 714;
201 715;
201 716;
201 717;
201 730;
201 77;
201 78;
201 79;
201 80;
201 81;
201 82;
201 83;
201 84;
201 87;
201 93;
201 98;
201 99;
202 107;
202 150;
202 194;
202 200;
202 207;
202 214;
202 220;
202 227;
202 234;
202 240;
202 247;
202 254;
202 260;
202 267;
202 280;
202 286;
202 293;
202 334;
202 336;
202 346;
202 348;
202 386;
202 387;
202 389;
202 390;
202 392;
202 393;
202 409;
202 411;
202 412;
202 413;
202 415;
202 416;
202 439;
202 440;
202 442;
202 443;
202 473;
202 504;
202 510;
202 525;
202 526;
202 584;
202 60;
202 615;
202 621;
202 650;
202 693;
209 100;
209 110;
209 111;
209 113;
209 125;
209 126;
209 127;
209 128;
209 152;
209 153;
209 156;
209 157;
209 16;
209 161;
209 162;
209 165;
209 166;
209 167;
209 172;
209 174;
209 176;
209 177;
209 180;
209 181;
209 185;
209 186;
209 189;
209 190;
209 191;
209 196;
209 198;
209 217;
209 219;
209 242;
209 243;
209 244;
209 245;
209 249;
209 255;
209 261;
209 262;
209 265;
209 266;
209 269;
209 275;
209 277;
209 278;
209 281;
209 29;
209 294;
209 30;
209 300;
209 301;
209 302;
209 303;
209 306;
209 312;
209 313;
209 314;
209 315;
209 318;
209 324;
209 325;
209 326;
209 327;
209 33;
209 330;
209 336;
209 337;
209 338;
209 339;
209 342;
209 348;
209 349;
209 35;
209 350;
209 351;
209 354;
209 360;
209 361;
209 362;
209 363;
209 372;
209 376;
209 378;
209 38;
209 380;
209 386;
209 387;
209 388;
209 389;
209 392;
209 398;
209 399;
209 40;
209 400;
209 401;
209 404;
209 41;
209 410;
209 411;
209 412;
209 413;
209 415;
209 417;
209 419;
209 420;
209 422;
209 424;
209 427;
209 429;
209 430;
209 431;
209 434;
209 436;
209 437;
209 439;
209 441;
209 445;
209 446;
209 450;
209 453;
209 460;
209 462;
209 465;
209 467;
209 468;
209 475;
209 476;
209 477;
209 479;
209 48;
209 480;
209 486;
209 49;
209 498;
209 499;
209 50;
209 500;
209 504;
209 507;
209 510;
209 511;
209 514;
209 52;
209 520;
209 522;
209 523;
209 526;
209 527;
209 53;
209 530;
209 531;
209 534;
209 540;
209 542;
209 543;
209 549;
209 551;
209 554;
209 558;
209 560;
209 563;
209 565;
209 566;
209 573;
209 574;
209 575;
209 577;
209 578;
209 584;
209 589;
209 59;
209 590;
209 591;
209 592;
209 594;
209 595;
209 596;
209 597;
209 598;
209 601;
209 603;
209 606;
209 608;
209 609;
209 616;
209 617;
209 618;
209 620;
209 621;
209 627;
209 632;
209 633;
209 637;
209 638;
209 639;
209 64;
209 640;
209 641;
209 644;
209 646;
209 649;
209 65;
209 651;
209 652;
209 659;
209 66;
209 660;
209 661;
209 663;
209 664;
209 67;
209 670;
209 68;
209 682;
209 683;
209 684;
209 686;
209 69;
209 71;
209 73;
209 75;
209 76;
209 9;
209 99;
210 114;
210 159;
210 183;
210 250;
210 482;
210 55;
210 580;
210 623;
210 666;
212 203;
212 207;
212 21;
212 211;
212 24;
212 28;
212 285;
212 288;
212 292;
212 366;
212 368;
212 372;
212 378;
212 417;
212 424;
212 429;
212 437;
212 441;
212 444;
212 451;
212 454;
212 458;
212 554;
212 556;
212 6;
212 689;
212 693;
212 697;
212 703;
212 707;
212 712;
212 718;
212 722;
215 434;
215 704;
216 144;
216 204;
216 207;
216 211;
216 293;
216 305;
216 317;
216 32;
216 329;
216 341;
216 353;
216 376;
216 379;
216 391;
216 403;
216 415;
216 422;
216 427;
216 434;
216 437;
216 439;
216 459;
216 503;
216 557;
216 600;
216 643;
216 686;
216 715;
216 718;
216 722;
217 205;
217 209;
217 371;
217 376;
217 415;
217 422;
217 427;
217 435;
217 439;
217 450;
217 453;
217 553;
217 686;
217 716;
217 720;
218 144;
218 19;
218 213;
218 22;
218 221;
218 260;
218 283;
218 286;
218 365;
218 371;
218 376;
218 415;
218 422;
218 427;
218 434;
218 439;
218 442;
218 450;
218 453;
218 486;
218 5;
218 503;
218 525;
218 545;
218 553;
218 584;
218 59;
218 627;
218 670;
218 686;
218 78;
219 200;
219 455;
219 686;
219 690;
219 694;
222 203;
222 206;
222 210;
222 33;
222 366;
222 368;
222 372;
222 436;
222 451;
222 454;
222 458;
222 460;
222 487;
222 554;
222 556;
222 558;
222 585;
222 6;
222 60;
222 601;
222 628;
222 644;
222 671;
222 689;
222 693;
222 697;
222 703;
222 707;
222 712;
222 717;
222 721;
224 125;
224 127;
224 152;
224 156;
224 162;
224 165;
224 172;
224 174;
224 177;
224 180;
224 186;
224 189;
224 196;
224 198;
224 242;
224 244;
224 251;
224 255;
224 261;
224 262;
224 266;
224 271;
224 276;
224 281;
224 294;
224 30;
224 303;
224 306;
224 315;
224 318;
224 327;
224 330;
224 339;
224 342;
224 35;
224 351;
224 354;
224 363;
224 380;
224 389;
224 392;
224 40;
224 401;
224 404;
224 41;
224 413;
224 419;
224 431;
224 446;
224 462;
224 467;
224 468;
224 475;
224 48;
224 482;
224 498;
224 499;
224 500;
224 507;
224 511;
224 517;
224 521;
224 526;
224 527;
224 531;
224 536;
224 541;
224 55;
224 560;
224 565;
224 566;
224 573;
224 580;
224 589;
224 590;
224 591;
224 592;
224 594;
224 595;
224 596;
224 597;
224 598;
224 603;
224 608;
224 609;
224 616;
224 623;
224 632;
224 633;
224 637;
224 638;
224 639;
224 64;
224 640;
224 641;
224 646;
224 65;
224 651;
224 652;
224 659;
224 66;
224 666;
224 67;
224 68;
224 682;
224 683;
224 684;
224 69;
224 71;
224 73;
224 76;
224 9;
224 99;
225 109;
225 115;
225 128;
225 16;
225 160;
225 166;
225 184;
225 190;
225 241;
225 243;
225 252;
225 256;
225 264;
225 270;
225 277;
225 300;
225 302;
225 312;
225 314;
225 324;
225 326;
225 336;
225 338;
225 348;
225 350;
225 360;
225 362;
225 386;
225 388;
225 398;
225 400;
225 410;
225 412;
225 476;
225 49;
225 509;
225 518;
225 522;
225 529;
225 535;
225 542;
225 574;
225 617;
225 660;
225 687;
225 688;
225 98;
232 101;
232 102;
232 109;
232 110;
232 111;
232 113;
232 114;
232 120;
232 127;
232 128;
232 129;
232 130;
232 131;
232 132;
232 134;
232 137;
232 139;
232 142;
232 144;
232 145;
232 152;
232 153;
232 154;
232 156;
232 157;
232 163;
232 170;
232 171;
232 172;
232 173;
232 174;
232 175;
232 176;
232 177;
232 180;
232 187;
232 191;
232 192;
232 195;
232 196;
232 199;
232 205;
232 207;
232 208;
232 21;
232 211;
232 212;
232 215;
232 216;
232 219;
232 225;
232 227;
232 228;
232 231;
232 232;
232 235;
232 236;
232 239;
232 245;
232 247;
232 248;
232 251;
232 252;
232 255;
232 256;
232 259;
232 265;
232 267;
232 268;
232 284;
232 290;
232 291;
232 292;
232 293;
232 296;
232 302;
232 303;
232 304;
232 305;
232 308;
232 314;
232 315;
232 316;
232 317;
232 320;
232 326;
232 327;
232 328;
232 329;
232 332;
232 338;
232 339;
232 340;
232 341;
232 344;
232 350;
232 351;
232 352;
232 353;
232 360;
232 37;
232 375;
232 377;
232 389;
232 390;
232 394;
232 400;
232 401;
232 402;
232 403;
232 406;
232 412;
232 413;
232 414;
232 415;
232 417;
232 419;
232 420;
232 422;
232 436;
232 438;
232 440;
232 441;
232 445;
232 446;
232 450;
232 451;
232 456;
232 460;
232 462;
232 465;
232 467;
232 468;
232 475;
232 476;
232 477;
232 479;
232 480;
232 486;
232 496;
232 497;
232 498;
232 499;
232 500;
232 503;
232 504;
232 507;
232 508;
232 51;
232 511;
232 517;
232 519;
232 520;
232 523;
232 524;
232 527;
232 528;
232 53;
232 531;
232 537;
232 539;
232 540;
232 550;
232 552;
232 557;
232 559;
232 56;
232 562;
232 564;
232 565;
232 572;
232 573;
232 574;
232 576;
232 577;
232 58;
232 583;
232 588;
232 589;
232 59;
232 590;
232 591;
232 593;
232 595;
232 596;
232 597;
232 600;
232 602;
232 605;
232 607;
232 608;
232 615;
232 616;
232 617;
232 619;
232 620;
232 626;
232 631;
232 632;
232 633;
232 634;
232 636;
232 637;
232 638;
232 639;
232 640;
232 643;
232 645;
232 648;
232 650;
232 651;
232 658;
232 659;
232 66;
232 660;
232 662;
232 663;
232 669;
232 67;
232 674;
232 675;
232 679;
232 68;
232 680;
232 681;
232 682;
232 683;
232 686;
232 688;
232 690;
232 692;
232 697;
232 70;
232 71;
232 713;
232 77;
232 82;
232 83;
232 84;
232 85;
232 86;
232 87;
232 89;
232 91;
232 94;
232 96;
232 99;
233 116;
233 159;
233 391;
233 482;
233 579;
233 622;
233 665;
233 73;
235 11;
235 13;
235 16;
235 18;
235 273;
235 275;
235 278;
235 280;
235 365;
235 368;
235 372;
235 377;
235 419;
235 42;
235 422;
235 427;
235 435;
235 438;
235 45;
235 455;
235 457;
235 49;
235 545;
235 687;
235 692;
235 694;
235 7;
235 718;
235 721;
235 725;
238 423;
238 429;
239 136;
239 283;
239 295;
239 307;
239 319;
239 331;
239 343;
239 375;
239 393;
239 405;
239 417;
239 420;
239 423;
239 429;
239 436;
239 459;
239 50;
239 556;
239 599;
239 642;
239 685;
239 690;
239 93;
240 375;
240 417;
240 420;
240 423;
240 429;
240 436;
240 456;
240 685;
240 690;
241 12;
241 120;
241 15;
241 163;
241 190;
241 210;
241 230;
241 250;
241 27;
241 274;
241 277;
241 363;
241 366;
241 375;
241 378;
241 40;
241 417;
241 420;
241 423;
241 43;
241 430;
241 436;
241 453;
241 456;
241 486;
241 5;
241 502;
241 522;
241 546;
241 583;
241 626;
241 669;
241 685;
241 690;
241 693;
241 703;
241 716;
241 719;
241 77;
242 270;
242 423;
242 542;
242 8;
245 11;
245 121;
245 13;
245 137;
245 16;
245 164;
245 18;
245 273;
245 275;
245 278;
245 280;
245 457;
245 460;
245 487;
245 51;
245 545;
245 557;
245 584;
245 600;
245 627;
245 643;
245 670;
245 694;
245 78;
245 94;
247 101;
247 102;
247 109;
247 116;
247 127;
247 128;
247 129;
247 130;
247 131;
247 132;
247 134;
247 139;
247 144;
247 145;
247 152;
247 159;
247 170;
247 171;
247 172;
247 173;
247 174;
247 175;
247 176;
247 177;
247 180;
247 191;
247 192;
247 196;
247 201;
247 206;
247 21;
247 211;
247 212;
247 216;
247 221;
247 226;
247 231;
247 232;
247 236;
247 241;
247 246;
247 251;
247 252;
247 256;
247 261;
247 266;
247 284;
247 293;
247 296;
247 305;
247 308;
247 317;
247 320;
247 329;
247 332;
247 341;
247 344;
247 353;
247 394;
247 403;
247 406;
247 415;
247 440;
247 445;
247 451;
247 462;
247 467;
247 468;
247 475;
247 482;
247 496;
247 497;
247 498;
247 499;
247 500;
247 503;
247 504;
247 508;
247 513;
247 518;
247 523;
247 524;
247 528;
247 53;
247 533;
247 538;
247 559;
247 564;
247 565;
247 572;
247 579;
247 58;
247 588;
247 589;
247 59;
247 590;
247 591;
247 593;
247 595;
247 596;
247 597;
247 602;
247 607;
247 608;
247 615;
247 622;
247 631;
247 632;
247 633;
247 634;
247 636;
247 637;
247 638;
247 639;
247 640;
247 645;
247 650;
247 651;
247 658;
247 66;
247 665;
247 674;
247 675;
247 679;
247 680;
247 681;
247 682;
247 683;
247 697;
247 73;
247 82;
247 83;
247 84;
247 85;
247 86;
247 87;
247 89;
247 91;
247 96;
248 110;
248 153;
248 187;
248 194;
248 200;
248 207;
248 214;
248 220;
248 227;
248 234;
248 240;
248 247;
248 254;
248 260;
248 267;
248 290;
248 292;
248 302;
248 304;
248 314;
248 316;
248 326;
248 328;
248 338;
248 340;
248 350;
248 352;
248 360;
248 37;
248 388;
248 391;
248 400;
248 402;
248 412;
248 414;
248 424;
248 425;
248 427;
248 428;
248 429;
248 432;
248 433;
248 434;
248 476;
248 506;
248 512;
248 519;
248 526;
248 532;
248 539;
248 573;
248 616;
248 659;
248 67;
248 713;
255 100;
255 103;
255 104;
255 105;
255 110;
255 112;
255 115;
255 116;
255 120;
255 121;
255 124;
255 125;
255 126;
255 131;
255 133;
255 136;
255 138;
255 141;
255 143;
255 144;
255 151;
255 152;
255 153;
255 155;
255 156;
255 162;
255 169;
255 170;
255 171;
255 172;
255 173;
255 174;
255 175;
255 176;
255 179;
255 18;
255 181;
255 184;
255 186;
255 187;
255 194;
255 195;
255 196;
255 198;
255 199;
255 20;
255 205;
255 212;
255 213;
255 214;
255 215;
255 216;
255 217;
255 218;
255 219;
255 22;
255 231;
255 232;
255 235;
255 236;
255 239;
255 24;
255 245;
255 247;
255 248;
255 251;
255 252;
255 255;
255 256;
255 259;
255 265;
255 267;
255 268;
255 271;
255 287;
255 291;
255 297;
255 298;
255 299;
255 300;
255 303;
255 309;
255 310;
255 311;
255 312;
255 335;
255 336;
255 342;
255 343;
255 349;
255 350;
255 354;
255 360;
255 361;
255 362;
255 363;
255 376;
255 377;
255 401;
255 402;
255 408;
255 409;
255 415;
255 416;
255 420;
255 426;
255 427;
255 428;
255 429;
255 442;
255 443;
255 456;
255 458;
255 459;
255 460;
255 462;
255 47;
255 470;
255 472;
255 476;
255 478;
255 48;
255 480;
255 482;
255 485;
255 491;
255 499;
255 501;
255 504;
255 506;
255 509;
255 51;
255 511;
255 53;
255 534;
255 535;
255 536;
255 537;
255 541;
255 547;
255 553;
255 554;
255 557;
255 558;
255 56;
255 561;
255 567;
255 569;
255 570;
255 573;
255 575;
255 578;
255 58;
255 580;
255 583;
255 585;
255 586;
255 59;
255 593;
255 594;
255 595;
255 597;
255 598;
255 604;
255 609;
255 610;
255 611;
255 612;
255 614;
255 616;
255 617;
255 618;
255 621;
255 623;
255 626;
255 628;
255 629;
255 636;
255 637;
255 638;
255 640;
255 641;
255 647;
255 657;
255 658;
255 659;
255 66;
255 660;
255 661;
255 664;
255 666;
255 669;
255 67;
255 671;
255 672;
255 679;
255 68;
255 680;
255 681;
255 683;
255 684;
255 690;
255 70;
255 702;
255 703;
255 704;
255 707;
255 71;
255 723;
255 77;
255 84;
255 85;
255 86;
255 87;
255 88;
255 89;
255 90;
255 91;
255 94;
255 95;
255 99;
256 118;
256 158;
256 201;
256 378;
256 444;
256 542;
256 600;
256 643;
256 686;
256 73;
256 97;
258 12;
258 223;
258 227;
258 24;
258 28;
258 34;
258 38;
258 43;
258 447;
258 450;
258 452;
258 458;
258 465;
258 478;
258 481;
258 485;
258 489;
258 494;
258 497;
258 8;
261 35;
262 12;
262 135;
262 178;
262 22;
262 290;
262 302;
262 353;
262 419;
262 456;
262 462;
262 476;
262 479;
262 491;
262 5;
262 50;
262 577;
262 620;
262 663;
262 8;
263 10;
263 22;
263 456;
263 462;
263 476;
263 479;
263 491;
263 6;
264 14;
264 162;
264 205;
264 22;
264 221;
264 230;
264 250;
264 277;
264 314;
264 365;
264 380;
264 431;
264 446;
264 449;
264 456;
264 462;
264 466;
264 476;
264 479;
264 491;
264 495;
264 513;
264 552;
264 604;
264 647;
264 690;
264 713;
264 77;
265 224;
265 25;
265 462;
265 486;
265 491;
268 11;
268 136;
268 163;
268 179;
268 206;
268 227;
268 28;
268 34;
268 38;
268 43;
268 447;
268 450;
268 452;
268 465;
268 489;
268 494;
268 51;
268 578;
268 605;
268 621;
268 648;
268 664;
268 691;
268 7;
268 78;
270 100;
270 103;
270 110;
270 112;
270 115;
270 121;
270 124;
270 131;
270 133;
270 138;
270 143;
270 144;
270 151;
270 158;
270 169;
270 170;
270 171;
270 172;
270 173;
270 174;
270 175;
270 176;
270 181;
270 186;
270 187;
270 194;
270 201;
270 212;
270 213;
270 214;
270 215;
270 216;
270 217;
270 218;
270 219;
270 231;
270 232;
270 236;
270 241;
270 246;
270 251;
270 252;
270 256;
270 261;
270 266;
270 271;
270 291;
270 300;
270 303;
270 312;
270 335;
270 343;
270 349;
270 354;
270 363;
270 401;
270 409;
270 415;
270 420;
270 429;
270 460;
270 48;
270 499;
270 501;
270 504;
270 506;
270 509;
270 511;
270 53;
270 534;
270 536;
270 543;
270 547;
270 553;
270 554;
270 558;
270 563;
270 568;
270 573;
270 575;
270 58;
270 580;
270 585;
270 586;
270 59;
270 593;
270 600;
270 609;
270 610;
270 611;
270 612;
270 614;
270 616;
270 617;
270 618;
270 623;
270 628;
270 629;
270 636;
270 643;
270 657;
270 658;
270 659;
270 66;
270 660;
270 661;
270 666;
270 671;
270 672;
270 679;
270 686;
270 702;
270 703;
270 704;
270 707;
270 73;
270 84;
270 85;
270 86;
270 87;
270 88;
270 89;
270 90;
270 91;
270 94;
271 104;
271 119;
271 125;
271 152;
271 195;
271 234;
271 240;
271 247;
271 254;
271 260;
271 267;
271 287;
271 297;
271 299;
271 309;
271 311;
271 334;
271 342;
271 350;
271 360;
271 362;
271 375;
271 378;
271 400;
271 408;
271 416;
271 426;
271 428;
271 441;
271 444;
271 463;
271 464;
271 492;
271 493;
271 533;
271 535;
271 544;
271 548;
271 556;
271 562;
271 569;
271 594;
271 637;
271 67;
271 680;
271 723;
271 98;
278 101;
278 102;
278 109;
278 11;
278 110;
278 111;
278 113;
278 114;
278 120;
278 127;
278 128;
278 129;
278 130;
278 131;
278 132;
278 133;
278 134;
278 137;
278 139;
278 142;
278 144;
278 145;
278 152;
278 153;
278 154;
278 156;
278 157;
278 163;
278 170;
278 171;
278 172;
278 173;
278 174;
278 175;
278 176;
278 177;
278 186;
278 188;
278 198;
278 199;
278 202;
278 205;
278 206;
278 208;
278 209;
278 212;
278 213;
278 216;
278 217;
278 22;
278 220;
278 226;
278 228;
278 229;
278 23;
278 232;
278 233;
278 236;
278 237;
278 24;
278 240;
278 246;
278 248;
278 249;
278 252;
278 253;
278 256;
278 257;
278 262;
278 263;
278 278;
278 280;
278 284;
278 290;
278 291;
278 292;
278 293;
278 296;
278 302;
278 303;
278 304;
278 305;
278 308;
278 314;
278 315;
278 316;
278 317;
278 320;
278 326;
278 327;
278 328;
278 329;
278 332;
278 338;
278 339;
278 34;
278 340;
278 341;
278 344;
278 350;
278 351;
278 352;
278 353;
278 36;
278 376;
278 377;
278 38;
278 381;
278 387;
278 388;
278 389;
278 390;
278 393;
278 399;
278 400;
278 401;
278 402;
278 405;
278 411;
278 412;
278 413;
278 414;
278 417;
278 423;
278 426;
278 427;
278 430;
278 436;
278 437;
278 438;
278 439;
278 448;
278 449;
278 45;
278 459;
278 484;
278 491;
278 493;
278 495;
278 498;
278 500;
278 503;
278 504;
278 507;
278 508;
278 51;
278 511;
278 517;
278 519;
278 520;
278 523;
278 524;
278 527;
278 528;
278 53;
278 531;
278 537;
278 539;
278 540;
278 543;
278 545;
278 548;
278 550;
278 553;
278 554;
278 557;
278 558;
278 56;
278 561;
278 567;
278 569;
278 570;
278 573;
278 575;
278 577;
278 58;
278 582;
278 59;
278 594;
278 595;
278 597;
278 599;
278 602;
278 604;
278 607;
278 609;
278 610;
278 617;
278 618;
278 619;
278 621;
278 622;
278 628;
278 640;
278 641;
278 642;
278 645;
278 647;
278 650;
278 652;
278 653;
278 66;
278 660;
278 661;
278 662;
278 664;
278 665;
278 67;
278 671;
278 68;
278 681;
278 682;
278 683;
278 684;
278 685;
278 690;
278 70;
278 71;
278 720;
278 722;
278 77;
278 84;
278 85;
278 86;
278 87;
278 88;
278 89;
278 9;
278 91;
278 94;
278 96;
278 99;
279 116;
279 159;
279 378;
279 424;
279 624;
279 667;
279 73;
281 14;
281 17;
281 181;
281 19;
281 191;
281 194;
281 196;
281 268;
281 272;
281 28;
281 32;
281 358;
281 36;
281 364;
281 444;
281 453;
281 457;
281 459;
281 461;
281 466;
281 474;
281 489;
281 493;
281 495;
281 574;
281 580;
281 598;
281 600;
281 690;
281 695;
281 699;
281 704;
281 710;
281 714;
284 462;
284 468;
284 476;
284 696;
285 136;
285 265;
285 268;
285 272;
285 283;
285 295;
285 307;
285 319;
285 331;
285 34;
285 343;
285 380;
285 392;
285 404;
285 416;
285 429;
285 462;
285 468;
285 476;
285 491;
285 50;
285 572;
285 577;
285 601;
285 644;
285 707;
285 710;
285 714;
285 93;
286 266;
286 270;
286 34;
286 458;
286 462;
286 468;
286 476;
286 491;
286 494;
286 572;
286 577;
286 597;
286 599;
286 689;
286 708;
286 712;
287 120;
287 13;
287 16;
287 163;
287 179;
287 182;
287 190;
287 193;
287 211;
287 231;
287 26;
287 274;
287 34;
287 365;
287 451;
287 458;
287 462;
287 469;
287 477;
287 487;
287 491;
287 494;
287 5;
287 502;
287 522;
287 552;
287 572;
287 577;
287 588;
287 597;
287 599;
287 628;
287 671;
287 689;
287 716;
287 77;
288 29;
288 355;
288 441;
288 462;
288 577;
288 692;
291 121;
291 137;
291 14;
291 164;
291 17;
291 19;
291 191;
291 194;
291 196;
291 267;
291 271;
291 32;
291 358;
291 364;
291 444;
291 459;
291 461;
291 495;
291 51;
291 580;
291 598;
291 600;
291 602;
291 629;
291 645;
291 672;
291 690;
291 695;
291 699;
291 704;
291 709;
291 713;
291 78;
291 94;
293 101;
293 102;
293 109;
293 116;
293 127;
293 128;
293 129;
293 130;
293 131;
293 132;
293 133;
293 134;
293 139;
293 144;
293 145;
293 152;
293 159;
293 170;
293 171;
293 172;
293 173;
293 174;
293 175;
293 176;
293 177;
293 199;
293 202;
293 205;
293 209;
293 212;
293 213;
293 217;
293 222;
293 227;
293 23;
293 232;
293 233;
293 237;
293 24;
293 242;
293 247;
293 252;
293 253;
293 256;
293 257;
293 262;
293 263;
293 284;
293 293;
293 296;
293 305;
293 308;
293 317;
293 320;
293 329;
293 332;
293 341;
293 344;
293 353;
293 38;
293 381;
293 390;
293 393;
293 402;
293 405;
293 414;
293 417;
293 430;
293 439;
293 448;
293 498;
293 500;
293 503;
293 504;
293 508;
293 513;
293 518;
293 523;
293 524;
293 528;
293 53;
293 533;
293 538;
293 543;
293 545;
293 548;
293 550;
293 553;
293 554;
293 558;
293 563;
293 568;
293 58;
293 582;
293 59;
293 594;
293 604;
293 609;
293 610;
293 617;
293 624;
293 640;
293 641;
293 642;
293 647;
293 652;
293 653;
293 66;
293 660;
293 667;
293 681;
293 682;
293 683;
293 684;
293 685;
293 73;
293 84;
293 85;
293 86;
293 87;
293 88;
293 89;
293 91;
293 96;
294 110;
294 153;
294 215;
294 221;
294 228;
294 235;
294 241;
294 248;
294 290;
294 292;
294 302;
294 304;
294 314;
294 316;
294 326;
294 328;
294 338;
294 340;
294 350;
294 352;
294 375;
294 378;
294 387;
294 389;
294 399;
294 401;
294 411;
294 413;
294 424;
294 426;
294 436;
294 438;
294 45;
294 463;
294 464;
294 466;
294 467;
294 468;
294 471;
294 472;
294 474;
294 475;
294 476;
294 484;
294 506;
294 512;
294 519;
294 526;
294 532;
294 539;
294 556;
294 562;
294 569;
294 578;
294 579;
294 618;
294 661;
294 67;
297 0;
298 0;
299 0;
300 0;
301 0;
301 11;
301 13;
301 145;
301 146;
301 150;
301 152;
301 154;
301 155;
301 156;
301 158;
301 159;
301 16;
301 160;
301 163;
301 165;
301 166;
301 168;
301 169;
301 171;
301 173;
301 174;
301 176;
301 177;
301 179;
301 180;
301 182;
301 184;
301 185;
301 186;
301 188;
301 191;
301 192;
301 195;
301 196;
301 199;
301 20;
301 205;
301 207;
301 208;
301 21;
301 211;
301 212;
301 215;
301 216;
301 219;
301 225;
301 227;
301 228;
301 231;
301 232;
301 235;
301 236;
301 239;
301 245;
301 247;
301 248;
301 25;
301 251;
301 252;
301 255;
301 256;
301 259;
301 265;
301 267;
301 268;
301 273;
301 276;
301 281;
301 283;
301 285;
301 297;
301 299;
301 300;
301 302;
301 303;
301 305;
301 306;
301 308;
301 31;
301 316;
301 322;
301 323;
301 324;
301 325;
301 335;
301 337;
301 341;
301 347;
301 350;
301 351;
301 354;
301 360;
301 361;
301 362;
301 363;
301 367;
301 373;
301 374;
301 375;
301 376;
301 380;
301 386;
301 387;
301 388;
301 389;
301 392;
301 393;
301 403;
301 406;
301 410;
301 412;
301 413;
301 415;
301 417;
301 428;
301 429;
301 434;
301 436;
301 438;
301 440;
301 446;
301 46;
301 464;
301 468;
301 469;
301 474;
301 476;
301 478;
301 48;
301 480;
301 482;
301 484;
301 488;
301 490;
301 493;
301 494;
301 497;
301 498;
301 501;
301 507;
301 509;
301 510;
301 513;
301 514;
301 517;
301 518;
301 521;
301 527;
301 529;
301 530;
301 533;
301 534;
301 537;
301 538;
301 54;
301 541;
301 547;
301 549;
301 550;
301 553;
301 555;
301 565;
301 570;
301 577;
301 582;
301 584;
301 588;
301 589;
301 594;
301 600;
301 601;
301 602;
301 603;
301 607;
301 613;
301 614;
301 615;
301 616;
301 620;
301 626;
301 627;
301 628;
301 629;
301 633;
301 635;
301 644;
301 646;
301 685;
301 693;
301 711;
301 713;
301 715;
301 722;
301 73;
302 0;
302 338;
302 348;
303 0;
304 0;
304 102;
304 11;
304 110;
304 118;
304 126;
304 13;
304 134;
304 142;
304 150;
304 152;
304 16;
304 165;
304 168;
304 170;
304 173;
304 176;
304 179;
304 181;
304 189;
304 25;
304 27;
304 272;
304 274;
304 281;
304 283;
304 285;
304 288;
304 293;
304 299;
304 302;
304 305;
304 308;
304 31;
304 312;
304 36;
304 397;
304 40;
304 401;
304 403;
304 412;
304 415;
304 420;
304 422;
304 424;
304 440;
304 443;
304 474;
304 476;
304 478;
304 480;
304 482;
304 484;
304 486;
304 559;
304 563;
304 568;
304 583;
304 639;
304 651;
304 657;
304 663;
304 669;
304 675;
304 681;
304 686;
304 690;
304 696;
304 7;
304 700;
304 706;
304 711;
304 713;
304 715;
304 94;
305 0;
306 0;
307 0;
307 104;
307 112;
307 120;
307 128;
307 136;
307 416;
307 564;
307 90;
307 96;
308 0;
308 104;
308 112;
308 120;
308 128;
308 136;
308 163;
308 166;
308 171;
308 174;
308 177;
308 184;
308 210;
308 230;
308 290;
308 297;
308 300;
308 303;
308 306;
308 315;
308 327;
308 33;
308 340;
308 353;
308 36;
308 366;
308 379;
308 40;
308 410;
308 413;
308 416;
308 438;
308 564;
308 581;
308 593;
308 606;
308 619;
308 648;
308 687;
308 697;
308 90;
308 96;
309 0;
309 10;
309 104;
309 112;
309 120;
309 128;
309 136;
309 149;
309 15;
309 163;
309 166;
309 169;
309 171;
309 174;
309 177;
309 180;
309 188;
309 24;
309 273;
309 280;
309 290;
309 297;
309 30;
309 300;
309 303;
309 306;
309 34;
309 38;
309 402;
309 410;
309 413;
309 416;
309 438;
309 444;
309 473;
309 52;
309 564;
309 581;
309 648;
309 685;
309 687;
309 697;
309 71;
309 710;
309 90;
309 96;
310 0;
310 10;
310 105;
310 113;
310 121;
310 129;
310 137;
310 149;
310 15;
310 163;
310 166;
310 169;
310 171;
310 174;
310 177;
310 180;
310 183;
310 188;
310 190;
310 210;
310 230;
310 24;
310 250;
310 270;
310 273;
310 280;
310 287;
310 290;
310 297;
310 30;
310 300;
310 303;
310 306;
310 327;
310 395;
310 402;
310 410;
310 413;
310 416;
310 42;
310 421;
310 438;
310 441;
310 444;
310 473;
310 492;
310 5;
310 512;
310 52;
310 532;
310 557;
310 564;
310 581;
310 637;
310 640;
310 648;
310 685;
310 687;
310 697;
310 71;
310 710;
310 90;
310 97;
311 0;
311 139;
311 290;
311 309;
311 398;
311 416;
311 560;
311 564;
311 648;
311 687;
311 697;
311 90;
312 0;
313 0;
314 0;
314 11;
314 13;
314 142;
314 150;
314 152;
314 16;
314 170;
314 181;
314 186;
314 189;
314 25;
314 27;
314 274;
314 281;
314 283;
314 285;
314 288;
314 293;
314 31;
314 312;
314 35;
314 39;
314 401;
314 403;
314 422;
314 424;
314 474;
314 476;
314 478;
314 480;
314 482;
314 484;
314 486;
314 563;
314 651;
314 657;
314 663;
314 669;
314 675;
314 681;
314 686;
314 690;
314 696;
314 700;
314 706;
314 711;
314 713;
314 715;
315 0;
316 0;
316 146;
316 155;
316 156;
316 159;
316 191;
316 192;
316 196;
316 20;
316 201;
316 206;
316 213;
316 216;
316 221;
316 226;
316 233;
316 236;
316 241;
316 246;
316 251;
316 252;
316 256;
316 261;
316 266;
316 276;
316 316;
316 325;
316 341;
316 354;
316 363;
316 367;
316 376;
316 380;
316 389;
316 393;
316 406;
316 428;
316 434;
316 436;
316 464;
316 468;
316 488;
316 490;
316 493;
316 494;
316 498;
316 503;
316 508;
316 513;
316 514;
316 518;
316 523;
316 528;
316 533;
316 534;
316 538;
316 543;
316 548;
316 553;
316 555;
316 570;
316 588;
316 594;
316 603;
316 607;
316 616;
316 620;
316 629;
316 633;
316 635;
317 0;
317 100;
317 102;
317 104;
317 108;
317 110;
317 112;
317 116;
317 118;
317 120;
317 124;
317 126;
317 128;
317 132;
317 134;
317 136;
317 160;
317 194;
317 200;
317 207;
317 214;
317 222;
317 227;
317 234;
317 242;
317 247;
317 254;
317 260;
317 267;
317 291;
317 292;
317 294;
317 295;
317 322;
317 324;
317 338;
317 348;
317 350;
317 360;
317 362;
317 373;
317 375;
317 386;
317 388;
317 418;
317 419;
317 496;
317 502;
317 509;
317 516;
317 522;
317 529;
317 536;
317 542;
317 549;
317 566;
317 567;
317 577;
317 600;
317 602;
317 613;
317 615;
317 626;
317 628;
317 649;
317 651;
317 653;
317 655;
317 657;
317 659;
317 661;
317 663;
317 665;
317 667;
317 669;
317 671;
317 673;
317 675;
317 677;
317 679;
317 680;
317 682;
317 683;
317 688;
317 690;
317 691;
317 692;
317 694;
317 695;
317 698;
317 700;
317 702;
317 704;
317 706;
317 708;
317 722;
317 92;
317 94;
317 96;
318 0;
319 0;
320 0;
321 0;
322 0;
323 0;
324 0;
324 10;
324 111;
324 114;
324 115;
324 119;
324 12;
324 125;
324 13;
324 131;
324 132;
324 135;
324 137;
324 139;
324 141;
324 143;
324 144;
324 146;
324 147;
324 149;
324 15;
324 150;
324 151;
324 153;
324 154;
324 159;
324 161;
324 162;
324 164;
324 167;
324 169;
324 170;
324 171;
324 176;
324 177;
324 18;
324 180;
324 182;
324 184;
324 186;
324 187;
324 189;
324 190;
324 191;
324 193;
324 195;
324 199;
324 20;
324 201;
324 202;
324 204;
324 206;
324 207;
324 209;
324 21;
324 211;
324 215;
324 216;
324 218;
324 219;
324 221;
324 223;
324 224;
324 225;
324 228;
324 229;
324 23;
324 236;
324 238;
324 239;
324 242;
324 248;
324 250;
324 251;
324 256;
324 257;
324 259;
324 26;
324 260;
324 261;
324 266;
324 267;
324 273;
324 275;
324 278;
324 28;
324 280;
324 282;
324 284;
324 286;
324 29;
324 31;
324 32;
324 320;
324 322;
324 324;
324 326;
324 34;
324 354;
324 357;
324 361;
324 396;
324 398;
324 400;
324 402;
324 418;
324 42;
324 420;
324 422;
324 423;
324 425;
324 431;
324 44;
324 451;
324 453;
324 455;
324 460;
324 462;
324 47;
324 470;
324 471;
324 474;
324 475;
324 478;
324 484;
324 486;
324 487;
324 49;
324 51;
324 510;
324 511;
324 512;
324 513;
324 517;
324 523;
324 529;
324 53;
324 530;
324 533;
324 534;
324 537;
324 543;
324 545;
324 546;
324 548;
324 550;
324 552;
324 564;
324 566;
324 568;
324 572;
324 577;
324 58;
324 6;
324 614;
324 615;
324 621;
324 622;
324 628;
324 629;
324 643;
324 646;
324 658;
324 664;
324 674;
324 678;
324 680;
324 683;
324 685;
324 688;
324 692;
324 694;
324 697;
324 699;
324 701;
324 703;
324 705;
324 707;
324 709;
324 711;
324 714;
324 79;
324 81;
324 82;
324 83;
324 85;
324 93;
325 0;
325 518;
326 0;
327 0;
327 119;
327 12;
327 121;
327 125;
327 127;
327 136;
327 138;
327 140;
327 143;
327 146;
327 15;
327 158;
327 161;
327 164;
327 175;
327 181;
327 183;
327 195;
327 198;
327 20;
327 201;
327 203;
327 206;
327 209;
327 23;
327 278;
327 28;
327 280;
327 282;
327 284;
327 286;
327 291;
327 295;
327 303;
327 31;
327 311;
327 316;
327 322;
327 324;
327 326;
327 331;
327 336;
327 34;
327 344;
327 352;
327 354;
327 357;
327 359;
327 365;
327 368;
327 37;
327 372;
327 378;
327 386;
327 388;
327 391;
327 393;
327 396;
327 398;
327 400;
327 402;
327 408;
327 415;
327 419;
327 422;
327 425;
327 440;
327 446;
327 448;
327 455;
327 465;
327 47;
327 49;
327 52;
327 54;
327 550;
327 555;
327 558;
327 562;
327 566;
327 571;
327 575;
327 582;
327 587;
327 589;
327 634;
327 638;
327 640;
327 643;
327 646;
327 652;
327 658;
327 664;
327 678;
327 680;
327 683;
327 685;
327 688;
327 690;
327 692;
327 694;
327 698;
327 702;
327 706;
327 710;
327 714;
327 716;
327 78;
327 86;
327 89;
328 0;
329 0;
330 0;
330 184;
330 299;
330 305;
330 308;
330 332;
330 338;
330 346;
330 374;
330 380;
330 404;
330 410;
330 436;
330 442;
330 551;
330 567;
330 648;
330 654;
330 660;
330 666;
331 0;
331 10;
331 13;
331 141;
331 144;
331 147;
331 159;
331 162;
331 169;
331 18;
331 184;
331 187;
331 193;
331 199;
331 204;
331 207;
331 21;
331 221;
331 231;
331 26;
331 288;
331 29;
331 291;
331 295;
331 299;
331 305;
331 32;
331 320;
331 332;
331 338;
331 346;
331 374;
331 380;
331 404;
331 410;
331 420;
331 423;
331 436;
331 442;
331 453;
331 548;
331 551;
331 564;
331 567;
331 572;
331 579;
331 648;
331 654;
331 660;
331 666;
331 696;
331 79;
332 0;
332 10;
332 118;
332 124;
332 13;
332 135;
332 137;
332 139;
332 141;
332 144;
332 159;
332 162;
332 18;
332 180;
332 182;
332 185;
332 193;
332 199;
332 202;
332 204;
332 207;
332 21;
332 26;
332 277;
332 289;
332 29;
332 293;
332 299;
332 305;
332 32;
332 320;
332 323;
332 332;
332 338;
332 346;
332 353;
332 356;
332 374;
332 380;
332 395;
332 404;
332 410;
332 418;
332 420;
332 423;
332 436;
332 442;
332 453;
332 46;
332 51;
332 53;
332 548;
332 551;
332 56;
332 564;
332 567;
332 572;
332 579;
332 642;
332 645;
332 648;
332 654;
332 657;
332 660;
332 666;
332 677;
332 682;
332 687;
332 691;
332 696;
332 713;
332 85;
332 91;
333 0;
333 10;
333 118;
333 124;
333 13;
333 135;
333 137;
333 139;
333 141;
333 144;
333 149;
333 156;
333 159;
333 162;
333 168;
333 173;
333 18;
333 180;
333 182;
333 184;
333 189;
333 193;
333 196;
333 199;
333 202;
333 204;
333 207;
333 21;
333 223;
333 231;
333 26;
333 269;
333 277;
333 29;
333 299;
333 306;
333 32;
333 320;
333 323;
333 332;
333 339;
333 347;
333 35;
333 353;
333 356;
333 363;
333 366;
333 374;
333 38;
333 381;
333 387;
333 390;
333 395;
333 404;
333 411;
333 413;
333 418;
333 420;
333 423;
333 436;
333 443;
333 445;
333 453;
333 456;
333 46;
333 464;
333 469;
333 489;
333 51;
333 528;
333 53;
333 548;
333 551;
333 556;
333 56;
333 564;
333 567;
333 572;
333 579;
333 586;
333 593;
333 632;
333 639;
333 642;
333 645;
333 648;
333 655;
333 657;
333 660;
333 667;
333 677;
333 682;
333 687;
333 691;
333 696;
333 713;
333 721;
333 81;
333 85;
333 87;
333 91;
334 0;
334 299;
334 328;
334 332;
334 374;
334 383;
334 404;
334 436;
334 551;
334 559;
334 567;
334 572;
334 579;
334 635;
334 648;
334 660;
334 75;
335 0;
336 0;
337 0;
337 119;
337 121;
337 125;
337 127;
337 136;
337 138;
337 140;
337 171;
337 181;
337 183;
337 186;
337 203;
337 278;
337 280;
337 282;
337 284;
337 286;
337 290;
337 294;
337 311;
337 316;
337 324;
337 326;
337 331;
337 354;
337 357;
337 359;
337 386;
337 388;
337 391;
337 393;
337 396;
337 398;
337 400;
337 402;
337 419;
337 446;
337 448;
337 465;
337 47;
337 49;
337 52;
337 54;
337 562;
337 575;
337 582;
337 587;
337 589;
337 638;
337 640;
337 643;
337 646;
337 658;
337 678;
337 680;
337 683;
337 685;
337 688;
337 690;
337 692;
337 694;
337 714;
337 716;
337 78;
337 86;
338 0;
339 0;
339 111;
339 114;
339 131;
339 132;
339 154;
339 177;
339 211;
339 216;
339 219;
339 228;
339 236;
339 239;
339 245;
339 249;
339 256;
339 260;
339 266;
339 267;
339 361;
339 451;
339 470;
339 471;
339 475;
339 480;
339 485;
339 510;
339 512;
339 519;
339 523;
339 529;
339 530;
339 534;
339 539;
339 544;
339 577;
339 6;
339 614;
339 622;
339 628;
340 0;
340 237;
340 246;
340 250;
340 261;
340 300;
340 301;
340 303;
340 304;
340 305;
340 333;
340 334;
340 336;
340 337;
340 341;
340 342;
340 344;
340 346;
340 350;
340 351;
340 375;
340 376;
340 378;
340 379;
340 380;
340 405;
340 406;
340 408;
340 409;
340 410;
340 431;
340 437;
340 438;
340 440;
340 441;
340 442;
340 473;
340 479;
340 486;
340 509;
340 511;
340 520;
340 524;
340 532;
340 538;
340 545;
340 553;
340 554;
340 569;
340 570;
340 573;
340 574;
340 580;
340 581;
340 583;
340 584;
340 613;
340 621;
340 629;
340 649;
340 650;
340 652;
340 653;
340 654;
340 661;
340 662;
340 664;
340 666;
340 674;
341 0;
342 0;
343 0;
344 0;
345 0;
346 0;
347 0;
347 10;
347 101;
347 102;
347 103;
347 106;
347 108;
347 110;
347 113;
347 117;
347 119;
347 12;
347 121;
347 123;
347 125;
347 127;
347 13;
347 130;
347 138;
347 140;
347 142;
347 144;
347 145;
347 146;
347 148;
347 15;
347 150;
347 152;
347 153;
347 155;
347 159;
347 162;
347 164;
347 166;
347 167;
347 169;
347 170;
347 172;
347 173;
347 174;
347 176;
347 18;
347 186;
347 188;
347 191;
347 193;
347 194;
347 195;
347 197;
347 199;
347 20;
347 200;
347 201;
347 203;
347 205;
347 21;
347 215;
347 217;
347 218;
347 219;
347 221;
347 223;
347 224;
347 226;
347 227;
347 229;
347 23;
347 230;
347 231;
347 233;
347 239;
347 24;
347 241;
347 243;
347 244;
347 246;
347 247;
347 249;
347 250;
347 252;
347 253;
347 254;
347 256;
347 258;
347 26;
347 269;
347 27;
347 273;
347 275;
347 278;
347 279;
347 280;
347 282;
347 285;
347 287;
347 288;
347 290;
347 292;
347 293;
347 295;
347 300;
347 302;
347 303;
347 305;
347 307;
347 31;
347 319;
347 321;
347 323;
347 325;
347 326;
347 328;
347 329;
347 33;
347 331;
347 333;
347 335;
347 338;
347 340;
347 342;
347 343;
347 346;
347 348;
347 35;
347 356;
347 362;
347 365;
347 367;
347 37;
347 372;
347 374;
347 376;
347 378;
347 379;
347 38;
347 381;
347 385;
347 388;
347 390;
347 392;
347 394;
347 396;
347 398;
347 40;
347 400;
347 402;
347 404;
347 406;
347 41;
347 411;
347 413;
347 419;
347 422;
347 424;
347 438;
347 44;
347 440;
347 45;
347 453;
347 456;
347 458;
347 460;
347 462;
347 464;
347 472;
347 476;
347 478;
347 48;
347 481;
347 482;
347 485;
347 486;
347 489;
347 49;
347 495;
347 497;
347 498;
347 501;
347 502;
347 505;
347 506;
347 509;
347 515;
347 517;
347 518;
347 52;
347 521;
347 523;
347 526;
347 528;
347 531;
347 533;
347 536;
347 538;
347 54;
347 540;
347 542;
347 545;
347 548;
347 549;
347 551;
347 553;
347 559;
347 56;
347 561;
347 564;
347 566;
347 58;
347 583;
347 587;
347 589;
347 594;
347 6;
347 60;
347 600;
347 601;
347 602;
347 603;
347 607;
347 613;
347 614;
347 615;
347 616;
347 62;
347 630;
347 631;
347 635;
347 64;
347 640;
347 642;
347 644;
347 646;
347 648;
347 66;
347 665;
347 685;
347 687;
347 694;
347 702;
347 708;
347 710;
347 713;
347 714;
347 721;
347 76;
347 78;
347 80;
347 82;
347 83;
347 85;
347 91;
347 93;
347 96;
347 97;
347 99;
348 0;
348 632;
350 106;
350 108;
350 111;
350 113;
350 115;
350 118;
350 12;
350 122;
350 126;
350 130;
350 134;
350 149;
350 15;
350 152;
350 155;
350 158;
350 160;
350 163;
350 166;
350 169;
350 177;
350 181;
350 20;
350 210;
350 223;
350 226;
350 23;
350 234;
350 237;
350 240;
350 243;
350 246;
350 249;
350 25;
350 263;
350 274;
350 276;
350 283;
350 287;
350 289;
350 292;
350 295;
350 299;
350 302;
350 305;
350 310;
350 313;
350 317;
350 320;
350 322;
350 325;
350 328;
350 330;
350 333;
350 335;
350 337;
350 339;
350 342;
350 344;
350 346;
350 348;
350 350;
350 353;
350 357;
350 359;
350 367;
350 37;
350 378;
350 381;
350 384;
350 386;
350 388;
350 390;
350 392;
350 394;
350 396;
350 398;
350 402;
350 406;
350 409;
350 41;
350 411;
350 413;
350 416;
350 424;
350 429;
350 437;
350 440;
350 443;
350 446;
350 45;
350 450;
350 454;
350 462;
350 464;
350 466;
350 49;
350 53;
350 537;
350 541;
350 553;
350 555;
350 557;
350 561;
350 566;
350 57;
350 570;
350 574;
350 580;
350 586;
350 588;
350 592;
350 61;
350 635;
350 640;
350 642;
350 644;
350 646;
350 648;
350 65;
350 654;
350 662;
350 668;
350 672;
350 678;
350 684;
350 687;
350 691;
350 697;
350 702;
350 709;
350 71;
350 713;
350 715;
350 82;
350 85;
350 88;
350 93;
353 203;
353 206;
353 212;
353 256;
353 259;
353 265;
353 306;
353 38;
353 425;
353 431;
353 650;
353 656;
353 698;
353 704;
354 10;
354 101;
354 116;
354 13;
354 142;
354 150;
354 153;
354 164;
354 167;
354 172;
354 18;
354 191;
354 199;
354 203;
354 206;
354 21;
354 212;
354 217;
354 221;
354 224;
354 229;
354 241;
354 244;
354 247;
354 252;
354 256;
354 259;
354 265;
354 285;
354 290;
354 293;
354 300;
354 303;
354 306;
354 323;
354 326;
354 331;
354 340;
354 35;
354 365;
354 376;
354 379;
354 38;
354 400;
354 404;
354 41;
354 422;
354 425;
354 431;
354 438;
354 45;
354 460;
354 49;
354 51;
354 535;
354 551;
354 559;
354 564;
354 571;
354 589;
354 593;
354 606;
354 650;
354 656;
354 659;
354 669;
354 685;
354 688;
354 698;
354 704;
354 707;
354 80;
354 83;
354 91;
355 10;
355 105;
355 110;
355 112;
355 116;
355 13;
355 148;
355 150;
355 153;
355 159;
355 162;
355 164;
355 167;
355 176;
355 18;
355 204;
355 206;
355 21;
355 212;
355 221;
355 224;
355 233;
355 239;
355 24;
355 241;
355 244;
355 247;
355 257;
355 259;
355 265;
355 273;
355 275;
355 282;
355 285;
355 288;
355 290;
355 293;
355 300;
355 303;
355 306;
355 319;
355 321;
355 323;
355 326;
355 329;
355 331;
355 334;
355 338;
355 340;
355 343;
355 345;
355 35;
355 356;
355 365;
355 376;
355 379;
355 385;
355 387;
355 39;
355 400;
355 404;
355 410;
355 422;
355 425;
355 43;
355 431;
355 438;
355 453;
355 460;
355 463;
355 47;
355 51;
355 535;
355 551;
355 559;
355 564;
355 571;
355 587;
355 589;
355 634;
355 639;
355 650;
355 656;
355 659;
355 669;
355 685;
355 688;
355 698;
355 704;
355 707;
355 714;
355 80;
355 83;
355 91;
356 10;
356 100;
356 105;
356 110;
356 112;
356 116;
356 13;
356 144;
356 148;
356 150;
356 153;
356 156;
356 159;
356 162;
356 164;
356 167;
356 171;
356 176;
356 18;
356 182;
356 193;
356 198;
356 203;
356 206;
356 21;
356 213;
356 216;
356 221;
356 224;
356 228;
356 233;
356 235;
356 239;
356 24;
356 241;
356 244;
356 247;
356 251;
356 256;
356 259;
356 266;
356 273;
356 275;
356 282;
356 285;
356 288;
356 290;
356 293;
356 300;
356 303;
356 306;
356 311;
356 319;
356 321;
356 323;
356 326;
356 329;
356 331;
356 334;
356 338;
356 340;
356 343;
356 345;
356 35;
356 351;
356 356;
356 358;
356 365;
356 368;
356 376;
356 379;
356 38;
356 382;
356 385;
356 387;
356 400;
356 404;
356 407;
356 410;
356 415;
356 422;
356 425;
356 432;
356 438;
356 441;
356 444;
356 453;
356 460;
356 463;
356 480;
356 500;
356 51;
356 535;
356 551;
356 554;
356 559;
356 564;
356 571;
356 587;
356 589;
356 619;
356 634;
356 639;
356 650;
356 657;
356 659;
356 669;
356 682;
356 685;
356 688;
356 698;
356 705;
356 707;
356 714;
356 72;
356 80;
356 83;
356 86;
356 91;
357 131;
357 178;
357 206;
357 259;
357 296;
357 306;
357 425;
357 434;
357 567;
357 571;
357 589;
357 650;
357 659;
357 669;
357 68;
357 688;
357 698;
360 103;
360 106;
360 108;
360 111;
360 113;
360 115;
360 134;
360 149;
360 160;
360 163;
360 174;
360 177;
360 181;
360 201;
360 205;
360 219;
360 231;
360 234;
360 240;
360 25;
360 254;
360 258;
360 274;
360 276;
360 283;
360 289;
360 299;
360 320;
360 322;
360 330;
360 335;
360 337;
360 339;
360 344;
360 346;
360 348;
360 350;
360 357;
360 359;
360 386;
360 388;
360 390;
360 392;
360 394;
360 396;
360 398;
360 40;
360 411;
360 413;
360 416;
360 437;
360 44;
360 454;
360 464;
360 466;
360 48;
360 555;
360 557;
360 570;
360 574;
360 580;
360 586;
360 588;
360 592;
360 635;
360 640;
360 642;
360 644;
360 646;
360 648;
360 662;
360 668;
360 672;
360 678;
360 691;
360 697;
360 71;
360 715;
362 138;
362 140;
362 269;
362 27;
362 279;
362 280;
362 31;
362 33;
362 362;
362 419;
362 456;
362 458;
362 476;
362 478;
362 481;
362 482;
362 486;
362 491;
362 496;
362 501;
362 502;
362 506;
362 511;
362 516;
362 521;
362 523;
362 526;
362 528;
362 531;
362 533;
362 545;
362 548;
362 594;
362 6;
362 603;
362 607;
362 616;
362 97;
363 207;
363 208;
363 210;
363 211;
363 212;
363 260;
363 261;
363 263;
363 264;
363 265;
363 308;
363 309;
363 426;
363 427;
363 429;
363 430;
363 431;
363 472;
363 484;
363 490;
363 497;
363 504;
363 510;
363 517;
363 572;
363 574;
363 576;
363 578;
363 580;
363 582;
363 584;
363 585;
363 590;
363 591;
363 600;
363 602;
363 613;
363 615;
363 629;
363 632;
363 651;
363 652;
363 654;
363 655;
363 656;
363 660;
363 661;
363 663;
363 664;
363 666;
363 667;
363 670;
363 672;
363 673;
363 674;
363 676;
363 678;
363 679;
363 680;
363 689;
363 690;
363 692;
363 693;
363 695;
363 696;
363 699;
363 700;
363 702;
363 704;
363 721;
370 101;
370 103;
370 105;
370 108;
370 11;
370 110;
370 112;
370 114;
370 116;
370 118;
370 120;
370 122;
370 125;
370 126;
370 127;
370 13;
370 131;
370 135;
370 141;
370 142;
370 143;
370 144;
370 147;
370 15;
370 153;
370 156;
370 157;
370 160;
370 166;
370 169;
370 17;
370 170;
370 172;
370 173;
370 176;
370 178;
370 181;
370 185;
370 187;
370 188;
370 19;
370 190;
370 192;
370 193;
370 195;
370 196;
370 198;
370 199;
370 201;
370 202;
370 204;
370 207;
370 209;
370 211;
370 212;
370 215;
370 217;
370 218;
370 219;
370 221;
370 223;
370 227;
370 239;
370 241;
370 243;
370 245;
370 246;
370 248;
370 250;
370 255;
370 257;
370 268;
370 270;
370 273;
370 275;
370 276;
370 278;
370 279;
370 28;
370 281;
370 282;
370 284;
370 286;
370 287;
370 289;
370 290;
370 292;
370 293;
370 295;
370 299;
370 301;
370 302;
370 304;
370 305;
370 307;
370 308;
370 310;
370 311;
370 313;
370 315;
370 317;
370 321;
370 323;
370 326;
370 328;
370 329;
370 331;
370 332;
370 334;
370 335;
370 336;
370 338;
370 340;
370 341;
370 343;
370 344;
370 346;
370 347;
370 348;
370 350;
370 352;
370 354;
370 359;
370 360;
370 365;
370 367;
370 369;
370 370;
370 373;
370 375;
370 378;
370 380;
370 384;
370 388;
370 392;
370 395;
370 397;
370 398;
370 402;
370 404;
370 405;
370 407;
370 433;
370 435;
370 437;
370 439;
370 441;
370 442;
370 443;
370 444;
370 447;
370 450;
370 452;
370 453;
370 456;
370 458;
370 460;
370 461;
370 463;
370 465;
370 467;
370 469;
370 47;
370 478;
370 480;
370 482;
370 485;
370 487;
370 488;
370 497;
370 519;
370 521;
370 524;
370 526;
370 528;
370 530;
370 533;
370 535;
370 537;
370 539;
370 541;
370 543;
370 545;
370 547;
370 549;
370 551;
370 560;
370 562;
370 564;
370 567;
370 571;
370 574;
370 577;
370 586;
370 587;
370 588;
370 591;
370 593;
370 597;
370 599;
370 600;
370 607;
370 609;
370 610;
370 611;
370 620;
370 622;
370 624;
370 628;
370 648;
370 650;
370 653;
370 655;
370 659;
370 662;
370 665;
370 675;
370 680;
370 682;
370 684;
370 686;
370 688;
370 691;
370 693;
370 697;
370 699;
370 70;
370 702;
370 703;
370 708;
370 710;
370 713;
370 722;
370 724;
370 88;
370 9;
370 95;
371 154;
371 167;
373 101;
373 103;
373 105;
373 109;
373 113;
373 117;
373 121;
373 125;
373 13;
373 131;
373 133;
373 17;
373 177;
373 181;
373 184;
373 187;
373 189;
373 19;
373 192;
373 195;
373 198;
373 201;
373 203;
373 205;
373 21;
373 211;
373 213;
373 226;
373 228;
373 233;
373 242;
373 245;
373 247;
373 25;
373 250;
373 252;
373 262;
373 269;
373 271;
373 275;
373 278;
373 281;
373 283;
373 286;
373 289;
373 292;
373 298;
373 301;
373 304;
373 307;
373 310;
373 312;
373 315;
373 323;
373 328;
373 331;
373 351;
373 354;
373 358;
373 364;
373 366;
373 369;
373 371;
373 375;
373 379;
373 383;
373 385;
373 388;
373 390;
373 393;
373 397;
373 401;
373 404;
373 407;
373 411;
373 417;
373 423;
373 429;
373 435;
373 438;
373 448;
373 454;
373 457;
373 460;
373 462;
373 465;
373 468;
373 473;
373 477;
373 480;
373 482;
373 491;
373 493;
373 515;
373 519;
373 521;
373 525;
373 529;
373 534;
373 538;
373 542;
373 546;
373 550;
373 556;
373 561;
373 565;
373 568;
373 571;
373 574;
373 577;
373 582;
373 592;
373 599;
373 6;
373 601;
373 605;
373 616;
373 622;
373 624;
373 626;
373 631;
373 635;
373 642;
373 649;
373 653;
373 655;
373 659;
373 66;
373 662;
373 664;
373 668;
373 672;
373 678;
373 680;
373 684;
373 687;
373 691;
373 693;
373 695;
373 698;
373 702;
373 706;
373 709;
373 713;
373 717;
376 221;
376 229;
376 235;
376 255;
376 258;
376 264;
376 293;
376 338;
376 341;
376 450;
376 627;
377 107;
377 11;
377 134;
377 146;
377 15;
377 159;
377 175;
377 185;
377 190;
377 193;
377 196;
377 199;
377 209;
377 217;
377 221;
377 229;
377 235;
377 243;
377 248;
377 255;
377 258;
377 264;
377 273;
377 276;
377 279;
377 284;
377 287;
377 290;
377 293;
377 299;
377 302;
377 305;
377 308;
377 313;
377 321;
377 326;
377 329;
377 334;
377 338;
377 341;
377 344;
377 352;
377 367;
377 373;
377 380;
377 395;
377 398;
377 402;
377 405;
377 414;
377 433;
377 436;
377 450;
377 458;
377 463;
377 466;
377 478;
377 523;
377 532;
377 559;
377 579;
377 590;
377 597;
377 609;
377 613;
377 620;
377 627;
377 632;
377 639;
377 647;
377 665;
377 669;
377 682;
377 685;
377 696;
377 703;
377 707;
378 100;
378 107;
378 11;
378 130;
378 15;
378 175;
378 18;
378 185;
378 188;
378 190;
378 193;
378 196;
378 199;
378 202;
378 204;
378 209;
378 212;
378 222;
378 227;
378 229;
378 235;
378 241;
378 243;
378 246;
378 248;
378 256;
378 258;
378 26;
378 264;
378 268;
378 270;
378 273;
378 276;
378 279;
378 282;
378 284;
378 287;
378 290;
378 294;
378 299;
378 302;
378 305;
378 308;
378 311;
378 313;
378 321;
378 326;
378 329;
378 339;
378 342;
378 350;
378 352;
378 365;
378 367;
378 370;
378 373;
378 378;
378 380;
378 384;
378 387;
378 392;
378 395;
378 398;
378 402;
378 405;
378 414;
378 433;
378 436;
378 447;
378 45;
378 451;
378 453;
378 456;
378 458;
378 461;
378 463;
378 466;
378 478;
378 481;
378 495;
378 518;
378 523;
378 532;
378 559;
378 564;
378 567;
378 570;
378 573;
378 576;
378 579;
378 590;
378 597;
378 600;
378 613;
378 620;
378 623;
378 627;
378 632;
378 639;
378 647;
378 652;
378 658;
378 661;
378 665;
378 669;
378 679;
378 68;
378 682;
378 685;
378 692;
378 696;
378 703;
378 707;
379 100;
379 107;
379 11;
379 130;
379 15;
379 175;
379 18;
379 182;
379 185;
379 188;
379 190;
379 193;
379 196;
379 199;
379 202;
379 204;
379 209;
379 212;
379 216;
379 221;
379 224;
379 227;
379 229;
379 236;
379 241;
379 243;
379 246;
379 248;
379 251;
379 255;
379 258;
379 26;
379 265;
379 268;
379 270;
379 273;
379 276;
379 279;
379 282;
379 284;
379 287;
379 290;
379 293;
379 296;
379 299;
379 302;
379 305;
379 308;
379 311;
379 313;
379 321;
379 326;
379 329;
379 333;
379 338;
379 341;
379 346;
379 350;
379 352;
379 362;
379 365;
379 367;
379 370;
379 373;
379 378;
379 380;
379 384;
379 387;
379 392;
379 395;
379 398;
379 402;
379 405;
379 414;
379 433;
379 436;
379 447;
379 45;
379 450;
379 453;
379 456;
379 458;
379 461;
379 463;
379 466;
379 471;
379 478;
379 481;
379 490;
379 495;
379 5;
379 514;
379 518;
379 523;
379 532;
379 559;
379 564;
379 567;
379 570;
379 573;
379 576;
379 579;
379 590;
379 597;
379 600;
379 608;
379 613;
379 620;
379 623;
379 627;
379 632;
379 639;
379 64;
379 647;
379 652;
379 658;
379 661;
379 665;
379 669;
379 679;
379 68;
379 682;
379 685;
379 692;
379 696;
379 703;
379 707;
379 718;
380 22;
380 229;
380 258;
380 355;
380 380;
380 398;
380 408;
380 414;
380 474;
380 553;
380 579;
380 602;
380 613;
380 627;
380 632;
380 639;
380 665;
380 669;
380 703;
380 714;
383 101;
383 103;
383 105;
383 131;
383 133;
383 189;
383 19;
383 203;
383 205;
383 21;
383 213;
383 219;
383 223;
383 228;
383 242;
383 247;
383 25;
383 252;
383 257;
383 269;
383 271;
383 283;
383 295;
383 312;
383 336;
383 340;
383 343;
383 351;
383 358;
383 366;
383 371;
383 379;
383 383;
383 385;
383 388;
383 390;
383 393;
383 401;
383 411;
383 417;
383 423;
383 429;
383 448;
383 452;
383 454;
383 457;
383 462;
383 477;
383 482;
383 491;
383 493;
383 515;
383 519;
383 521;
383 556;
383 565;
383 568;
383 571;
383 574;
383 577;
383 582;
383 6;
383 601;
383 605;
383 611;
383 616;
383 624;
383 626;
383 635;
383 642;
383 653;
383 655;
383 659;
383 662;
383 664;
383 668;
383 672;
383 678;
383 680;
383 693;
383 695;
383 706;
383 717;
385 127;
385 135;
385 144;
385 147;
385 160;
385 173;
385 207;
385 239;
385 317;
385 360;
385 442;
385 443;
385 444;
385 485;
385 488;
385 587;
385 588;
385 88;
385 9;
386 141;
386 143;
386 154;
386 156;
386 167;
386 169;
386 230;
386 231;
386 233;
386 234;
386 235;
386 259;
386 260;
386 262;
386 263;
386 264;
386 381;
386 382;
386 399;
386 400;
386 415;
386 417;
386 419;
386 421;
386 423;
386 425;
386 427;
386 428;
386 430;
386 431;
386 580;
386 581;
386 583;
386 584;
386 614;
386 615;
386 617;
386 618;
386 629;
386 630;
386 633;
386 634;
386 636;
386 637;
386 640;
386 642;
386 643;
386 644;
386 666;
386 667;
386 670;
386 671;
386 673;
386 674;
386 676;
386 677;
386 704;
386 705;
386 95;
393 10;
393 106;
393 108;
393 111;
393 113;
393 115;
393 117;
393 127;
393 129;
393 14;
393 153;
393 154;
393 160;
393 161;
393 167;
393 168;
393 182;
393 183;
393 195;
393 197;
393 198;
393 209;
393 211;
393 212;
393 214;
393 218;
393 220;
393 221;
393 223;
393 224;
393 226;
393 227;
393 229;
393 23;
393 231;
393 244;
393 246;
393 256;
393 258;
393 260;
393 261;
393 262;
393 263;
393 265;
393 267;
393 268;
393 269;
393 27;
393 278;
393 28;
393 280;
393 290;
393 292;
393 293;
393 294;
393 296;
393 298;
393 301;
393 303;
393 304;
393 305;
393 307;
393 309;
393 310;
393 314;
393 316;
393 317;
393 319;
393 32;
393 321;
393 322;
393 323;
393 324;
393 326;
393 328;
393 329;
393 330;
393 332;
393 334;
393 336;
393 34;
393 346;
393 348;
393 349;
393 350;
393 352;
393 354;
393 359;
393 36;
393 361;
393 366;
393 370;
393 372;
393 375;
393 377;
393 379;
393 38;
393 380;
393 382;
393 383;
393 387;
393 389;
393 392;
393 394;
393 395;
393 397;
393 398;
393 400;
393 401;
393 402;
393 404;
393 405;
393 406;
393 408;
393 409;
393 41;
393 410;
393 412;
393 414;
393 416;
393 422;
393 428;
393 43;
393 430;
393 433;
393 435;
393 438;
393 440;
393 441;
393 443;
393 444;
393 445;
393 446;
393 447;
393 448;
393 449;
393 45;
393 456;
393 46;
393 47;
393 487;
393 491;
393 493;
393 495;
393 497;
393 503;
393 507;
393 515;
393 519;
393 52;
393 521;
393 523;
393 528;
393 531;
393 546;
393 548;
393 550;
393 551;
393 556;
393 558;
393 560;
393 564;
393 566;
393 570;
393 572;
393 573;
393 575;
393 577;
393 582;
393 584;
393 587;
393 588;
393 590;
393 593;
393 601;
393 603;
393 605;
393 607;
393 610;
393 612;
393 614;
393 616;
393 618;
393 620;
393 622;
393 624;
393 626;
393 628;
393 630;
393 633;
393 635;
393 638;
393 646;
393 649;
393 653;
393 655;
393 669;
393 671;
393 673;
393 674;
393 676;
393 677;
393 702;
393 704;
393 713;
393 720;
393 73;
393 74;
393 75;
393 78;
393 80;
393 81;
393 83;
393 85;
393 87;
393 89;
393 91;
394 130;
394 184;
396 100;
396 11;
396 113;
396 116;
396 190;
396 197;
396 199;
396 204;
396 211;
396 214;
396 217;
396 220;
396 223;
396 226;
396 23;
396 239;
396 246;
396 251;
396 257;
396 260;
396 272;
396 274;
396 285;
396 298;
396 309;
396 313;
396 316;
396 318;
396 321;
396 333;
396 336;
396 341;
396 354;
396 366;
396 368;
396 37;
396 372;
396 376;
396 379;
396 382;
396 386;
396 389;
396 394;
396 397;
396 399;
396 41;
396 413;
396 420;
396 43;
396 430;
396 435;
396 440;
396 443;
396 457;
396 462;
396 470;
396 478;
396 486;
396 488;
396 492;
396 496;
396 501;
396 503;
396 505;
396 508;
396 512;
396 515;
396 517;
396 519;
396 521;
396 523;
396 527;
396 529;
396 531;
396 536;
396 542;
396 547;
396 550;
396 554;
396 557;
396 561;
396 564;
396 566;
396 572;
396 575;
396 580;
396 583;
396 587;
396 589;
396 591;
396 594;
396 598;
396 602;
396 606;
396 611;
396 615;
396 619;
396 622;
396 625;
396 629;
396 634;
396 638;
396 641;
396 645;
396 647;
396 652;
396 655;
396 659;
396 665;
396 670;
396 673;
396 676;
396 678;
396 683;
396 691;
396 697;
396 7;
396 702;
396 704;
396 706;
396 708;
396 710;
396 72;
396 725;
396 82;
396 85;
396 88;
396 92;
396 96;
399 186;
399 192;
399 200;
399 206;
399 227;
399 235;
399 241;
399 247;
399 253;
399 278;
399 281;
399 287;
399 32;
399 337;
399 343;
399 414;
399 458;
399 464;
399 472;
399 480;
399 576;
399 648;
399 679;
399 685;
399 78;
400 100;
400 111;
400 114;
400 119;
400 186;
400 192;
400 195;
400 200;
400 206;
400 209;
400 212;
400 218;
400 221;
400 224;
400 227;
400 235;
400 241;
400 244;
400 247;
400 253;
400 258;
400 265;
400 278;
400 281;
400 287;
400 292;
400 296;
400 301;
400 307;
400 310;
400 314;
400 319;
400 32;
400 328;
400 334;
400 337;
400 343;
400 348;
400 35;
400 352;
400 370;
400 377;
400 380;
400 383;
400 387;
400 392;
400 395;
400 414;
400 428;
400 433;
400 438;
400 441;
400 458;
400 464;
400 472;
400 480;
400 490;
400 533;
400 548;
400 551;
400 555;
400 570;
400 573;
400 576;
400 581;
400 600;
400 609;
400 620;
400 623;
400 632;
400 648;
400 653;
400 656;
400 671;
400 674;
400 679;
400 685;
400 688;
400 78;
400 83;
400 86;
400 93;
400 96;
401 10;
401 111;
401 114;
401 13;
401 186;
401 192;
401 195;
401 198;
401 200;
401 206;
401 209;
401 212;
401 218;
401 22;
401 221;
401 224;
401 228;
401 235;
401 241;
401 244;
401 247;
401 253;
401 256;
401 258;
401 279;
401 281;
401 287;
401 296;
401 307;
401 310;
401 314;
401 317;
401 319;
401 33;
401 332;
401 334;
401 337;
401 343;
401 35;
401 352;
401 365;
401 370;
401 375;
401 377;
401 380;
401 383;
401 387;
401 392;
401 395;
401 398;
401 412;
401 415;
401 42;
401 421;
401 428;
401 433;
401 438;
401 441;
401 456;
401 458;
401 464;
401 472;
401 480;
401 487;
401 490;
401 50;
401 502;
401 507;
401 514;
401 518;
401 528;
401 530;
401 533;
401 546;
401 548;
401 551;
401 555;
401 560;
401 563;
401 570;
401 573;
401 576;
401 581;
401 588;
401 590;
401 593;
401 600;
401 609;
401 618;
401 620;
401 623;
401 632;
401 646;
401 648;
401 653;
401 656;
401 669;
401 671;
401 674;
401 677;
401 679;
401 685;
401 688;
401 701;
401 79;
401 81;
401 83;
401 86;
401 91;
401 94;
401 98;
402 10;
402 102;
402 111;
402 114;
402 119;
402 13;
402 132;
402 171;
402 186;
402 193;
402 195;
402 198;
402 200;
402 207;
402 209;
402 212;
402 215;
402 218;
402 22;
402 221;
402 224;
402 227;
402 235;
402 242;
402 244;
402 247;
402 254;
402 256;
402 258;
402 267;
402 271;
402 278;
402 281;
402 288;
402 291;
402 296;
402 303;
402 307;
402 310;
402 314;
402 317;
402 319;
402 32;
402 327;
402 332;
402 334;
402 337;
402 344;
402 347;
402 35;
402 352;
402 355;
402 365;
402 370;
402 375;
402 377;
402 380;
402 383;
402 387;
402 392;
402 395;
402 398;
402 412;
402 414;
402 42;
402 421;
402 428;
402 433;
402 438;
402 441;
402 444;
402 448;
402 456;
402 458;
402 465;
402 473;
402 481;
402 487;
402 490;
402 499;
402 5;
402 50;
402 502;
402 507;
402 514;
402 518;
402 525;
402 528;
402 530;
402 533;
402 546;
402 548;
402 551;
402 555;
402 560;
402 563;
402 570;
402 573;
402 576;
402 581;
402 588;
402 590;
402 593;
402 600;
402 609;
402 618;
402 620;
402 623;
402 632;
402 639;
402 646;
402 648;
402 653;
402 656;
402 669;
402 671;
402 674;
402 677;
402 679;
402 686;
402 688;
402 701;
402 707;
402 723;
402 78;
402 81;
402 83;
402 86;
402 91;
403 186;
403 200;
403 235;
403 247;
403 281;
403 310;
403 337;
403 383;
403 417;
403 458;
403 509;
403 533;
403 551;
403 576;
403 595;
403 648;
403 656;
403 679;
403 688;
403 69;
406 11;
406 199;
406 229;
406 23;
406 257;
406 272;
406 274;
406 280;
406 294;
406 313;
406 318;
406 330;
406 333;
406 34;
406 350;
406 366;
406 368;
406 376;
406 386;
406 399;
406 413;
406 416;
406 420;
406 43;
406 457;
406 488;
406 503;
406 505;
406 508;
406 512;
406 515;
406 517;
406 519;
406 521;
406 523;
406 529;
406 531;
406 536;
406 542;
406 547;
406 554;
406 561;
406 564;
406 566;
406 589;
406 591;
406 594;
406 598;
406 619;
406 647;
406 659;
406 665;
406 670;
406 678;
406 691;
406 697;
406 702;
406 704;
406 706;
406 708;
406 710;
406 72;
406 80;
406 82;
406 92;
406 95;
406 99;
407 14;
407 422;
408 153;
408 161;
408 167;
408 231;
408 262;
408 263;
408 28;
408 323;
408 324;
408 401;
408 402;
408 405;
408 406;
408 409;
408 410;
408 446;
408 447;
408 448;
408 449;
408 450;
408 452;
408 46;
408 47;
408 713;
408 74;
408 75;
409 130;
409 152;
409 160;
409 168;
409 181;
409 184;
409 187;
409 188;
409 190;
409 191;
409 192;
409 201;
409 202;
409 204;
409 205;
409 206;
409 236;
409 237;
409 239;
409 240;
409 241;
409 248;
409 249;
409 251;
409 252;
409 253;
409 282;
409 283;
409 285;
409 286;
409 287;
409 311;
409 312;
409 338;
409 339;
409 341;
409 342;
409 343;
409 384;
409 385;
409 445;
409 460;
409 462;
409 464;
409 468;
409 470;
409 472;
409 475;
409 476;
409 478;
409 480;
409 484;
409 485;
409 534;
409 536;
409 538;
409 540;
409 542;
409 544;
409 552;
409 553;
409 578;
409 579;
409 650;
409 651;
409 657;
409 659;
409 660;
409 661;
409 663;
409 665;
409 666;
409 667;
409 680;
409 681;
409 683;
409 684;
409 685;
409 689;
409 691;
409 692;
409 693;
409 695;
409 697;
409 698;
409 699;
409 720;
416 104;
416 106;
416 108;
416 109;
416 112;
416 114;
416 116;
416 118;
416 12;
416 121;
416 123;
416 127;
416 129;
416 133;
416 139;
416 140;
416 141;
416 142;
416 145;
416 15;
416 151;
416 152;
416 153;
416 154;
416 157;
416 16;
416 163;
416 164;
416 165;
416 166;
416 169;
416 170;
416 185;
416 187;
416 19;
416 190;
416 192;
416 194;
416 195;
416 197;
416 198;
416 199;
416 20;
416 202;
416 206;
416 208;
416 218;
416 220;
416 226;
416 228;
416 229;
416 231;
416 232;
416 234;
416 235;
416 236;
416 238;
416 24;
416 240;
416 242;
416 243;
416 244;
416 246;
416 249;
416 251;
416 252;
416 253;
416 255;
416 257;
416 258;
416 260;
416 261;
416 263;
416 264;
416 265;
416 27;
416 275;
416 277;
416 279;
416 281;
416 283;
416 284;
416 285;
416 296;
416 298;
416 299;
416 300;
416 311;
416 324;
416 326;
416 327;
416 328;
416 33;
416 339;
416 35;
416 350;
416 352;
416 353;
416 354;
416 357;
416 359;
416 36;
416 361;
416 366;
416 370;
416 382;
416 391;
416 393;
416 396;
416 398;
416 400;
416 402;
416 404;
416 407;
416 41;
416 411;
416 418;
416 42;
416 420;
416 422;
416 424;
416 426;
416 428;
416 434;
416 442;
416 444;
416 453;
416 455;
416 456;
416 458;
416 461;
416 463;
416 464;
416 48;
416 490;
416 492;
416 493;
416 495;
416 497;
416 500;
416 505;
416 507;
416 509;
416 51;
416 511;
416 514;
416 515;
416 517;
416 518;
416 524;
416 525;
416 527;
416 528;
416 53;
416 534;
416 538;
416 54;
416 540;
416 541;
416 55;
416 564;
416 571;
416 573;
416 575;
416 579;
416 58;
416 582;
416 589;
416 597;
416 600;
416 605;
416 607;
416 610;
416 612;
416 615;
416 617;
416 619;
416 62;
416 621;
416 623;
416 625;
416 627;
416 630;
416 632;
416 635;
416 637;
416 64;
416 640;
416 643;
416 649;
416 65;
416 651;
416 654;
416 656;
416 658;
416 66;
416 660;
416 663;
416 667;
416 669;
416 671;
416 673;
416 677;
416 679;
416 68;
416 681;
416 686;
416 690;
416 692;
416 694;
416 696;
416 699;
416 701;
416 705;
416 707;
416 709;
416 71;
416 711;
416 714;
416 722;
416 724;
416 73;
416 75;
416 77;
416 79;
416 83;
416 85;
416 88;
416 90;
416 91;
416 92;
416 96;
419 101;
419 105;
419 108;
419 110;
419 113;
419 117;
419 12;
419 121;
419 126;
419 129;
419 175;
419 179;
419 191;
419 205;
419 213;
419 220;
419 224;
419 228;
419 231;
419 239;
419 247;
419 25;
419 257;
419 260;
419 270;
419 280;
419 291;
419 306;
419 312;
419 315;
419 318;
419 322;
419 334;
419 340;
419 345;
419 35;
419 361;
419 363;
419 366;
419 37;
419 373;
419 376;
419 380;
419 392;
419 397;
419 40;
419 401;
419 405;
419 414;
419 416;
419 420;
419 422;
419 426;
419 428;
419 432;
419 437;
419 439;
419 447;
419 45;
419 451;
419 455;
419 458;
419 463;
419 467;
419 472;
419 480;
419 488;
419 492;
419 495;
419 497;
419 504;
419 506;
419 509;
419 511;
419 534;
419 536;
419 540;
419 542;
419 547;
419 555;
419 563;
419 565;
419 569;
419 571;
419 575;
419 579;
419 582;
419 587;
419 598;
419 600;
419 606;
419 61;
419 611;
419 615;
419 617;
419 619;
419 623;
419 626;
419 631;
419 636;
419 640;
419 642;
419 644;
419 654;
419 656;
419 658;
419 660;
419 662;
419 666;
419 669;
419 671;
419 676;
419 679;
419 681;
419 686;
419 688;
419 69;
419 691;
419 695;
419 699;
419 7;
419 701;
419 703;
419 706;
419 710;
419 714;
419 717;
419 72;
419 76;
419 82;
419 84;
419 86;
419 89;
419 9;
419 97;
422 122;
422 192;
422 201;
422 206;
422 209;
422 215;
422 287;
422 293;
422 302;
422 308;
422 330;
422 336;
422 341;
422 347;
422 410;
422 433;
422 468;
422 474;
422 482;
422 543;
422 549;
422 557;
422 57;
423 106;
423 111;
423 122;
423 127;
423 132;
423 144;
423 156;
423 172;
423 175;
423 179;
423 192;
423 197;
423 201;
423 206;
423 209;
423 215;
423 218;
423 226;
423 229;
423 234;
423 240;
423 249;
423 255;
423 258;
423 261;
423 283;
423 287;
423 293;
423 298;
423 302;
423 308;
423 326;
423 33;
423 330;
423 336;
423 341;
423 347;
423 352;
423 359;
423 370;
423 390;
423 395;
423 410;
423 418;
423 424;
423 433;
423 444;
423 453;
423 456;
423 461;
423 464;
423 468;
423 474;
423 482;
423 490;
423 493;
423 507;
423 51;
423 538;
423 543;
423 549;
423 557;
423 57;
423 573;
423 604;
423 609;
423 62;
423 621;
423 624;
423 629;
423 634;
423 663;
423 667;
423 673;
423 677;
423 689;
423 70;
423 704;
423 79;
424 104;
424 106;
424 109;
424 11;
424 111;
424 122;
424 127;
424 173;
424 177;
424 190;
424 193;
424 201;
424 207;
424 209;
424 215;
424 218;
424 226;
424 229;
424 238;
424 24;
424 246;
424 255;
424 258;
424 26;
424 279;
424 287;
424 293;
424 302;
424 308;
424 311;
424 33;
424 330;
424 336;
424 339;
424 341;
424 347;
424 359;
424 36;
424 365;
424 370;
424 381;
424 390;
424 395;
424 404;
424 410;
424 418;
424 421;
424 424;
424 427;
424 433;
424 444;
424 453;
424 456;
424 461;
424 464;
424 468;
424 474;
424 482;
424 490;
424 493;
424 496;
424 505;
424 507;
424 510;
424 533;
424 538;
424 541;
424 543;
424 549;
424 557;
424 564;
424 57;
424 570;
424 573;
424 578;
424 581;
424 588;
424 597;
424 599;
424 604;
424 609;
424 616;
424 621;
424 624;
424 629;
424 634;
424 639;
424 643;
424 653;
424 663;
424 667;
424 670;
424 673;
424 677;
424 68;
424 680;
424 685;
424 689;
424 70;
424 700;
424 704;
424 79;
424 83;
424 85;
424 88;
424 96;
425 104;
425 106;
425 109;
425 11;
425 111;
425 122;
425 127;
425 181;
425 190;
425 192;
425 196;
425 201;
425 206;
425 209;
425 216;
425 218;
425 226;
425 229;
425 233;
425 238;
425 24;
425 242;
425 246;
425 251;
425 255;
425 258;
425 26;
425 263;
425 271;
425 279;
425 282;
425 287;
425 294;
425 297;
425 302;
425 309;
425 311;
425 313;
425 316;
425 325;
425 33;
425 330;
425 337;
425 339;
425 341;
425 348;
425 351;
425 359;
425 36;
425 362;
425 365;
425 370;
425 374;
425 38;
425 381;
425 390;
425 395;
425 404;
425 410;
425 415;
425 418;
425 421;
425 424;
425 427;
425 430;
425 433;
425 438;
425 44;
425 444;
425 453;
425 456;
425 461;
425 464;
425 468;
425 475;
425 483;
425 490;
425 493;
425 496;
425 5;
425 502;
425 505;
425 507;
425 510;
425 517;
425 527;
425 53;
425 533;
425 538;
425 541;
425 543;
425 550;
425 558;
425 564;
425 57;
425 570;
425 573;
425 578;
425 581;
425 588;
425 597;
425 599;
425 604;
425 609;
425 616;
425 621;
425 624;
425 629;
425 634;
425 639;
425 64;
425 643;
425 645;
425 653;
425 663;
425 667;
425 670;
425 673;
425 677;
425 68;
425 680;
425 685;
425 689;
425 70;
425 700;
425 704;
425 715;
425 718;
425 79;
425 8;
425 83;
425 85;
425 88;
425 96;
426 122;
426 201;
426 209;
426 221;
426 267;
426 287;
426 302;
426 330;
426 341;
426 370;
426 377;
426 410;
426 433;
426 444;
426 448;
426 464;
426 468;
426 485;
426 543;
426 566;
426 57;
426 584;
426 663;
426 673;
426 79;
426 98;
429 101;
429 105;
429 110;
429 12;
429 174;
429 178;
429 191;
429 194;
429 199;
429 208;
429 224;
429 236;
429 239;
429 247;
429 25;
429 270;
429 280;
429 285;
429 300;
429 312;
429 328;
429 340;
429 354;
429 363;
429 366;
429 37;
429 373;
429 380;
429 405;
429 416;
429 422;
429 428;
429 439;
429 447;
429 45;
429 451;
429 467;
429 488;
429 497;
429 506;
429 511;
429 534;
429 536;
429 542;
429 565;
429 569;
429 571;
429 579;
429 582;
429 587;
429 598;
429 600;
429 617;
429 619;
429 640;
429 642;
429 644;
429 654;
429 656;
429 658;
429 660;
429 662;
429 666;
429 671;
429 676;
429 681;
429 686;
429 688;
429 69;
429 701;
429 703;
429 82;
429 84;
429 86;
429 89;
429 9;
429 97;
430 27;
430 589;
431 133;
431 142;
431 145;
431 15;
431 154;
431 157;
431 166;
431 170;
431 19;
431 357;
431 407;
431 42;
431 442;
431 48;
431 500;
431 515;
431 516;
431 518;
431 519;
431 521;
431 525;
431 526;
431 528;
431 529;
431 531;
431 91;
431 92;
432 124;
432 125;
432 139;
432 141;
432 151;
432 153;
432 163;
432 165;
432 203;
432 204;
432 210;
432 211;
432 213;
432 214;
432 215;
432 288;
432 289;
432 291;
432 292;
432 293;
432 303;
432 304;
432 306;
432 307;
432 308;
432 331;
432 332;
432 334;
432 335;
432 336;
432 342;
432 343;
432 345;
432 346;
432 347;
432 371;
432 372;
432 412;
432 413;
432 435;
432 436;
432 445;
432 446;
432 465;
432 466;
432 469;
432 470;
432 472;
432 473;
432 474;
432 477;
432 478;
432 480;
432 481;
432 482;
432 544;
432 545;
432 547;
432 548;
432 552;
432 553;
432 555;
432 557;
432 561;
432 562;
432 59;
432 60;
432 664;
432 665;
432 674;
432 675;
432 80;
432 81;
439 100;
439 101;
439 104;
439 105;
439 106;
439 111;
439 113;
439 116;
439 117;
439 121;
439 122;
439 125;
439 126;
439 127;
439 132;
439 134;
439 136;
439 139;
439 140;
439 144;
439 145;
439 148;
439 149;
439 150;
439 155;
439 166;
439 168;
439 170;
439 172;
439 173;
439 175;
439 177;
439 179;
439 189;
439 19;
439 191;
439 192;
439 194;
439 195;
439 197;
439 199;
439 201;
439 203;
439 205;
439 207;
439 212;
439 213;
439 227;
439 228;
439 231;
439 232;
439 24;
439 245;
439 247;
439 250;
439 252;
439 254;
439 258;
439 260;
439 264;
439 265;
439 266;
439 267;
439 270;
439 271;
439 274;
439 275;
439 28;
439 285;
439 287;
439 289;
439 290;
439 295;
439 300;
439 302;
439 303;
439 305;
439 307;
439 31;
439 315;
439 317;
439 319;
439 321;
439 325;
439 328;
439 33;
439 330;
439 333;
439 337;
439 339;
439 341;
439 353;
439 356;
439 358;
439 359;
439 36;
439 362;
439 364;
439 369;
439 371;
439 373;
439 377;
439 379;
439 381;
439 387;
439 388;
439 391;
439 393;
439 394;
439 395;
439 399;
439 400;
439 402;
439 405;
439 408;
439 411;
439 412;
439 414;
439 415;
439 421;
439 422;
439 424;
439 425;
439 431;
439 432;
439 434;
439 435;
439 441;
439 444;
439 447;
439 450;
439 452;
439 454;
439 456;
439 468;
439 469;
439 470;
439 472;
439 482;
439 489;
439 490;
439 493;
439 495;
439 496;
439 497;
439 501;
439 502;
439 504;
439 506;
439 509;
439 51;
439 510;
439 513;
439 515;
439 516;
439 517;
439 521;
439 522;
439 524;
439 527;
439 530;
439 532;
439 539;
439 542;
439 544;
439 550;
439 552;
439 555;
439 557;
439 558;
439 56;
439 565;
439 566;
439 567;
439 569;
439 570;
439 576;
439 583;
439 584;
439 586;
439 587;
439 588;
439 589;
439 590;
439 593;
439 595;
439 598;
439 600;
439 601;
439 608;
439 609;
439 610;
439 612;
439 613;
439 619;
439 624;
439 625;
439 626;
439 627;
439 629;
439 630;
439 631;
439 632;
439 633;
439 635;
439 640;
439 643;
439 645;
439 647;
439 649;
439 654;
439 656;
439 658;
439 660;
439 662;
439 665;
439 666;
439 673;
439 675;
439 678;
439 680;
439 682;
439 685;
439 687;
439 69;
439 690;
439 70;
439 700;
439 702;
439 71;
439 720;
439 722;
439 84;
439 88;
439 90;
439 91;
439 95;
439 96;
440 119;
440 142;
440 572;
440 615;
440 98;
442 137;
442 164;
442 167;
442 172;
442 175;
442 178;
442 183;
442 187;
442 191;
442 194;
442 197;
442 200;
442 205;
442 211;
442 219;
442 225;
442 236;
442 24;
442 240;
442 252;
442 259;
442 26;
442 261;
442 28;
442 280;
442 295;
442 297;
442 305;
442 310;
442 32;
442 321;
442 324;
442 326;
442 331;
442 336;
442 339;
442 344;
442 346;
442 349;
442 351;
442 354;
442 358;
442 36;
442 360;
442 368;
442 371;
442 376;
442 378;
442 381;
442 384;
442 405;
442 408;
442 41;
442 445;
442 448;
442 452;
442 454;
442 457;
442 462;
442 47;
442 480;
442 482;
442 486;
442 507;
442 52;
442 527;
442 530;
442 532;
442 534;
442 536;
442 542;
442 544;
442 548;
442 638;
442 644;
442 648;
442 652;
442 655;
442 658;
442 661;
442 665;
442 669;
442 674;
442 678;
442 686;
442 690;
442 695;
442 702;
442 707;
442 715;
442 80;
442 87;
442 89;
445 300;
445 306;
445 332;
445 340;
445 362;
445 372;
445 458;
445 464;
445 691;
445 697;
445 703;
445 709;
446 165;
446 170;
446 173;
446 176;
446 189;
446 192;
446 195;
446 198;
446 203;
446 250;
446 30;
446 300;
446 303;
446 306;
446 319;
446 332;
446 337;
446 340;
446 356;
446 362;
446 369;
446 372;
446 379;
446 38;
446 450;
446 458;
446 464;
446 549;
446 592;
446 635;
446 642;
446 656;
446 659;
446 666;
446 672;
446 68;
446 684;
446 691;
446 697;
446 700;
446 703;
446 709;
446 77;
446 84;
447 136;
447 157;
447 165;
447 170;
447 173;
447 176;
447 189;
447 192;
447 195;
447 198;
447 203;
447 23;
447 250;
447 258;
447 260;
447 27;
447 294;
447 30;
447 301;
447 303;
447 306;
447 319;
447 325;
447 330;
447 332;
447 337;
447 340;
447 35;
447 353;
447 356;
447 359;
447 363;
447 369;
447 372;
447 377;
447 379;
447 38;
447 404;
447 407;
447 444;
447 447;
447 450;
447 453;
447 456;
447 458;
447 464;
447 481;
447 506;
447 51;
447 526;
447 529;
447 53;
447 541;
447 635;
447 642;
447 654;
447 656;
447 659;
447 666;
447 672;
447 684;
447 691;
447 697;
447 700;
447 703;
447 709;
447 77;
447 84;
447 88;
448 136;
448 165;
448 170;
448 173;
448 176;
448 181;
448 189;
448 192;
448 195;
448 198;
448 203;
448 209;
448 23;
448 234;
448 241;
448 250;
448 258;
448 260;
448 27;
448 281;
448 294;
448 30;
448 300;
448 303;
448 306;
448 311;
448 319;
448 322;
448 325;
448 330;
448 332;
448 337;
448 340;
448 345;
448 348;
448 35;
448 353;
448 356;
448 359;
448 362;
448 369;
448 372;
448 377;
448 379;
448 38;
448 382;
448 404;
448 407;
448 414;
448 424;
448 434;
448 444;
448 447;
448 450;
448 453;
448 456;
448 458;
448 465;
448 471;
448 481;
448 484;
448 506;
448 51;
448 526;
448 529;
448 53;
448 535;
448 541;
448 546;
448 576;
448 619;
448 635;
448 642;
448 651;
448 654;
448 656;
448 659;
448 666;
448 672;
448 684;
448 691;
448 698;
448 700;
448 703;
448 710;
448 716;
448 72;
448 77;
448 84;
448 88;
448 9;
449 161;
449 216;
449 237;
449 277;
449 306;
449 332;
449 340;
449 365;
449 372;
449 38;
449 458;
449 477;
449 635;
449 666;
449 691;
449 703;
449 77;
449 84;
452 137;
452 164;
452 219;
452 225;
452 24;
452 240;
452 259;
452 26;
452 261;
452 28;
452 280;
452 295;
452 297;
452 302;
452 326;
452 331;
452 346;
452 349;
452 351;
452 354;
452 36;
452 360;
452 364;
452 368;
452 378;
452 405;
452 408;
452 41;
452 445;
452 448;
452 454;
452 457;
452 47;
452 480;
452 482;
452 507;
452 52;
452 527;
452 530;
452 532;
452 534;
452 536;
452 542;
452 544;
452 550;
452 577;
452 593;
452 620;
452 638;
452 652;
452 655;
452 669;
452 80;
452 87;
452 89;
454 101;
454 104;
454 111;
454 113;
454 116;
454 122;
454 125;
454 132;
454 134;
454 139;
454 145;
454 148;
454 155;
454 207;
454 213;
454 227;
454 231;
454 254;
454 265;
454 266;
454 267;
454 270;
454 274;
454 290;
454 328;
454 393;
454 394;
454 400;
454 402;
454 412;
454 413;
454 415;
454 416;
454 418;
454 422;
454 423;
454 425;
454 426;
454 428;
454 432;
454 433;
454 435;
454 436;
454 438;
454 441;
454 469;
454 470;
454 471;
454 473;
454 475;
454 495;
454 496;
454 502;
454 504;
454 515;
454 516;
454 522;
454 524;
454 539;
454 552;
454 557;
454 558;
454 565;
454 572;
454 583;
454 584;
454 586;
454 587;
454 588;
454 589;
454 590;
454 595;
454 600;
454 601;
454 608;
454 615;
454 624;
454 625;
454 626;
454 627;
454 629;
454 630;
454 631;
454 632;
454 633;
454 640;
454 680;
454 682;
454 91;
454 95;
455 105;
455 120;
455 126;
455 143;
455 149;
455 19;
455 308;
455 309;
455 334;
455 335;
455 342;
455 343;
455 374;
455 375;
455 387;
455 388;
455 39;
455 391;
455 395;
455 399;
455 41;
455 42;
455 43;
455 45;
455 459;
455 460;
455 462;
455 463;
455 464;
455 47;
455 48;
455 489;
455 49;
455 490;
455 493;
455 497;
455 501;
455 509;
455 510;
455 513;
455 517;
455 521;
455 566;
455 609;
455 636;
455 637;
455 667;
455 668;
455 692;
455 693;
455 695;
455 696;
455 697;
455 704;
455 705;
455 707;
455 709;
455 713;
455 714;
455 78;
455 79;
455 81;
455 82;
455 85;
455 86;
455 99;
462 102;
462 103;
462 104;
462 109;
462 11;
462 111;
462 114;
462 115;
462 119;
462 120;
462 123;
462 124;
462 125;
462 130;
462 132;
462 135;
462 136;
462 140;
462 141;
462 144;
462 145;
462 146;
462 15;
462 151;
462 161;
462 163;
462 167;
462 17;
462 170;
462 171;
462 174;
462 176;
462 179;
462 180;
462 192;
462 194;
462 197;
462 199;
462 20;
462 200;
462 207;
462 208;
462 209;
462 211;
462 212;
462 218;
462 22;
462 223;
462 224;
462 225;
462 226;
462 227;
462 228;
462 229;
462 230;
462 231;
462 232;
462 235;
462 237;
462 24;
462 240;
462 242;
462 243;
462 250;
462 251;
462 252;
462 254;
462 255;
462 26;
462 261;
462 266;
462 267;
462 268;
462 269;
462 270;
462 271;
462 272;
462 273;
462 274;
462 275;
462 277;
462 28;
462 280;
462 31;
462 320;
462 322;
462 33;
462 338;
462 342;
462 344;
462 347;
462 35;
462 36;
462 362;
462 376;
462 377;
462 38;
462 380;
462 382;
462 383;
462 384;
462 388;
462 389;
462 391;
462 394;
462 395;
462 398;
462 400;
462 401;
462 402;
462 406;
462 407;
462 409;
462 410;
462 413;
462 416;
462 417;
462 420;
462 422;
462 423;
462 424;
462 428;
462 429;
462 431;
462 432;
462 436;
462 437;
462 439;
462 44;
462 442;
462 445;
462 446;
462 448;
462 449;
462 457;
462 46;
462 463;
462 467;
462 47;
462 470;
462 472;
462 474;
462 476;
462 478;
462 479;
462 481;
462 482;
462 488;
462 489;
462 491;
462 492;
462 498;
462 501;
462 502;
462 505;
462 507;
462 508;
462 509;
462 513;
462 514;
462 516;
462 517;
462 521;
462 522;
462 524;
462 527;
462 528;
462 53;
462 530;
462 531;
462 536;
462 543;
462 550;
462 552;
462 555;
462 557;
462 560;
462 562;
462 565;
462 567;
462 568;
462 575;
462 576;
462 577;
462 579;
462 580;
462 586;
462 592;
462 593;
462 594;
462 596;
462 597;
462 598;
462 599;
462 600;
462 603;
462 605;
462 608;
462 610;
462 611;
462 618;
462 619;
462 62;
462 620;
462 622;
462 623;
462 629;
462 639;
462 64;
462 641;
462 642;
462 643;
462 646;
462 648;
462 65;
462 651;
462 653;
462 656;
462 658;
462 660;
462 662;
462 665;
462 667;
462 67;
462 670;
462 672;
462 675;
462 677;
462 679;
462 681;
462 686;
462 687;
462 688;
462 69;
462 696;
462 70;
462 711;
462 714;
462 72;
462 720;
462 722;
462 74;
462 79;
462 82;
462 83;
462 84;
462 86;
462 87;
462 88;
462 90;
462 93;
462 94;
462 98;
462 99;
463 117;
463 138;
463 214;
463 257;
463 582;
463 625;
463 96;
465 12;
465 16;
465 168;
465 175;
465 185;
465 189;
465 21;
465 25;
465 278;
465 28;
465 280;
465 282;
465 287;
465 295;
465 303;
465 311;
465 318;
465 32;
465 320;
465 322;
465 343;
465 35;
465 353;
465 359;
465 365;
465 367;
465 370;
465 372;
465 38;
465 42;
465 442;
465 457;
465 461;
465 463;
465 468;
465 47;
465 470;
465 472;
465 476;
465 498;
465 53;
465 537;
465 541;
465 543;
465 545;
465 548;
465 551;
465 556;
465 60;
465 64;
465 647;
465 652;
465 657;
465 66;
465 661;
465 666;
465 673;
465 676;
465 680;
465 69;
465 696;
465 702;
465 71;
465 710;
465 712;
465 714;
465 74;
465 76;
465 8;
465 91;
468 0;
468 283;
468 289;
468 297;
468 305;
468 313;
468 44;
468 49;
468 55;
468 698;
468 704;
469 14;
469 173;
469 182;
469 185;
469 189;
469 19;
469 191;
469 234;
469 26;
469 283;
469 289;
469 297;
469 305;
469 313;
469 33;
469 341;
469 350;
469 36;
469 44;
469 47;
469 474;
469 49;
469 549;
469 55;
469 554;
469 559;
469 602;
469 62;
469 645;
469 650;
469 655;
469 664;
469 67;
469 674;
469 685;
469 698;
469 704;
469 72;
470 11;
470 14;
470 167;
470 173;
470 183;
470 187;
470 19;
470 24;
470 26;
470 277;
470 279;
470 283;
470 289;
470 297;
470 305;
470 31;
470 313;
470 319;
470 33;
470 341;
470 350;
470 36;
470 441;
470 45;
470 456;
470 462;
470 467;
470 469;
470 474;
470 49;
470 497;
470 536;
470 542;
470 549;
470 55;
470 554;
470 62;
470 645;
470 65;
470 650;
470 655;
470 664;
470 67;
470 672;
470 674;
470 695;
470 698;
470 70;
470 704;
470 711;
470 713;
470 72;
470 90;
471 11;
471 14;
471 153;
471 157;
471 167;
471 173;
471 19;
471 218;
471 24;
471 26;
471 261;
471 277;
471 279;
471 283;
471 290;
471 298;
471 306;
471 31;
471 314;
471 316;
471 319;
471 328;
471 33;
471 341;
471 350;
471 36;
471 366;
471 369;
471 44;
471 441;
471 448;
471 456;
471 459;
471 462;
471 467;
471 469;
471 474;
471 481;
471 49;
471 491;
471 497;
471 530;
471 536;
471 542;
471 546;
471 549;
471 554;
471 56;
471 58;
471 586;
471 62;
471 629;
471 645;
471 65;
471 650;
471 655;
471 664;
471 67;
471 672;
471 674;
471 689;
471 695;
471 698;
471 70;
471 705;
471 711;
471 713;
471 716;
471 72;
471 75;
471 90;
472 283;
472 350;
472 39;
472 49;
472 5;
472 538;
472 698;
475 12;
475 168;
475 184;
475 188;
475 192;
475 219;
475 235;
475 25;
475 262;
475 278;
475 280;
475 282;
475 32;
475 320;
475 322;
475 353;
475 359;
475 365;
475 367;
475 370;
475 372;
475 42;
475 442;
475 457;
475 46;
475 463;
475 468;
475 470;
475 472;
475 498;
475 537;
475 541;
475 543;
475 545;
475 560;
475 587;
475 603;
475 630;
475 66;
475 673;
475 696;
475 71;
475 712;
475 714;
475 76;
475 8;
475 91;
477 102;
477 109;
477 111;
477 114;
477 120;
477 123;
477 130;
477 132;
477 135;
477 141;
477 144;
477 151;
477 170;
477 179;
477 194;
477 199;
477 200;
477 207;
477 214;
477 223;
477 224;
477 225;
477 226;
477 227;
477 228;
477 229;
477 230;
477 231;
477 232;
477 237;
477 242;
477 243;
477 250;
477 257;
477 266;
477 267;
477 268;
477 269;
477 270;
477 271;
477 272;
477 273;
477 274;
477 275;
477 347;
477 382;
477 383;
477 389;
477 391;
477 400;
477 401;
477 413;
477 422;
477 423;
477 439;
477 446;
477 447;
477 449;
477 450;
477 452;
477 479;
477 480;
477 482;
477 483;
477 485;
477 489;
477 490;
477 492;
477 493;
477 495;
477 507;
477 508;
477 524;
477 528;
477 529;
477 531;
477 532;
477 534;
477 562;
477 567;
477 568;
477 575;
477 582;
477 592;
477 593;
477 594;
477 596;
477 597;
477 598;
477 599;
477 600;
477 605;
477 610;
477 611;
477 618;
477 625;
477 639;
477 641;
477 642;
477 643;
477 670;
477 79;
477 83;
477 84;
477 87;
477 88;
477 93;
477 99;
478 103;
478 118;
478 124;
478 139;
478 145;
478 208;
478 251;
478 284;
478 285;
478 287;
478 289;
478 292;
478 293;
478 295;
478 297;
478 300;
478 301;
478 303;
478 305;
478 309;
478 311;
478 313;
478 338;
478 351;
478 353;
478 355;
478 357;
478 359;
478 361;
478 363;
478 364;
478 376;
478 377;
478 380;
478 384;
478 388;
478 394;
478 395;
478 398;
478 402;
478 406;
478 407;
478 409;
478 410;
478 416;
478 417;
478 420;
478 424;
478 428;
478 429;
478 431;
478 432;
478 436;
478 437;
478 50;
478 501;
478 502;
478 505;
478 509;
478 51;
478 513;
478 514;
478 516;
478 517;
478 521;
478 522;
478 53;
478 55;
478 576;
478 619;
478 699;
478 700;
478 702;
478 703;
478 704;
478 707;
478 708;
478 709;
478 97;
485 101;
485 102;
485 105;
485 106;
485 107;
485 112;
485 114;
485 117;
485 118;
485 12;
485 122;
485 123;
485 126;
485 127;
485 128;
485 133;
485 135;
485 137;
485 139;
485 14;
485 141;
485 142;
485 146;
485 147;
485 150;
485 151;
485 152;
485 157;
485 159;
485 162;
485 169;
485 173;
485 175;
485 179;
485 180;
485 189;
485 19;
485 191;
485 194;
485 196;
485 199;
485 201;
485 202;
485 209;
485 21;
485 210;
485 211;
485 213;
485 214;
485 220;
485 227;
485 228;
485 229;
485 230;
485 231;
485 232;
485 233;
485 234;
485 237;
485 239;
485 24;
485 242;
485 244;
485 245;
485 252;
485 253;
485 254;
485 256;
485 257;
485 263;
485 27;
485 270;
485 271;
485 272;
485 273;
485 274;
485 275;
485 276;
485 277;
485 29;
485 292;
485 296;
485 297;
485 300;
485 304;
485 309;
485 31;
485 317;
485 320;
485 322;
485 33;
485 331;
485 333;
485 336;
485 338;
485 340;
485 342;
485 344;
485 346;
485 348;
485 349;
485 35;
485 359;
485 37;
485 371;
485 384;
485 386;
485 388;
485 39;
485 391;
485 392;
485 395;
485 397;
485 398;
485 399;
485 403;
485 404;
485 406;
485 407;
485 410;
485 413;
485 416;
485 417;
485 42;
485 420;
485 422;
485 423;
485 424;
485 428;
485 429;
485 431;
485 432;
485 436;
485 437;
485 439;
485 442;
485 445;
485 446;
485 448;
485 449;
485 455;
485 457;
485 462;
485 463;
485 464;
485 465;
485 466;
485 467;
485 472;
485 474;
485 475;
485 477;
485 478;
485 480;
485 481;
485 482;
485 484;
485 487;
485 491;
485 494;
485 496;
485 499;
485 502;
485 503;
485 506;
485 508;
485 509;
485 510;
485 514;
485 515;
485 517;
485 518;
485 52;
485 522;
485 523;
485 525;
485 536;
485 54;
485 542;
485 547;
485 55;
485 552;
485 554;
485 555;
485 56;
485 560;
485 563;
485 566;
485 568;
485 571;
485 575;
485 579;
485 58;
485 580;
485 584;
485 585;
485 588;
485 589;
485 59;
485 590;
485 595;
485 60;
485 602;
485 603;
485 607;
485 608;
485 611;
485 612;
485 613;
485 618;
485 62;
485 625;
485 627;
485 630;
485 632;
485 633;
485 64;
485 640;
485 641;
485 642;
485 644;
485 645;
485 65;
485 651;
485 656;
485 657;
485 658;
485 659;
485 66;
485 660;
485 661;
485 662;
485 663;
485 664;
485 665;
485 668;
485 677;
485 679;
485 68;
485 682;
485 685;
485 687;
485 690;
485 692;
485 694;
485 696;
485 698;
485 70;
485 700;
485 703;
485 705;
485 708;
485 71;
485 710;
485 713;
485 715;
485 72;
485 722;
485 75;
485 76;
485 78;
485 80;
485 81;
485 83;
485 84;
485 86;
485 88;
485 89;
485 91;
485 92;
485 93;
485 96;
485 97;
486 120;
486 144;
486 216;
486 259;
486 582;
486 605;
486 647;
486 99;
488 12;
488 139;
488 15;
488 175;
488 18;
488 184;
488 21;
488 25;
488 28;
488 282;
488 288;
488 295;
488 303;
488 307;
488 312;
488 314;
488 32;
488 321;
488 327;
488 331;
488 334;
488 337;
488 340;
488 343;
488 348;
488 35;
488 352;
488 356;
488 368;
488 375;
488 378;
488 38;
488 382;
488 384;
488 386;
488 388;
488 413;
488 42;
488 44;
488 442;
488 456;
488 461;
488 47;
488 474;
488 477;
488 479;
488 485;
488 491;
488 494;
488 496;
488 499;
488 51;
488 528;
488 531;
488 533;
488 537;
488 541;
488 545;
488 551;
488 554;
488 558;
488 560;
488 562;
488 564;
488 568;
488 572;
488 576;
488 61;
488 668;
488 672;
488 682;
488 686;
488 691;
488 695;
488 699;
488 704;
488 709;
488 713;
488 8;
488 80;
488 83;
488 85;
488 88;
488 90;
491 299;
491 308;
491 569;
491 58;
492 137;
492 173;
492 19;
492 193;
492 236;
492 26;
492 279;
492 292;
492 299;
492 304;
492 308;
492 319;
492 33;
492 338;
492 341;
492 346;
492 349;
492 36;
492 454;
492 472;
492 475;
492 54;
492 542;
492 552;
492 555;
492 566;
492 569;
492 572;
492 576;
492 58;
492 624;
492 64;
492 684;
492 689;
492 70;
492 702;
492 707;
492 78;
492 81;
492 86;
493 11;
493 137;
493 14;
493 173;
493 19;
493 24;
493 26;
493 279;
493 292;
493 299;
493 304;
493 308;
493 31;
493 319;
493 33;
493 330;
493 333;
493 336;
493 338;
493 341;
493 346;
493 349;
493 358;
493 36;
493 383;
493 41;
493 412;
493 441;
493 454;
493 472;
493 475;
493 478;
493 484;
493 490;
493 493;
493 498;
493 536;
493 542;
493 552;
493 555;
493 559;
493 563;
493 566;
493 570;
493 574;
493 58;
493 667;
493 681;
493 684;
493 689;
493 702;
493 707;
493 78;
493 81;
493 84;
493 86;
493 89;
494 11;
494 137;
494 14;
494 16;
494 173;
494 182;
494 185;
494 19;
494 220;
494 24;
494 26;
494 263;
494 279;
494 292;
494 299;
494 304;
494 308;
494 31;
494 313;
494 319;
494 33;
494 330;
494 333;
494 336;
494 338;
494 341;
494 346;
494 349;
494 358;
494 36;
494 367;
494 373;
494 376;
494 383;
494 41;
494 412;
494 441;
494 448;
494 45;
494 454;
494 459;
494 462;
494 466;
494 472;
494 475;
494 478;
494 484;
494 490;
494 493;
494 498;
494 527;
494 53;
494 530;
494 536;
494 542;
494 549;
494 552;
494 555;
494 559;
494 563;
494 566;
494 58;
494 597;
494 620;
494 63;
494 651;
494 667;
494 670;
494 673;
494 681;
494 684;
494 689;
494 69;
494 702;
494 707;
494 78;
494 81;
494 84;
494 86;
494 89;
495 279;
495 292;
495 299;
495 304;
495 308;
495 324;
495 349;
495 353;
495 48;
495 5;
495 538;
495 542;
495 555;
498 12;
498 15;
498 194;
498 221;
498 237;
498 25;
498 264;
498 282;
498 288;
498 295;
498 307;
498 314;
498 32;
498 327;
498 331;
498 334;
498 337;
498 352;
498 356;
498 368;
498 384;
498 386;
498 388;
498 413;
498 42;
498 44;
498 442;
498 479;
498 485;
498 491;
498 494;
498 496;
498 499;
498 51;
498 528;
498 531;
498 533;
498 537;
498 541;
498 545;
498 558;
498 56;
498 560;
498 562;
498 564;
498 571;
498 575;
498 61;
498 625;
498 652;
498 66;
498 668;
498 682;
498 72;
498 8;
498 85;
498 90;
500 102;
500 105;
500 112;
500 114;
500 117;
500 123;
500 126;
500 133;
500 135;
500 141;
500 147;
500 150;
500 157;
500 159;
500 162;
500 179;
500 196;
500 201;
500 202;
500 209;
500 216;
500 227;
500 228;
500 229;
500 230;
500 231;
500 232;
500 233;
500 234;
500 239;
500 244;
500 245;
500 252;
500 259;
500 270;
500 271;
500 272;
500 273;
500 274;
500 275;
500 276;
500 277;
500 297;
500 317;
500 371;
500 397;
500 398;
500 410;
500 422;
500 423;
500 439;
500 446;
500 447;
500 449;
500 450;
500 452;
500 464;
500 465;
500 466;
500 467;
500 468;
500 470;
500 481;
500 482;
500 487;
500 508;
500 509;
500 525;
500 547;
500 579;
500 585;
500 588;
500 595;
500 602;
500 608;
500 611;
500 618;
500 627;
500 632;
500 633;
500 640;
500 647;
500 656;
500 657;
500 658;
500 659;
500 660;
500 661;
500 662;
500 663;
500 664;
500 665;
500 715;
500 75;
500 76;
500 92;
500 93;
500 96;
501 100;
501 106;
501 121;
501 127;
501 145;
501 151;
501 169;
501 210;
501 253;
501 280;
501 282;
501 283;
501 284;
501 286;
501 288;
501 289;
501 290;
501 293;
501 294;
501 301;
501 302;
501 305;
501 306;
501 310;
501 311;
501 350;
501 351;
501 391;
501 392;
501 395;
501 399;
501 403;
501 404;
501 406;
501 407;
501 416;
501 417;
501 420;
501 424;
501 428;
501 429;
501 431;
501 432;
501 436;
501 437;
501 463;
501 502;
501 503;
501 506;
501 510;
501 514;
501 515;
501 517;
501 518;
501 522;
501 523;
501 543;
501 544;
501 556;
501 557;
501 583;
501 589;
501 606;
501 612;
501 641;
501 722;
508 109;
508 110;
508 120;
508 121;
508 123;
508 135;
508 136;
508 137;
508 138;
508 162;
508 163;
508 167;
508 168;
508 171;
508 172;
508 173;
508 178;
508 180;
508 203;
508 204;
508 214;
508 215;
508 217;
508 229;
508 230;
508 231;
508 232;
508 256;
508 258;
508 261;
508 263;
508 264;
508 271;
508 272;
508 273;
508 275;
508 276;
508 282;
508 287;
508 288;
508 289;
508 290;
508 291;
508 292;
508 293;
508 294;
508 295;
508 296;
508 303;
508 304;
508 307;
508 315;
508 322;
508 33;
508 338;
508 343;
508 35;
508 355;
508 363;
508 370;
508 374;
508 375;
508 376;
508 378;
508 380;
508 385;
508 388;
508 391;
508 396;
508 398;
508 399;
508 401;
508 403;
508 404;
508 406;
508 407;
508 409;
508 411;
508 412;
508 414;
508 415;
508 422;
508 429;
508 431;
508 432;
508 434;
508 438;
508 439;
508 441;
508 442;
508 447;
508 448;
508 449;
508 450;
508 451;
508 452;
508 458;
508 460;
508 463;
508 468;
508 47;
508 470;
508 473;
508 476;
508 477;
508 479;
508 48;
508 480;
508 486;
508 487;
508 490;
508 492;
508 493;
508 494;
508 498;
508 499;
508 501;
508 502;
508 506;
508 507;
508 508;
508 509;
508 516;
508 52;
508 522;
508 524;
508 526;
508 528;
508 53;
508 531;
508 533;
508 540;
508 554;
508 558;
508 56;
508 57;
508 58;
508 583;
508 584;
508 594;
508 595;
508 597;
508 609;
508 610;
508 611;
508 612;
508 63;
508 636;
508 638;
508 641;
508 643;
508 644;
508 65;
508 651;
508 652;
508 653;
508 655;
508 656;
508 662;
508 667;
508 668;
508 669;
508 670;
508 671;
508 672;
508 673;
508 674;
508 675;
508 676;
508 679;
508 68;
508 681;
508 684;
508 686;
508 687;
508 69;
508 694;
508 695;
508 696;
508 698;
508 699;
508 705;
508 710;
508 711;
508 712;
508 713;
508 714;
508 715;
508 716;
508 717;
508 718;
508 719;
508 73;
508 74;
508 77;
508 78;
508 79;
508 84;
508 86;
509 124;
509 165;
509 218;
509 278;
509 50;
509 598;
509 658;
509 701;
509 71;
511 12;
511 17;
511 23;
511 27;
511 300;
511 310;
511 312;
511 329;
511 335;
511 341;
511 343;
511 345;
511 349;
511 353;
511 356;
511 360;
511 363;
511 365;
511 368;
511 373;
511 379;
511 38;
511 383;
511 385;
511 391;
511 394;
511 400;
511 403;
511 406;
511 409;
511 41;
511 422;
511 427;
511 43;
511 458;
511 460;
511 463;
511 465;
511 468;
511 470;
511 473;
511 521;
511 524;
511 527;
511 531;
511 545;
511 548;
511 552;
511 557;
511 561;
511 722;
511 724;
511 8;
514 306;
514 396;
514 429;
514 432;
514 9;
515 154;
515 20;
515 23;
515 248;
515 255;
515 27;
515 306;
515 326;
515 346;
515 349;
515 353;
515 370;
515 380;
515 396;
515 401;
515 404;
515 407;
515 429;
515 432;
515 522;
515 525;
515 554;
515 558;
515 628;
515 635;
515 678;
516 21;
516 25;
516 306;
516 326;
516 342;
516 347;
516 351;
516 355;
516 362;
516 370;
516 378;
516 380;
516 384;
516 390;
516 397;
516 399;
516 401;
516 404;
516 407;
516 421;
516 430;
516 433;
516 457;
516 462;
516 467;
516 472;
516 522;
516 525;
516 554;
516 558;
517 154;
517 182;
517 248;
517 282;
517 29;
517 298;
517 306;
517 311;
517 326;
517 342;
517 355;
517 362;
517 366;
517 37;
517 370;
517 378;
517 380;
517 384;
517 390;
517 393;
517 396;
517 399;
517 40;
517 401;
517 404;
517 407;
517 414;
517 421;
517 429;
517 432;
517 441;
517 447;
517 451;
517 457;
517 462;
517 467;
517 472;
517 479;
517 522;
517 525;
517 543;
517 546;
517 554;
517 558;
517 562;
517 628;
517 662;
517 705;
517 721;
517 88;
518 306;
518 326;
518 357;
518 370;
518 380;
518 424;
518 5;
518 518;
518 554;
518 558;
521 12;
521 17;
521 22;
521 256;
521 26;
521 283;
521 312;
521 329;
521 335;
521 341;
521 343;
521 345;
521 348;
521 352;
521 356;
521 360;
521 363;
521 365;
521 373;
521 379;
521 38;
521 383;
521 385;
521 391;
521 394;
521 398;
521 400;
521 41;
521 422;
521 427;
521 43;
521 431;
521 434;
521 458;
521 460;
521 463;
521 465;
521 468;
521 470;
521 473;
521 521;
521 557;
521 561;
521 636;
521 663;
521 679;
521 706;
521 722;
521 724;
521 8;
523 109;
523 135;
523 137;
523 162;
523 168;
523 171;
523 178;
523 180;
523 203;
523 229;
523 231;
523 258;
523 263;
523 264;
523 271;
523 278;
523 287;
523 288;
523 289;
523 290;
523 291;
523 292;
523 293;
523 294;
523 295;
523 296;
523 304;
523 315;
523 375;
523 376;
523 388;
523 412;
523 413;
523 415;
523 416;
523 418;
523 439;
523 440;
523 442;
523 443;
523 445;
523 449;
523 450;
523 451;
523 452;
523 453;
523 455;
523 47;
523 477;
523 478;
523 480;
523 481;
523 483;
523 493;
523 507;
523 508;
523 516;
523 53;
523 533;
523 56;
523 583;
523 609;
523 611;
523 63;
523 638;
523 643;
523 644;
523 65;
523 651;
523 658;
523 667;
523 668;
523 669;
523 670;
523 671;
523 672;
523 673;
523 674;
523 675;
523 676;
523 68;
523 681;
523 686;
523 687;
523 694;
523 701;
523 710;
523 711;
523 712;
523 713;
523 714;
523 715;
523 716;
523 717;
523 718;
523 719;
523 74;
523 77;
523 84;
523 86;
524 108;
524 119;
524 125;
524 138;
524 166;
524 172;
524 202;
524 213;
524 219;
524 232;
524 272;
524 308;
524 309;
524 322;
524 327;
524 329;
524 331;
524 333;
524 335;
524 337;
524 339;
524 340;
524 371;
524 372;
524 381;
524 382;
524 448;
524 486;
524 487;
524 490;
524 492;
524 494;
524 498;
524 499;
524 501;
524 502;
524 506;
524 509;
524 51;
524 540;
524 555;
524 556;
524 559;
524 560;
524 57;
524 582;
524 593;
524 599;
524 612;
524 652;
524 695;
524 72;
524 78;
531 100;
531 101;
531 104;
531 105;
531 106;
531 111;
531 113;
531 116;
531 117;
531 121;
531 122;
531 125;
531 126;
531 127;
531 132;
531 134;
531 137;
531 138;
531 142;
531 143;
531 146;
531 147;
531 148;
531 153;
531 155;
531 158;
531 159;
531 163;
531 164;
531 167;
531 168;
531 169;
531 174;
531 176;
531 18;
531 189;
531 190;
531 194;
531 195;
531 198;
531 199;
531 20;
531 200;
531 205;
531 207;
531 210;
531 211;
531 215;
531 216;
531 219;
531 220;
531 221;
531 226;
531 228;
531 231;
531 233;
531 236;
531 238;
531 239;
531 246;
531 247;
531 248;
531 250;
531 251;
531 257;
531 262;
531 263;
531 264;
531 265;
531 266;
531 267;
531 268;
531 269;
531 270;
531 271;
531 274;
531 276;
531 279;
531 28;
531 281;
531 282;
531 289;
531 29;
531 290;
531 291;
531 293;
531 294;
531 300;
531 307;
531 308;
531 309;
531 310;
531 311;
531 312;
531 313;
531 314;
531 32;
531 33;
531 330;
531 332;
531 334;
531 336;
531 339;
531 341;
531 343;
531 345;
531 347;
531 350;
531 352;
531 360;
531 362;
531 365;
531 37;
531 372;
531 375;
531 376;
531 377;
531 378;
531 379;
531 38;
531 380;
531 386;
531 387;
531 389;
531 390;
531 396;
531 398;
531 400;
531 402;
531 404;
531 406;
531 407;
531 41;
531 416;
531 42;
531 422;
531 425;
531 427;
531 429;
531 43;
531 435;
531 439;
531 444;
531 445;
531 446;
531 447;
531 448;
531 449;
531 457;
531 460;
531 461;
531 463;
531 464;
531 470;
531 473;
531 474;
531 476;
531 477;
531 48;
531 483;
531 484;
531 486;
531 487;
531 493;
531 494;
531 497;
531 499;
531 50;
531 500;
531 501;
531 505;
531 506;
531 508;
531 509;
531 513;
531 514;
531 515;
531 516;
531 523;
531 526;
531 529;
531 53;
531 531;
531 54;
531 542;
531 544;
531 547;
531 549;
531 550;
531 557;
531 558;
531 559;
531 561;
531 562;
531 568;
531 576;
531 578;
531 579;
531 58;
531 580;
531 581;
531 582;
531 585;
531 586;
531 59;
531 590;
531 591;
531 594;
531 595;
531 596;
531 601;
531 608;
531 609;
531 613;
531 614;
531 617;
531 618;
531 619;
531 62;
531 624;
531 63;
531 631;
531 633;
531 636;
531 638;
531 639;
531 64;
531 646;
531 647;
531 648;
531 650;
531 651;
531 657;
531 669;
531 670;
531 671;
531 674;
531 676;
531 679;
531 681;
531 682;
531 689;
531 69;
531 690;
531 691;
531 693;
531 694;
531 700;
531 705;
531 706;
531 707;
531 708;
531 709;
531 71;
531 710;
531 711;
531 712;
531 713;
531 714;
531 721;
531 74;
531 75;
531 79;
531 80;
531 83;
531 84;
531 85;
531 90;
531 92;
531 95;
531 96;
532 119;
532 140;
532 161;
532 192;
532 213;
532 253;
532 296;
532 35;
532 56;
532 564;
532 588;
532 611;
532 653;
532 696;
532 77;
532 98;
534 12;
534 181;
534 187;
534 23;
534 319;
534 325;
534 331;
534 335;
534 339;
534 342;
534 346;
534 351;
534 356;
534 360;
534 362;
534 396;
534 400;
534 402;
534 406;
534 408;
534 413;
534 419;
534 422;
534 425;
534 429;
534 433;
534 435;
534 437;
534 439;
534 441;
534 457;
534 470;
534 526;
534 529;
534 531;
534 533;
534 536;
534 540;
534 8;
538 12;
538 230;
538 273;
538 322;
538 329;
538 340;
538 349;
538 398;
538 404;
538 410;
538 427;
538 5;
538 541;
538 630;
538 673;
538 8;
539 10;
539 322;
539 329;
539 340;
539 349;
539 359;
539 395;
539 398;
539 401;
539 404;
539 407;
539 410;
539 421;
539 424;
539 427;
539 434;
539 438;
539 456;
539 469;
539 525;
539 528;
539 6;
540 14;
540 22;
540 257;
540 300;
540 322;
540 329;
540 340;
540 349;
540 354;
540 359;
540 375;
540 379;
540 389;
540 395;
540 398;
540 401;
540 404;
540 407;
540 410;
540 421;
540 424;
540 427;
540 434;
540 438;
540 444;
540 448;
540 456;
540 463;
540 469;
540 476;
540 486;
540 525;
540 528;
540 534;
540 568;
540 603;
540 626;
540 657;
540 700;
541 178;
541 316;
541 322;
541 410;
541 430;
541 537;
544 11;
544 181;
544 187;
544 23;
544 231;
544 258;
544 274;
544 301;
544 319;
544 325;
544 360;
544 362;
544 396;
544 402;
544 408;
544 413;
544 419;
544 422;
544 425;
544 433;
544 435;
544 437;
544 439;
544 441;
544 457;
544 470;
544 526;
544 529;
544 531;
544 533;
544 540;
544 542;
544 569;
544 631;
544 658;
544 674;
544 7;
544 701;
546 101;
546 104;
546 111;
546 113;
546 116;
546 122;
546 125;
546 132;
546 134;
546 137;
546 143;
546 146;
546 153;
546 155;
546 158;
546 164;
546 167;
546 174;
546 176;
546 189;
546 195;
546 198;
546 205;
546 207;
546 210;
546 216;
546 219;
546 226;
546 228;
546 233;
546 238;
546 239;
546 246;
546 253;
546 262;
546 263;
546 264;
546 265;
546 266;
546 267;
546 268;
546 269;
546 270;
546 271;
546 276;
546 28;
546 281;
546 282;
546 289;
546 296;
546 307;
546 308;
546 309;
546 310;
546 311;
546 312;
546 313;
546 314;
546 32;
546 365;
546 377;
546 378;
546 379;
546 38;
546 380;
546 381;
546 383;
546 387;
546 388;
546 390;
546 391;
546 393;
546 41;
546 446;
546 447;
546 448;
546 449;
546 450;
546 452;
546 461;
546 462;
546 464;
546 465;
546 467;
546 474;
546 475;
546 477;
546 478;
546 48;
546 480;
546 484;
546 485;
546 487;
546 488;
546 490;
546 50;
546 500;
546 514;
546 515;
546 523;
546 53;
546 544;
546 549;
546 550;
546 557;
546 564;
546 576;
546 578;
546 579;
546 580;
546 581;
546 582;
546 585;
546 59;
546 591;
546 594;
546 601;
546 608;
546 614;
546 617;
546 62;
546 624;
546 633;
546 638;
546 639;
546 646;
546 653;
546 669;
546 670;
546 671;
546 676;
546 681;
546 682;
546 689;
546 69;
546 696;
546 705;
546 706;
546 707;
546 708;
546 709;
546 71;
546 710;
546 711;
546 712;
546 713;
546 714;
546 74;
546 80;
546 83;
546 90;
546 92;
546 95;
547 105;
547 120;
547 126;
547 141;
547 147;
547 162;
547 168;
547 193;
547 199;
547 214;
547 220;
547 247;
547 290;
547 323;
547 325;
547 326;
547 327;
547 36;
547 372;
547 376;
547 411;
547 412;
547 414;
547 415;
547 417;
547 418;
547 42;
547 445;
547 493;
547 494;
547 497;
547 499;
547 501;
547 505;
547 506;
547 508;
547 509;
547 513;
547 516;
547 558;
547 57;
547 589;
547 595;
547 612;
547 618;
547 63;
547 647;
547 690;
547 721;
547 78;
547 84;
547 99;
554 100;
554 101;
554 104;
554 105;
554 106;
554 11;
554 111;
554 113;
554 116;
554 117;
554 121;
554 122;
554 125;
554 126;
554 127;
554 132;
554 134;
554 137;
554 138;
554 142;
554 143;
554 146;
554 147;
554 148;
554 153;
554 155;
554 158;
554 159;
554 163;
554 164;
554 167;
554 168;
554 169;
554 174;
554 176;
554 179;
554 185;
554 186;
554 190;
554 191;
554 194;
554 195;
554 196;
554 201;
554 208;
554 209;
554 213;
554 214;
554 217;
554 218;
554 219;
554 224;
554 226;
554 229;
554 231;
554 234;
554 236;
554 237;
554 244;
554 245;
554 246;
554 248;
554 249;
554 255;
554 262;
554 263;
554 264;
554 265;
554 266;
554 267;
554 268;
554 269;
554 275;
554 277;
554 278;
554 279;
554 280;
554 282;
554 284;
554 286;
554 290;
554 292;
554 293;
554 294;
554 296;
554 299;
554 301;
554 307;
554 310;
554 312;
554 328;
554 330;
554 333;
554 335;
554 337;
554 339;
554 341;
554 349;
554 351;
554 355;
554 358;
554 359;
554 360;
554 363;
554 365;
554 37;
554 371;
554 373;
554 378;
554 380;
554 382;
554 384;
554 386;
554 388;
554 390;
554 392;
554 394;
554 396;
554 398;
554 400;
554 402;
554 404;
554 407;
554 408;
554 410;
554 411;
554 417;
554 418;
554 419;
554 421;
554 426;
554 427;
554 428;
554 431;
554 437;
554 438;
554 440;
554 441;
554 446;
554 447;
554 448;
554 449;
554 450;
554 451;
554 457;
554 459;
554 470;
554 472;
554 474;
554 477;
554 480;
554 481;
554 484;
554 486;
554 487;
554 488;
554 492;
554 493;
554 495;
554 496;
554 500;
554 501;
554 502;
554 503;
554 510;
554 512;
554 513;
554 514;
554 515;
554 516;
554 517;
554 52;
554 522;
554 523;
554 524;
554 525;
554 526;
554 527;
554 532;
554 538;
554 54;
554 545;
554 548;
554 553;
554 554;
554 558;
554 559;
554 562;
554 563;
554 564;
554 569;
554 57;
554 576;
554 577;
554 581;
554 582;
554 585;
554 586;
554 587;
554 59;
554 592;
554 599;
554 60;
554 600;
554 604;
554 605;
554 608;
554 609;
554 610;
554 615;
554 621;
554 625;
554 627;
554 628;
554 630;
554 632;
554 634;
554 637;
554 639;
554 640;
554 647;
554 648;
554 649;
554 651;
554 652;
554 658;
554 663;
554 664;
554 665;
554 666;
554 667;
554 668;
554 669;
554 67;
554 670;
554 671;
554 672;
554 675;
554 676;
554 677;
554 68;
554 69;
554 696;
554 698;
554 702;
554 706;
554 708;
554 71;
554 72;
554 78;
554 83;
554 84;
554 85;
554 86;
554 87;
554 88;
554 91;
554 92;
554 95;
554 96;
555 119;
555 140;
555 161;
555 188;
555 211;
555 251;
555 556;
555 579;
555 602;
555 654;
555 74;
555 98;
557 183;
557 27;
557 272;
557 277;
557 283;
557 286;
557 289;
557 291;
557 297;
557 300;
557 304;
557 311;
557 317;
557 323;
557 329;
557 333;
557 336;
557 340;
557 345;
557 349;
557 35;
557 351;
557 355;
557 357;
557 363;
557 366;
557 379;
557 383;
557 387;
557 391;
557 395;
557 399;
557 403;
557 458;
557 46;
557 463;
557 467;
557 470;
557 472;
557 474;
557 477;
557 48;
557 533;
557 535;
557 551;
557 6;
557 624;
557 627;
557 630;
557 686;
557 690;
557 702;
557 704;
557 706;
557 708;
557 713;
557 717;
557 722;
557 8;
560 23;
560 29;
560 714;
561 228;
561 23;
561 275;
561 284;
561 29;
561 298;
561 309;
561 320;
561 327;
561 334;
561 377;
561 456;
561 51;
561 548;
561 621;
561 625;
561 628;
561 631;
561 674;
561 683;
561 686;
561 690;
562 203;
562 23;
562 275;
562 282;
562 284;
562 29;
562 290;
562 296;
562 298;
562 309;
562 320;
562 327;
562 334;
562 348;
562 354;
562 36;
562 362;
562 365;
562 377;
562 456;
562 469;
562 476;
562 532;
562 548;
562 621;
562 625;
562 628;
562 684;
562 688;
562 701;
562 705;
563 17;
563 181;
563 23;
563 255;
563 271;
563 275;
563 282;
563 284;
563 287;
563 290;
563 296;
563 298;
563 30;
563 303;
563 309;
563 320;
563 327;
563 334;
563 343;
563 348;
563 354;
563 36;
563 362;
563 365;
563 367;
563 377;
563 410;
563 420;
563 426;
563 430;
563 440;
563 446;
563 450;
563 456;
563 461;
563 469;
563 47;
563 476;
563 5;
563 512;
563 516;
563 522;
563 526;
563 532;
563 534;
563 548;
563 571;
563 594;
563 617;
563 621;
563 625;
563 628;
563 658;
563 678;
563 692;
563 701;
563 705;
563 78;
564 23;
564 314;
564 320;
564 43;
564 464;
564 548;
564 621;
564 710;
567 229;
567 256;
567 272;
567 283;
567 291;
567 297;
567 304;
567 317;
567 323;
567 349;
567 351;
567 355;
567 357;
567 363;
567 366;
567 46;
567 467;
567 470;
567 472;
567 474;
567 477;
567 48;
567 52;
567 533;
567 535;
567 551;
567 6;
567 624;
567 632;
567 659;
567 685;
567 689;
567 702;
567 704;
567 706;
567 708;
567 713;
567 717;
567 722;
567 79;
567 8;
568 37;
569 101;
569 104;
569 11;
569 111;
569 113;
569 116;
569 122;
569 125;
569 132;
569 134;
569 137;
569 143;
569 146;
569 153;
569 155;
569 158;
569 164;
569 167;
569 174;
569 176;
569 179;
569 185;
569 191;
569 194;
569 201;
569 208;
569 214;
569 217;
569 224;
569 226;
569 231;
569 236;
569 237;
569 244;
569 251;
569 262;
569 263;
569 264;
569 265;
569 266;
569 267;
569 268;
569 269;
569 279;
569 280;
569 293;
569 294;
569 307;
569 359;
569 360;
569 408;
569 409;
569 411;
569 412;
569 414;
569 418;
569 419;
569 420;
569 422;
569 424;
569 428;
569 429;
569 432;
569 434;
569 438;
569 439;
569 441;
569 442;
569 444;
569 448;
569 449;
569 450;
569 451;
569 452;
569 454;
569 487;
569 501;
569 502;
569 510;
569 514;
569 515;
569 516;
569 517;
569 518;
569 520;
569 524;
569 525;
569 526;
569 527;
569 528;
569 530;
569 538;
569 54;
569 553;
569 559;
569 562;
569 569;
569 576;
569 582;
569 585;
569 59;
569 592;
569 599;
569 60;
569 605;
569 608;
569 615;
569 634;
569 639;
569 640;
569 647;
569 654;
569 663;
569 664;
569 665;
569 666;
569 667;
569 668;
569 669;
569 67;
569 670;
569 671;
569 672;
569 74;
569 83;
569 84;
569 85;
569 86;
569 87;
569 88;
569 91;
569 92;
569 95;
570 105;
570 120;
570 126;
570 141;
570 147;
570 162;
570 168;
570 189;
570 195;
570 212;
570 218;
570 24;
570 245;
570 25;
570 27;
570 29;
570 321;
570 323;
570 324;
570 325;
570 33;
570 34;
570 427;
570 447;
570 480;
570 481;
570 484;
570 486;
570 488;
570 492;
570 493;
570 495;
570 496;
570 500;
570 503;
570 513;
570 523;
570 545;
570 549;
570 550;
570 557;
570 563;
570 580;
570 586;
570 603;
570 609;
570 622;
570 623;
570 648;
570 68;
570 99;
577 100;
577 101;
577 104;
577 105;
577 106;
577 111;
577 113;
577 116;
577 117;
577 121;
577 122;
577 125;
577 126;
577 127;
577 132;
577 134;
577 137;
577 138;
577 142;
577 143;
577 146;
577 147;
577 148;
577 15;
577 153;
577 155;
577 158;
577 159;
577 163;
577 164;
577 167;
577 168;
577 169;
577 17;
577 174;
577 176;
577 179;
577 195;
577 199;
577 200;
577 202;
577 203;
577 208;
577 209;
577 21;
577 213;
577 214;
577 217;
577 218;
577 219;
577 224;
577 23;
577 231;
577 232;
577 236;
577 237;
577 240;
577 241;
577 242;
577 247;
577 249;
577 25;
577 268;
577 27;
577 270;
577 274;
577 275;
577 284;
577 287;
577 29;
577 290;
577 291;
577 292;
577 298;
577 299;
577 300;
577 302;
577 305;
577 307;
577 309;
577 31;
577 311;
577 312;
577 313;
577 316;
577 318;
577 321;
577 330;
577 332;
577 335;
577 337;
577 34;
577 342;
577 344;
577 36;
577 364;
577 366;
577 368;
577 369;
577 370;
577 373;
577 38;
577 382;
577 385;
577 387;
577 389;
577 391;
577 393;
577 395;
577 399;
577 40;
577 402;
577 404;
577 406;
577 407;
577 409;
577 412;
577 414;
577 42;
577 423;
577 424;
577 425;
577 427;
577 432;
577 433;
577 434;
577 435;
577 436;
577 437;
577 44;
577 442;
577 443;
577 444;
577 447;
577 453;
577 455;
577 457;
577 459;
577 46;
577 461;
577 463;
577 465;
577 467;
577 470;
577 471;
577 472;
577 474;
577 480;
577 481;
577 484;
577 486;
577 487;
577 488;
577 492;
577 493;
577 495;
577 496;
577 500;
577 501;
577 502;
577 503;
577 510;
577 513;
577 515;
577 517;
577 519;
577 52;
577 521;
577 523;
577 526;
577 528;
577 530;
577 532;
577 54;
577 548;
577 562;
577 566;
577 57;
577 571;
577 572;
577 576;
577 577;
577 580;
577 581;
577 582;
577 587;
577 59;
577 594;
577 596;
577 599;
577 60;
577 601;
577 602;
577 609;
577 610;
577 611;
577 613;
577 614;
577 620;
577 630;
577 631;
577 632;
577 633;
577 634;
577 637;
577 639;
577 642;
577 644;
577 645;
577 652;
577 653;
577 654;
577 656;
577 657;
577 663;
577 67;
577 675;
577 677;
577 68;
577 680;
577 682;
577 686;
577 688;
577 689;
577 69;
577 691;
577 695;
577 697;
577 71;
577 72;
577 720;
577 722;
577 78;
577 85;
577 86;
577 87;
577 88;
577 89;
577 90;
577 91;
577 92;
577 95;
577 96;
578 119;
578 140;
578 161;
578 211;
578 234;
578 574;
578 616;
578 659;
578 74;
578 98;
580 11;
580 15;
580 17;
580 19;
580 22;
580 254;
580 258;
580 26;
580 262;
580 279;
580 283;
580 285;
580 288;
580 297;
580 30;
580 303;
580 306;
580 310;
580 317;
580 321;
580 325;
580 331;
580 336;
580 34;
580 343;
580 349;
580 355;
580 359;
580 36;
580 379;
580 385;
580 387;
580 389;
580 39;
580 391;
580 393;
580 398;
580 400;
580 402;
580 406;
580 408;
580 410;
580 412;
580 414;
580 419;
580 42;
580 44;
580 453;
580 456;
580 459;
580 46;
580 462;
580 466;
580 50;
580 514;
580 518;
580 522;
580 527;
580 531;
580 553;
580 556;
580 560;
580 565;
580 569;
580 680;
580 685;
580 688;
580 691;
580 695;
580 697;
580 699;
580 7;
580 702;
580 706;
580 710;
580 714;
584 20;
584 255;
584 258;
584 262;
584 304;
584 315;
584 322;
584 329;
584 334;
584 341;
584 346;
584 395;
584 40;
584 404;
584 457;
584 460;
584 51;
584 512;
584 525;
584 562;
584 566;
584 593;
584 636;
584 682;
584 686;
584 689;
584 707;
584 710;
584 714;
585 14;
585 20;
585 256;
585 260;
585 284;
585 287;
585 302;
585 304;
585 309;
585 315;
585 322;
585 329;
585 33;
585 334;
585 341;
585 346;
585 38;
585 384;
585 395;
585 399;
585 40;
585 401;
585 404;
585 407;
585 409;
585 411;
585 43;
585 452;
585 455;
585 457;
585 460;
585 512;
585 525;
585 562;
585 566;
585 679;
585 682;
585 686;
585 689;
585 694;
585 708;
585 712;
586 14;
586 185;
586 20;
586 226;
586 264;
586 277;
586 284;
586 287;
586 302;
586 304;
586 309;
586 315;
586 322;
586 329;
586 33;
586 334;
586 341;
586 346;
586 353;
586 360;
586 368;
586 372;
586 378;
586 38;
586 384;
586 395;
586 399;
586 40;
586 401;
586 404;
586 407;
586 409;
586 411;
586 426;
586 43;
586 432;
586 436;
586 442;
586 446;
586 452;
586 455;
586 457;
586 460;
586 473;
586 48;
586 5;
586 512;
586 525;
586 538;
586 551;
586 554;
586 562;
586 566;
586 589;
586 620;
586 663;
586 679;
586 682;
586 686;
586 689;
586 694;
586 700;
586 716;
586 78;
587 251;
587 294;
587 322;
587 346;
587 356;
587 395;
587 416;
587 562;
587 566;
587 682;
587 703;
590 15;
590 17;
590 19;
590 254;
590 257;
590 261;
590 285;
590 288;
590 297;
590 303;
590 310;
590 325;
590 34;
590 349;
590 359;
590 36;
590 379;
590 385;
590 387;
590 389;
590 39;
590 391;
590 393;
590 398;
590 400;
590 402;
590 408;
590 410;
590 412;
590 414;
590 419;
590 44;
590 453;
590 456;
590 46;
590 52;
590 565;
590 569;
590 594;
590 621;
590 637;
590 664;
590 680;
590 685;
590 695;
590 697;
590 699;
590 706;
590 709;
590 713;
590 79;
592 101;
592 104;
592 111;
592 113;
592 116;
592 122;
592 125;
592 132;
592 134;
592 137;
592 143;
592 146;
592 153;
592 155;
592 158;
592 164;
592 167;
592 174;
592 176;
592 179;
592 199;
592 203;
592 208;
592 214;
592 217;
592 224;
592 231;
592 237;
592 240;
592 247;
592 249;
592 274;
592 275;
592 291;
592 292;
592 299;
592 300;
592 312;
592 313;
592 370;
592 371;
592 374;
592 376;
592 382;
592 424;
592 425;
592 426;
592 428;
592 430;
592 434;
592 435;
592 436;
592 437;
592 438;
592 440;
592 444;
592 445;
592 448;
592 450;
592 471;
592 472;
592 473;
592 475;
592 477;
592 487;
592 501;
592 502;
592 510;
592 54;
592 571;
592 577;
592 580;
592 587;
592 59;
592 596;
592 60;
592 601;
592 602;
592 609;
592 616;
592 630;
592 631;
592 632;
592 633;
592 634;
592 639;
592 644;
592 645;
592 652;
592 659;
592 67;
592 675;
592 677;
592 74;
592 85;
592 86;
592 87;
592 88;
592 89;
592 90;
592 91;
592 92;
592 95;
593 105;
593 120;
593 126;
593 141;
593 147;
593 162;
593 168;
593 195;
593 212;
593 218;
593 235;
593 241;
593 323;
593 325;
593 326;
593 327;
593 347;
593 349;
593 350;
593 351;
593 369;
593 396;
593 397;
593 433;
593 443;
593 480;
593 481;
593 484;
593 486;
593 488;
593 492;
593 493;
593 495;
593 496;
593 500;
593 503;
593 548;
593 563;
593 564;
593 567;
593 568;
593 575;
593 581;
593 610;
593 653;
593 68;
593 683;
593 684;
593 99;
600 100;
600 102;
600 106;
600 110;
600 113;
600 115;
600 116;
600 117;
600 119;
600 121;
600 122;
600 123;
600 129;
600 133;
600 135;
600 136;
600 137;
600 139;
600 141;
600 145;
600 149;
600 151;
600 152;
600 153;
600 155;
600 157;
600 158;
600 159;
600 161;
600 162;
600 163;
600 164;
600 166;
600 168;
600 169;
600 170;
600 173;
600 187;
600 19;
600 190;
600 191;
600 194;
600 196;
600 197;
600 198;
600 202;
600 203;
600 205;
600 207;
600 210;
600 214;
600 215;
600 218;
600 220;
600 221;
600 222;
600 226;
600 227;
600 229;
600 23;
600 230;
600 234;
600 235;
600 237;
600 244;
600 248;
600 249;
600 25;
600 252;
600 254;
600 255;
600 256;
600 26;
600 260;
600 261;
600 263;
600 264;
600 268;
600 269;
600 27;
600 271;
600 274;
600 275;
600 278;
600 280;
600 281;
600 282;
600 286;
600 287;
600 289;
600 29;
600 297;
600 308;
600 31;
600 310;
600 326;
600 330;
600 334;
600 337;
600 340;
600 349;
600 35;
600 362;
600 37;
600 375;
600 379;
600 38;
600 381;
600 39;
600 407;
600 41;
600 411;
600 412;
600 413;
600 414;
600 415;
600 416;
600 421;
600 422;
600 423;
600 424;
600 425;
600 426;
600 434;
600 439;
600 445;
600 447;
600 449;
600 456;
600 458;
600 462;
600 465;
600 468;
600 470;
600 472;
600 474;
600 480;
600 481;
600 482;
600 484;
600 489;
600 490;
600 491;
600 492;
600 493;
600 494;
600 500;
600 502;
600 505;
600 508;
600 509;
600 510;
600 513;
600 518;
600 519;
600 52;
600 520;
600 521;
600 522;
600 523;
600 529;
600 532;
600 534;
600 536;
600 54;
600 55;
600 550;
600 552;
600 554;
600 556;
600 558;
600 56;
600 560;
600 562;
600 564;
600 566;
600 568;
600 571;
600 573;
600 575;
600 577;
600 579;
600 58;
600 581;
600 583;
600 585;
600 587;
600 589;
600 592;
600 594;
600 596;
600 598;
600 60;
600 600;
600 602;
600 604;
600 606;
600 609;
600 611;
600 618;
600 62;
600 622;
600 624;
600 628;
600 63;
600 630;
600 633;
600 634;
600 639;
600 64;
600 641;
600 651;
600 653;
600 656;
600 658;
600 66;
600 660;
600 664;
600 666;
600 668;
600 68;
600 688;
600 690;
600 695;
600 697;
600 70;
600 700;
600 701;
600 702;
600 709;
600 71;
600 711;
600 713;
600 715;
600 718;
600 73;
600 74;
600 78;
600 80;
600 81;
600 82;
600 84;
600 92;
600 94;
600 96;
600 97;
600 99;
603 101;
603 105;
603 107;
603 111;
603 128;
603 132;
603 140;
603 144;
603 148;
603 177;
603 180;
603 184;
603 188;
603 208;
603 211;
603 242;
603 245;
603 294;
603 30;
603 308;
603 310;
603 316;
603 324;
603 326;
603 331;
603 334;
603 336;
603 338;
603 34;
603 341;
603 345;
603 366;
603 369;
603 373;
603 375;
603 377;
603 379;
603 381;
603 386;
603 392;
603 398;
603 404;
603 410;
603 434;
603 436;
603 439;
603 44;
603 441;
603 445;
603 447;
603 449;
603 454;
603 458;
603 462;
603 465;
603 469;
603 473;
603 478;
603 48;
603 500;
603 502;
603 505;
603 507;
603 532;
603 534;
603 536;
603 540;
603 542;
603 545;
603 547;
603 551;
603 555;
603 559;
603 563;
603 567;
603 572;
603 576;
603 580;
603 584;
603 588;
603 59;
603 593;
603 597;
603 601;
603 605;
603 609;
603 611;
603 613;
603 615;
603 623;
603 629;
603 633;
603 637;
603 640;
603 646;
603 652;
603 656;
603 658;
603 660;
603 664;
603 666;
603 668;
603 67;
603 670;
603 674;
603 678;
603 682;
603 695;
603 697;
603 710;
603 714;
603 718;
603 721;
603 725;
603 73;
603 77;
603 85;
603 87;
603 89;
603 96;
606 312;
606 318;
606 68;
606 97;
607 102;
607 113;
607 119;
607 129;
607 133;
607 141;
607 145;
607 149;
607 155;
607 166;
607 23;
607 31;
607 35;
607 383;
607 41;
607 45;
607 456;
607 467;
607 52;
607 549;
607 570;
607 591;
607 60;
607 621;
607 627;
607 634;
607 638;
607 643;
607 650;
607 675;
607 678;
607 68;
607 682;
607 699;
607 708;
607 71;
607 74;
607 80;
607 94;
607 97;
608 100;
608 102;
608 106;
608 110;
608 129;
608 139;
608 141;
608 145;
608 187;
608 207;
608 210;
608 244;
608 29;
608 296;
608 307;
608 31;
608 325;
608 330;
608 333;
608 337;
608 340;
608 346;
608 374;
608 378;
608 383;
608 41;
608 433;
608 438;
608 444;
608 45;
608 456;
608 461;
608 464;
608 467;
608 499;
608 504;
608 531;
608 549;
608 570;
608 58;
608 591;
608 608;
608 621;
608 627;
608 634;
608 638;
608 643;
608 650;
608 657;
608 66;
608 663;
608 676;
608 680;
608 69;
608 694;
608 708;
608 71;
608 74;
608 84;
608 94;
608 98;
609 100;
609 102;
609 106;
609 110;
609 115;
609 121;
609 129;
609 135;
609 139;
609 141;
609 145;
609 151;
609 157;
609 168;
609 175;
609 178;
609 187;
609 207;
609 210;
609 244;
609 25;
609 29;
609 296;
609 307;
609 31;
609 325;
609 330;
609 333;
609 337;
609 340;
609 346;
609 364;
609 367;
609 37;
609 374;
609 378;
609 383;
609 41;
609 411;
609 415;
609 421;
609 425;
609 433;
609 438;
609 444;
609 45;
609 456;
609 461;
609 464;
609 467;
609 476;
609 483;
609 489;
609 493;
609 499;
609 504;
609 508;
609 512;
609 518;
609 522;
609 531;
609 538;
609 54;
609 541;
609 544;
609 549;
609 570;
609 58;
609 591;
609 608;
609 614;
609 62;
609 621;
609 627;
609 634;
609 638;
609 643;
609 650;
609 657;
609 66;
609 663;
609 68;
609 684;
609 694;
609 703;
609 708;
609 71;
609 719;
609 74;
609 79;
609 84;
609 86;
609 9;
609 94;
609 97;
610 102;
610 125;
610 129;
610 141;
610 145;
610 239;
610 291;
610 31;
610 312;
610 342;
610 383;
610 41;
610 45;
610 451;
610 634;
610 643;
610 671;
610 74;
613 101;
613 105;
613 107;
613 111;
613 128;
613 132;
613 140;
613 144;
613 148;
613 188;
613 208;
613 211;
613 242;
613 245;
613 294;
613 30;
613 308;
613 310;
613 326;
613 331;
613 334;
613 336;
613 338;
613 34;
613 341;
613 345;
613 375;
613 377;
613 379;
613 381;
613 386;
613 392;
613 398;
613 404;
613 410;
613 434;
613 436;
613 439;
613 44;
613 441;
613 445;
613 447;
613 449;
613 454;
613 462;
613 465;
613 48;
613 500;
613 502;
613 505;
613 507;
613 532;
613 534;
613 536;
613 542;
613 545;
613 547;
613 59;
613 609;
613 611;
613 613;
613 615;
613 637;
613 646;
613 658;
613 660;
613 664;
613 666;
613 668;
613 67;
613 670;
613 674;
613 677;
613 681;
613 695;
613 697;
613 70;
613 77;
613 82;
613 85;
613 87;
613 89;
613 99;
615 162;
615 163;
615 164;
615 173;
615 196;
615 197;
615 203;
615 205;
615 220;
615 221;
615 237;
615 254;
615 255;
615 271;
615 280;
615 281;
615 287;
615 289;
615 362;
615 413;
615 414;
615 415;
615 416;
615 417;
615 419;
615 423;
615 424;
615 425;
615 426;
615 427;
615 429;
615 481;
615 482;
615 483;
615 485;
615 487;
615 491;
615 492;
615 493;
615 494;
615 495;
615 497;
615 510;
615 511;
615 514;
615 516;
615 520;
615 521;
615 522;
615 523;
615 524;
615 526;
615 529;
615 618;
615 92;
616 103;
616 104;
616 130;
616 131;
616 142;
616 143;
616 146;
616 147;
616 19;
616 190;
616 191;
616 194;
616 198;
616 202;
616 214;
616 215;
616 218;
616 222;
616 226;
616 227;
616 229;
616 230;
616 234;
616 235;
616 248;
616 249;
616 252;
616 256;
616 260;
616 261;
616 263;
616 264;
616 268;
616 269;
616 274;
616 275;
616 278;
616 282;
616 286;
616 316;
616 32;
616 323;
616 33;
616 384;
616 386;
616 388;
616 390;
616 392;
616 394;
616 396;
616 398;
616 400;
616 402;
616 404;
616 406;
616 408;
616 409;
616 412;
616 42;
616 422;
616 43;
616 46;
616 47;
616 49;
616 490;
616 50;
616 509;
616 519;
616 635;
616 636;
616 644;
616 645;
616 647;
616 648;
616 75;
616 76;
623 100;
623 102;
623 104;
623 106;
623 107;
623 108;
623 110;
623 112;
623 120;
623 122;
623 123;
623 125;
623 126;
623 127;
623 129;
623 13;
623 133;
623 139;
623 141;
623 143;
623 144;
623 145;
623 147;
623 149;
623 151;
623 152;
623 153;
623 155;
623 157;
623 158;
623 160;
623 161;
623 163;
623 170;
623 185;
623 187;
623 191;
623 192;
623 195;
623 197;
623 198;
623 199;
623 20;
623 203;
623 204;
623 206;
623 209;
623 210;
623 213;
623 215;
623 216;
623 217;
623 22;
623 221;
623 222;
623 224;
623 226;
623 231;
623 24;
623 244;
623 248;
623 249;
623 252;
623 254;
623 255;
623 256;
623 26;
623 260;
623 261;
623 263;
623 264;
623 268;
623 269;
623 27;
623 271;
623 273;
623 274;
623 28;
623 281;
623 284;
623 287;
623 288;
623 291;
623 293;
623 294;
623 295;
623 299;
623 30;
623 300;
623 302;
623 303;
623 307;
623 308;
623 310;
623 313;
623 314;
623 317;
623 319;
623 32;
623 320;
623 321;
623 325;
623 326;
623 328;
623 329;
623 33;
623 333;
623 334;
623 335;
623 336;
623 34;
623 343;
623 349;
623 351;
623 354;
623 357;
623 36;
623 370;
623 371;
623 372;
623 375;
623 38;
623 380;
623 381;
623 382;
623 383;
623 384;
623 385;
623 39;
623 390;
623 391;
623 392;
623 393;
623 394;
623 395;
623 40;
623 401;
623 402;
623 403;
623 405;
623 410;
623 411;
623 412;
623 415;
623 42;
623 422;
623 424;
623 426;
623 428;
623 43;
623 430;
623 432;
623 434;
623 435;
623 436;
623 437;
623 438;
623 439;
623 44;
623 445;
623 447;
623 449;
623 450;
623 451;
623 452;
623 453;
623 454;
623 46;
623 465;
623 466;
623 467;
623 468;
623 469;
623 470;
623 475;
623 476;
623 477;
623 48;
623 480;
623 485;
623 486;
623 487;
623 488;
623 489;
623 49;
623 490;
623 50;
623 502;
623 503;
623 508;
623 51;
623 514;
623 516;
623 519;
623 521;
623 523;
623 525;
623 527;
623 53;
623 531;
623 536;
623 537;
623 538;
623 539;
623 540;
623 541;
623 549;
623 55;
623 551;
623 553;
623 559;
623 56;
623 561;
623 565;
623 567;
623 569;
623 57;
623 571;
623 573;
623 575;
623 577;
623 579;
623 581;
623 583;
623 585;
623 587;
623 589;
623 59;
623 591;
623 594;
623 599;
623 6;
623 606;
623 61;
623 610;
623 612;
623 614;
623 616;
623 619;
623 622;
623 624;
623 626;
623 628;
623 631;
623 634;
623 639;
623 643;
623 646;
623 648;
623 650;
623 652;
623 655;
623 671;
623 676;
623 678;
623 682;
623 69;
623 690;
623 694;
623 695;
623 696;
623 703;
623 705;
623 71;
623 712;
623 72;
623 74;
623 78;
623 80;
623 81;
623 82;
623 85;
623 92;
623 96;
623 98;
623 99;
626 103;
626 112;
626 116;
626 122;
626 132;
626 134;
626 136;
626 140;
626 148;
626 157;
626 160;
626 163;
626 167;
626 173;
626 176;
626 18;
626 180;
626 22;
626 227;
626 277;
626 279;
626 282;
626 285;
626 354;
626 357;
626 359;
626 363;
626 367;
626 423;
626 425;
626 428;
626 430;
626 432;
626 445;
626 447;
626 462;
626 48;
626 497;
626 501;
626 508;
626 512;
626 514;
626 516;
626 519;
626 521;
626 523;
626 525;
626 527;
626 531;
626 535;
626 549;
626 551;
626 553;
626 566;
626 570;
626 574;
626 578;
626 582;
626 586;
626 590;
626 594;
626 599;
626 604;
626 606;
626 608;
626 61;
626 611;
626 615;
626 619;
626 623;
626 627;
626 631;
626 634;
626 636;
626 640;
626 643;
626 647;
626 65;
626 651;
626 655;
626 659;
626 665;
626 672;
626 676;
626 679;
626 683;
626 687;
626 690;
626 692;
626 704;
626 71;
626 717;
626 720;
626 724;
626 77;
629 72;
630 104;
630 110;
630 113;
630 120;
630 125;
630 129;
630 143;
630 149;
630 155;
630 158;
630 161;
630 164;
630 20;
630 26;
630 32;
630 360;
630 363;
630 367;
630 38;
630 426;
630 46;
630 55;
630 564;
630 59;
630 609;
630 62;
630 621;
630 645;
630 656;
630 69;
630 693;
630 702;
630 72;
630 80;
630 98;
631 102;
631 110;
631 113;
631 120;
631 129;
631 133;
631 139;
631 147;
631 155;
631 158;
631 161;
631 164;
631 20;
631 226;
631 228;
631 281;
631 284;
631 353;
631 356;
631 361;
631 365;
631 422;
631 424;
631 426;
631 429;
631 444;
631 46;
631 507;
631 513;
631 518;
631 530;
631 548;
631 564;
631 59;
631 593;
631 598;
631 605;
631 609;
631 62;
631 621;
631 633;
631 639;
631 642;
631 645;
631 656;
631 671;
631 675;
631 678;
631 682;
631 689;
631 69;
631 702;
631 73;
632 102;
632 106;
632 110;
632 113;
632 120;
632 124;
632 129;
632 133;
632 135;
632 139;
632 142;
632 147;
632 151;
632 155;
632 158;
632 16;
632 161;
632 164;
632 174;
632 181;
632 20;
632 226;
632 228;
632 25;
632 276;
632 281;
632 284;
632 31;
632 345;
632 353;
632 356;
632 37;
632 370;
632 374;
632 380;
632 384;
632 390;
632 394;
632 404;
632 410;
632 414;
632 422;
632 424;
632 426;
632 429;
632 434;
632 438;
632 444;
632 449;
632 453;
632 46;
632 465;
632 469;
632 475;
632 479;
632 485;
632 489;
632 495;
632 507;
632 510;
632 513;
632 518;
632 530;
632 533;
632 536;
632 54;
632 540;
632 548;
632 555;
632 564;
632 59;
632 593;
632 598;
632 605;
632 609;
632 62;
632 621;
632 633;
632 639;
632 642;
632 645;
632 656;
632 671;
632 675;
632 678;
632 682;
632 689;
632 69;
632 697;
632 702;
632 715;
632 718;
632 72;
632 75;
632 79;
632 97;
633 113;
633 129;
633 164;
633 177;
633 459;
633 601;
633 62;
633 656;
633 684;
636 100;
636 103;
636 116;
636 127;
636 132;
636 134;
636 136;
636 140;
636 145;
636 148;
636 167;
636 173;
636 180;
636 227;
636 277;
636 279;
636 28;
636 282;
636 285;
636 34;
636 354;
636 357;
636 359;
636 362;
636 366;
636 40;
636 423;
636 425;
636 430;
636 432;
636 445;
636 447;
636 462;
636 508;
636 514;
636 516;
636 519;
636 521;
636 523;
636 525;
636 527;
636 531;
636 549;
636 551;
636 553;
636 57;
636 594;
636 599;
636 604;
636 606;
636 608;
636 634;
636 636;
636 640;
636 643;
636 65;
636 659;
636 665;
636 672;
636 676;
636 679;
636 683;
636 687;
636 690;
636 692;
636 74;
636 82;
638 197;
638 198;
638 204;
638 206;
638 215;
638 216;
638 222;
638 224;
638 244;
638 254;
638 255;
638 271;
638 274;
638 293;
638 294;
638 310;
638 320;
638 334;
638 335;
638 343;
638 372;
638 373;
638 376;
638 378;
638 382;
638 383;
638 384;
638 385;
638 386;
638 388;
638 392;
638 393;
638 394;
638 395;
638 396;
638 398;
638 402;
638 403;
638 404;
638 406;
638 408;
638 412;
638 413;
638 416;
638 418;
638 43;
638 436;
638 437;
638 438;
638 439;
638 44;
638 440;
638 442;
638 451;
638 452;
638 453;
638 454;
638 455;
638 457;
638 467;
638 468;
638 469;
638 470;
638 471;
638 473;
638 477;
638 478;
638 481;
638 483;
638 487;
638 488;
638 489;
638 490;
638 491;
638 493;
638 50;
638 503;
638 51;
638 538;
638 539;
638 540;
638 541;
638 542;
638 544;
638 6;
638 85;
639 114;
639 115;
639 117;
639 118;
639 13;
639 130;
639 131;
639 165;
639 167;
639 168;
639 169;
639 171;
639 172;
639 191;
639 192;
639 195;
639 199;
639 203;
639 209;
639 210;
639 213;
639 217;
639 221;
639 248;
639 249;
639 252;
639 256;
639 260;
639 261;
639 263;
639 264;
639 268;
639 269;
639 287;
639 288;
639 291;
639 295;
639 299;
639 300;
639 302;
639 303;
639 307;
639 308;
639 313;
639 314;
639 317;
639 319;
639 321;
639 325;
639 326;
639 328;
639 329;
639 333;
639 336;
639 371;
639 381;
639 391;
639 411;
639 435;
639 450;
639 466;
639 476;
639 486;
639 537;
639 63;
639 64;
639 657;
639 659;
639 66;
639 661;
639 663;
639 665;
639 667;
639 67;
639 712;
639 92;
646 100;
646 102;
646 104;
646 112;
646 114;
646 115;
646 117;
646 118;
646 119;
646 121;
646 123;
646 124;
646 126;
646 128;
646 136;
646 138;
646 150;
646 152;
646 156;
646 158;
646 159;
646 160;
646 162;
646 164;
646 166;
646 167;
646 169;
646 17;
646 170;
646 171;
646 174;
646 19;
646 202;
646 204;
646 206;
646 207;
646 210;
646 211;
646 214;
646 216;
646 217;
646 218;
646 222;
646 223;
646 225;
646 226;
646 230;
646 231;
646 232;
646 233;
646 240;
646 243;
646 244;
646 247;
646 249;
646 250;
646 251;
646 255;
646 256;
646 258;
646 259;
646 263;
646 264;
646 265;
646 266;
646 27;
646 273;
646 276;
646 278;
646 282;
646 286;
646 29;
646 290;
646 292;
646 294;
646 30;
646 301;
646 305;
646 306;
646 309;
646 311;
646 312;
646 313;
646 317;
646 318;
646 32;
646 320;
646 321;
646 325;
646 326;
646 327;
646 328;
646 33;
646 335;
646 337;
646 34;
646 340;
646 342;
646 346;
646 347;
646 350;
646 352;
646 353;
646 354;
646 358;
646 359;
646 36;
646 361;
646 366;
646 367;
646 368;
646 370;
646 38;
646 383;
646 385;
646 388;
646 389;
646 39;
646 390;
646 392;
646 399;
646 400;
646 402;
646 403;
646 41;
646 410;
646 411;
646 412;
646 413;
646 414;
646 415;
646 42;
646 424;
646 426;
646 43;
646 431;
646 433;
646 435;
646 436;
646 437;
646 438;
646 439;
646 440;
646 441;
646 446;
646 447;
646 448;
646 449;
646 450;
646 451;
646 456;
646 457;
646 458;
646 459;
646 460;
646 461;
646 468;
646 469;
646 470;
646 471;
646 472;
646 473;
646 478;
646 480;
646 481;
646 482;
646 483;
646 484;
646 485;
646 490;
646 491;
646 492;
646 493;
646 494;
646 495;
646 500;
646 501;
646 502;
646 503;
646 504;
646 505;
646 521;
646 523;
646 526;
646 528;
646 53;
646 531;
646 533;
646 537;
646 539;
646 543;
646 549;
646 55;
646 554;
646 556;
646 558;
646 56;
646 561;
646 563;
646 566;
646 572;
646 574;
646 58;
646 582;
646 583;
646 584;
646 59;
646 591;
646 597;
646 6;
646 60;
646 603;
646 605;
646 607;
646 611;
646 616;
646 618;
646 62;
646 620;
646 622;
646 623;
646 625;
646 626;
646 628;
646 636;
646 638;
646 64;
646 640;
646 642;
646 645;
646 647;
646 649;
646 65;
646 651;
646 654;
646 656;
646 658;
646 661;
646 663;
646 665;
646 667;
646 670;
646 674;
646 676;
646 679;
646 688;
646 690;
646 694;
646 696;
646 698;
646 700;
646 702;
646 704;
646 706;
646 708;
646 711;
646 713;
646 72;
646 74;
646 82;
646 84;
646 94;
646 97;
646 98;
646 99;
649 107;
649 111;
649 114;
649 123;
649 125;
649 128;
649 132;
649 138;
649 142;
649 147;
649 155;
649 163;
649 166;
649 175;
649 181;
649 186;
649 19;
649 192;
649 196;
649 23;
649 276;
649 278;
649 280;
649 282;
649 284;
649 286;
649 288;
649 29;
649 290;
649 292;
649 294;
649 296;
649 300;
649 302;
649 338;
649 340;
649 342;
649 344;
649 378;
649 38;
649 40;
649 431;
649 435;
649 46;
649 479;
649 49;
649 51;
649 512;
649 516;
649 526;
649 528;
649 531;
649 533;
649 537;
649 539;
649 543;
649 545;
649 549;
649 554;
649 557;
649 559;
649 562;
649 566;
649 570;
649 572;
649 574;
649 578;
649 597;
649 603;
649 605;
649 607;
649 609;
649 614;
649 617;
649 622;
649 625;
649 628;
649 630;
649 632;
649 638;
649 64;
649 641;
649 646;
649 650;
649 654;
649 657;
649 66;
649 662;
649 666;
649 670;
649 675;
649 679;
649 683;
649 695;
649 699;
649 70;
649 703;
649 707;
649 711;
649 717;
649 720;
649 724;
649 74;
649 78;
649 84;
649 89;
649 95;
652 102;
652 178;
652 53;
652 593;
652 599;
652 610;
652 85;
652 91;
653 102;
653 112;
653 117;
653 121;
653 126;
653 129;
653 136;
653 139;
653 152;
653 158;
653 164;
653 167;
653 17;
653 173;
653 189;
653 192;
653 196;
653 20;
653 27;
653 30;
653 36;
653 433;
653 53;
653 560;
653 58;
653 581;
653 593;
653 599;
653 610;
653 615;
653 62;
653 620;
653 623;
653 626;
653 636;
653 639;
653 644;
653 655;
653 660;
653 673;
653 693;
653 72;
653 75;
653 82;
653 85;
653 91;
654 103;
654 112;
654 121;
654 124;
654 126;
654 129;
654 136;
654 139;
654 152;
654 162;
654 164;
654 17;
654 190;
654 194;
654 20;
654 27;
654 275;
654 281;
654 285;
654 289;
654 301;
654 337;
654 339;
654 36;
654 39;
654 430;
654 433;
654 478;
654 525;
654 530;
654 536;
654 54;
654 542;
654 548;
654 553;
654 556;
654 558;
654 560;
654 571;
654 593;
654 599;
654 602;
654 610;
654 615;
654 62;
654 620;
654 623;
654 626;
654 636;
654 639;
654 644;
654 65;
654 655;
654 660;
654 673;
654 693;
654 72;
654 75;
654 82;
654 85;
654 91;
654 94;
655 102;
655 105;
655 112;
655 116;
655 12;
655 121;
655 124;
655 126;
655 129;
655 136;
655 139;
655 146;
655 152;
655 157;
655 162;
655 164;
655 169;
655 17;
655 173;
655 198;
655 20;
655 27;
655 275;
655 281;
655 285;
655 289;
655 301;
655 32;
655 337;
655 339;
655 36;
655 369;
655 379;
655 39;
655 391;
655 402;
655 410;
655 414;
655 420;
655 430;
655 433;
655 436;
655 440;
655 446;
655 45;
655 450;
655 456;
655 460;
655 468;
655 472;
655 478;
655 48;
655 480;
655 484;
655 490;
655 494;
655 500;
655 504;
655 510;
655 517;
655 525;
655 53;
655 530;
655 536;
655 542;
655 548;
655 553;
655 556;
655 558;
655 560;
655 57;
655 571;
655 576;
655 585;
655 593;
655 600;
655 602;
655 610;
655 615;
655 62;
655 620;
655 623;
655 626;
655 629;
655 636;
655 639;
655 644;
655 65;
655 655;
655 660;
655 673;
655 684;
655 693;
655 715;
655 718;
655 72;
655 75;
655 82;
655 85;
655 92;
655 94;
656 108;
656 129;
656 139;
656 152;
656 20;
656 297;
656 375;
656 513;
656 567;
656 593;
656 610;
656 67;
656 680;
656 75;
656 85;
659 104;
659 111;
659 119;
659 125;
659 132;
659 142;
659 147;
659 155;
659 160;
659 163;
659 181;
659 186;
659 191;
659 195;
659 23;
659 276;
659 278;
659 280;
659 282;
659 284;
659 286;
659 288;
659 290;
659 292;
659 294;
659 296;
659 300;
659 302;
659 338;
659 340;
659 342;
659 344;
659 378;
659 40;
659 431;
659 46;
659 479;
659 49;
659 51;
659 516;
659 526;
659 528;
659 531;
659 533;
659 537;
659 539;
659 543;
659 545;
659 549;
659 55;
659 554;
659 557;
659 559;
659 570;
659 572;
659 574;
659 60;
659 603;
659 605;
659 607;
659 609;
659 630;
659 632;
659 66;
659 683;
659 70;
659 78;
659 95;
661 100;
661 150;
661 207;
661 217;
661 231;
661 232;
661 240;
661 250;
661 264;
661 265;
661 273;
661 312;
661 326;
661 327;
661 335;
661 352;
661 353;
661 359;
661 361;
661 367;
661 368;
661 369;
661 371;
661 373;
661 389;
661 390;
661 391;
661 393;
661 395;
661 400;
661 401;
661 403;
661 404;
661 406;
661 412;
661 413;
661 414;
661 415;
661 416;
661 418;
661 42;
661 43;
661 438;
661 439;
661 440;
661 441;
661 442;
661 444;
661 448;
661 449;
661 450;
661 451;
661 452;
661 454;
661 458;
661 459;
661 460;
661 461;
661 462;
661 464;
661 470;
661 471;
661 472;
661 473;
661 474;
661 476;
661 482;
661 483;
661 484;
661 485;
661 486;
661 488;
661 492;
661 493;
661 494;
661 495;
661 496;
661 498;
661 502;
661 503;
661 504;
661 505;
661 506;
661 508;
661 591;
661 6;
661 713;
661 98;
661 99;
662 130;
662 131;
662 133;
662 134;
662 140;
662 141;
662 143;
662 144;
662 153;
662 154;
662 21;
662 210;
662 211;
662 214;
662 216;
662 218;
662 22;
662 222;
662 223;
662 225;
662 226;
662 230;
662 233;
662 24;
662 243;
662 244;
662 247;
662 249;
662 25;
662 251;
662 255;
662 256;
662 258;
662 259;
662 263;
662 266;
662 305;
662 306;
662 309;
662 311;
662 313;
662 317;
662 318;
662 320;
662 321;
662 325;
662 328;
662 346;
662 347;
662 350;
662 354;
662 358;
662 411;
662 437;
662 447;
662 457;
662 469;
662 481;
662 491;
662 501;
662 594;
662 595;
662 597;
662 599;
662 612;
662 613;
662 76;
662 77;
662 79;
662 80;
662 86;
662 87;
662 89;
662 90;
662 91;
666 0;
669 102;
669 104;
669 105;
669 107;
669 108;
669 109;
669 111;
669 113;
669 115;
669 116;
669 117;
669 119;
669 121;
669 122;
669 124;
669 131;
669 135;
669 137;
669 138;
669 139;
669 141;
669 143;
669 145;
669 146;
669 147;
669 149;
669 151;
669 152;
669 153;
669 156;
669 159;
669 161;
669 162;
669 164;
669 165;
669 167;
669 174;
669 18;
669 182;
669 184;
669 199;
669 20;
669 211;
669 212;
669 214;
669 215;
669 217;
669 218;
669 22;
669 220;
669 221;
669 224;
669 225;
669 228;
669 230;
669 231;
669 232;
669 236;
669 237;
669 239;
669 240;
669 244;
669 245;
669 246;
669 247;
669 254;
669 256;
669 257;
669 261;
669 265;
669 266;
669 270;
669 271;
669 274;
669 276;
669 277;
669 278;
669 282;
669 283;
669 285;
669 286;
669 290;
669 291;
669 292;
669 293;
669 30;
669 300;
669 304;
669 305;
669 308;
669 309;
669 312;
669 314;
669 315;
669 316;
669 32;
669 320;
669 321;
669 323;
669 324;
669 328;
669 329;
669 33;
669 331;
669 341;
669 343;
669 346;
669 348;
669 35;
669 352;
669 357;
669 359;
669 36;
669 366;
669 37;
669 377;
669 378;
669 379;
669 382;
669 387;
669 39;
669 390;
669 391;
669 392;
669 394;
669 399;
669 400;
669 401;
669 402;
669 403;
669 404;
669 409;
669 41;
669 410;
669 411;
669 412;
669 413;
669 414;
669 419;
669 42;
669 420;
669 421;
669 422;
669 423;
669 424;
669 430;
669 433;
669 436;
669 439;
669 444;
669 445;
669 446;
669 449;
669 45;
669 455;
669 456;
669 457;
669 459;
669 47;
669 470;
669 474;
669 48;
669 480;
669 49;
669 490;
669 494;
669 504;
669 51;
669 53;
669 545;
669 549;
669 551;
669 553;
669 555;
669 557;
669 559;
669 575;
669 577;
669 580;
669 587;
669 589;
669 593;
669 595;
669 606;
669 608;
669 611;
669 613;
669 616;
669 618;
669 62;
669 620;
669 622;
669 624;
669 626;
669 629;
669 631;
669 632;
669 638;
669 640;
669 643;
669 648;
669 65;
669 654;
669 656;
669 658;
669 660;
669 662;
669 664;
669 666;
669 668;
669 67;
669 671;
669 672;
669 674;
669 69;
669 699;
669 702;
669 721;
669 723;
669 73;
669 75;
669 77;
669 78;
669 79;
669 85;
669 87;
669 96;
669 98;
672 10;
672 101;
672 106;
672 112;
672 121;
672 124;
672 128;
672 13;
672 134;
672 142;
672 15;
672 161;
672 164;
672 167;
672 171;
672 177;
672 187;
672 19;
672 190;
672 192;
672 22;
672 26;
672 262;
672 303;
672 32;
672 336;
672 346;
672 348;
672 350;
672 356;
672 359;
672 361;
672 363;
672 366;
672 368;
672 372;
672 374;
672 388;
672 41;
672 43;
672 430;
672 433;
672 436;
672 443;
672 465;
672 467;
672 470;
672 472;
672 474;
672 476;
672 480;
672 485;
672 490;
672 492;
672 494;
672 496;
672 501;
672 507;
672 511;
672 517;
672 52;
672 526;
672 533;
672 537;
672 542;
672 550;
672 554;
672 558;
672 56;
672 564;
672 570;
672 576;
672 580;
672 582;
672 595;
672 60;
672 600;
672 606;
672 608;
672 612;
672 617;
672 621;
672 625;
672 63;
672 631;
672 633;
672 644;
672 648;
672 650;
672 653;
672 656;
672 659;
672 663;
672 667;
672 67;
672 671;
672 674;
672 678;
672 684;
672 69;
672 691;
672 696;
672 702;
672 707;
672 71;
672 711;
672 715;
672 73;
672 75;
672 8;
672 80;
672 92;
672 98;
675 102;
675 522;
675 528;
675 596;
675 602;
675 77;
676 102;
676 113;
676 119;
676 122;
676 125;
676 135;
676 143;
676 151;
676 159;
676 162;
676 165;
676 168;
676 20;
676 23;
676 30;
676 33;
676 357;
676 39;
676 47;
676 482;
676 498;
676 508;
676 522;
676 528;
676 53;
676 534;
676 548;
676 561;
676 574;
676 593;
676 596;
676 602;
676 610;
676 615;
676 629;
676 65;
676 654;
676 657;
676 672;
676 675;
676 688;
676 708;
676 711;
676 715;
676 77;
676 89;
676 96;
677 103;
677 105;
677 111;
677 119;
677 122;
677 125;
677 141;
677 159;
677 162;
677 165;
677 168;
677 18;
677 196;
677 20;
677 23;
677 261;
677 30;
677 345;
677 357;
677 365;
677 387;
677 39;
677 42;
677 429;
677 432;
677 435;
677 469;
677 473;
677 479;
677 482;
677 489;
677 493;
677 498;
677 508;
677 51;
677 522;
677 528;
677 53;
677 534;
677 548;
677 561;
677 574;
677 579;
677 593;
677 596;
677 602;
677 605;
677 610;
677 615;
677 62;
677 629;
677 632;
677 643;
677 647;
677 65;
677 654;
677 657;
677 672;
677 675;
677 68;
677 688;
677 701;
677 709;
677 713;
677 72;
677 77;
677 89;
677 96;
678 102;
678 105;
678 111;
678 115;
678 119;
678 12;
678 122;
678 125;
678 137;
678 141;
678 145;
678 150;
678 159;
678 162;
678 165;
678 168;
678 178;
678 18;
678 186;
678 189;
678 196;
678 20;
678 23;
678 261;
678 30;
678 302;
678 337;
678 345;
678 35;
678 354;
678 357;
678 360;
678 365;
678 373;
678 377;
678 381;
678 387;
678 39;
678 393;
678 399;
678 403;
678 409;
678 413;
678 419;
678 42;
678 423;
678 429;
678 432;
678 435;
678 441;
678 444;
678 448;
678 458;
678 46;
678 464;
678 469;
678 473;
678 479;
678 482;
678 489;
678 493;
678 498;
678 508;
678 51;
678 522;
678 529;
678 53;
678 531;
678 534;
678 541;
678 548;
678 561;
678 574;
678 579;
678 583;
678 593;
678 596;
678 603;
678 605;
678 610;
678 615;
678 62;
678 629;
678 632;
678 634;
678 643;
678 647;
678 65;
678 651;
678 654;
678 657;
678 672;
678 675;
678 68;
678 688;
678 695;
678 701;
678 717;
678 72;
678 77;
678 81;
678 89;
678 9;
678 96;
678 99;
679 125;
679 168;
679 23;
679 333;
679 369;
679 482;
679 498;
679 5;
679 508;
679 522;
679 53;
679 534;
679 561;
679 57;
679 596;
679 675;
679 688;
679 704;
679 89;
682 10;
682 104;
682 106;
682 112;
682 128;
682 13;
682 134;
682 142;
682 15;
682 153;
682 171;
682 177;
682 187;
682 19;
682 190;
682 192;
682 26;
682 262;
682 303;
682 336;
682 346;
682 348;
682 350;
682 361;
682 363;
682 366;
682 368;
682 372;
682 374;
682 388;
682 43;
682 430;
682 433;
682 436;
682 465;
682 467;
682 470;
682 472;
682 474;
682 476;
682 480;
682 485;
682 49;
682 490;
682 492;
682 494;
682 496;
682 501;
682 507;
682 511;
682 517;
682 52;
682 537;
682 542;
682 56;
682 564;
682 570;
682 580;
682 582;
682 60;
682 606;
682 608;
682 63;
682 633;
682 644;
682 648;
682 650;
682 678;
682 684;
682 69;
682 691;
682 696;
682 702;
682 707;
682 71;
682 710;
682 714;
682 73;
682 75;
682 8;
682 80;
682 92;
684 108;
684 109;
684 156;
684 212;
684 215;
684 218;
684 221;
684 231;
684 245;
684 246;
684 254;
684 257;
684 265;
684 277;
684 291;
684 292;
684 300;
684 305;
684 314;
684 315;
684 331;
684 352;
684 379;
684 380;
684 383;
684 385;
684 391;
684 392;
684 393;
684 395;
684 397;
684 401;
684 402;
684 403;
684 404;
684 405;
684 407;
684 411;
684 412;
684 413;
684 414;
684 415;
684 417;
684 421;
684 422;
684 423;
684 424;
684 425;
684 427;
684 439;
684 446;
684 447;
684 450;
684 452;
684 456;
684 457;
684 458;
684 460;
684 462;
684 545;
684 699;
685 126;
685 128;
685 129;
685 130;
685 132;
685 133;
685 169;
685 171;
685 172;
685 173;
685 175;
685 176;
685 224;
685 225;
685 228;
685 230;
685 232;
685 236;
685 237;
685 239;
685 24;
685 240;
685 244;
685 247;
685 25;
685 27;
685 270;
685 271;
685 274;
685 276;
685 278;
685 28;
685 282;
685 283;
685 285;
685 286;
685 290;
685 293;
685 308;
685 309;
685 312;
685 316;
685 320;
685 321;
685 323;
685 324;
685 328;
685 329;
685 378;
685 400;
685 410;
685 420;
685 445;
685 483;
685 484;
685 486;
685 487;
685 499;
685 500;
685 502;
685 503;
685 505;
685 506;
685 509;
685 511;
685 512;
685 513;
685 515;
685 517;
685 518;
685 519;
685 523;
685 524;
685 526;
685 527;
685 528;
685 535;
685 537;
685 538;
685 539;
685 54;
685 55;
685 562;
685 564;
685 566;
685 568;
685 570;
685 572;
685 597;
685 598;
685 600;
685 601;
685 602;
685 676;
685 678;
685 680;
685 682;
685 684;
685 686;
685 689;
685 690;
685 692;
685 693;
685 90;
685 91;
685 93;
685 94;
692 101;
692 102;
692 103;
692 107;
692 109;
692 111;
692 112;
692 113;
692 115;
692 117;
692 118;
692 119;
692 121;
692 123;
692 124;
692 126;
692 127;
692 128;
692 130;
692 132;
692 133;
692 134;
692 137;
692 139;
692 14;
692 143;
692 147;
692 151;
692 153;
692 157;
692 159;
692 160;
692 161;
692 163;
692 164;
692 166;
692 168;
692 169;
692 171;
692 172;
692 173;
692 183;
692 189;
692 190;
692 191;
692 192;
692 205;
692 206;
692 220;
692 221;
692 225;
692 226;
692 229;
692 231;
692 232;
692 233;
692 237;
692 238;
692 240;
692 241;
692 245;
692 246;
692 247;
692 248;
692 255;
692 258;
692 260;
692 261;
692 267;
692 268;
692 27;
692 274;
692 276;
692 279;
692 280;
692 283;
692 285;
692 286;
692 287;
692 29;
692 291;
692 292;
692 294;
692 295;
692 299;
692 30;
692 300;
692 302;
692 304;
692 305;
692 308;
692 311;
692 314;
692 316;
692 32;
692 320;
692 321;
692 324;
692 326;
692 327;
692 328;
692 33;
692 332;
692 333;
692 335;
692 336;
692 340;
692 341;
692 343;
692 349;
692 35;
692 351;
692 354;
692 357;
692 358;
692 359;
692 36;
692 366;
692 37;
692 373;
692 375;
692 378;
692 379;
692 380;
692 382;
692 387;
692 388;
692 389;
692 39;
692 390;
692 391;
692 392;
692 398;
692 399;
692 400;
692 403;
692 409;
692 410;
692 411;
692 413;
692 421;
692 422;
692 423;
692 424;
692 425;
692 426;
692 434;
692 436;
692 440;
692 442;
692 445;
692 449;
692 45;
692 456;
692 458;
692 462;
692 47;
692 471;
692 473;
692 475;
692 477;
692 48;
692 480;
692 485;
692 487;
692 49;
692 490;
692 492;
692 495;
692 497;
692 499;
692 501;
692 504;
692 506;
692 508;
692 514;
692 516;
692 520;
692 522;
692 526;
692 531;
692 533;
692 537;
692 539;
692 543;
692 545;
692 554;
692 556;
692 570;
692 587;
692 589;
692 591;
692 593;
692 595;
692 597;
692 600;
692 602;
692 604;
692 606;
692 608;
692 614;
692 629;
692 631;
692 639;
692 641;
692 642;
692 646;
692 648;
692 65;
692 650;
692 652;
692 654;
692 656;
692 659;
692 680;
692 682;
692 684;
692 686;
692 688;
692 690;
692 706;
692 713;
692 86;
693 207;
693 222;
695 100;
695 104;
695 108;
695 11;
695 123;
695 138;
695 142;
695 146;
695 150;
695 152;
695 156;
695 168;
695 17;
695 177;
695 181;
695 22;
695 264;
695 309;
695 311;
695 314;
695 317;
695 32;
695 347;
695 349;
695 352;
695 362;
695 366;
695 368;
695 40;
695 420;
695 43;
695 434;
695 436;
695 438;
695 440;
695 442;
695 445;
695 447;
695 449;
695 451;
695 462;
695 467;
695 471;
695 473;
695 475;
695 477;
695 480;
695 482;
695 485;
695 487;
695 490;
695 492;
695 496;
695 500;
695 504;
695 507;
695 520;
695 522;
695 526;
695 528;
695 531;
695 533;
695 537;
695 539;
695 543;
695 545;
695 549;
695 553;
695 556;
695 560;
695 566;
695 573;
695 578;
695 586;
695 589;
695 592;
695 596;
695 600;
695 603;
695 607;
695 611;
695 619;
695 625;
695 631;
695 634;
695 638;
695 641;
695 643;
695 648;
695 651;
695 655;
695 659;
695 663;
695 670;
695 676;
695 682;
695 685;
695 689;
695 695;
695 7;
695 701;
695 718;
695 721;
695 725;
695 73;
695 81;
695 87;
695 92;
698 101;
698 18;
698 24;
698 27;
698 574;
698 580;
698 69;
698 75;
698 83;
698 88;
698 94;
699 101;
699 109;
699 117;
699 121;
699 126;
699 130;
699 139;
699 14;
699 143;
699 147;
699 153;
699 157;
699 166;
699 169;
699 18;
699 182;
699 24;
699 27;
699 30;
699 35;
699 45;
699 494;
699 505;
699 554;
699 557;
699 570;
699 574;
699 580;
699 587;
699 590;
699 601;
699 616;
699 629;
699 639;
699 646;
699 649;
699 660;
699 673;
699 680;
699 683;
699 69;
699 692;
699 75;
699 83;
699 88;
699 94;
700 101;
700 107;
700 121;
700 137;
700 139;
700 14;
700 143;
700 147;
700 151;
700 153;
700 166;
700 18;
700 24;
700 28;
700 30;
700 308;
700 310;
700 313;
700 316;
700 348;
700 351;
700 365;
700 39;
700 433;
700 439;
700 444;
700 448;
700 461;
700 470;
700 479;
700 484;
700 489;
700 494;
700 505;
700 519;
700 525;
700 530;
700 536;
700 542;
700 554;
700 557;
700 570;
700 574;
700 580;
700 587;
700 590;
700 601;
700 616;
700 629;
700 639;
700 642;
700 646;
700 649;
700 660;
700 673;
700 680;
700 683;
700 69;
700 692;
700 75;
700 83;
700 86;
700 88;
700 94;
701 101;
701 107;
701 111;
701 116;
701 121;
701 125;
701 132;
701 137;
701 139;
701 14;
701 143;
701 147;
701 151;
701 153;
701 159;
701 166;
701 171;
701 175;
701 18;
701 194;
701 209;
701 25;
701 263;
701 27;
701 270;
701 30;
701 308;
701 310;
701 313;
701 316;
701 34;
701 345;
701 348;
701 351;
701 361;
701 365;
701 369;
701 381;
701 387;
701 39;
701 391;
701 398;
701 402;
701 41;
701 412;
701 418;
701 421;
701 425;
701 433;
701 439;
701 444;
701 448;
701 452;
701 461;
701 47;
701 470;
701 479;
701 484;
701 489;
701 494;
701 5;
701 505;
701 510;
701 519;
701 525;
701 530;
701 536;
701 542;
701 547;
701 55;
701 554;
701 557;
701 570;
701 574;
701 581;
701 587;
701 590;
701 601;
701 610;
701 616;
701 629;
701 632;
701 639;
701 642;
701 646;
701 649;
701 660;
701 673;
701 680;
701 683;
701 69;
701 692;
701 716;
701 719;
701 76;
701 84;
701 86;
701 88;
701 95;
702 139;
702 14;
702 143;
702 147;
702 153;
702 178;
702 18;
702 464;
702 550;
702 557;
702 570;
702 574;
702 616;
702 635;
702 660;
702 667;
702 673;
702 69;
702 692;
702 88;
705 104;
705 108;
705 119;
705 128;
705 138;
705 142;
705 146;
705 150;
705 152;
705 156;
705 17;
705 181;
705 264;
705 29;
705 309;
705 311;
705 314;
705 317;
705 349;
705 352;
705 362;
705 366;
705 368;
705 37;
705 40;
705 434;
705 436;
705 438;
705 440;
705 442;
705 445;
705 447;
705 449;
705 451;
705 462;
705 467;
705 471;
705 473;
705 475;
705 477;
705 480;
705 482;
705 485;
705 487;
705 490;
705 492;
705 520;
705 522;
705 526;
705 528;
705 531;
705 533;
705 537;
705 539;
705 543;
705 545;
705 553;
705 560;
705 566;
705 573;
705 611;
705 619;
705 625;
705 638;
705 643;
705 663;
705 670;
705 676;
705 695;
705 701;
705 87;
707 164;
707 183;
707 192;
707 232;
707 246;
707 247;
707 255;
707 258;
707 261;
707 268;
707 285;
707 286;
707 302;
707 305;
707 326;
707 327;
707 343;
707 354;
707 358;
707 359;
707 379;
707 380;
707 381;
707 383;
707 385;
707 389;
707 390;
707 391;
707 392;
707 393;
707 395;
707 400;
707 401;
707 404;
707 406;
707 410;
707 411;
707 412;
707 414;
707 416;
707 423;
707 424;
707 425;
707 426;
707 427;
707 429;
707 614;
707 706;
708 140;
708 141;
708 144;
708 145;
708 148;
708 149;
708 15;
708 154;
708 155;
708 16;
708 189;
708 19;
708 191;
708 20;
708 204;
708 207;
708 219;
708 22;
708 222;
708 225;
708 226;
708 229;
708 23;
708 231;
708 233;
708 237;
708 238;
708 24;
708 240;
708 241;
708 245;
708 248;
708 279;
708 280;
708 283;
708 287;
708 291;
708 292;
708 294;
708 295;
708 299;
708 300;
708 320;
708 321;
708 324;
708 328;
708 332;
708 333;
708 335;
708 336;
708 340;
708 341;
708 388;
708 399;
708 422;
708 558;
708 560;
708 562;
708 564;
708 566;
708 568;
708 571;
708 572;
708 575;
708 576;
708 578;
708 579;
708 580;
708 583;
708 584;
708 585;
708 617;
708 619;
708 621;
708 623;
708 625;
708 627;
708 65;
708 661;
708 662;
708 664;
708 665;
708 674;
708 675;
708 677;
708 678;
708 693;
708 695;
708 697;
708 699;
708 70;
708 701;
708 703;
708 71;
708 713;
708 73;
708 74;
708 75;
708 78;
708 79;
708 81;
708 82;
708 83;
708 89;
708 90;
708 92;
708 94;
708 98;
708 99;
715 104;
715 106;
715 108;
715 109;
715 110;
715 112;
715 114;
715 115;
715 116;
715 118;
715 120;
715 121;
715 123;
715 125;
715 126;
715 128;
715 130;
715 132;
715 134;
715 136;
715 137;
715 139;
715 140;
715 141;
715 143;
715 145;
715 146;
715 148;
715 155;
715 159;
715 161;
715 162;
715 164;
715 171;
715 18;
715 20;
715 203;
715 204;
715 210;
715 211;
715 217;
715 218;
715 22;
715 222;
715 229;
715 23;
715 235;
715 236;
715 239;
715 241;
715 242;
715 243;
715 247;
715 248;
715 25;
715 250;
715 251;
715 255;
715 256;
715 257;
715 258;
715 26;
715 265;
715 267;
715 268;
715 27;
715 270;
715 271;
715 275;
715 276;
715 279;
715 280;
715 283;
715 285;
715 286;
715 287;
715 29;
715 291;
715 292;
715 294;
715 295;
715 299;
715 300;
715 302;
715 304;
715 305;
715 309;
715 31;
715 310;
715 315;
715 316;
715 319;
715 32;
715 321;
715 322;
715 323;
715 327;
715 328;
715 33;
715 330;
715 337;
715 338;
715 34;
715 342;
715 343;
715 348;
715 351;
715 352;
715 356;
715 357;
715 36;
715 365;
715 366;
715 367;
715 369;
715 375;
715 376;
715 378;
715 379;
715 38;
715 385;
715 386;
715 387;
715 389;
715 39;
715 398;
715 399;
715 40;
715 400;
715 403;
715 409;
715 412;
715 414;
715 417;
715 419;
715 42;
715 423;
715 425;
715 428;
715 432;
715 434;
715 436;
715 437;
715 438;
715 439;
715 44;
715 440;
715 441;
715 446;
715 447;
715 448;
715 449;
715 45;
715 450;
715 451;
715 457;
715 459;
715 462;
715 464;
715 47;
715 475;
715 476;
715 477;
715 48;
715 480;
715 483;
715 485;
715 488;
715 493;
715 495;
715 50;
715 501;
715 503;
715 513;
715 519;
715 526;
715 528;
715 531;
715 533;
715 537;
715 539;
715 548;
715 549;
715 550;
715 551;
715 552;
715 553;
715 558;
715 560;
715 561;
715 563;
715 564;
715 566;
715 567;
715 569;
715 570;
715 571;
715 572;
715 573;
715 574;
715 580;
715 582;
715 584;
715 589;
715 595;
715 599;
715 601;
715 603;
715 605;
715 613;
715 617;
715 619;
715 62;
715 621;
715 623;
715 627;
715 629;
715 630;
715 632;
715 634;
715 636;
715 639;
715 64;
715 641;
715 643;
715 645;
715 65;
715 656;
715 66;
715 661;
715 663;
715 665;
715 667;
715 670;
715 672;
715 675;
715 678;
715 68;
715 680;
715 682;
715 684;
715 686;
715 689;
715 691;
715 694;
715 698;
715 70;
715 700;
715 703;
715 71;
715 72;
715 722;
715 724;
715 74;
715 76;
715 77;
715 78;
715 80;
715 83;
715 90;
715 94;
718 10;
718 100;
718 102;
718 105;
718 122;
718 125;
718 13;
718 136;
718 145;
718 148;
718 15;
718 152;
718 158;
718 161;
718 164;
718 168;
718 174;
718 177;
718 181;
718 19;
718 22;
718 31;
718 334;
718 347;
718 349;
718 362;
718 396;
718 412;
718 414;
718 417;
718 419;
718 421;
718 423;
718 425;
718 428;
718 430;
718 432;
718 434;
718 44;
718 457;
718 459;
718 462;
718 464;
718 467;
718 47;
718 470;
718 472;
718 480;
718 483;
718 485;
718 488;
718 490;
718 493;
718 495;
718 50;
718 510;
718 516;
718 522;
718 526;
718 528;
718 531;
718 533;
718 537;
718 539;
718 54;
718 541;
718 545;
718 560;
718 563;
718 566;
718 568;
718 580;
718 584;
718 587;
718 590;
718 592;
718 60;
718 600;
718 604;
718 610;
718 613;
718 615;
718 618;
718 622;
718 629;
718 63;
718 632;
718 635;
718 640;
718 645;
718 650;
718 657;
718 662;
718 666;
718 671;
718 675;
718 677;
718 679;
718 682;
718 685;
718 689;
718 691;
718 694;
718 696;
718 699;
718 703;
718 705;
718 708;
718 712;
718 716;
718 8;
718 81;
718 95;
718 97;
721 118;
721 646;
721 652;
722 106;
722 112;
722 118;
722 123;
722 134;
722 137;
722 143;
722 146;
722 149;
722 159;
722 162;
722 165;
722 20;
722 23;
722 29;
722 36;
722 42;
722 45;
722 48;
722 507;
722 51;
722 519;
722 558;
722 561;
722 564;
722 582;
722 598;
722 616;
722 627;
722 630;
722 633;
722 638;
722 643;
722 646;
722 652;
722 660;
722 669;
722 68;
722 680;
722 683;
722 697;
722 709;
722 712;
722 716;
722 76;
723 104;
723 119;
723 121;
723 123;
723 134;
723 143;
723 146;
723 149;
723 159;
723 162;
723 165;
723 18;
723 20;
723 29;
723 348;
723 411;
723 416;
723 42;
723 422;
723 427;
723 431;
723 45;
723 456;
723 461;
723 479;
723 48;
723 482;
723 487;
723 492;
723 507;
723 51;
723 519;
723 525;
723 530;
723 536;
723 558;
723 561;
723 564;
723 567;
723 579;
723 582;
723 589;
723 598;
723 612;
723 616;
723 62;
723 627;
723 630;
723 633;
723 638;
723 643;
723 646;
723 652;
723 656;
723 660;
723 669;
723 674;
723 678;
723 680;
723 683;
723 688;
723 693;
723 697;
723 702;
723 710;
723 714;
723 80;
723 94;
724 104;
724 108;
724 114;
724 118;
724 12;
724 121;
724 123;
724 126;
724 133;
724 134;
724 139;
724 143;
724 146;
724 149;
724 159;
724 162;
724 165;
724 175;
724 18;
724 182;
724 20;
724 25;
724 29;
724 332;
724 345;
724 348;
724 368;
724 378;
724 38;
724 388;
724 394;
724 398;
724 402;
724 411;
724 416;
724 42;
724 422;
724 427;
724 431;
724 436;
724 440;
724 446;
724 45;
724 450;
724 456;
724 461;
724 466;
724 469;
724 479;
724 48;
724 482;
724 487;
724 492;
724 497;
724 507;
724 51;
724 519;
724 525;
724 530;
724 536;
724 548;
724 552;
724 558;
724 561;
724 564;
724 567;
724 569;
724 573;
724 579;
724 58;
724 582;
724 585;
724 589;
724 591;
724 598;
724 612;
724 616;
724 62;
724 627;
724 630;
724 633;
724 638;
724 643;
724 646;
724 653;
724 656;
724 660;
724 669;
724 674;
724 678;
724 680;
724 683;
724 688;
724 693;
724 697;
724 70;
724 702;
724 706;
724 718;
724 75;
724 80;
724 9;
724 94;
724 96;
724 99;
725 149;
725 165;
725 178;
725 359;
725 5;
725 507;
725 51;
725 519;
725 542;
725 607;
725 646;
728 10;
728 100;
728 102;
728 105;
728 120;
728 122;
728 13;
728 133;
728 15;
728 152;
728 158;
728 168;
728 174;
728 181;
728 19;
728 349;
728 362;
728 412;
728 414;
728 417;
728 419;
728 421;
728 423;
728 425;
728 428;
728 430;
728 432;
728 434;
728 457;
728 459;
728 462;
728 464;
728 467;
728 470;
728 472;
728 480;
728 483;
728 485;
728 488;
728 490;
728 493;
728 495;
728 510;
728 516;
728 522;
728 526;
728 528;
728 531;
728 533;
728 537;
728 539;
728 54;
728 541;
728 545;
728 568;
728 580;
728 590;
728 592;
728 610;
728 613;
728 615;
728 63;
728 657;
728 675;
728 677;
728 679;
728 689;
728 691;
728 694;
728 696;
728 703;
728 705;
728 711;
728 715;
728 78;
728 8;
728 81;
728 95;
728 97;
730 203;
730 211;
730 217;
730 222;
730 242;
730 256;
730 257;
730 265;
730 268;
730 271;
730 276;
730 285;
730 286;
730 302;
730 305;
730 310;
730 321;
730 322;
730 328;
730 33;
730 330;
730 338;
730 34;
730 343;
730 352;
730 357;
730 366;
730 367;
730 368;
730 370;
730 372;
730 376;
730 377;
730 379;
730 380;
730 382;
730 386;
730 387;
730 388;
730 390;
730 392;
730 400;
730 401;
730 404;
730 406;
730 409;
730 438;
730 439;
730 440;
730 441;
730 442;
730 444;
730 448;
730 449;
730 450;
730 451;
730 452;
730 454;
730 476;
730 477;
730 550;
730 551;
730 552;
730 553;
730 554;
730 556;
730 571;
730 572;
730 573;
730 574;
730 575;
730 577;
730 595;
730 65;
730 66;
730 83;
731 150;
731 152;
731 153;
731 154;
731 156;
731 157;
731 166;
731 168;
731 169;
731 170;
731 172;
731 173;
731 202;
731 210;
731 218;
731 229;
731 235;
731 236;
731 239;
731 241;
731 243;
731 247;
731 248;
731 250;
731 251;
731 255;
731 258;
731 279;
731 280;
731 283;
731 287;
731 291;
731 292;
731 294;
731 295;
731 299;
731 300;
731 315;
731 316;
731 319;
731 323;
731 327;
731 399;
731 437;
731 447;
731 508;
731 509;
731 511;
731 512;
731 514;
731 515;
731 52;
731 520;
731 521;
731 53;
731 549;
731 55;
731 56;
731 570;
731 647;
731 648;
731 650;
731 651;
731 652;
731 90;
738 101;
738 113;
738 114;
738 115;
738 116;
738 140;
738 141;
738 145;
738 146;
738 149;
738 150;
738 151;
738 156;
738 170;
738 172;
738 183;
738 188;
738 189;
738 19;
738 193;
738 194;
738 197;
738 198;
738 199;
738 204;
738 206;
738 211;
738 212;
738 216;
738 217;
738 220;
738 221;
738 222;
738 227;
738 229;
738 232;
738 233;
738 237;
738 238;
738 241;
738 242;
738 243;
738 248;
738 25;
738 250;
738 253;
738 254;
738 258;
738 259;
738 26;
738 262;
738 263;
738 264;
738 269;
738 271;
738 274;
738 276;
738 279;
738 281;
738 282;
738 289;
738 290;
738 291;
738 293;
738 294;
738 30;
738 300;
738 307;
738 308;
738 309;
738 31;
738 310;
738 311;
738 312;
738 313;
738 314;
738 319;
738 321;
738 324;
738 326;
738 327;
738 334;
738 335;
738 336;
738 338;
738 339;
738 34;
738 345;
738 35;
738 352;
738 353;
738 354;
738 355;
738 356;
738 357;
738 358;
738 359;
738 36;
738 366;
738 367;
738 368;
738 371;
738 377;
738 379;
738 381;
738 388;
738 390;
738 392;
738 394;
738 397;
738 399;
738 402;
738 406;
738 408;
738 41;
738 410;
738 413;
738 415;
738 417;
738 419;
738 422;
738 427;
738 43;
738 431;
738 439;
738 441;
738 447;
738 451;
738 453;
738 458;
738 46;
738 460;
738 461;
738 462;
738 463;
738 464;
738 465;
738 47;
738 470;
738 473;
738 475;
738 477;
738 478;
738 479;
738 480;
738 481;
738 482;
738 483;
738 488;
738 490;
738 495;
738 497;
738 499;
738 502;
738 508;
738 51;
738 510;
738 513;
738 516;
738 518;
738 52;
738 521;
738 523;
738 526;
738 528;
738 535;
738 540;
738 543;
738 544;
738 545;
738 546;
738 547;
738 548;
738 55;
738 554;
738 556;
738 558;
738 56;
738 565;
738 567;
738 57;
738 571;
738 573;
738 575;
738 577;
738 579;
738 581;
738 583;
738 585;
738 588;
738 590;
738 598;
738 602;
738 604;
738 607;
738 609;
738 611;
738 613;
738 615;
738 617;
738 619;
738 62;
738 632;
738 635;
738 638;
738 64;
738 642;
738 644;
738 645;
738 647;
738 649;
738 651;
738 653;
738 656;
738 660;
738 668;
738 670;
738 676;
738 678;
738 681;
738 683;
738 695;
738 696;
738 697;
738 698;
738 699;
738 700;
738 705;
738 707;
738 722;
738 87;
738 88;
738 98;
738 99;
739 102;
739 143;
739 191;
739 214;
739 235;
739 256;
739 28;
739 296;
739 341;
739 49;
741 165;
741 175;
741 178;
741 180;
741 317;
741 364;
741 377;
741 379;
741 381;
741 383;
741 386;
741 389;
741 393;
741 398;
741 402;
741 404;
741 406;
741 408;
741 410;
741 413;
741 415;
741 417;
741 419;
741 427;
741 429;
741 431;
741 433;
741 435;
741 439;
741 441;
741 443;
741 447;
741 449;
741 451;
741 453;
741 457;
741 459;
741 471;
741 474;
741 477;
741 490;
741 500;
741 503;
741 506;
741 508;
741 510;
741 516;
741 518;
741 521;
741 523;
741 526;
741 528;
741 531;
741 536;
741 540;
741 542;
741 554;
741 556;
741 558;
741 560;
741 572;
741 576;
741 580;
741 584;
741 588;
741 590;
741 592;
741 596;
741 598;
741 600;
741 603;
741 607;
741 609;
741 611;
741 615;
741 618;
741 624;
741 630;
741 633;
741 638;
741 644;
741 646;
741 649;
741 652;
741 656;
741 660;
741 662;
741 666;
741 670;
741 673;
741 677;
741 681;
741 683;
741 685;
741 690;
741 707;
741 712;
744 686;
744 692;
744 708;
744 714;
745 132;
745 273;
745 318;
745 387;
745 396;
745 475;
745 488;
745 534;
745 570;
745 601;
745 613;
745 616;
745 621;
745 642;
745 647;
745 650;
745 668;
745 675;
745 686;
745 692;
745 705;
745 708;
745 714;
746 376;
746 387;
746 396;
746 405;
746 412;
746 426;
746 430;
746 438;
746 446;
746 450;
746 458;
746 470;
746 473;
746 475;
746 488;
746 499;
746 502;
746 507;
746 515;
746 520;
746 525;
746 539;
746 553;
746 570;
746 587;
746 597;
746 601;
746 608;
746 613;
746 616;
746 621;
746 632;
746 637;
746 642;
746 645;
746 647;
746 650;
746 655;
746 659;
746 668;
746 675;
746 680;
746 686;
746 692;
746 705;
746 708;
746 714;
747 132;
747 158;
747 166;
747 174;
747 177;
747 300;
747 316;
747 345;
747 366;
747 370;
747 376;
747 384;
747 387;
747 396;
747 403;
747 405;
747 412;
747 426;
747 430;
747 434;
747 438;
747 446;
747 450;
747 455;
747 458;
747 460;
747 464;
747 470;
747 473;
747 475;
747 478;
747 482;
747 488;
747 491;
747 499;
747 502;
747 504;
747 507;
747 515;
747 520;
747 525;
747 530;
747 534;
747 539;
747 543;
747 547;
747 553;
747 561;
747 570;
747 587;
747 597;
747 601;
747 608;
747 613;
747 616;
747 621;
747 628;
747 632;
747 637;
747 642;
747 645;
747 647;
747 650;
747 655;
747 659;
747 66;
747 668;
747 671;
747 675;
747 680;
747 686;
747 693;
747 695;
747 699;
747 705;
747 708;
747 715;
747 9;
748 162;
748 361;
748 593;
748 621;
748 663;
748 686;
748 708;
751 165;
751 175;
751 178;
751 180;
751 274;
751 301;
751 317;
751 319;
751 346;
751 364;
751 377;
751 379;
751 381;
751 383;
751 404;
751 406;
751 408;
751 410;
751 413;
751 415;
751 417;
751 419;
751 427;
751 429;
751 431;
751 433;
751 435;
751 439;
751 441;
751 443;
751 447;
751 449;
751 451;
751 453;
751 459;
751 471;
751 474;
751 500;
751 503;
751 508;
751 510;
751 516;
751 518;
751 521;
751 523;
751 526;
751 528;
751 531;
751 540;
751 542;
751 554;
751 556;
751 558;
751 560;
751 588;
751 590;
751 592;
751 596;
751 598;
751 600;
751 609;
751 611;
751 624;
751 633;
751 638;
751 646;
751 656;
751 660;
751 662;
751 666;
751 681;
751 683;
751 685;
753 113;
753 115;
753 140;
753 146;
753 149;
753 156;
753 183;
753 188;
753 194;
753 197;
753 204;
753 206;
753 211;
753 217;
753 220;
753 227;
753 229;
753 232;
753 238;
753 241;
753 248;
753 25;
753 250;
753 253;
753 259;
753 262;
753 269;
753 271;
753 276;
753 281;
753 282;
753 289;
753 296;
753 307;
753 308;
753 309;
753 31;
753 310;
753 311;
753 312;
753 313;
753 314;
753 321;
753 326;
753 327;
753 334;
753 34;
753 341;
753 352;
753 353;
753 354;
753 355;
753 356;
753 357;
753 358;
753 359;
753 368;
753 369;
753 372;
753 374;
753 41;
753 422;
753 43;
753 46;
753 462;
753 463;
753 464;
753 465;
753 466;
753 468;
753 480;
753 481;
753 482;
753 483;
753 484;
753 486;
753 513;
753 52;
753 545;
753 546;
753 547;
753 548;
753 549;
753 55;
753 551;
753 62;
753 635;
753 64;
753 697;
753 698;
753 699;
753 700;
753 701;
753 703;
753 87;
754 103;
754 116;
754 144;
754 150;
754 19;
754 192;
754 198;
754 215;
754 221;
754 236;
754 242;
754 257;
754 263;
754 29;
754 290;
754 335;
754 35;
754 367;
754 461;
754 479;
754 50;
754 544;
754 56;
754 622;
754 624;
754 625;
754 626;
754 687;
754 688;
754 690;
754 691;
754 692;
754 696;
754 709;
754 710;
754 712;
754 713;
754 714;
754 722;
754 86;
754 97;
761 102;
761 103;
761 104;
761 109;
761 111;
761 114;
761 115;
761 119;
761 120;
761 123;
761 124;
761 125;
761 130;
761 132;
761 135;
761 136;
761 140;
761 141;
761 144;
761 145;
761 146;
761 151;
761 158;
761 159;
761 163;
761 164;
761 167;
761 168;
761 169;
761 174;
761 18;
761 188;
761 189;
761 193;
761 194;
761 197;
761 198;
761 199;
761 204;
761 206;
761 209;
761 210;
761 214;
761 215;
761 218;
761 219;
761 220;
761 225;
761 227;
761 230;
761 231;
761 235;
761 236;
761 239;
761 240;
761 241;
761 246;
761 248;
761 251;
761 252;
761 256;
761 257;
761 260;
761 261;
761 262;
761 267;
761 269;
761 274;
761 276;
761 279;
761 281;
761 282;
761 289;
761 290;
761 291;
761 293;
761 294;
761 30;
761 300;
761 305;
761 306;
761 307;
761 308;
761 309;
761 31;
761 310;
761 311;
761 312;
761 313;
761 314;
761 319;
761 320;
761 327;
761 330;
761 331;
761 334;
761 339;
761 340;
761 343;
761 344;
761 345;
761 347;
761 348;
761 35;
761 352;
761 353;
761 357;
761 358;
761 359;
761 36;
761 366;
761 368;
761 374;
761 377;
761 379;
761 387;
761 39;
761 391;
761 394;
761 396;
761 398;
761 40;
761 400;
761 405;
761 41;
761 412;
761 414;
761 416;
761 420;
761 422;
761 423;
761 424;
761 425;
761 426;
761 427;
761 428;
761 434;
761 436;
761 438;
761 440;
761 447;
761 449;
761 451;
761 452;
761 453;
761 454;
761 455;
761 456;
761 46;
761 462;
761 467;
761 469;
761 473;
761 475;
761 476;
761 478;
761 479;
761 48;
761 480;
761 481;
761 482;
761 483;
761 484;
761 492;
761 496;
761 498;
761 500;
761 501;
761 503;
761 504;
761 506;
761 509;
761 51;
761 511;
761 52;
761 520;
761 525;
761 527;
761 528;
761 530;
761 531;
761 548;
761 549;
761 550;
761 551;
761 552;
761 553;
761 56;
761 560;
761 562;
761 564;
761 57;
761 579;
761 581;
761 583;
761 585;
761 587;
761 589;
761 594;
761 596;
761 60;
761 607;
761 61;
761 610;
761 62;
761 628;
761 630;
761 634;
761 636;
761 643;
761 646;
761 648;
761 651;
761 653;
761 665;
761 668;
761 67;
761 670;
761 682;
761 683;
761 684;
761 685;
761 686;
761 687;
761 69;
761 693;
761 695;
761 697;
761 698;
761 699;
761 700;
761 701;
761 702;
761 707;
761 709;
761 72;
761 721;
761 723;
761 73;
761 77;
761 78;
761 81;
761 82;
761 83;
761 88;
761 90;
761 93;
761 94;
761 98;
761 99;
762 117;
762 138;
762 161;
762 191;
762 212;
762 233;
762 254;
762 296;
762 33;
762 54;
762 75;
762 96;
764 10;
764 13;
764 15;
764 182;
764 186;
764 318;
764 364;
764 367;
764 372;
764 375;
764 378;
764 384;
764 390;
764 392;
764 395;
764 399;
764 405;
764 407;
764 419;
764 422;
764 440;
764 444;
764 447;
764 449;
764 462;
764 464;
764 469;
764 472;
764 475;
764 478;
764 492;
764 494;
764 497;
764 500;
764 503;
764 506;
764 509;
764 511;
764 516;
764 520;
764 522;
764 527;
764 530;
764 532;
764 536;
764 542;
764 560;
764 562;
764 564;
764 569;
764 573;
764 581;
764 583;
764 585;
764 589;
764 593;
764 596;
764 601;
764 607;
764 610;
764 615;
764 621;
764 627;
764 630;
764 635;
764 641;
764 644;
764 647;
764 652;
764 659;
764 665;
764 667;
764 670;
764 677;
764 709;
764 712;
764 716;
764 8;
767 597;
767 603;
767 655;
767 661;
767 673;
767 679;
768 273;
768 365;
768 376;
768 381;
768 393;
768 416;
768 420;
768 438;
768 467;
768 473;
768 476;
768 498;
768 501;
768 504;
768 525;
768 528;
768 533;
768 570;
768 579;
768 587;
768 594;
768 597;
768 603;
768 612;
768 628;
768 633;
768 645;
768 650;
768 655;
768 661;
768 668;
768 673;
768 679;
768 707;
769 365;
769 374;
769 376;
769 381;
769 391;
769 393;
769 404;
769 416;
769 420;
769 438;
769 446;
769 461;
769 467;
769 473;
769 476;
769 491;
769 496;
769 498;
769 501;
769 504;
769 508;
769 519;
769 525;
769 528;
769 531;
769 533;
769 559;
769 570;
769 579;
769 582;
769 587;
769 594;
769 597;
769 603;
769 606;
769 609;
769 612;
769 628;
769 633;
769 643;
769 645;
769 650;
769 655;
769 661;
769 664;
769 668;
769 673;
769 679;
769 707;
770 12;
770 153;
770 176;
770 180;
770 24;
770 300;
770 316;
770 365;
770 370;
770 374;
770 376;
770 381;
770 391;
770 393;
770 404;
770 408;
770 416;
770 420;
770 423;
770 427;
770 438;
770 446;
770 451;
770 455;
770 461;
770 467;
770 470;
770 473;
770 476;
770 479;
770 483;
770 491;
770 496;
770 498;
770 501;
770 504;
770 508;
770 519;
770 525;
770 528;
770 531;
770 533;
770 548;
770 552;
770 559;
770 570;
770 579;
770 582;
770 587;
770 594;
770 597;
770 604;
770 606;
770 609;
770 612;
770 625;
770 628;
770 633;
770 643;
770 645;
770 650;
770 655;
770 662;
770 664;
770 668;
770 673;
770 680;
770 682;
770 686;
770 697;
770 701;
770 707;
770 710;
770 717;
770 9;
771 361;
771 381;
771 416;
771 441;
771 5;
771 513;
771 533;
771 566;
771 570;
771 590;
771 597;
771 612;
771 638;
771 655;
771 673;
771 713;
774 10;
774 13;
774 15;
774 274;
774 301;
774 364;
774 375;
774 384;
774 390;
774 392;
774 405;
774 407;
774 419;
774 444;
774 447;
774 449;
774 462;
774 464;
774 492;
774 494;
774 497;
774 509;
774 511;
774 516;
774 520;
774 522;
774 532;
774 536;
774 542;
774 560;
774 562;
774 564;
774 569;
774 573;
774 583;
774 585;
774 593;
774 607;
774 610;
774 615;
774 621;
774 641;
774 644;
774 665;
774 667;
774 716;
774 8;
776 102;
776 109;
776 111;
776 114;
776 120;
776 123;
776 130;
776 132;
776 135;
776 141;
776 144;
776 151;
776 158;
776 164;
776 167;
776 174;
776 18;
776 188;
776 194;
776 197;
776 204;
776 206;
776 209;
776 215;
776 218;
776 225;
776 227;
776 230;
776 236;
776 239;
776 246;
776 248;
776 251;
776 257;
776 260;
776 267;
776 269;
776 276;
776 281;
776 282;
776 289;
776 296;
776 30;
776 305;
776 306;
776 307;
776 308;
776 309;
776 310;
776 311;
776 312;
776 313;
776 314;
776 320;
776 331;
776 334;
776 339;
776 344;
776 345;
776 348;
776 353;
776 358;
776 359;
776 36;
776 39;
776 425;
776 426;
776 427;
776 428;
776 429;
776 431;
776 434;
776 436;
776 453;
776 454;
776 455;
776 456;
776 457;
776 459;
776 46;
776 48;
776 481;
776 482;
776 483;
776 484;
776 485;
776 487;
776 51;
776 550;
776 551;
776 552;
776 553;
776 554;
776 556;
776 57;
776 60;
776 67;
776 684;
776 685;
776 686;
776 687;
776 688;
776 69;
776 690;
776 693;
776 695;
776 699;
776 700;
776 701;
776 702;
776 703;
776 705;
776 72;
776 78;
776 81;
776 88;
776 90;
776 93;
776 99;
777 103;
777 118;
777 124;
777 139;
777 145;
777 162;
777 168;
777 192;
777 198;
777 213;
777 219;
777 234;
777 240;
777 255;
777 261;
777 290;
777 327;
777 34;
777 382;
777 383;
777 385;
777 386;
777 388;
777 389;
777 40;
777 417;
777 418;
777 424;
777 452;
777 480;
777 534;
777 536;
777 538;
777 540;
777 542;
777 544;
777 549;
777 55;
777 571;
777 573;
777 574;
777 575;
777 598;
777 599;
777 601;
777 602;
777 603;
777 61;
777 613;
777 615;
777 616;
777 617;
777 619;
777 621;
777 622;
777 623;
777 656;
777 657;
777 659;
777 660;
777 661;
777 674;
777 675;
777 677;
777 678;
777 679;
777 683;
777 698;
777 76;
777 82;
777 97;
784 100;
784 103;
784 104;
784 105;
784 110;
784 112;
784 115;
784 116;
784 120;
784 121;
784 124;
784 125;
784 126;
784 13;
784 131;
784 138;
784 139;
784 143;
784 144;
784 147;
784 148;
784 149;
784 154;
784 18;
784 205;
784 207;
784 21;
784 212;
784 213;
784 217;
784 218;
784 221;
784 222;
784 223;
784 228;
784 230;
784 233;
784 234;
784 238;
784 239;
784 242;
784 243;
784 244;
784 249;
784 251;
784 254;
784 255;
784 259;
784 260;
784 263;
784 264;
784 265;
784 27;
784 270;
784 279;
784 28;
784 281;
784 284;
784 286;
784 289;
784 291;
784 294;
784 296;
784 298;
784 299;
784 304;
784 305;
784 309;
784 311;
784 314;
784 316;
784 317;
784 32;
784 324;
784 325;
784 326;
784 328;
784 329;
784 33;
784 335;
784 340;
784 341;
784 342;
784 343;
784 344;
784 345;
784 346;
784 347;
784 348;
784 349;
784 359;
784 36;
784 361;
784 366;
784 368;
784 37;
784 370;
784 372;
784 374;
784 379;
784 38;
784 381;
784 384;
784 386;
784 388;
784 390;
784 393;
784 404;
784 407;
784 410;
784 411;
784 412;
784 413;
784 414;
784 415;
784 421;
784 423;
784 427;
784 43;
784 433;
784 438;
784 440;
784 441;
784 443;
784 444;
784 446;
784 448;
784 45;
784 450;
784 453;
784 456;
784 457;
784 458;
784 459;
784 460;
784 461;
784 466;
784 468;
784 473;
784 475;
784 479;
784 48;
784 49;
784 491;
784 494;
784 496;
784 498;
784 500;
784 502;
784 505;
784 509;
784 511;
784 514;
784 516;
784 518;
784 520;
784 521;
784 523;
784 525;
784 528;
784 53;
784 531;
784 533;
784 535;
784 537;
784 539;
784 54;
784 541;
784 542;
784 557;
784 559;
784 562;
784 564;
784 569;
784 57;
784 571;
784 573;
784 574;
784 575;
784 576;
784 577;
784 578;
784 58;
784 584;
784 586;
784 588;
784 59;
784 590;
784 592;
784 595;
784 596;
784 597;
784 598;
784 599;
784 6;
784 600;
784 627;
784 629;
784 634;
784 636;
784 639;
784 64;
784 641;
784 648;
784 652;
784 653;
784 654;
784 655;
784 656;
784 657;
784 66;
784 662;
784 664;
784 665;
784 669;
784 673;
784 675;
784 676;
784 677;
784 678;
784 679;
784 68;
784 680;
784 681;
784 686;
784 689;
784 691;
784 694;
784 696;
784 699;
784 702;
784 704;
784 706;
784 708;
784 71;
784 72;
784 721;
784 723;
784 76;
784 77;
784 80;
784 81;
784 82;
784 87;
784 94;
784 95;
784 99;
785 118;
785 141;
785 215;
785 236;
785 257;
785 30;
785 331;
785 51;
785 74;
785 97;
787 162;
787 166;
787 170;
787 174;
787 18;
787 180;
787 184;
787 189;
787 195;
787 199;
787 21;
787 23;
787 277;
787 280;
787 285;
787 290;
787 295;
787 354;
787 367;
787 371;
787 377;
787 380;
787 385;
787 389;
787 393;
787 396;
787 399;
787 403;
787 405;
787 421;
787 423;
787 428;
787 432;
787 436;
787 440;
787 443;
787 446;
787 449;
787 454;
787 468;
787 472;
787 475;
787 478;
787 482;
787 486;
787 491;
787 495;
787 500;
787 506;
787 509;
787 511;
787 515;
787 520;
787 522;
787 525;
787 529;
787 533;
787 536;
787 541;
787 543;
787 547;
787 551;
787 562;
787 564;
787 566;
787 570;
787 585;
787 590;
787 592;
787 594;
787 608;
787 614;
787 622;
787 629;
787 641;
787 645;
787 648;
787 664;
787 668;
787 672;
787 675;
787 687;
787 69;
787 690;
787 694;
787 696;
787 698;
787 700;
787 703;
787 707;
787 712;
787 716;
790 181;
790 618;
790 624;
791 192;
791 195;
791 199;
791 278;
791 283;
791 288;
791 293;
791 308;
791 365;
791 374;
791 378;
791 383;
791 433;
791 438;
791 441;
791 444;
791 447;
791 466;
791 473;
791 479;
791 483;
791 493;
791 498;
791 513;
791 518;
791 523;
791 531;
791 534;
791 539;
791 544;
791 547;
791 551;
791 568;
791 583;
791 588;
791 605;
791 618;
791 624;
791 627;
791 639;
791 662;
791 665;
791 669;
791 673;
791 688;
791 701;
792 17;
792 193;
792 197;
792 20;
792 278;
792 283;
792 288;
792 293;
792 365;
792 374;
792 378;
792 383;
792 404;
792 420;
792 427;
792 433;
792 438;
792 441;
792 444;
792 447;
792 453;
792 466;
792 473;
792 479;
792 483;
792 490;
792 493;
792 498;
792 505;
792 508;
792 513;
792 518;
792 521;
792 523;
792 528;
792 531;
792 534;
792 539;
792 542;
792 545;
792 549;
792 561;
792 568;
792 583;
792 588;
792 591;
792 605;
792 618;
792 624;
792 627;
792 639;
792 647;
792 662;
792 665;
792 669;
792 673;
792 68;
792 686;
792 688;
792 695;
792 699;
792 701;
793 133;
793 156;
793 160;
793 17;
793 20;
793 201;
793 272;
793 276;
793 278;
793 283;
793 288;
793 293;
793 335;
793 355;
793 365;
793 374;
793 378;
793 383;
793 394;
793 397;
793 404;
793 410;
793 414;
793 420;
793 427;
793 433;
793 438;
793 441;
793 444;
793 447;
793 453;
793 456;
793 460;
793 466;
793 473;
793 476;
793 479;
793 483;
793 490;
793 493;
793 498;
793 505;
793 508;
793 513;
793 518;
793 521;
793 523;
793 528;
793 531;
793 534;
793 539;
793 542;
793 553;
793 561;
793 568;
793 573;
793 577;
793 583;
793 588;
793 591;
793 595;
793 599;
793 605;
793 618;
793 625;
793 627;
793 630;
793 639;
793 647;
793 652;
793 656;
793 662;
793 665;
793 669;
793 673;
793 676;
793 68;
793 680;
793 686;
793 688;
793 695;
793 699;
793 701;
793 710;
793 717;
793 89;
794 167;
794 171;
794 351;
794 374;
794 429;
794 433;
794 469;
794 479;
794 483;
794 605;
794 618;
794 642;
794 665;
794 669;
794 713;
797 170;
797 174;
797 18;
797 180;
797 184;
797 189;
797 194;
797 198;
797 21;
797 23;
797 277;
797 309;
797 336;
797 354;
797 377;
797 405;
797 421;
797 423;
797 428;
797 432;
797 436;
797 454;
797 472;
797 482;
797 486;
797 491;
797 506;
797 509;
797 511;
797 522;
797 529;
797 543;
797 546;
797 550;
797 562;
797 564;
797 566;
797 592;
797 594;
797 608;
797 614;
797 645;
797 648;
797 668;
797 672;
797 687;
797 69;
797 696;
797 698;
797 700;
797 716;
799 100;
799 103;
799 110;
799 112;
799 115;
799 121;
799 124;
799 131;
799 138;
799 144;
799 147;
799 154;
799 212;
799 218;
799 221;
799 228;
799 230;
799 233;
799 239;
799 242;
799 249;
799 251;
799 254;
799 260;
799 263;
799 27;
799 270;
799 299;
799 304;
799 311;
799 316;
799 317;
799 324;
799 33;
799 331;
799 340;
799 341;
799 342;
799 343;
799 344;
799 345;
799 346;
799 347;
799 348;
799 349;
799 36;
799 407;
799 412;
799 413;
799 414;
799 415;
799 416;
799 418;
799 43;
799 45;
799 458;
799 459;
799 460;
799 461;
799 462;
799 464;
799 48;
799 502;
799 54;
799 57;
799 575;
799 576;
799 577;
799 578;
799 579;
799 581;
799 597;
799 598;
799 599;
799 6;
799 600;
799 601;
799 603;
799 64;
799 654;
799 655;
799 656;
799 657;
799 658;
799 66;
799 660;
799 678;
799 679;
799 680;
799 681;
799 682;
799 684;
799 71;
799 77;
799 80;
799 87;
799 94;
800 104;
800 119;
800 125;
800 13;
800 142;
800 148;
800 216;
800 222;
800 237;
800 243;
800 258;
800 264;
800 31;
800 325;
800 37;
800 375;
800 376;
800 411;
800 434;
800 435;
800 457;
800 480;
800 481;
800 484;
800 485;
800 487;
800 488;
800 52;
800 574;
800 58;
800 596;
800 606;
800 608;
800 610;
800 612;
800 614;
800 616;
800 619;
800 620;
800 622;
800 623;
800 624;
800 653;
800 666;
800 667;
800 670;
800 671;
800 677;
800 75;
800 81;
800 98;
807 102;
807 103;
807 104;
807 109;
807 111;
807 114;
807 115;
807 119;
807 120;
807 123;
807 124;
807 125;
807 13;
807 130;
807 132;
807 135;
807 136;
807 140;
807 141;
807 144;
807 145;
807 146;
807 151;
807 153;
807 156;
807 157;
807 16;
807 161;
807 162;
807 165;
807 166;
807 167;
807 172;
807 18;
807 19;
807 194;
807 196;
807 199;
807 20;
807 200;
807 204;
807 205;
807 208;
807 209;
807 210;
807 215;
807 217;
807 22;
807 24;
807 242;
807 243;
807 253;
807 254;
807 256;
807 26;
807 268;
807 269;
807 270;
807 271;
807 28;
807 295;
807 296;
807 300;
807 301;
807 304;
807 305;
807 306;
807 31;
807 311;
807 318;
807 320;
807 323;
807 325;
807 326;
807 333;
807 334;
807 335;
807 337;
807 338;
807 34;
807 344;
807 351;
807 352;
807 353;
807 354;
807 355;
807 356;
807 357;
807 358;
807 36;
807 368;
807 37;
807 370;
807 374;
807 376;
807 377;
807 378;
807 379;
807 380;
807 381;
807 382;
807 387;
807 389;
807 39;
807 391;
807 394;
807 395;
807 396;
807 397;
807 398;
807 399;
807 404;
807 406;
807 407;
807 409;
807 41;
807 415;
807 417;
807 419;
807 42;
807 423;
807 424;
807 425;
807 426;
807 427;
807 428;
807 43;
807 433;
807 435;
807 436;
807 438;
807 439;
807 441;
807 442;
807 443;
807 444;
807 445;
807 446;
807 447;
807 452;
807 456;
807 461;
807 464;
807 466;
807 467;
807 469;
807 47;
807 477;
807 479;
807 48;
807 480;
807 481;
807 482;
807 483;
807 484;
807 485;
807 490;
807 492;
807 493;
807 495;
807 497;
807 499;
807 502;
807 504;
807 507;
807 509;
807 511;
807 512;
807 514;
807 515;
807 517;
807 52;
807 522;
807 524;
807 525;
807 527;
807 528;
807 53;
807 530;
807 531;
807 533;
807 534;
807 536;
807 537;
807 539;
807 540;
807 542;
807 543;
807 544;
807 545;
807 546;
807 547;
807 548;
807 554;
807 56;
807 561;
807 564;
807 567;
807 569;
807 57;
807 571;
807 573;
807 575;
807 577;
807 578;
807 579;
807 58;
807 580;
807 581;
807 582;
807 588;
807 590;
807 592;
807 594;
807 596;
807 6;
807 605;
807 609;
807 611;
807 617;
807 619;
807 620;
807 623;
807 627;
807 629;
807 63;
807 630;
807 632;
807 634;
807 640;
807 642;
807 644;
807 645;
807 650;
807 656;
807 658;
807 659;
807 661;
807 662;
807 664;
807 665;
807 667;
807 673;
807 675;
807 676;
807 678;
807 679;
807 684;
807 686;
807 688;
807 689;
807 691;
807 692;
807 696;
807 698;
807 699;
807 70;
807 700;
807 701;
807 702;
807 703;
807 704;
807 71;
807 713;
807 75;
807 76;
807 79;
807 80;
807 81;
807 86;
807 93;
807 94;
807 98;
807 99;
808 117;
808 138;
808 159;
808 202;
808 257;
808 298;
808 340;
808 50;
808 73;
808 96;
810 0;
810 180;
810 184;
810 188;
810 24;
810 26;
810 28;
810 31;
810 33;
810 363;
810 376;
810 38;
810 389;
810 391;
810 393;
810 406;
810 409;
810 412;
810 417;
810 435;
810 438;
810 441;
810 455;
810 459;
810 462;
810 466;
810 469;
810 472;
810 476;
810 479;
810 492;
810 495;
810 498;
810 504;
810 508;
810 511;
810 514;
810 516;
810 518;
810 521;
810 524;
810 527;
810 530;
810 533;
810 536;
810 539;
810 542;
810 554;
810 565;
810 568;
810 571;
810 574;
810 588;
810 592;
810 595;
810 601;
810 605;
810 607;
810 610;
810 615;
810 619;
810 621;
810 623;
810 625;
810 629;
810 632;
810 634;
810 636;
810 640;
810 644;
810 648;
810 653;
810 658;
810 661;
810 664;
810 667;
810 671;
810 675;
810 678;
810 682;
810 684;
810 688;
810 691;
810 695;
810 698;
810 710;
810 717;
810 720;
810 724;
811 0;
813 34;
814 16;
814 181;
814 184;
814 188;
814 22;
814 287;
814 317;
814 34;
814 374;
814 387;
814 39;
814 404;
814 407;
814 415;
814 433;
814 436;
814 439;
814 452;
814 456;
814 464;
814 467;
814 477;
814 490;
814 493;
814 496;
814 502;
814 509;
814 512;
814 522;
814 525;
814 528;
814 531;
814 534;
814 537;
814 540;
814 569;
814 572;
814 590;
814 593;
814 608;
814 617;
814 627;
814 630;
814 642;
814 645;
814 650;
814 656;
814 659;
814 662;
814 665;
814 673;
814 676;
814 679;
814 686;
814 689;
814 692;
814 696;
815 182;
815 186;
815 22;
815 25;
815 30;
815 35;
815 37;
815 374;
815 387;
815 390;
815 404;
815 407;
815 415;
815 433;
815 436;
815 439;
815 452;
815 456;
815 461;
815 464;
815 467;
815 477;
815 490;
815 493;
815 496;
815 502;
815 507;
815 509;
815 512;
815 515;
815 517;
815 522;
815 525;
815 528;
815 531;
815 534;
815 537;
815 540;
815 553;
815 564;
815 567;
815 569;
815 572;
815 587;
815 590;
815 593;
815 604;
815 608;
815 617;
815 620;
815 622;
815 627;
815 630;
815 633;
815 639;
815 642;
815 645;
815 65;
815 650;
815 656;
815 659;
815 662;
815 665;
815 673;
815 676;
815 679;
815 683;
815 686;
815 689;
815 692;
815 696;
816 174;
816 178;
816 18;
816 190;
816 22;
816 221;
816 25;
816 287;
816 30;
816 313;
816 34;
816 344;
816 364;
816 37;
816 374;
816 377;
816 381;
816 387;
816 390;
816 394;
816 398;
816 404;
816 407;
816 41;
816 410;
816 415;
816 423;
816 427;
816 433;
816 436;
816 439;
816 442;
816 446;
816 452;
816 456;
816 461;
816 464;
816 467;
816 470;
816 477;
816 480;
816 484;
816 490;
816 493;
816 496;
816 502;
816 507;
816 509;
816 512;
816 515;
816 517;
816 519;
816 522;
816 525;
816 528;
816 531;
816 534;
816 537;
816 540;
816 543;
816 547;
816 553;
816 564;
816 567;
816 569;
816 572;
816 577;
816 581;
816 587;
816 590;
816 593;
816 604;
816 608;
816 613;
816 617;
816 620;
816 622;
816 627;
816 630;
816 633;
816 639;
816 642;
816 645;
816 650;
816 656;
816 659;
816 662;
816 665;
816 673;
816 676;
816 679;
816 683;
816 686;
816 689;
816 692;
816 696;
816 699;
816 703;
816 709;
816 715;
816 718;
816 88;
817 360;
817 452;
817 456;
817 473;
817 598;
817 645;
817 650;
817 668;
817 679;
817 692;
820 183;
820 187;
820 26;
820 28;
820 31;
820 318;
820 33;
820 345;
820 36;
820 363;
820 38;
820 391;
820 393;
820 455;
820 459;
820 462;
820 476;
820 508;
820 516;
820 518;
820 554;
820 565;
820 568;
820 588;
820 601;
820 605;
820 607;
820 621;
820 623;
820 625;
820 634;
820 636;
820 640;
820 648;
820 653;
820 671;
820 682;
820 684;
820 695;
820 710;
822 102;
822 109;
822 111;
822 114;
822 120;
822 123;
822 130;
822 132;
822 135;
822 141;
822 144;
822 151;
822 153;
822 156;
822 162;
822 165;
822 172;
822 199;
822 205;
822 208;
822 215;
822 217;
822 242;
822 268;
822 270;
822 295;
822 301;
822 304;
822 311;
822 320;
822 325;
822 326;
822 333;
822 340;
822 351;
822 352;
822 353;
822 354;
822 355;
822 356;
822 357;
822 358;
822 379;
822 380;
822 381;
822 382;
822 383;
822 385;
822 396;
822 397;
822 398;
822 399;
822 400;
822 402;
822 419;
822 425;
822 426;
822 427;
822 428;
822 429;
822 431;
822 444;
822 445;
822 446;
822 447;
822 448;
822 450;
822 47;
822 482;
822 483;
822 484;
822 485;
822 486;
822 488;
822 53;
822 545;
822 546;
822 547;
822 548;
822 549;
822 551;
822 56;
822 579;
822 580;
822 581;
822 582;
822 583;
822 585;
822 6;
822 63;
822 70;
822 701;
822 702;
822 703;
822 704;
822 705;
822 707;
822 713;
822 76;
822 79;
822 86;
822 93;
822 99;
823 103;
823 118;
823 124;
823 13;
823 139;
823 145;
823 160;
823 166;
823 203;
823 209;
823 241;
823 252;
823 258;
823 271;
823 299;
823 305;
823 334;
823 378;
823 395;
823 424;
823 443;
823 453;
823 454;
823 457;
823 458;
823 481;
823 51;
823 544;
823 561;
823 57;
823 578;
823 646;
823 647;
823 651;
823 652;
823 680;
823 681;
823 693;
823 694;
823 700;
823 74;
823 80;
823 97;
830 102;
830 103;
830 104;
830 109;
830 111;
830 114;
830 115;
830 119;
830 120;
830 123;
830 124;
830 125;
830 13;
830 130;
830 132;
830 135;
830 136;
830 140;
830 141;
830 144;
830 145;
830 146;
830 15;
830 151;
830 153;
830 158;
830 160;
830 163;
830 175;
830 18;
830 182;
830 186;
830 187;
830 191;
830 192;
830 195;
830 196;
830 197;
830 20;
830 202;
830 204;
830 207;
830 208;
830 21;
830 212;
830 213;
830 216;
830 217;
830 218;
830 223;
830 23;
830 232;
830 233;
830 237;
830 238;
830 241;
830 242;
830 243;
830 248;
830 25;
830 250;
830 253;
830 254;
830 258;
830 259;
830 26;
830 262;
830 263;
830 264;
830 269;
830 271;
830 274;
830 276;
830 279;
830 28;
830 281;
830 282;
830 289;
830 290;
830 291;
830 293;
830 294;
830 300;
830 305;
830 306;
830 307;
830 308;
830 309;
830 310;
830 311;
830 312;
830 313;
830 314;
830 317;
830 319;
830 322;
830 324;
830 325;
830 332;
830 333;
830 334;
830 336;
830 337;
830 343;
830 348;
830 349;
830 35;
830 350;
830 351;
830 352;
830 353;
830 354;
830 355;
830 356;
830 357;
830 363;
830 365;
830 371;
830 373;
830 375;
830 377;
830 378;
830 379;
830 380;
830 381;
830 382;
830 387;
830 389;
830 39;
830 392;
830 394;
830 399;
830 402;
830 404;
830 408;
830 41;
830 414;
830 417;
830 419;
830 42;
830 420;
830 422;
830 423;
830 425;
830 427;
830 428;
830 430;
830 432;
830 44;
830 440;
830 442;
830 444;
830 447;
830 449;
830 450;
830 452;
830 453;
830 455;
830 458;
830 459;
830 460;
830 461;
830 462;
830 463;
830 468;
830 470;
830 471;
830 473;
830 474;
830 480;
830 485;
830 487;
830 489;
830 491;
830 495;
830 497;
830 498;
830 500;
830 503;
830 507;
830 509;
830 510;
830 515;
830 516;
830 517;
830 518;
830 519;
830 520;
830 525;
830 527;
830 528;
830 529;
830 530;
830 531;
830 532;
830 537;
830 538;
830 539;
830 54;
830 540;
830 541;
830 542;
830 548;
830 550;
830 552;
830 553;
830 555;
830 558;
830 56;
830 562;
830 567;
830 569;
830 570;
830 572;
830 573;
830 575;
830 576;
830 577;
830 578;
830 579;
830 58;
830 580;
830 586;
830 587;
830 588;
830 589;
830 590;
830 591;
830 598;
830 60;
830 600;
830 605;
830 607;
830 609;
830 611;
830 617;
830 62;
830 621;
830 636;
830 638;
830 639;
830 64;
830 642;
830 647;
830 649;
830 650;
830 652;
830 653;
830 655;
830 656;
830 659;
830 661;
830 662;
830 664;
830 665;
830 667;
830 670;
830 672;
830 673;
830 675;
830 678;
830 680;
830 681;
830 685;
830 686;
830 687;
830 688;
830 689;
830 690;
830 70;
830 702;
830 703;
830 704;
830 705;
830 706;
830 707;
830 71;
830 713;
830 715;
830 721;
830 723;
830 75;
830 76;
830 79;
830 80;
830 81;
830 86;
830 93;
830 94;
830 98;
830 99;
831 117;
831 138;
831 189;
831 210;
831 235;
831 256;
831 296;
831 339;
831 73;
831 96;
833 156;
833 170;
833 172;
833 20;
833 22;
833 25;
833 28;
833 32;
833 368;
833 376;
833 38;
833 389;
833 394;
833 397;
833 399;
833 402;
833 407;
833 409;
833 41;
833 411;
833 419;
833 422;
833 425;
833 432;
833 436;
833 44;
833 442;
833 445;
833 449;
833 452;
833 455;
833 47;
833 470;
833 473;
833 475;
833 479;
833 483;
833 486;
833 491;
833 494;
833 497;
833 499;
833 501;
833 509;
833 51;
833 511;
833 513;
833 526;
833 549;
833 552;
833 555;
833 559;
833 56;
833 563;
833 566;
833 569;
833 572;
833 574;
833 59;
833 600;
833 603;
833 606;
833 611;
833 631;
833 638;
833 64;
833 640;
833 643;
833 646;
833 649;
833 652;
833 655;
833 657;
833 661;
833 664;
833 667;
833 67;
833 672;
833 675;
833 680;
833 684;
833 698;
833 8;
836 627;
836 633;
837 18;
837 23;
837 26;
837 273;
837 29;
837 316;
837 387;
837 39;
837 392;
837 404;
837 417;
837 42;
837 420;
837 423;
837 430;
837 433;
837 440;
837 447;
837 450;
837 453;
837 468;
837 471;
837 480;
837 484;
837 489;
837 495;
837 507;
837 54;
837 550;
837 553;
837 567;
837 57;
837 570;
837 598;
837 604;
837 609;
837 62;
837 627;
837 633;
837 636;
837 647;
837 650;
837 653;
837 659;
837 662;
837 665;
837 670;
837 673;
837 678;
837 681;
837 695;
838 162;
838 18;
838 21;
838 225;
838 23;
838 26;
838 29;
838 375;
838 387;
838 39;
838 392;
838 398;
838 401;
838 404;
838 408;
838 417;
838 42;
838 420;
838 423;
838 430;
838 433;
838 440;
838 444;
838 447;
838 450;
838 453;
838 468;
838 471;
838 474;
838 480;
838 484;
838 489;
838 495;
838 498;
838 500;
838 507;
838 510;
838 525;
838 54;
838 548;
838 550;
838 553;
838 558;
838 562;
838 567;
838 57;
838 570;
838 573;
838 598;
838 604;
838 609;
838 62;
838 620;
838 627;
838 633;
838 636;
838 639;
838 642;
838 647;
838 650;
838 653;
838 656;
838 659;
838 662;
838 665;
838 670;
838 673;
838 678;
838 681;
838 695;
839 155;
839 162;
839 169;
839 18;
839 21;
839 23;
839 26;
839 29;
839 300;
839 343;
839 359;
839 367;
839 375;
839 377;
839 381;
839 387;
839 39;
839 392;
839 395;
839 398;
839 401;
839 404;
839 408;
839 410;
839 417;
839 42;
839 420;
839 423;
839 430;
839 433;
839 440;
839 444;
839 447;
839 45;
839 450;
839 453;
839 458;
839 462;
839 468;
839 471;
839 474;
839 480;
839 484;
839 489;
839 492;
839 495;
839 498;
839 500;
839 507;
839 510;
839 512;
839 515;
839 519;
839 525;
839 527;
839 531;
839 537;
839 54;
839 541;
839 548;
839 550;
839 553;
839 558;
839 562;
839 564;
839 567;
839 57;
839 570;
839 573;
839 575;
839 579;
839 586;
839 590;
839 598;
839 601;
839 604;
839 609;
839 62;
839 620;
839 627;
839 634;
839 636;
839 639;
839 642;
839 644;
839 647;
839 65;
839 650;
839 653;
839 656;
839 659;
839 662;
839 665;
839 670;
839 673;
839 678;
839 681;
839 685;
839 689;
839 695;
839 702;
839 706;
839 717;
839 88;
839 9;
840 29;
840 404;
840 433;
840 476;
840 480;
840 5;
840 627;
840 681;
840 695;
843 156;
843 170;
843 172;
843 22;
843 274;
843 301;
843 317;
843 32;
843 344;
843 368;
843 376;
843 38;
843 399;
843 402;
843 407;
843 409;
843 411;
843 436;
843 445;
843 475;
843 479;
843 483;
843 499;
843 501;
843 511;
843 513;
843 526;
843 549;
843 559;
843 563;
843 574;
843 640;
843 643;
843 657;
843 684;
843 698;
843 8;
844 163;
844 621;
845 102;
845 109;
845 111;
845 114;
845 120;
845 123;
845 130;
845 132;
845 135;
845 141;
845 144;
845 151;
845 153;
845 158;
845 160;
845 175;
845 186;
845 192;
845 195;
845 202;
845 204;
845 207;
845 213;
845 216;
845 223;
845 232;
845 238;
845 241;
845 248;
845 250;
845 253;
845 259;
845 262;
845 269;
845 271;
845 276;
845 281;
845 282;
845 289;
845 296;
845 305;
845 306;
845 307;
845 308;
845 309;
845 310;
845 311;
845 312;
845 313;
845 314;
845 319;
845 324;
845 325;
845 332;
845 339;
845 348;
845 349;
845 350;
845 351;
845 352;
845 353;
845 354;
845 355;
845 356;
845 357;
845 371;
845 373;
845 379;
845 380;
845 381;
845 382;
845 383;
845 385;
845 414;
845 427;
845 428;
845 460;
845 461;
845 462;
845 463;
845 464;
845 466;
845 503;
845 517;
845 518;
845 519;
845 520;
845 521;
845 523;
845 529;
845 530;
845 531;
845 532;
845 533;
845 535;
845 539;
845 540;
845 541;
845 542;
845 543;
845 545;
845 577;
845 578;
845 579;
845 580;
845 581;
845 583;
845 588;
845 589;
845 590;
845 591;
845 592;
845 594;
845 687;
845 688;
845 689;
845 690;
845 691;
845 693;
845 70;
845 704;
845 705;
845 706;
845 707;
845 708;
845 710;
845 713;
845 715;
845 76;
845 79;
845 86;
845 93;
845 99;
846 103;
846 118;
846 124;
846 139;
846 145;
846 182;
846 190;
846 196;
846 211;
846 217;
846 236;
846 242;
846 257;
846 263;
846 290;
846 30;
846 32;
846 33;
846 333;
846 34;
846 36;
846 37;
846 378;
846 405;
846 406;
846 434;
846 435;
846 437;
846 438;
846 459;
846 481;
846 482;
846 516;
846 528;
846 538;
846 576;
846 587;
846 617;
846 628;
846 629;
846 631;
846 632;
846 633;
846 682;
846 683;
846 686;
846 696;
846 697;
846 699;
846 700;
846 703;
846 74;
846 80;
846 97;
853 101;
853 102;
853 103;
853 108;
853 115;
853 116;
853 120;
853 121;
853 124;
853 125;
853 126;
853 131;
853 133;
853 136;
853 137;
853 141;
853 142;
853 145;
853 146;
853 147;
853 152;
853 154;
853 157;
853 158;
853 162;
853 163;
853 166;
853 167;
853 168;
853 173;
853 175;
853 186;
853 187;
853 191;
853 192;
853 195;
853 196;
853 197;
853 202;
853 204;
853 209;
853 210;
853 214;
853 215;
853 218;
853 219;
853 22;
853 220;
853 225;
853 227;
853 230;
853 231;
853 235;
853 236;
853 239;
853 240;
853 241;
853 246;
853 248;
853 251;
853 252;
853 256;
853 257;
853 26;
853 260;
853 261;
853 262;
853 267;
853 269;
853 272;
853 273;
853 277;
853 278;
853 28;
853 281;
853 282;
853 283;
853 288;
853 290;
853 295;
853 296;
853 300;
853 301;
853 304;
853 305;
853 306;
853 311;
853 313;
853 318;
853 320;
853 323;
853 325;
853 326;
853 333;
853 334;
853 335;
853 337;
853 338;
853 34;
853 344;
853 351;
853 352;
853 353;
853 354;
853 355;
853 356;
853 357;
853 358;
853 36;
853 366;
853 367;
853 368;
853 369;
853 37;
853 370;
853 371;
853 377;
853 378;
853 379;
853 381;
853 387;
853 39;
853 394;
853 396;
853 398;
853 399;
853 400;
853 401;
853 402;
853 403;
853 408;
853 411;
853 412;
853 413;
853 414;
853 415;
853 416;
853 421;
853 423;
853 427;
853 429;
853 430;
853 432;
853 433;
853 437;
853 439;
853 441;
853 443;
853 444;
853 446;
853 447;
853 452;
853 454;
853 459;
853 46;
853 461;
853 463;
853 464;
853 469;
853 473;
853 475;
853 476;
853 480;
853 481;
853 482;
853 483;
853 484;
853 485;
853 490;
853 492;
853 494;
853 497;
853 499;
853 50;
853 502;
853 504;
853 512;
853 513;
853 514;
853 515;
853 516;
853 517;
853 52;
853 522;
853 524;
853 525;
853 526;
853 527;
853 528;
853 529;
853 53;
853 530;
853 535;
853 538;
853 539;
853 54;
853 540;
853 541;
853 542;
853 543;
853 548;
853 549;
853 550;
853 551;
853 552;
853 553;
853 559;
853 56;
853 561;
853 563;
853 565;
853 570;
853 572;
853 574;
853 578;
853 58;
853 580;
853 582;
853 584;
853 587;
853 59;
853 590;
853 592;
853 593;
853 595;
853 596;
853 598;
853 599;
853 60;
853 600;
853 601;
853 602;
853 603;
853 604;
853 609;
853 610;
853 611;
853 612;
853 613;
853 614;
853 62;
853 623;
853 625;
853 639;
853 64;
853 640;
853 641;
853 642;
853 643;
853 644;
853 65;
853 650;
853 651;
853 652;
853 653;
853 654;
853 655;
853 66;
853 660;
853 665;
853 669;
853 671;
853 673;
853 674;
853 675;
853 676;
853 677;
853 678;
853 683;
853 685;
853 686;
853 687;
853 688;
853 689;
853 69;
853 690;
853 695;
853 698;
853 70;
853 701;
853 703;
853 706;
853 720;
853 722;
853 74;
853 75;
853 78;
853 79;
853 80;
853 85;
853 92;
853 93;
853 97;
853 98;
854 118;
854 139;
854 160;
854 189;
854 212;
854 233;
854 254;
854 275;
854 298;
854 340;
854 72;
854 95;
856 12;
856 179;
856 183;
856 19;
856 25;
856 28;
856 32;
856 36;
856 363;
856 388;
856 39;
856 392;
856 395;
856 397;
856 409;
856 423;
856 426;
856 429;
856 43;
856 432;
856 436;
856 438;
856 441;
856 454;
856 456;
856 463;
856 465;
856 468;
856 472;
856 475;
856 479;
856 49;
856 492;
856 499;
856 504;
856 507;
856 511;
856 524;
856 536;
856 559;
856 563;
856 566;
856 569;
856 572;
856 574;
856 576;
856 578;
856 582;
856 588;
856 592;
856 595;
856 598;
856 631;
856 638;
856 663;
856 665;
856 667;
856 670;
856 684;
856 696;
856 698;
856 702;
856 706;
856 710;
856 714;
856 8;
859 627;
859 633;
860 12;
860 16;
860 26;
860 317;
860 34;
860 37;
860 40;
860 421;
860 427;
860 430;
860 433;
860 439;
860 452;
860 461;
860 469;
860 473;
860 476;
860 490;
860 497;
860 5;
860 502;
860 52;
860 522;
860 56;
860 561;
860 570;
860 580;
860 590;
860 593;
860 596;
860 627;
860 633;
860 64;
860 660;
860 668;
860 700;
860 707;
860 710;
860 714;
860 8;
861 10;
861 16;
861 26;
861 34;
861 37;
861 387;
861 394;
861 396;
861 40;
861 408;
861 421;
861 427;
861 430;
861 433;
861 437;
861 439;
861 452;
861 461;
861 464;
861 469;
861 473;
861 476;
861 490;
861 497;
861 502;
861 522;
861 535;
861 558;
861 561;
861 565;
861 570;
861 573;
861 577;
861 580;
861 587;
861 590;
861 593;
861 596;
861 6;
861 627;
861 633;
861 660;
861 664;
861 668;
861 683;
861 695;
861 697;
861 700;
861 708;
861 712;
862 110;
862 16;
862 177;
862 26;
862 34;
862 344;
862 366;
862 37;
862 370;
862 380;
862 387;
862 394;
862 396;
862 398;
862 40;
862 402;
862 408;
862 411;
862 415;
862 421;
862 424;
862 427;
862 430;
862 433;
862 437;
862 439;
862 446;
862 452;
862 455;
862 461;
862 464;
862 466;
862 469;
862 473;
862 476;
862 480;
862 484;
862 490;
862 497;
862 502;
862 505;
862 51;
862 512;
862 516;
862 522;
862 525;
862 529;
862 535;
862 538;
862 542;
862 548;
862 552;
862 558;
862 561;
862 565;
862 567;
862 570;
862 573;
862 577;
862 58;
862 580;
862 587;
862 590;
862 593;
862 596;
862 599;
862 603;
862 609;
862 613;
862 619;
862 627;
862 63;
862 634;
862 636;
862 639;
862 643;
862 650;
862 654;
862 660;
862 664;
862 668;
862 673;
862 677;
862 683;
862 685;
862 689;
862 695;
862 697;
862 700;
862 716;
862 87;
863 16;
863 29;
863 360;
863 389;
863 40;
863 433;
863 469;
863 476;
863 508;
863 627;
863 660;
866 11;
866 19;
866 25;
866 318;
866 32;
866 345;
866 363;
866 388;
866 392;
866 395;
866 397;
866 409;
866 43;
866 436;
866 438;
866 456;
866 465;
866 472;
866 479;
866 49;
866 511;
866 536;
866 54;
866 559;
866 566;
866 574;
866 576;
866 578;
866 588;
866 66;
866 663;
866 665;
866 667;
866 684;
866 696;
866 698;
866 7;
866 709;
866 713;
868 101;
868 108;
868 115;
868 121;
868 124;
868 131;
868 133;
868 136;
868 142;
868 145;
868 152;
868 154;
868 157;
868 163;
868 166;
868 173;
868 175;
868 186;
868 192;
868 195;
868 202;
868 204;
868 209;
868 215;
868 218;
868 225;
868 227;
868 230;
868 236;
868 239;
868 246;
868 248;
868 251;
868 257;
868 260;
868 267;
868 269;
868 272;
868 278;
868 281;
868 288;
868 290;
868 295;
868 301;
868 304;
868 311;
868 313;
868 320;
868 325;
868 326;
868 333;
868 340;
868 351;
868 352;
868 353;
868 354;
868 355;
868 356;
868 357;
868 358;
868 368;
868 369;
868 370;
868 371;
868 372;
868 374;
868 378;
868 379;
868 380;
868 382;
868 384;
868 400;
868 401;
868 402;
868 403;
868 404;
868 406;
868 413;
868 414;
868 415;
868 416;
868 417;
868 419;
868 444;
868 445;
868 447;
868 448;
868 450;
868 459;
868 482;
868 483;
868 484;
868 485;
868 486;
868 488;
868 494;
868 514;
868 515;
868 516;
868 517;
868 518;
868 520;
868 527;
868 528;
868 529;
868 530;
868 531;
868 533;
868 540;
868 541;
868 542;
868 543;
868 544;
868 546;
868 550;
868 551;
868 552;
868 553;
868 554;
868 556;
868 584;
868 601;
868 602;
868 603;
868 604;
868 605;
868 607;
868 611;
868 612;
868 613;
868 614;
868 615;
868 617;
868 641;
868 642;
868 643;
868 644;
868 645;
868 647;
868 652;
868 653;
868 654;
868 655;
868 656;
868 658;
868 675;
868 676;
868 677;
868 678;
868 679;
868 681;
868 687;
868 688;
868 689;
868 69;
868 690;
868 691;
868 693;
868 75;
868 78;
868 85;
868 92;
868 98;
869 102;
869 119;
869 125;
869 140;
869 146;
869 161;
869 167;
869 17;
869 19;
869 190;
869 196;
869 20;
869 21;
869 213;
869 219;
869 23;
869 234;
869 24;
869 240;
869 255;
869 261;
869 276;
869 282;
869 299;
869 305;
869 334;
869 367;
869 399;
869 41;
869 412;
869 43;
869 434;
869 435;
869 44;
869 45;
869 47;
869 470;
869 471;
869 477;
869 478;
869 48;
869 481;
869 513;
869 526;
869 539;
869 549;
869 600;
869 610;
869 628;
869 629;
869 631;
869 632;
869 633;
869 640;
869 651;
869 661;
869 662;
869 674;
869 686;
869 73;
869 79;
869 96;
876 101;
876 102;
876 103;
876 108;
876 145;
876 147;
876 15;
876 159;
876 161;
876 167;
876 17;
876 174;
876 178;
876 179;
876 18;
876 183;
876 184;
876 187;
876 188;
876 189;
876 194;
876 20;
876 211;
876 212;
876 216;
876 22;
876 222;
876 223;
876 224;
876 225;
876 228;
876 229;
876 23;
876 233;
876 234;
876 237;
876 238;
876 239;
876 24;
876 244;
876 246;
876 249;
876 250;
876 254;
876 255;
876 258;
876 259;
876 26;
876 260;
876 265;
876 272;
876 273;
876 277;
876 278;
876 28;
876 281;
876 282;
876 283;
876 288;
876 290;
876 295;
876 296;
876 30;
876 300;
876 301;
876 304;
876 305;
876 306;
876 31;
876 311;
876 32;
876 34;
876 342;
876 344;
876 346;
876 347;
876 35;
876 353;
876 36;
876 360;
876 363;
876 369;
876 371;
876 38;
876 382;
876 384;
876 385;
876 386;
876 387;
876 388;
876 389;
876 390;
876 395;
876 397;
876 398;
876 40;
876 402;
876 403;
876 404;
876 405;
876 406;
876 407;
876 41;
876 412;
876 414;
876 416;
876 417;
876 42;
876 421;
876 422;
876 423;
876 424;
876 425;
876 426;
876 434;
876 438;
876 440;
876 444;
876 445;
876 446;
876 447;
876 448;
876 449;
876 459;
876 462;
876 464;
876 466;
876 469;
876 470;
876 471;
876 472;
876 473;
876 474;
876 479;
876 48;
876 480;
876 481;
876 482;
876 483;
876 484;
876 489;
876 491;
876 492;
876 494;
876 495;
876 497;
876 498;
876 50;
876 500;
876 51;
876 512;
876 513;
876 517;
876 52;
876 520;
876 522;
876 523;
876 524;
876 525;
876 526;
876 527;
876 528;
876 54;
876 540;
876 543;
876 545;
876 556;
876 558;
876 56;
876 560;
876 561;
876 562;
876 563;
876 564;
876 565;
876 57;
876 573;
876 574;
876 575;
876 576;
876 577;
876 578;
876 58;
876 584;
876 591;
876 596;
876 597;
876 598;
876 599;
876 60;
876 600;
876 601;
876 606;
876 607;
876 608;
876 609;
876 610;
876 611;
876 62;
876 620;
876 622;
876 624;
876 628;
876 63;
876 630;
876 633;
876 635;
876 639;
876 64;
876 640;
876 641;
876 642;
876 643;
876 644;
876 650;
876 656;
876 658;
876 66;
876 662;
876 663;
876 664;
876 665;
876 666;
876 667;
876 672;
876 674;
876 675;
876 676;
876 677;
876 678;
876 679;
876 68;
876 680;
876 69;
876 698;
876 699;
876 70;
876 700;
876 701;
876 702;
876 703;
876 708;
876 710;
876 72;
876 74;
876 79;
876 81;
876 82;
876 83;
876 85;
876 88;
876 92;
876 93;
876 97;
876 98;
877 181;
877 213;
877 231;
877 252;
877 275;
877 298;
877 514;
877 95;
879 116;
879 120;
879 124;
879 129;
879 135;
879 139;
879 14;
879 150;
879 153;
879 155;
879 159;
879 161;
879 164;
879 17;
879 19;
879 27;
879 319;
879 324;
879 328;
879 332;
879 336;
879 350;
879 364;
879 368;
879 370;
879 372;
879 375;
879 379;
879 384;
879 397;
879 401;
879 413;
879 416;
879 420;
879 434;
879 436;
879 440;
879 443;
879 464;
879 466;
879 468;
879 47;
879 491;
879 494;
879 497;
879 500;
879 522;
879 534;
879 536;
879 541;
879 545;
879 549;
879 55;
879 555;
879 557;
879 559;
879 572;
879 59;
879 617;
879 622;
879 624;
879 626;
879 629;
879 634;
879 651;
879 674;
879 688;
879 694;
879 709;
879 711;
879 715;
879 719;
879 723;
879 74;
879 77;
879 8;
879 86;
882 121;
882 56;
883 132;
883 135;
883 139;
883 15;
883 215;
883 22;
883 30;
883 329;
883 332;
883 336;
883 382;
883 395;
883 398;
883 40;
883 414;
883 417;
883 438;
883 462;
883 489;
883 492;
883 495;
883 498;
883 50;
883 520;
883 543;
883 56;
883 62;
883 620;
883 627;
883 632;
883 66;
883 672;
883 685;
883 716;
883 719;
883 72;
883 723;
883 79;
884 133;
884 137;
884 15;
884 158;
884 18;
884 26;
884 330;
884 334;
884 363;
884 369;
884 371;
884 382;
884 395;
884 398;
884 412;
884 414;
884 417;
884 433;
884 438;
884 462;
884 465;
884 489;
884 492;
884 495;
884 498;
884 520;
884 54;
884 540;
884 543;
884 556;
884 558;
884 56;
884 620;
884 623;
884 627;
884 632;
884 650;
884 672;
884 685;
884 708;
884 710;
884 717;
884 72;
884 721;
884 85;
885 110;
885 114;
885 141;
885 149;
885 15;
885 152;
885 158;
885 163;
885 18;
885 196;
885 200;
885 21;
885 26;
885 267;
885 29;
885 313;
885 317;
885 322;
885 338;
885 349;
885 363;
885 369;
885 371;
885 373;
885 382;
885 385;
885 389;
885 39;
885 395;
885 398;
885 402;
885 406;
885 412;
885 414;
885 417;
885 421;
885 425;
885 433;
885 438;
885 441;
885 444;
885 448;
885 462;
885 465;
885 469;
885 473;
885 479;
885 483;
885 489;
885 49;
885 492;
885 495;
885 498;
885 501;
885 520;
885 523;
885 527;
885 533;
885 54;
885 540;
885 543;
885 546;
885 556;
885 558;
885 56;
885 560;
885 564;
885 570;
885 573;
885 577;
885 596;
885 600;
885 606;
885 61;
885 610;
885 616;
885 620;
885 623;
885 627;
885 632;
885 639;
885 643;
885 650;
885 652;
885 662;
885 666;
885 672;
885 675;
885 679;
885 68;
885 685;
885 698;
885 702;
885 708;
885 710;
885 72;
885 75;
885 81;
885 85;
886 117;
886 325;
886 365;
886 398;
886 417;
886 44;
886 5;
886 546;
886 685;
886 712;
889 120;
889 124;
889 129;
889 134;
889 138;
889 14;
889 150;
889 153;
889 155;
889 159;
889 161;
889 164;
889 19;
889 24;
889 27;
889 32;
889 328;
889 331;
889 335;
889 350;
889 364;
889 368;
889 370;
889 372;
889 401;
889 413;
889 42;
889 420;
889 434;
889 436;
889 466;
889 468;
889 47;
889 52;
889 534;
889 536;
889 541;
889 549;
889 55;
889 555;
889 557;
889 559;
889 59;
889 617;
889 624;
889 626;
889 64;
889 651;
889 688;
889 694;
889 709;
889 711;
889 715;
889 718;
889 722;
889 8;
889 86;
891 101;
891 108;
891 167;
891 178;
891 184;
891 187;
891 194;
891 216;
891 225;
891 228;
891 234;
891 237;
891 244;
891 246;
891 249;
891 255;
891 258;
891 265;
891 272;
891 278;
891 281;
891 288;
891 290;
891 295;
891 301;
891 304;
891 311;
891 347;
891 35;
891 353;
891 36;
891 387;
891 388;
891 389;
891 390;
891 391;
891 393;
891 404;
891 405;
891 406;
891 407;
891 408;
891 410;
891 423;
891 424;
891 425;
891 426;
891 427;
891 429;
891 446;
891 447;
891 448;
891 449;
891 450;
891 452;
891 471;
891 472;
891 473;
891 474;
891 475;
891 477;
891 481;
891 482;
891 483;
891 484;
891 485;
891 487;
891 517;
891 525;
891 526;
891 527;
891 528;
891 529;
891 531;
891 562;
891 563;
891 564;
891 565;
891 566;
891 568;
891 575;
891 576;
891 577;
891 578;
891 579;
891 581;
891 584;
891 598;
891 599;
891 600;
891 601;
891 602;
891 604;
891 608;
891 609;
891 610;
891 611;
891 612;
891 614;
891 641;
891 642;
891 643;
891 644;
891 645;
891 647;
891 664;
891 665;
891 666;
891 667;
891 668;
891 670;
891 677;
891 678;
891 679;
891 680;
891 681;
891 683;
891 700;
891 701;
891 702;
891 703;
891 704;
891 706;
891 88;
891 92;
891 98;
892 102;
892 174;
892 182;
892 188;
892 210;
892 213;
892 222;
892 224;
892 232;
892 238;
892 253;
892 259;
892 276;
892 282;
892 299;
892 305;
892 360;
892 386;
892 399;
892 400;
892 403;
892 418;
892 419;
892 422;
892 445;
892 459;
892 470;
892 480;
892 511;
892 514;
892 524;
892 548;
892 554;
892 561;
892 574;
892 591;
892 597;
892 607;
892 640;
892 663;
892 676;
892 686;
892 688;
892 690;
892 692;
892 694;
892 696;
892 699;
892 96;
899 103;
899 109;
899 116;
899 118;
899 123;
899 128;
899 133;
899 135;
899 138;
899 140;
899 147;
899 154;
899 159;
899 163;
899 165;
899 166;
899 169;
899 170;
899 173;
899 174;
899 179;
899 180;
899 184;
899 186;
899 196;
899 198;
899 20;
899 200;
899 202;
899 204;
899 206;
899 213;
899 217;
899 219;
899 22;
899 222;
899 23;
899 234;
899 242;
899 244;
899 246;
899 248;
899 249;
899 25;
899 253;
899 254;
899 257;
899 258;
899 259;
899 264;
899 270;
899 272;
899 274;
899 275;
899 278;
899 280;
899 281;
899 282;
899 286;
899 287;
899 289;
899 294;
899 295;
899 298;
899 300;
899 301;
899 302;
899 306;
899 307;
899 309;
899 312;
899 314;
899 316;
899 317;
899 318;
899 321;
899 323;
899 325;
899 327;
899 330;
899 332;
899 334;
899 336;
899 338;
899 344;
899 346;
899 349;
899 351;
899 354;
899 356;
899 358;
899 361;
899 363;
899 365;
899 369;
899 401;
899 403;
899 407;
899 413;
899 426;
899 436;
899 439;
899 441;
899 445;
899 457;
899 464;
899 465;
899 466;
899 468;
899 470;
899 471;
899 474;
899 483;
899 487;
899 490;
899 491;
899 493;
899 497;
899 498;
899 501;
899 508;
899 513;
899 522;
899 535;
899 548;
899 550;
899 552;
899 554;
899 559;
899 561;
899 563;
899 566;
899 568;
899 577;
899 579;
899 583;
899 6;
899 602;
899 613;
899 618;
899 622;
899 624;
899 628;
899 629;
899 630;
899 637;
899 646;
899 647;
899 648;
899 651;
899 657;
899 658;
899 660;
899 661;
899 667;
899 669;
899 67;
899 671;
899 673;
899 676;
899 677;
899 679;
899 680;
899 686;
899 687;
899 688;
899 690;
899 696;
899 697;
899 698;
899 700;
899 705;
899 706;
899 707;
899 71;
899 710;
899 716;
899 723;
899 74;
899 76;
899 79;
899 84;
899 88;
899 98;
900 251;
902 10;
902 100;
902 103;
902 105;
902 109;
902 111;
902 123;
902 125;
902 128;
902 13;
902 130;
902 133;
902 135;
902 138;
902 140;
902 145;
902 148;
902 151;
902 155;
902 160;
902 166;
902 17;
902 170;
902 174;
902 184;
902 186;
902 188;
902 192;
902 201;
902 205;
902 218;
902 22;
902 222;
902 224;
902 229;
902 235;
902 237;
902 239;
902 246;
902 25;
902 272;
902 29;
902 312;
902 322;
902 326;
902 330;
902 333;
902 337;
902 35;
902 350;
902 354;
902 357;
902 361;
902 363;
902 365;
902 369;
902 371;
902 375;
902 381;
902 387;
902 393;
902 408;
902 42;
902 435;
902 437;
902 439;
902 441;
902 457;
902 459;
902 463;
902 469;
902 477;
902 48;
902 480;
902 483;
902 485;
902 487;
902 489;
902 496;
902 548;
902 550;
902 552;
902 554;
902 559;
902 561;
902 563;
902 566;
902 568;
902 57;
902 572;
902 613;
902 615;
902 618;
902 620;
902 623;
902 637;
902 64;
902 641;
902 645;
902 667;
902 669;
902 671;
902 673;
902 70;
902 72;
902 74;
902 76;
902 79;
902 81;
902 84;
902 86;
902 88;
902 90;
902 94;
902 98;
905 152;
905 163;
905 176;
905 196;
905 225;
905 231;
905 473;
906 152;
906 163;
906 166;
906 170;
906 174;
906 189;
906 196;
906 199;
906 20;
906 216;
906 225;
906 23;
906 231;
906 244;
906 26;
906 270;
906 316;
906 320;
906 331;
906 348;
906 355;
906 372;
906 39;
906 473;
906 493;
906 54;
906 61;
906 621;
906 627;
907 102;
907 108;
907 122;
907 127;
907 132;
907 137;
907 147;
907 164;
907 168;
907 172;
907 183;
907 189;
907 197;
907 199;
907 20;
907 216;
907 221;
907 225;
907 23;
907 231;
907 234;
907 244;
907 26;
907 266;
907 270;
907 311;
907 320;
907 331;
907 348;
907 355;
907 362;
907 368;
907 372;
907 39;
907 407;
907 410;
907 425;
907 436;
907 438;
907 444;
907 456;
907 468;
907 473;
907 482;
907 486;
907 493;
907 512;
907 521;
907 532;
907 54;
907 547;
907 558;
907 565;
907 581;
907 601;
907 61;
907 612;
907 617;
907 621;
907 636;
907 666;
907 71;
907 73;
907 78;
907 83;
907 87;
907 97;
908 102;
908 108;
908 11;
908 112;
908 122;
908 127;
908 132;
908 137;
908 147;
908 149;
908 163;
908 183;
908 189;
908 196;
908 199;
908 20;
908 216;
908 221;
908 225;
908 23;
908 232;
908 234;
908 236;
908 244;
908 26;
908 270;
908 311;
908 315;
908 320;
908 331;
908 340;
908 348;
908 355;
908 362;
908 368;
908 372;
908 39;
908 397;
908 407;
908 410;
908 425;
908 436;
908 438;
908 444;
908 456;
908 468;
908 473;
908 478;
908 482;
908 486;
908 493;
908 512;
908 521;
908 532;
908 54;
908 547;
908 558;
908 565;
908 570;
908 573;
908 581;
908 601;
908 61;
908 612;
908 617;
908 621;
908 631;
908 636;
908 639;
908 646;
908 650;
908 660;
908 666;
908 679;
908 689;
908 699;
908 705;
908 709;
908 71;
908 73;
908 78;
908 8;
908 83;
908 87;
908 97;
909 142;
909 176;
909 189;
909 225;
909 26;
909 372;
909 39;
909 432;
909 460;
909 473;
909 493;
909 54;
909 61;
909 642;
909 91;
912 100;
912 103;
912 105;
912 109;
912 111;
912 123;
912 125;
912 128;
912 130;
912 133;
912 135;
912 138;
912 140;
912 145;
912 148;
912 155;
912 160;
912 165;
912 169;
912 173;
912 184;
912 186;
912 188;
912 192;
912 198;
912 222;
912 224;
912 235;
912 237;
912 239;
912 29;
912 312;
912 318;
912 35;
912 363;
912 365;
912 369;
912 371;
912 375;
912 381;
912 387;
912 393;
912 408;
912 42;
912 435;
912 437;
912 439;
912 441;
912 457;
912 459;
912 463;
912 469;
912 48;
912 483;
912 485;
912 487;
912 489;
912 496;
912 548;
912 550;
912 552;
912 554;
912 559;
912 561;
912 563;
912 566;
912 568;
912 57;
912 613;
912 615;
912 618;
912 620;
912 637;
912 64;
912 645;
912 667;
912 669;
912 671;
912 673;
912 70;
912 72;
912 74;
912 76;
912 79;
912 81;
912 84;
912 86;
912 88;
912 90;
912 94;
912 98;
913 426;
914 242;
914 248;
914 254;
914 257;
914 264;
914 280;
914 281;
914 287;
914 289;
914 300;
914 301;
914 307;
914 309;
914 465;
914 471;
914 491;
914 498;
914 501;
914 6;
914 648;
914 649;
914 652;
914 654;
914 658;
914 659;
914 661;
914 662;
914 664;
914 677;
914 678;
914 680;
914 681;
914 683;
914 687;
914 688;
914 689;
914 691;
914 693;
914 697;
914 698;
914 699;
914 701;
914 703;
914 707;
914 708;
914 711;
914 713;
914 716;
915 190;
915 191;
915 193;
915 194;
915 213;
915 226;
915 227;
915 229;
915 230;
915 231;
915 252;
915 258;
915 27;
915 274;
915 275;
915 278;
915 282;
915 286;
915 29;
915 294;
915 295;
915 298;
915 302;
915 306;
915 31;
915 33;
915 35;
915 37;
915 373;
915 375;
915 377;
915 379;
915 381;
915 383;
915 385;
915 387;
915 389;
915 391;
915 392;
915 394;
915 395;
915 40;
915 42;
915 44;
915 46;
915 466;
915 475;
915 476;
915 48;
915 494;
915 495;
915 50;
915 508;
915 55;
915 57;
915 58;
915 59;
915 62;
915 63;
915 647;
915 65;
915 66;
915 68;
915 69;
915 706;
915 723;
922 103;
922 114;
922 116;
922 119;
922 12;
922 121;
922 124;
922 126;
922 128;
922 130;
922 132;
922 134;
922 136;
922 139;
922 14;
922 140;
922 143;
922 145;
922 146;
922 147;
922 151;
922 152;
922 154;
922 160;
922 17;
922 174;
922 176;
922 179;
922 183;
922 185;
922 187;
922 189;
922 191;
922 193;
922 199;
922 201;
922 202;
922 203;
922 216;
922 217;
922 254;
922 255;
922 259;
922 260;
922 263;
922 264;
922 265;
922 270;
922 279;
922 283;
922 29;
922 294;
922 296;
922 298;
922 302;
922 304;
922 306;
922 308;
922 311;
922 313;
922 315;
922 317;
922 320;
922 322;
922 324;
922 326;
922 329;
922 331;
922 334;
922 336;
922 340;
922 35;
922 366;
922 37;
922 370;
922 373;
922 384;
922 386;
922 389;
922 393;
922 395;
922 399;
922 405;
922 407;
922 413;
922 42;
922 426;
922 428;
922 44;
922 450;
922 452;
922 454;
922 456;
922 459;
922 46;
922 462;
922 464;
922 466;
922 468;
922 474;
922 476;
922 479;
922 48;
922 485;
922 487;
922 489;
922 490;
922 492;
922 493;
922 497;
922 498;
922 499;
922 50;
922 501;
922 508;
922 515;
922 517;
922 519;
922 52;
922 521;
922 525;
922 529;
922 54;
922 546;
922 548;
922 550;
922 56;
922 562;
922 578;
922 582;
922 59;
922 591;
922 604;
922 61;
922 610;
922 627;
922 629;
922 63;
922 639;
922 641;
922 644;
922 646;
922 648;
922 65;
922 651;
922 653;
922 655;
922 663;
922 665;
922 667;
922 670;
922 672;
922 674;
922 679;
922 681;
922 683;
922 686;
922 688;
922 690;
922 693;
922 695;
922 697;
922 700;
922 702;
922 704;
922 706;
922 709;
922 721;
922 723;
922 87;
922 89;
923 218;
923 257;
925 100;
925 106;
925 110;
925 115;
925 12;
925 120;
925 124;
925 127;
925 131;
925 135;
925 137;
925 14;
925 157;
925 164;
925 167;
925 17;
925 171;
925 175;
925 179;
925 181;
925 184;
925 188;
925 19;
925 192;
925 198;
925 224;
925 23;
925 232;
925 240;
925 248;
925 25;
925 279;
925 281;
925 283;
925 289;
925 29;
925 298;
925 300;
925 303;
925 307;
925 31;
925 312;
925 316;
925 321;
925 325;
925 330;
925 334;
925 336;
925 338;
925 340;
925 342;
925 346;
925 352;
925 358;
925 362;
925 366;
925 368;
925 370;
925 384;
925 386;
925 389;
925 391;
925 393;
925 395;
925 399;
925 401;
925 405;
925 407;
925 426;
925 428;
925 43;
925 432;
925 436;
925 442;
925 447;
925 455;
925 459;
925 463;
925 467;
925 47;
925 482;
925 486;
925 492;
925 496;
925 502;
925 506;
925 508;
925 51;
925 510;
925 513;
925 515;
925 517;
925 519;
925 521;
925 523;
925 525;
925 527;
925 529;
925 531;
925 536;
925 544;
925 546;
925 548;
925 55;
925 550;
925 555;
925 575;
925 582;
925 584;
925 587;
925 6;
925 60;
925 623;
925 627;
925 629;
925 634;
925 64;
925 644;
925 646;
925 648;
925 651;
925 653;
925 655;
925 657;
925 660;
925 663;
925 665;
925 667;
925 670;
925 672;
925 674;
925 679;
925 681;
925 683;
925 686;
925 688;
925 690;
925 693;
925 695;
925 697;
925 70;
925 700;
925 702;
925 704;
925 706;
925 76;
925 8;
925 82;
925 87;
925 89;
925 94;
928 220;
928 226;
928 234;
928 242;
928 250;
928 285;
928 291;
928 294;
928 450;
928 487;
928 532;
928 538;
929 113;
929 118;
929 125;
929 173;
929 182;
929 201;
929 220;
929 226;
929 234;
929 242;
929 250;
929 285;
929 291;
929 294;
929 301;
929 310;
929 319;
929 328;
929 343;
929 41;
929 433;
929 450;
929 453;
929 461;
929 479;
929 487;
929 490;
929 493;
929 532;
929 538;
929 552;
929 58;
929 67;
929 91;
930 11;
930 113;
930 118;
930 125;
930 134;
930 136;
930 16;
930 173;
930 178;
930 182;
930 220;
930 226;
930 234;
930 242;
930 250;
930 272;
930 278;
930 28;
930 282;
930 285;
930 291;
930 295;
930 297;
930 301;
930 310;
930 319;
930 328;
930 335;
930 339;
930 343;
930 365;
930 369;
930 372;
930 383;
930 388;
930 392;
930 398;
930 404;
930 41;
930 410;
930 425;
930 433;
930 451;
930 453;
930 458;
930 461;
930 479;
930 485;
930 488;
930 490;
930 493;
930 501;
930 507;
930 514;
930 524;
930 528;
930 532;
930 538;
930 545;
930 552;
930 559;
930 58;
930 581;
930 588;
930 607;
930 626;
930 643;
930 650;
930 662;
930 669;
930 67;
930 678;
930 685;
930 692;
930 699;
930 708;
930 86;
930 91;
931 11;
931 113;
931 118;
931 125;
931 134;
931 136;
931 156;
931 16;
931 162;
931 165;
931 173;
931 178;
931 182;
931 200;
931 205;
931 220;
931 227;
931 235;
931 24;
931 243;
931 251;
931 278;
931 28;
931 282;
931 285;
931 292;
931 294;
931 297;
931 301;
931 310;
931 319;
931 328;
931 335;
931 339;
931 343;
931 356;
931 365;
931 369;
931 372;
931 383;
931 388;
931 392;
931 398;
931 404;
931 41;
931 410;
931 425;
931 430;
931 433;
931 446;
931 450;
931 453;
931 458;
931 461;
931 470;
931 479;
931 485;
931 487;
931 490;
931 493;
931 5;
931 501;
931 507;
931 511;
931 514;
931 524;
931 528;
931 532;
931 539;
931 545;
931 552;
931 559;
931 574;
931 58;
931 581;
931 585;
931 588;
931 607;
931 622;
931 626;
931 635;
931 643;
931 650;
931 658;
931 662;
931 669;
931 67;
931 678;
931 685;
931 692;
931 699;
931 708;
931 717;
931 86;
931 91;
932 107;
932 195;
932 20;
932 220;
932 285;
932 343;
932 433;
932 479;
932 493;
932 503;
932 532;
932 552;
932 631;
932 67;
932 91;
935 100;
935 106;
935 110;
935 12;
935 135;
935 137;
935 14;
935 157;
935 17;
935 179;
935 181;
935 19;
935 198;
935 203;
935 23;
935 25;
935 279;
935 281;
935 283;
935 29;
935 296;
935 298;
935 300;
935 31;
935 336;
935 338;
935 340;
935 342;
935 346;
935 352;
935 366;
935 368;
935 370;
935 384;
935 386;
935 389;
935 391;
935 393;
935 395;
935 399;
935 401;
935 405;
935 407;
935 426;
935 428;
935 436;
935 442;
935 447;
935 452;
935 459;
935 482;
935 486;
935 489;
935 496;
935 502;
935 506;
935 508;
935 510;
935 515;
935 517;
935 519;
935 521;
935 523;
935 525;
935 527;
935 529;
935 531;
935 546;
935 548;
935 550;
935 555;
935 575;
935 582;
935 584;
935 6;
935 623;
935 627;
935 629;
935 634;
935 644;
935 646;
935 648;
935 651;
935 653;
935 655;
935 657;
935 663;
935 665;
935 667;
935 670;
935 672;
935 674;
935 679;
935 681;
935 683;
935 686;
935 688;
935 690;
935 693;
935 695;
935 697;
935 70;
935 700;
935 702;
935 704;
935 706;
935 76;
935 8;
935 82;
935 87;
935 89;
935 94;
937 145;
937 146;
937 152;
937 154;
937 160;
937 254;
937 260;
937 263;
937 270;
937 35;
937 37;
937 498;
937 499;
937 578;
937 604;
938 100;
938 102;
938 104;
938 105;
938 139;
938 140;
938 143;
938 147;
938 151;
938 215;
938 218;
938 221;
938 222;
938 224;
938 226;
938 229;
938 230;
938 232;
938 234;
938 237;
938 238;
938 240;
938 242;
938 246;
938 248;
938 250;
938 258;
938 264;
938 286;
938 287;
938 289;
938 290;
938 291;
938 344;
938 346;
938 348;
938 350;
938 352;
938 354;
938 434;
938 436;
938 437;
938 438;
938 440;
938 442;
938 443;
938 444;
938 480;
938 481;
938 494;
938 495;
938 533;
938 534;
938 536;
938 538;
938 542;
938 543;
938 553;
938 555;
938 556;
938 557;
938 68;
938 70;
938 72;
938 74;
938 76;
938 78;
938 80;
938 81;
938 83;
938 84;
938 92;
938 94;
938 96;
938 98;
945 100;
945 102;
945 104;
945 107;
945 109;
945 112;
945 114;
945 12;
945 124;
945 126;
945 128;
945 130;
945 133;
945 134;
945 136;
945 138;
945 139;
945 141;
945 144;
945 145;
945 148;
945 150;
945 151;
945 152;
945 156;
945 157;
945 159;
945 161;
945 164;
945 166;
945 168;
945 17;
945 189;
945 192;
945 194;
945 195;
945 197;
945 199;
945 207;
945 212;
945 226;
945 227;
945 23;
945 231;
945 233;
945 235;
945 237;
945 239;
945 241;
945 245;
945 246;
945 250;
945 251;
945 254;
945 255;
945 256;
945 261;
945 275;
945 277;
945 279;
945 281;
945 29;
945 300;
945 306;
945 319;
945 321;
945 323;
945 328;
945 330;
945 332;
945 334;
945 337;
945 338;
945 343;
945 345;
945 347;
945 349;
945 352;
945 356;
945 358;
945 360;
945 362;
945 366;
945 368;
945 374;
945 376;
945 378;
945 38;
945 380;
945 382;
945 384;
945 386;
945 388;
945 390;
945 393;
945 395;
945 397;
945 416;
945 418;
945 42;
945 420;
945 421;
945 423;
945 431;
945 434;
945 436;
945 438;
945 448;
945 450;
945 452;
945 453;
945 454;
945 458;
945 46;
945 468;
945 472;
945 474;
945 476;
945 477;
945 497;
945 499;
945 501;
945 503;
945 506;
945 508;
945 510;
945 512;
945 514;
945 516;
945 518;
945 520;
945 526;
945 531;
945 536;
945 538;
945 542;
945 544;
945 548;
945 553;
945 556;
945 559;
945 564;
945 567;
945 569;
945 571;
945 579;
945 582;
945 585;
945 591;
945 592;
945 594;
945 595;
945 601;
945 602;
945 604;
945 605;
945 611;
945 615;
945 618;
945 619;
945 620;
945 622;
945 628;
945 630;
945 632;
945 635;
945 644;
945 645;
945 646;
945 648;
945 654;
945 656;
945 658;
945 660;
945 662;
945 663;
945 664;
945 667;
945 674;
945 676;
945 678;
945 681;
945 683;
945 685;
945 688;
945 690;
945 692;
945 696;
945 697;
945 698;
945 701;
945 707;
945 709;
945 711;
945 722;
945 724;
945 78;
945 82;
945 85;
945 90;
945 95;
945 97;
946 228;
946 248;
948 101;
948 105;
948 108;
948 112;
948 114;
948 118;
948 12;
948 122;
948 125;
948 129;
948 133;
948 135;
948 138;
948 14;
948 140;
948 142;
948 162;
948 168;
948 17;
948 173;
948 181;
948 183;
948 185;
948 189;
948 19;
948 191;
948 194;
948 197;
948 199;
948 204;
948 210;
948 212;
948 214;
948 23;
948 232;
948 236;
948 240;
948 25;
948 272;
948 277;
948 280;
948 286;
948 29;
948 292;
948 300;
948 306;
948 31;
948 311;
948 317;
948 321;
948 329;
948 333;
948 337;
948 341;
948 344;
948 348;
948 35;
948 352;
948 357;
948 361;
948 366;
948 368;
948 38;
948 380;
948 382;
948 384;
948 386;
948 388;
948 390;
948 393;
948 395;
948 398;
948 40;
948 401;
948 406;
948 414;
948 417;
948 42;
948 426;
948 428;
948 434;
948 436;
948 44;
948 441;
948 445;
948 449;
948 451;
948 458;
948 46;
948 460;
948 464;
948 468;
948 473;
948 477;
948 48;
948 483;
948 491;
948 499;
948 501;
948 503;
948 507;
948 51;
948 511;
948 515;
948 519;
948 524;
948 526;
948 531;
948 533;
948 536;
948 538;
948 540;
948 542;
948 545;
948 548;
948 55;
948 550;
948 553;
948 556;
948 559;
948 561;
948 564;
948 567;
948 569;
948 571;
948 576;
948 579;
948 582;
948 585;
948 589;
948 61;
948 615;
948 628;
948 630;
948 632;
948 635;
948 638;
948 640;
948 654;
948 656;
948 658;
948 660;
948 67;
948 674;
948 676;
948 678;
948 681;
948 683;
948 685;
948 688;
948 690;
948 692;
948 707;
948 709;
948 711;
948 713;
948 717;
948 73;
948 78;
948 8;
948 80;
948 82;
948 84;
948 88;
948 90;
948 92;
948 96;
951 169;
951 175;
951 296;
951 302;
951 474;
951 479;
951 485;
951 493;
952 106;
952 123;
952 136;
952 166;
952 169;
952 175;
952 192;
952 195;
952 201;
952 230;
952 275;
952 278;
952 283;
952 296;
952 302;
952 308;
952 319;
952 327;
952 338;
952 342;
952 355;
952 378;
952 415;
952 423;
952 438;
952 474;
952 477;
952 479;
952 485;
952 493;
952 497;
952 505;
952 58;
952 85;
952 94;
952 99;
953 104;
953 106;
953 11;
953 113;
953 123;
953 134;
953 136;
953 139;
953 141;
953 16;
953 161;
953 166;
953 169;
953 175;
953 188;
953 192;
953 195;
953 198;
953 201;
953 211;
953 22;
953 230;
953 263;
953 275;
953 278;
953 28;
953 283;
953 296;
953 302;
953 305;
953 308;
953 319;
953 327;
953 338;
953 342;
953 355;
953 365;
953 37;
953 378;
953 381;
953 392;
953 397;
953 41;
953 415;
953 423;
953 433;
953 438;
953 448;
953 45;
953 450;
953 457;
953 467;
953 472;
953 475;
953 479;
953 485;
953 493;
953 497;
953 500;
953 505;
953 525;
953 530;
953 535;
953 541;
953 544;
953 547;
953 552;
953 555;
953 558;
953 563;
953 566;
953 578;
953 58;
953 581;
953 584;
953 614;
953 627;
953 634;
953 653;
953 673;
953 680;
953 687;
953 706;
953 77;
953 81;
953 85;
953 89;
953 94;
953 99;
954 104;
954 106;
954 11;
954 113;
954 116;
954 123;
954 134;
954 136;
954 139;
954 141;
954 16;
954 161;
954 166;
954 169;
954 176;
954 182;
954 188;
954 192;
954 195;
954 198;
954 201;
954 211;
954 215;
954 22;
954 230;
954 275;
954 278;
954 28;
954 283;
954 296;
954 303;
954 305;
954 308;
954 315;
954 319;
954 327;
954 338;
954 342;
954 355;
954 365;
954 37;
954 370;
954 378;
954 381;
954 392;
954 397;
954 399;
954 41;
954 415;
954 423;
954 427;
954 433;
954 438;
954 448;
954 45;
954 450;
954 457;
954 467;
954 472;
954 474;
954 479;
954 486;
954 49;
954 494;
954 497;
954 500;
954 505;
954 522;
954 525;
954 530;
954 535;
954 541;
954 544;
954 547;
954 552;
954 555;
954 558;
954 563;
954 566;
954 578;
954 58;
954 581;
954 584;
954 587;
954 594;
954 604;
954 614;
954 621;
954 627;
954 634;
954 637;
954 647;
954 653;
954 662;
954 666;
954 673;
954 680;
954 687;
954 696;
954 700;
954 706;
954 718;
954 77;
954 81;
954 85;
954 89;
954 94;
954 99;
955 119;
955 169;
955 201;
955 269;
955 283;
955 296;
955 308;
955 32;
955 338;
955 402;
955 423;
955 438;
955 442;
955 461;
955 479;
955 5;
955 573;
955 58;
955 714;
955 85;
958 105;
958 114;
958 12;
958 122;
958 135;
958 14;
958 140;
958 142;
958 162;
958 17;
958 183;
958 185;
958 189;
958 19;
958 191;
958 199;
958 204;
958 210;
958 212;
958 214;
958 23;
958 25;
958 272;
958 286;
958 29;
958 292;
958 306;
958 31;
958 311;
958 341;
958 35;
958 366;
958 368;
958 38;
958 382;
958 384;
958 386;
958 388;
958 390;
958 393;
958 395;
958 398;
958 40;
958 42;
958 426;
958 428;
958 434;
958 436;
958 44;
958 441;
958 445;
958 449;
958 451;
958 458;
958 46;
958 460;
958 464;
958 468;
958 473;
958 476;
958 48;
958 501;
958 503;
958 526;
958 531;
958 533;
958 536;
958 538;
958 540;
958 542;
958 545;
958 548;
958 550;
958 553;
958 556;
958 559;
958 561;
958 564;
958 567;
958 569;
958 571;
958 576;
958 579;
958 582;
958 585;
958 61;
958 615;
958 628;
958 630;
958 632;
958 635;
958 638;
958 640;
958 654;
958 656;
958 658;
958 660;
958 67;
958 674;
958 676;
958 678;
958 681;
958 683;
958 685;
958 688;
958 690;
958 692;
958 707;
958 709;
958 711;
958 713;
958 717;
958 73;
958 78;
958 8;
958 80;
958 82;
958 84;
958 88;
958 90;
958 92;
960 150;
960 151;
960 157;
960 159;
960 164;
960 245;
960 251;
960 254;
960 261;
960 323;
960 421;
960 431;
960 453;
960 454;
960 592;
960 593;
960 595;
960 596;
960 598;
960 602;
960 603;
960 605;
960 606;
960 608;
960 611;
960 619;
960 620;
960 621;
960 623;
960 625;
960 645;
960 646;
960 647;
960 649;
960 651;
960 664;
960 665;
960 668;
960 670;
960 698;
960 699;
960 702;
960 704;
961 144;
961 145;
961 148;
961 152;
961 156;
961 170;
961 171;
961 173;
961 175;
961 179;
961 180;
961 202;
961 203;
961 205;
961 206;
961 208;
961 209;
961 225;
961 228;
961 249;
961 255;
961 284;
961 286;
961 288;
961 290;
961 292;
961 294;
961 297;
961 298;
961 300;
961 302;
961 309;
961 310;
961 312;
961 313;
961 339;
961 340;
961 424;
961 425;
961 439;
961 440;
961 480;
961 481;
961 483;
961 484;
961 485;
961 488;
961 489;
961 491;
961 492;
961 493;
961 59;
961 61;
961 63;
961 65;
961 663;
961 67;
961 69;
961 697;
961 71;
961 72;
961 74;
961 75;
961 86;
961 87;
968 10;
968 100;
968 103;
968 105;
968 107;
968 109;
968 11;
968 112;
968 114;
968 116;
968 119;
968 128;
968 130;
968 137;
968 14;
968 140;
968 144;
968 165;
968 17;
968 170;
968 172;
968 178;
968 185;
968 19;
968 199;
968 200;
968 21;
968 224;
968 225;
968 23;
968 231;
968 232;
968 238;
968 239;
968 25;
968 253;
968 254;
968 268;
968 269;
968 280;
968 281;
968 284;
968 286;
968 287;
968 288;
968 29;
968 292;
968 293;
968 295;
968 298;
968 299;
968 302;
968 304;
968 305;
968 306;
968 31;
968 310;
968 311;
968 313;
968 316;
968 319;
968 321;
968 322;
968 324;
968 325;
968 328;
968 33;
968 331;
968 332;
968 335;
968 337;
968 338;
968 339;
968 343;
968 344;
968 346;
968 349;
968 35;
968 355;
968 359;
968 361;
968 363;
968 366;
968 37;
968 371;
968 376;
968 379;
968 382;
968 384;
968 386;
968 389;
968 390;
968 393;
968 395;
968 396;
968 397;
968 40;
968 401;
968 402;
968 404;
968 411;
968 414;
968 417;
968 419;
968 426;
968 428;
968 431;
968 434;
968 436;
968 438;
968 440;
968 442;
968 444;
968 447;
968 449;
968 451;
968 454;
968 457;
968 462;
968 465;
968 468;
968 470;
968 476;
968 480;
968 484;
968 490;
968 491;
968 492;
968 493;
968 497;
968 503;
968 504;
968 505;
968 506;
968 51;
968 516;
968 518;
968 522;
968 53;
968 541;
968 545;
968 548;
968 554;
968 556;
968 560;
968 565;
968 568;
968 57;
968 571;
968 576;
968 582;
968 587;
968 59;
968 591;
968 596;
968 598;
968 600;
968 602;
968 605;
968 607;
968 609;
968 61;
968 611;
968 614;
968 631;
968 640;
968 642;
968 643;
968 645;
968 646;
968 648;
968 65;
968 650;
968 652;
968 653;
968 655;
968 656;
968 657;
968 662;
968 667;
968 669;
968 671;
968 674;
968 676;
968 678;
968 681;
968 684;
968 686;
968 688;
968 690;
968 692;
968 694;
968 699;
968 70;
968 701;
968 703;
968 706;
968 708;
968 710;
968 720;
968 722;
968 83;
968 85;
968 87;
968 88;
968 90;
968 92;
968 94;
968 96;
968 98;
969 201;
969 255;
969 270;
969 519;
971 104;
971 108;
971 112;
971 115;
971 119;
971 123;
971 128;
971 130;
971 134;
971 137;
971 139;
971 143;
971 145;
971 149;
971 155;
971 161;
971 168;
971 17;
971 171;
971 175;
971 19;
971 21;
971 23;
971 25;
971 274;
971 278;
971 29;
971 31;
971 316;
971 318;
971 321;
971 324;
971 326;
971 328;
971 33;
971 349;
971 35;
971 352;
971 359;
971 361;
971 363;
971 366;
971 368;
971 37;
971 371;
971 373;
971 377;
971 379;
971 383;
971 387;
971 40;
971 409;
971 411;
971 414;
971 417;
971 419;
971 42;
971 423;
971 427;
971 431;
971 435;
971 439;
971 443;
971 447;
971 449;
971 451;
971 457;
971 46;
971 462;
971 464;
971 466;
971 468;
971 471;
971 474;
971 476;
971 478;
971 480;
971 482;
971 522;
971 524;
971 529;
971 537;
971 541;
971 543;
971 545;
971 548;
971 560;
971 565;
971 568;
971 57;
971 571;
971 573;
971 576;
971 578;
971 582;
971 584;
971 587;
971 589;
971 59;
971 591;
971 596;
971 598;
971 600;
971 602;
971 605;
971 607;
971 609;
971 611;
971 614;
971 616;
971 621;
971 629;
971 631;
971 633;
971 637;
971 64;
971 642;
971 645;
971 647;
971 649;
971 652;
971 661;
971 663;
971 667;
971 669;
971 671;
971 674;
971 676;
971 678;
971 68;
971 682;
971 685;
971 689;
971 693;
971 699;
971 7;
971 701;
971 703;
971 706;
971 708;
971 710;
971 715;
971 73;
971 78;
971 84;
971 90;
971 92;
974 525;
974 531;
974 617;
974 623;
974 69;
974 74;
974 80;
974 85;
975 102;
975 113;
975 120;
975 140;
975 146;
975 165;
975 169;
975 319;
975 322;
975 381;
975 425;
975 433;
975 483;
975 496;
975 508;
975 525;
975 531;
975 61;
975 617;
975 623;
975 640;
975 643;
975 65;
975 650;
975 653;
975 683;
975 69;
975 74;
975 80;
975 85;
975 88;
976 102;
976 113;
976 120;
976 127;
976 136;
976 140;
976 144;
976 146;
976 16;
976 165;
976 169;
976 28;
976 315;
976 319;
976 322;
976 325;
976 327;
976 348;
976 358;
976 365;
976 370;
976 376;
976 378;
976 381;
976 386;
976 39;
976 410;
976 413;
976 416;
976 425;
976 430;
976 433;
976 448;
976 456;
976 461;
976 465;
976 467;
976 470;
976 475;
976 479;
976 521;
976 525;
976 531;
976 540;
976 544;
976 547;
976 559;
976 56;
976 564;
976 567;
976 570;
976 575;
976 581;
976 586;
976 590;
976 595;
976 604;
976 61;
976 613;
976 617;
976 623;
976 630;
976 640;
976 643;
976 646;
976 648;
976 65;
976 650;
976 662;
976 666;
976 673;
976 681;
976 683;
976 69;
976 698;
976 705;
976 74;
976 80;
976 83;
976 86;
976 88;
976 91;
977 101;
977 102;
977 113;
977 120;
977 127;
977 132;
977 136;
977 140;
977 144;
977 146;
977 16;
977 165;
977 169;
977 174;
977 188;
977 203;
977 242;
977 257;
977 272;
977 28;
977 315;
977 319;
977 322;
977 325;
977 327;
977 348;
977 351;
977 358;
977 365;
977 370;
977 376;
977 378;
977 381;
977 386;
977 39;
977 410;
977 413;
977 416;
977 421;
977 425;
977 430;
977 433;
977 448;
977 456;
977 461;
977 465;
977 467;
977 47;
977 470;
977 472;
977 475;
977 479;
977 5;
977 508;
977 521;
977 525;
977 532;
977 540;
977 544;
977 547;
977 550;
977 559;
977 56;
977 564;
977 567;
977 570;
977 575;
977 581;
977 586;
977 590;
977 595;
977 604;
977 61;
977 613;
977 617;
977 624;
977 630;
977 640;
977 643;
977 646;
977 648;
977 65;
977 650;
977 655;
977 659;
977 662;
977 666;
977 673;
977 681;
977 683;
977 69;
977 698;
977 705;
977 716;
977 74;
977 81;
977 83;
977 85;
977 88;
977 91;
977 94;
978 120;
978 140;
978 146;
978 165;
978 275;
978 406;
978 43;
978 525;
978 61;
978 617;
978 634;
978 65;
978 69;
978 712;
978 74;
981 101;
981 123;
981 128;
981 130;
981 137;
981 139;
981 143;
981 145;
981 149;
981 155;
981 161;
981 168;
981 17;
981 175;
981 19;
981 21;
981 23;
981 25;
981 278;
981 29;
981 31;
981 316;
981 318;
981 326;
981 328;
981 33;
981 349;
981 35;
981 352;
981 359;
981 361;
981 363;
981 366;
981 368;
981 37;
981 371;
981 373;
981 377;
981 379;
981 387;
981 40;
981 409;
981 411;
981 414;
981 417;
981 419;
981 42;
981 431;
981 449;
981 451;
981 457;
981 46;
981 462;
981 464;
981 466;
981 468;
981 471;
981 476;
981 478;
981 480;
981 482;
981 522;
981 524;
981 541;
981 543;
981 545;
981 548;
981 560;
981 565;
981 568;
981 57;
981 571;
981 573;
981 576;
981 578;
981 582;
981 584;
981 587;
981 589;
981 59;
981 591;
981 596;
981 598;
981 600;
981 602;
981 605;
981 607;
981 609;
981 611;
981 614;
981 616;
981 631;
981 633;
981 637;
981 64;
981 647;
981 649;
981 663;
981 667;
981 669;
981 671;
981 674;
981 676;
981 678;
981 68;
981 682;
981 699;
981 701;
981 703;
981 706;
981 708;
981 710;
981 715;
981 84;
981 87;
981 92;
983 11;
983 14;
983 178;
983 224;
983 232;
983 238;
983 286;
983 287;
983 293;
983 295;
983 304;
983 305;
983 311;
983 313;
983 337;
983 338;
983 344;
983 346;
983 355;
983 395;
983 396;
983 402;
983 404;
983 454;
983 484;
983 493;
983 497;
983 506;
984 121;
984 122;
984 124;
984 125;
984 141;
984 142;
984 147;
984 149;
984 151;
984 153;
984 155;
984 157;
984 159;
984 160;
984 162;
984 163;
984 166;
984 167;
984 185;
984 198;
984 201;
984 223;
984 231;
984 239;
984 252;
984 255;
984 267;
984 270;
984 280;
984 281;
984 284;
984 288;
984 292;
984 298;
984 299;
984 302;
984 306;
984 310;
984 331;
984 332;
984 335;
984 339;
984 343;
984 389;
984 390;
984 393;
984 397;
984 401;
984 490;
984 492;
984 503;
984 505;
984 519;
984 526;
984 527;
984 529;
984 531;
984 535;
984 536;
984 618;
984 619;
984 62;
984 621;
984 623;
984 627;
984 628;
984 63;
984 66;
984 67;
984 71;
984 72;
984 75;
984 76;
984 78;
984 79;
984 80;
991 101;
991 103;
991 105;
991 108;
991 109;
991 111;
991 113;
991 123;
991 125;
991 126;
991 129;
991 130;
991 133;
991 134;
991 137;
991 139;
991 141;
991 143;
991 145;
991 147;
991 149;
991 151;
991 154;
991 156;
991 169;
991 178;
991 193;
991 194;
991 208;
991 209;
991 223;
991 224;
991 238;
991 239;
991 253;
991 254;
991 268;
991 269;
991 273;
991 275;
991 276;
991 277;
991 282;
991 284;
991 286;
991 287;
991 288;
991 291;
991 293;
991 294;
991 295;
991 297;
991 299;
991 301;
991 303;
991 305;
991 307;
991 309;
991 311;
991 313;
991 314;
991 315;
991 318;
991 319;
991 322;
991 324;
991 325;
991 326;
991 330;
991 331;
991 333;
991 335;
991 337;
991 338;
991 339;
991 342;
991 343;
991 346;
991 348;
991 349;
991 350;
991 354;
991 355;
991 357;
991 361;
991 364;
991 365;
991 368;
991 370;
991 371;
991 372;
991 376;
991 377;
991 379;
991 389;
991 390;
991 393;
991 395;
991 396;
991 397;
991 401;
991 402;
991 404;
991 407;
991 410;
991 412;
991 414;
991 415;
991 417;
991 419;
991 421;
991 423;
991 425;
991 429;
991 431;
991 433;
991 434;
991 436;
991 437;
991 440;
991 449;
991 451;
991 453;
991 457;
991 472;
991 473;
991 477;
991 483;
991 486;
991 487;
991 50;
991 510;
991 511;
991 517;
991 518;
991 52;
991 524;
991 525;
991 529;
991 535;
991 538;
991 539;
991 54;
991 542;
991 552;
991 554;
991 557;
991 56;
991 560;
991 562;
991 564;
991 571;
991 573;
991 577;
991 58;
991 582;
991 584;
991 586;
991 589;
991 596;
991 6;
991 60;
991 600;
991 617;
991 623;
991 625;
991 627;
991 629;
991 63;
991 631;
991 640;
991 642;
991 644;
991 647;
991 649;
991 65;
991 650;
991 654;
991 656;
991 657;
991 658;
991 66;
991 666;
991 668;
991 669;
991 670;
991 672;
991 673;
991 678;
991 680;
991 682;
991 686;
991 688;
991 69;
991 690;
991 692;
991 694;
991 696;
991 698;
991 700;
991 701;
991 702;
991 707;
991 709;
991 71;
991 715;
991 717;
991 719;
991 77;
991 79;
991 81;
991 83;
991 86;
991 88;
991 91;
991 96;
991 99;
992 195;
992 210;
992 225;
992 240;
992 255;
992 270;
992 474;
992 484;
992 536;
994 10;
994 100;
994 104;
994 108;
994 111;
994 113;
994 115;
994 118;
994 122;
994 126;
994 13;
994 130;
994 134;
994 138;
994 142;
994 146;
994 150;
994 154;
994 156;
994 161;
994 166;
994 17;
994 175;
994 181;
994 21;
994 27;
994 281;
994 283;
994 298;
994 310;
994 33;
994 362;
994 383;
994 387;
994 39;
994 411;
994 414;
994 416;
994 418;
994 421;
994 424;
994 429;
994 433;
994 437;
994 443;
994 447;
994 449;
994 45;
994 451;
994 453;
994 455;
994 51;
994 542;
994 545;
994 547;
994 55;
994 552;
994 555;
994 557;
994 560;
994 562;
994 564;
994 567;
994 571;
994 573;
994 575;
994 577;
994 579;
994 582;
994 584;
994 586;
994 589;
994 59;
994 591;
994 594;
994 596;
994 598;
994 600;
994 602;
994 607;
994 615;
994 617;
994 619;
994 623;
994 625;
994 627;
994 629;
994 63;
994 632;
994 635;
994 639;
994 642;
994 649;
994 653;
994 661;
994 663;
994 678;
994 680;
994 682;
994 687;
994 69;
994 691;
994 695;
994 707;
994 709;
994 71;
994 720;
994 724;
994 74;
994 77;
994 79;
994 81;
994 83;
994 86;
994 88;
994 94;
994 96;
997 123;
997 434;
997 603;
997 609;
998 109;
998 123;
998 126;
998 130;
998 134;
998 136;
998 158;
998 172;
998 18;
998 275;
998 286;
998 291;
998 299;
998 306;
998 313;
998 335;
998 412;
998 419;
998 422;
998 431;
998 434;
998 437;
998 476;
998 49;
998 528;
998 603;
998 609;
998 640;
998 647;
998 650;
998 654;
998 666;
998 685;
998 698;
998 91;
998 98;
999 109;
999 112;
999 124;
999 128;
999 132;
999 136;
999 153;
999 158;
999 172;
999 18;
999 282;
999 297;
999 309;
999 361;
999 410;
999 412;
999 415;
999 417;
999 419;
999 422;
999 428;
999 431;
999 435;
999 439;
999 448;
999 49;
999 541;
999 551;
999 554;
999 556;
999 559;
999 570;
999 576;
999 581;
999 588;
999 595;
999 599;
999 603;
999 609;
999 616;
999 622;
999 631;
999 640;
999 647;
999 650;
999 677;
999 68;
999 685;
999 706;
999 719;
999 76;
999 85;
999 91;
999 95;
999 98;
1000 109;
1000 11;
1000 112;
1000 116;
1000 123;
1000 136;
1000 153;
1000 158;
1000 165;
1000 172;
1000 18;
1000 182;
1000 197;
1000 212;
1000 227;
1000 242;
1000 257;
1000 274;
1000 279;
1000 282;
1000 285;
1000 293;
1000 297;
1000 306;
1000 309;
1000 312;
1000 337;
1000 361;
1000 381;
1000 410;
1000 412;
1000 415;
1000 417;
1000 419;
1000 422;
1000 428;
1000 431;
1000 434;
1000 441;
1000 448;
1000 461;
1000 489;
1000 49;
1000 541;
1000 544;
1000 551;
1000 554;
1000 556;
1000 559;
1000 566;
1000 570;
1000 576;
1000 581;
1000 588;
1000 592;
1000 595;
1000 599;
1000 603;
1000 610;
1000 616;
1000 622;
1000 631;
1000 633;
1000 640;
1000 647;
1000 650;
1000 656;
1000 660;
1000 668;
1000 677;
1000 68;
1000 685;
1000 700;
1000 706;
1000 711;
1000 719;
1000 73;
1000 76;
1000 8;
1000 85;
1000 91;
1000 95;
1000 98;
1001 119;
1001 158;
1001 172;
1001 18;
1001 384;
1001 444;
1001 603;
1001 636;
1001 650;
1001 721;
1001 91;
1004 113;
1004 115;
1004 122;
1004 125;
1004 129;
1004 133;
1004 154;
1004 156;
1004 161;
1004 166;
1004 175;
1004 181;
1004 21;
1004 27;
1004 277;
1004 283;
1004 288;
1004 298;
1004 308;
1004 310;
1004 315;
1004 33;
1004 362;
1004 387;
1004 39;
1004 411;
1004 416;
1004 418;
1004 429;
1004 436;
1004 440;
1004 447;
1004 449;
1004 45;
1004 451;
1004 453;
1004 455;
1004 542;
1004 545;
1004 547;
1004 552;
1004 555;
1004 557;
1004 560;
1004 562;
1004 564;
1004 567;
1004 571;
1004 573;
1004 575;
1004 577;
1004 579;
1004 582;
1004 584;
1004 586;
1004 589;
1004 591;
1004 596;
1004 598;
1004 600;
1004 602;
1004 617;
1004 619;
1004 623;
1004 625;
1004 627;
1004 629;
1004 632;
1004 639;
1004 653;
1004 661;
1004 663;
1004 678;
1004 680;
1004 682;
1004 69;
1004 707;
1004 709;
1004 71;
1004 720;
1004 724;
1004 74;
1004 77;
1004 79;
1004 81;
1004 83;
1004 86;
1004 88;
1004 94;
1004 96;
1006 169;
1006 324;
1006 325;
1006 331;
1006 333;
1006 348;
1006 349;
1006 355;
1006 357;
1006 370;
1006 371;
1006 377;
1006 379;
1006 395;
1006 396;
1006 402;
1006 404;
1006 407;
1006 457;
1006 477;
1006 510;
1006 518;
1006 524;
1006 529;
1006 6;
1006 644;
1006 65;
1006 66;
1006 673;
1007 159;
1007 160;
1007 162;
1007 163;
1007 173;
1007 174;
1007 176;
1007 177;
1007 179;
1007 180;
1007 19;
1007 192;
1007 195;
1007 207;
1007 21;
1007 210;
1007 222;
1007 225;
1007 23;
1007 237;
1007 240;
1007 25;
1007 252;
1007 255;
1007 267;
1007 27;
1007 270;
1007 29;
1007 31;
1007 318;
1007 319;
1007 322;
1007 326;
1007 33;
1007 330;
1007 342;
1007 343;
1007 346;
1007 35;
1007 350;
1007 354;
1007 364;
1007 365;
1007 368;
1007 37;
1007 372;
1007 376;
1007 389;
1007 39;
1007 390;
1007 393;
1007 397;
1007 401;
1007 41;
1007 43;
1007 44;
1007 46;
1007 47;
1007 471;
1007 474;
1007 484;
1007 486;
1007 509;
1007 517;
1007 525;
1007 536;
1007 538;
1007 604;
1007 605;
1007 607;
1007 609;
1007 613;
1007 614;
1007 651;
1007 652;
1007 92;
1007 93;
1014 100;
1014 102;
1014 103;
1014 106;
1014 107;
1014 110;
1014 121;
1014 127;
1014 173;
1014 175;
1014 177;
1014 193;
1014 208;
1014 209;
1014 223;
1014 224;
1014 238;
1014 239;
1014 253;
1014 254;
1014 261;
1014 263;
1014 274;
1014 277;
1014 279;
1014 280;
1014 281;
1014 290;
1014 292;
1014 293;
1014 295;
1014 297;
1014 299;
1014 301;
1014 303;
1014 304;
1014 305;
1014 307;
1014 309;
1014 310;
1014 314;
1014 320;
1014 327;
1014 330;
1014 332;
1014 334;
1014 336;
1014 339;
1014 344;
1014 346;
1014 349;
1014 351;
1014 354;
1014 357;
1014 359;
1014 366;
1014 368;
1014 373;
1014 376;
1014 378;
1014 383;
1014 385;
1014 387;
1014 389;
1014 39;
1014 391;
1014 394;
1014 398;
1014 400;
1014 402;
1014 404;
1014 407;
1014 41;
1014 411;
1014 413;
1014 416;
1014 422;
1014 427;
1014 429;
1014 430;
1014 431;
1014 434;
1014 436;
1014 438;
1014 439;
1014 440;
1014 445;
1014 447;
1014 449;
1014 451;
1014 464;
1014 466;
1014 469;
1014 483;
1014 484;
1014 498;
1014 499;
1014 503;
1014 509;
1014 510;
1014 511;
1014 512;
1014 515;
1014 521;
1014 522;
1014 523;
1014 524;
1014 528;
1014 534;
1014 535;
1014 536;
1014 537;
1014 546;
1014 548;
1014 55;
1014 551;
1014 553;
1014 555;
1014 558;
1014 562;
1014 579;
1014 585;
1014 596;
1014 6;
1014 600;
1014 604;
1014 608;
1014 612;
1014 629;
1014 633;
1014 637;
1014 639;
1014 644;
1014 646;
1014 647;
1014 649;
1014 650;
1014 652;
1014 653;
1014 655;
1014 658;
1014 660;
1014 661;
1014 662;
1014 665;
1014 667;
1014 668;
1014 669;
1014 675;
1014 676;
1014 68;
1014 680;
1014 682;
1014 685;
1014 686;
1014 687;
1014 689;
1014 691;
1014 692;
1014 694;
1014 697;
1014 699;
1014 700;
1014 702;
1014 703;
1014 705;
1014 707;
1014 708;
1014 709;
1014 71;
1014 711;
1014 713;
1014 714;
1014 715;
1014 721;
1014 723;
1014 73;
1014 83;
1014 87;
1014 92;
1014 96;
1014 98;
1015 210;
1015 225;
1015 240;
1015 255;
1015 485;
1015 500;
1017 10;
1017 103;
1017 107;
1017 110;
1017 112;
1017 115;
1017 119;
1017 121;
1017 123;
1017 13;
1017 139;
1017 144;
1017 152;
1017 160;
1017 168;
1017 17;
1017 175;
1017 177;
1017 22;
1017 266;
1017 269;
1017 271;
1017 28;
1017 286;
1017 292;
1017 295;
1017 297;
1017 300;
1017 311;
1017 314;
1017 318;
1017 320;
1017 322;
1017 324;
1017 331;
1017 335;
1017 339;
1017 34;
1017 341;
1017 345;
1017 350;
1017 354;
1017 358;
1017 364;
1017 366;
1017 368;
1017 370;
1017 373;
1017 377;
1017 382;
1017 385;
1017 388;
1017 392;
1017 394;
1017 396;
1017 399;
1017 403;
1017 407;
1017 412;
1017 416;
1017 420;
1017 422;
1017 427;
1017 435;
1017 44;
1017 441;
1017 446;
1017 450;
1017 455;
1017 459;
1017 469;
1017 47;
1017 471;
1017 49;
1017 541;
1017 551;
1017 553;
1017 555;
1017 558;
1017 560;
1017 562;
1017 564;
1017 569;
1017 577;
1017 579;
1017 581;
1017 585;
1017 587;
1017 590;
1017 594;
1017 596;
1017 598;
1017 600;
1017 602;
1017 604;
1017 606;
1017 608;
1017 610;
1017 612;
1017 614;
1017 619;
1017 627;
1017 629;
1017 631;
1017 638;
1017 640;
1017 642;
1017 646;
1017 649;
1017 652;
1017 655;
1017 674;
1017 68;
1017 681;
1017 683;
1017 691;
1017 694;
1017 702;
1017 704;
1017 71;
1017 73;
1017 75;
1017 79;
1017 86;
1017 90;
1017 92;
1017 94;
1017 97;
1020 100;
1020 140;
1020 146;
1020 154;
1020 162;
1020 170;
1020 307;
1020 438;
1020 565;
1020 571;
1020 615;
1020 621;
1020 697;
1021 100;
1021 103;
1021 107;
1021 140;
1021 146;
1021 154;
1021 162;
1021 170;
1021 173;
1021 19;
1021 277;
1021 283;
1021 290;
1021 293;
1021 301;
1021 307;
1021 329;
1021 343;
1021 348;
1021 356;
1021 375;
1021 383;
1021 386;
1021 397;
1021 410;
1021 433;
1021 438;
1021 444;
1021 502;
1021 514;
1021 527;
1021 565;
1021 571;
1021 615;
1021 621;
1021 644;
1021 647;
1021 650;
1021 653;
1021 658;
1021 665;
1021 689;
1021 692;
1021 697;
1021 700;
1021 707;
1021 713;
1021 76;
1021 83;
1021 87;
1021 95;
1022 101;
1022 105;
1022 109;
1022 120;
1022 126;
1022 140;
1022 146;
1022 154;
1022 162;
1022 170;
1022 173;
1022 176;
1022 19;
1022 283;
1022 290;
1022 293;
1022 296;
1022 299;
1022 308;
1022 310;
1022 313;
1022 319;
1022 329;
1022 338;
1022 343;
1022 348;
1022 353;
1022 356;
1022 365;
1022 372;
1022 375;
1022 383;
1022 386;
1022 391;
1022 393;
1022 397;
1022 410;
1022 415;
1022 421;
1022 426;
1022 433;
1022 438;
1022 444;
1022 468;
1022 52;
1022 550;
1022 557;
1022 561;
1022 565;
1022 571;
1022 578;
1022 584;
1022 595;
1022 599;
1022 603;
1022 607;
1022 611;
1022 615;
1022 621;
1022 628;
1022 637;
1022 639;
1022 644;
1022 647;
1022 650;
1022 653;
1022 67;
1022 680;
1022 682;
1022 689;
1022 692;
1022 698;
1022 70;
1022 700;
1022 703;
1022 76;
1022 83;
1022 87;
1022 91;
1022 95;
1023 100;
1023 109;
1023 11;
1023 113;
1023 120;
1023 126;
1023 137;
1023 140;
1023 147;
1023 155;
1023 163;
1023 171;
1023 173;
1023 176;
1023 183;
1023 19;
1023 197;
1023 212;
1023 227;
1023 242;
1023 257;
1023 265;
1023 268;
1023 279;
1023 283;
1023 290;
1023 293;
1023 296;
1023 299;
1023 303;
1023 307;
1023 310;
1023 313;
1023 316;
1023 319;
1023 323;
1023 329;
1023 338;
1023 343;
1023 348;
1023 353;
1023 356;
1023 365;
1023 372;
1023 375;
1023 380;
1023 383;
1023 386;
1023 391;
1023 393;
1023 397;
1023 410;
1023 415;
1023 418;
1023 421;
1023 426;
1023 43;
1023 433;
1023 438;
1023 444;
1023 453;
1023 46;
1023 460;
1023 468;
1023 472;
1023 487;
1023 52;
1023 539;
1023 542;
1023 550;
1023 557;
1023 561;
1023 565;
1023 572;
1023 578;
1023 584;
1023 588;
1023 595;
1023 599;
1023 603;
1023 607;
1023 611;
1023 615;
1023 622;
1023 628;
1023 637;
1023 639;
1023 641;
1023 644;
1023 647;
1023 650;
1023 653;
1023 660;
1023 667;
1023 67;
1023 680;
1023 682;
1023 689;
1023 692;
1023 697;
1023 70;
1023 700;
1023 703;
1023 706;
1023 712;
1023 717;
1023 76;
1023 8;
1023 83;
1023 87;
1023 91;
1023 95;
1024 116;
1024 140;
1024 19;
1024 283;
1024 361;
1024 456;
1024 565;
1024 591;
1024 615;
1024 671;
1024 76;
1024 83;
1024 87;
1027 102;
1027 106;
1027 110;
1027 112;
1027 119;
1027 121;
1027 123;
1027 177;
1027 22;
1027 266;
1027 269;
1027 271;
1027 28;
1027 286;
1027 297;
1027 300;
1027 309;
1027 311;
1027 314;
1027 320;
1027 322;
1027 324;
1027 339;
1027 34;
1027 341;
1027 354;
1027 364;
1027 366;
1027 368;
1027 370;
1027 373;
1027 392;
1027 394;
1027 396;
1027 416;
1027 422;
1027 427;
1027 44;
1027 441;
1027 459;
1027 469;
1027 47;
1027 471;
1027 49;
1027 551;
1027 553;
1027 555;
1027 558;
1027 560;
1027 562;
1027 564;
1027 579;
1027 581;
1027 585;
1027 587;
1027 594;
1027 596;
1027 598;
1027 600;
1027 602;
1027 604;
1027 606;
1027 608;
1027 610;
1027 612;
1027 614;
1027 629;
1027 631;
1027 638;
1027 640;
1027 642;
1027 674;
1027 68;
1027 681;
1027 683;
1027 699;
1027 704;
1027 709;
1027 71;
1027 715;
1027 73;
1027 75;
1027 79;
1027 86;
1027 90;
1027 92;
1027 94;
1029 274;
1029 327;
1029 39;
1029 41;
1029 430;
1029 431;
1029 503;
1029 512;
1029 515;
1029 524;
1029 528;
1029 537;
1029 6;
1029 633;
1029 676;
1029 686;
1029 687;
1030 141;
1030 142;
1030 144;
1030 146;
1030 149;
1030 150;
1030 152;
1030 154;
1030 157;
1030 158;
1030 160;
1030 162;
1030 166;
1030 168;
1030 170;
1030 193;
1030 20;
1030 207;
1030 210;
1030 22;
1030 222;
1030 225;
1030 237;
1030 24;
1030 240;
1030 252;
1030 255;
1030 26;
1030 28;
1030 284;
1030 285;
1030 287;
1030 288;
1030 30;
1030 32;
1030 33;
1030 35;
1030 36;
1030 482;
1030 485;
1030 497;
1030 500;
1030 509;
1030 511;
1030 521;
1030 523;
1030 534;
1030 536;
1030 566;
1030 567;
1030 569;
1030 571;
1030 575;
1030 576;
1030 616;
1030 617;
1030 619;
1030 621;
1030 625;
1030 626;
1030 77;
1030 78;
1030 80;
1030 81;
1030 84;
1030 85;
1030 88;
1030 89;
1037 101;
1037 103;
1037 110;
1037 115;
1037 117;
1037 119;
1037 130;
1037 139;
1037 141;
1037 144;
1037 146;
1037 148;
1037 15;
1037 156;
1037 161;
1037 163;
1037 165;
1037 168;
1037 17;
1037 172;
1037 174;
1037 176;
1037 184;
1037 186;
1037 188;
1037 19;
1037 190;
1037 192;
1037 194;
1037 196;
1037 198;
1037 200;
1037 202;
1037 205;
1037 210;
1037 212;
1037 216;
1037 218;
1037 220;
1037 223;
1037 23;
1037 232;
1037 235;
1037 237;
1037 240;
1037 242;
1037 244;
1037 246;
1037 248;
1037 25;
1037 250;
1037 253;
1037 255;
1037 257;
1037 259;
1037 262;
1037 264;
1037 266;
1037 268;
1037 27;
1037 271;
1037 274;
1037 279;
1037 281;
1037 284;
1037 286;
1037 29;
1037 307;
1037 309;
1037 31;
1037 311;
1037 315;
1037 316;
1037 319;
1037 321;
1037 322;
1037 323;
1037 327;
1037 328;
1037 330;
1037 333;
1037 336;
1037 338;
1037 34;
1037 340;
1037 342;
1037 345;
1037 354;
1037 356;
1037 359;
1037 36;
1037 361;
1037 364;
1037 366;
1037 367;
1037 374;
1037 375;
1037 376;
1037 378;
1037 379;
1037 38;
1037 385;
1037 392;
1037 393;
1037 394;
1037 395;
1037 396;
1037 397;
1037 398;
1037 399;
1037 40;
1037 402;
1037 404;
1037 407;
1037 409;
1037 410;
1037 417;
1037 418;
1037 419;
1037 42;
1037 421;
1037 422;
1037 428;
1037 435;
1037 436;
1037 437;
1037 438;
1037 439;
1037 44;
1037 440;
1037 441;
1037 442;
1037 465;
1037 466;
1037 47;
1037 476;
1037 477;
1037 479;
1037 491;
1037 492;
1037 493;
1037 494;
1037 520;
1037 54;
1037 542;
1037 544;
1037 549;
1037 551;
1037 554;
1037 556;
1037 557;
1037 56;
1037 564;
1037 565;
1037 566;
1037 568;
1037 569;
1037 575;
1037 58;
1037 582;
1037 583;
1037 584;
1037 585;
1037 586;
1037 587;
1037 588;
1037 589;
1037 592;
1037 594;
1037 597;
1037 599;
1037 60;
1037 600;
1037 607;
1037 608;
1037 609;
1037 611;
1037 612;
1037 618;
1037 625;
1037 626;
1037 627;
1037 628;
1037 629;
1037 630;
1037 631;
1037 632;
1037 634;
1037 637;
1037 639;
1037 641;
1037 643;
1037 649;
1037 653;
1037 655;
1037 658;
1037 664;
1037 665;
1037 666;
1037 667;
1037 671;
1037 677;
1037 678;
1037 679;
1037 680;
1037 703;
1037 704;
1037 710;
1037 711;
1037 717;
1037 718;
1037 77;
1037 79;
1037 81;
1037 83;
1037 86;
1037 87;
1037 95;
1037 97;
1037 99;
1038 381;
1038 424;
1038 480;
1038 571;
1038 614;
1040 101;
1040 117;
1040 12;
1040 140;
1040 145;
1040 149;
1040 15;
1040 153;
1040 159;
1040 161;
1040 163;
1040 165;
1040 168;
1040 17;
1040 170;
1040 172;
1040 174;
1040 176;
1040 179;
1040 181;
1040 185;
1040 189;
1040 19;
1040 193;
1040 197;
1040 201;
1040 205;
1040 210;
1040 212;
1040 214;
1040 216;
1040 218;
1040 220;
1040 222;
1040 224;
1040 227;
1040 23;
1040 231;
1040 233;
1040 236;
1040 241;
1040 245;
1040 249;
1040 25;
1040 254;
1040 258;
1040 263;
1040 267;
1040 27;
1040 277;
1040 280;
1040 284;
1040 286;
1040 29;
1040 291;
1040 297;
1040 303;
1040 31;
1040 311;
1040 313;
1040 333;
1040 337;
1040 341;
1040 345;
1040 347;
1040 349;
1040 35;
1040 351;
1040 355;
1040 39;
1040 43;
1040 47;
1040 51;
1040 520;
1040 524;
1040 528;
1040 532;
1040 536;
1040 55;
1040 59;
1040 635;
1040 638;
1040 642;
1040 646;
1040 65;
1040 653;
1040 655;
1040 72;
1040 724;
1040 78;
1040 8;
1040 82;
1040 86;
1040 90;
1040 93;
1040 96;
1043 307;
1044 115;
1044 12;
1044 138;
1044 143;
1044 150;
1044 183;
1044 234;
1044 239;
1044 252;
1044 261;
1044 274;
1044 278;
1044 288;
1044 307;
1044 33;
1044 335;
1044 353;
1044 358;
1044 401;
1044 5;
1044 510;
1044 529;
1044 53;
1044 532;
1044 536;
1044 548;
1044 591;
1044 62;
1044 636;
1044 657;
1044 670;
1044 69;
1044 76;
1044 8;
1044 87;
1044 94;
1044 99;
1045 10;
1045 115;
1045 118;
1045 129;
1045 138;
1045 14;
1045 143;
1045 148;
1045 150;
1045 160;
1045 167;
1045 171;
1045 183;
1045 204;
1045 209;
1045 215;
1045 22;
1045 223;
1045 232;
1045 234;
1045 239;
1045 252;
1045 261;
1045 274;
1045 278;
1045 283;
1045 288;
1045 308;
1045 310;
1045 33;
1045 332;
1045 335;
1045 344;
1045 353;
1045 519;
1045 53;
1045 530;
1045 534;
1045 6;
1045 62;
1045 634;
1045 636;
1045 652;
1045 69;
1045 76;
1045 87;
1045 94;
1045 99;
1046 115;
1046 118;
1046 129;
1046 138;
1046 14;
1046 143;
1046 148;
1046 150;
1046 160;
1046 167;
1046 171;
1046 178;
1046 183;
1046 204;
1046 209;
1046 215;
1046 22;
1046 223;
1046 225;
1046 232;
1046 234;
1046 239;
1046 252;
1046 261;
1046 274;
1046 278;
1046 283;
1046 288;
1046 307;
1046 310;
1046 33;
1046 332;
1046 335;
1046 344;
1046 348;
1046 353;
1046 385;
1046 428;
1046 444;
1046 510;
1046 519;
1046 522;
1046 53;
1046 538;
1046 575;
1046 618;
1046 62;
1046 634;
1046 636;
1046 645;
1046 652;
1046 682;
1046 69;
1046 76;
1046 87;
1046 91;
1046 94;
1046 99;
1047 150;
1047 228;
1047 274;
1047 288;
1047 48;
1047 525;
1047 62;
1047 69;
1047 721;
1047 87;
1050 11;
1050 149;
1050 15;
1050 153;
1050 159;
1050 161;
1050 163;
1050 165;
1050 168;
1050 17;
1050 170;
1050 172;
1050 174;
1050 176;
1050 179;
1050 181;
1050 19;
1050 205;
1050 210;
1050 212;
1050 214;
1050 216;
1050 218;
1050 220;
1050 222;
1050 224;
1050 23;
1050 231;
1050 233;
1050 25;
1050 27;
1050 277;
1050 284;
1050 286;
1050 29;
1050 291;
1050 297;
1050 303;
1050 309;
1050 31;
1050 311;
1050 313;
1050 333;
1050 345;
1050 347;
1050 349;
1050 351;
1050 359;
1050 386;
1050 402;
1050 429;
1050 51;
1050 520;
1050 528;
1050 531;
1050 535;
1050 549;
1050 576;
1050 592;
1050 619;
1050 635;
1050 646;
1050 65;
1050 653;
1050 655;
1050 7;
1050 72;
1050 724;
1050 90;
1052 103;
1052 271;
1052 321;
1052 322;
1052 328;
1052 330;
1052 361;
1052 366;
1052 367;
1052 374;
1052 381;
1052 392;
1052 393;
1052 394;
1052 395;
1052 396;
1052 397;
1052 398;
1052 399;
1052 404;
1052 409;
1052 410;
1052 417;
1052 424;
1052 435;
1052 436;
1052 437;
1052 438;
1052 439;
1052 440;
1052 441;
1052 442;
1052 465;
1052 491;
1052 493;
1052 551;
1052 556;
1052 557;
1052 564;
1052 571;
1052 582;
1052 583;
1052 584;
1052 585;
1052 586;
1052 587;
1052 588;
1052 589;
1052 594;
1052 599;
1052 600;
1052 607;
1052 614;
1052 625;
1052 626;
1052 627;
1052 628;
1052 629;
1052 630;
1052 631;
1052 632;
1052 649;
1052 658;
1052 667;
1052 671;
1052 680;
1052 703;
1052 711;
1052 717;
1053 110;
1053 151;
1053 152;
1053 154;
1053 155;
1053 157;
1053 158;
1053 275;
1053 276;
1053 289;
1053 291;
1053 293;
1053 295;
1053 297;
1053 299;
1053 301;
1053 302;
1053 304;
1053 305;
1053 315;
1053 316;
1053 319;
1053 323;
1053 327;
1053 375;
1053 418;
1053 464;
1053 475;
1053 481;
1053 494;
1053 565;
1053 608;
1053 63;
1053 64;
1053 66;
1053 664;
1053 666;
1053 67;
1053 677;
1053 679;
1053 70;
1053 702;
1053 710;
1053 718;
1053 72;
1053 73;
1053 74;
1053 88;
1053 89;
1060 100;
1060 104;
1060 106;
1060 109;
1060 111;
1060 113;
1060 115;
1060 118;
1060 120;
1060 122;
1060 124;
1060 126;
1060 129;
1060 131;
1060 134;
1060 136;
1060 145;
1060 147;
1060 150;
1060 152;
1060 154;
1060 156;
1060 158;
1060 160;
1060 161;
1060 164;
1060 165;
1060 167;
1060 172;
1060 175;
1060 176;
1060 183;
1060 185;
1060 188;
1060 189;
1060 192;
1060 194;
1060 196;
1060 198;
1060 20;
1060 201;
1060 203;
1060 205;
1060 207;
1060 209;
1060 211;
1060 213;
1060 216;
1060 22;
1060 222;
1060 227;
1060 229;
1060 231;
1060 233;
1060 235;
1060 237;
1060 238;
1060 239;
1060 24;
1060 246;
1060 248;
1060 249;
1060 250;
1060 253;
1060 258;
1060 260;
1060 262;
1060 266;
1060 268;
1060 27;
1060 270;
1060 272;
1060 275;
1060 276;
1060 278;
1060 29;
1060 308;
1060 31;
1060 310;
1060 312;
1060 314;
1060 317;
1060 319;
1060 321;
1060 323;
1060 326;
1060 328;
1060 330;
1060 332;
1060 334;
1060 336;
1060 34;
1060 342;
1060 344;
1060 347;
1060 349;
1060 351;
1060 353;
1060 359;
1060 36;
1060 361;
1060 374;
1060 376;
1060 379;
1060 38;
1060 381;
1060 382;
1060 389;
1060 390;
1060 391;
1060 393;
1060 394;
1060 40;
1060 400;
1060 407;
1060 408;
1060 409;
1060 410;
1060 411;
1060 412;
1060 413;
1060 414;
1060 417;
1060 419;
1060 42;
1060 422;
1060 424;
1060 425;
1060 432;
1060 433;
1060 434;
1060 436;
1060 437;
1060 44;
1060 443;
1060 450;
1060 451;
1060 452;
1060 453;
1060 454;
1060 455;
1060 456;
1060 457;
1060 46;
1060 460;
1060 462;
1060 465;
1060 467;
1060 468;
1060 475;
1060 476;
1060 477;
1060 479;
1060 48;
1060 480;
1060 486;
1060 493;
1060 494;
1060 495;
1060 496;
1060 497;
1060 498;
1060 499;
1060 50;
1060 500;
1060 503;
1060 505;
1060 508;
1060 510;
1060 511;
1060 518;
1060 519;
1060 52;
1060 520;
1060 522;
1060 523;
1060 529;
1060 536;
1060 537;
1060 538;
1060 539;
1060 54;
1060 540;
1060 541;
1060 542;
1060 543;
1060 546;
1060 549;
1060 551;
1060 553;
1060 56;
1060 569;
1060 571;
1060 574;
1060 576;
1060 577;
1060 58;
1060 584;
1060 585;
1060 586;
1060 588;
1060 589;
1060 595;
1060 6;
1060 60;
1060 602;
1060 603;
1060 604;
1060 605;
1060 606;
1060 607;
1060 608;
1060 609;
1060 612;
1060 614;
1060 617;
1060 619;
1060 622;
1060 624;
1060 627;
1060 629;
1060 63;
1060 632;
1060 634;
1060 637;
1060 641;
1060 643;
1060 647;
1060 648;
1060 652;
1060 653;
1060 657;
1060 659;
1060 660;
1060 663;
1060 664;
1060 668;
1060 669;
1060 674;
1060 676;
1060 677;
1060 681;
1060 685;
1060 691;
1060 692;
1060 693;
1060 694;
1060 698;
1060 704;
1060 705;
1060 706;
1060 707;
1060 710;
1060 716;
1060 717;
1060 718;
1060 719;
1060 89;
1060 91;
1060 93;
1060 95;
1060 98;
1061 396;
1061 439;
1061 482;
1061 525;
1061 591;
1063 10;
1063 100;
1063 102;
1063 104;
1063 106;
1063 110;
1063 114;
1063 118;
1063 121;
1063 125;
1063 13;
1063 130;
1063 134;
1063 136;
1063 140;
1063 150;
1063 152;
1063 154;
1063 156;
1063 161;
1063 165;
1063 168;
1063 17;
1063 172;
1063 174;
1063 181;
1063 183;
1063 185;
1063 187;
1063 193;
1063 197;
1063 20;
1063 201;
1063 204;
1063 208;
1063 212;
1063 216;
1063 218;
1063 22;
1063 222;
1063 224;
1063 24;
1063 244;
1063 257;
1063 260;
1063 262;
1063 264;
1063 267;
1063 27;
1063 271;
1063 275;
1063 277;
1063 281;
1063 286;
1063 29;
1063 294;
1063 302;
1063 309;
1063 31;
1063 313;
1063 318;
1063 322;
1063 327;
1063 331;
1063 335;
1063 339;
1063 343;
1063 348;
1063 35;
1063 352;
1063 358;
1063 361;
1063 364;
1063 367;
1063 371;
1063 39;
1063 43;
1063 47;
1063 51;
1063 55;
1063 550;
1063 554;
1063 558;
1063 560;
1063 563;
1063 565;
1063 59;
1063 612;
1063 614;
1063 617;
1063 619;
1063 622;
1063 624;
1063 627;
1063 629;
1063 63;
1063 632;
1063 634;
1063 637;
1063 639;
1063 641;
1063 643;
1063 65;
1063 658;
1063 674;
1063 682;
1063 69;
1063 724;
1063 75;
1063 80;
1063 83;
1063 85;
1063 90;
1063 94;
1063 98;
1066 158;
1066 282;
1066 288;
1066 296;
1066 304;
1067 108;
1067 119;
1067 128;
1067 158;
1067 161;
1067 165;
1067 191;
1067 202;
1067 237;
1067 248;
1067 258;
1067 265;
1067 278;
1067 282;
1067 288;
1067 296;
1067 304;
1067 307;
1067 316;
1067 325;
1067 33;
1067 341;
1067 346;
1067 359;
1067 373;
1067 416;
1067 459;
1067 502;
1067 548;
1067 568;
1067 66;
1067 684;
1067 697;
1067 709;
1067 88;
1068 103;
1068 108;
1068 119;
1068 128;
1068 133;
1068 149;
1068 159;
1068 163;
1068 167;
1068 171;
1068 182;
1068 19;
1068 191;
1068 202;
1068 215;
1068 221;
1068 258;
1068 26;
1068 261;
1068 265;
1068 276;
1068 278;
1068 282;
1068 288;
1068 296;
1068 304;
1068 307;
1068 316;
1068 325;
1068 33;
1068 341;
1068 346;
1068 359;
1068 548;
1068 553;
1068 611;
1068 616;
1068 62;
1068 621;
1068 626;
1068 631;
1068 636;
1068 640;
1068 657;
1068 66;
1068 673;
1068 681;
1068 88;
1068 99;
1069 103;
1069 108;
1069 11;
1069 119;
1069 128;
1069 133;
1069 138;
1069 141;
1069 149;
1069 158;
1069 167;
1069 171;
1069 182;
1069 19;
1069 191;
1069 202;
1069 215;
1069 221;
1069 227;
1069 234;
1069 236;
1069 247;
1069 255;
1069 258;
1069 26;
1069 261;
1069 265;
1069 276;
1069 278;
1069 282;
1069 289;
1069 297;
1069 305;
1069 307;
1069 316;
1069 325;
1069 33;
1069 338;
1069 341;
1069 346;
1069 359;
1069 362;
1069 365;
1069 400;
1069 443;
1069 486;
1069 529;
1069 548;
1069 553;
1069 559;
1069 562;
1069 595;
1069 611;
1069 616;
1069 62;
1069 621;
1069 626;
1069 631;
1069 636;
1069 640;
1069 657;
1069 66;
1069 673;
1069 681;
1069 79;
1069 8;
1069 82;
1069 88;
1069 99;
1070 178;
1070 241;
1070 278;
1070 282;
1070 355;
1070 555;
1070 66;
1070 721;
1073 100;
1073 102;
1073 104;
1073 106;
1073 134;
1073 136;
1073 150;
1073 152;
1073 154;
1073 156;
1073 160;
1073 164;
1073 168;
1073 172;
1073 174;
1073 181;
1073 183;
1073 185;
1073 187;
1073 20;
1073 216;
1073 218;
1073 22;
1073 222;
1073 224;
1073 234;
1073 239;
1073 24;
1073 244;
1073 250;
1073 262;
1073 264;
1073 27;
1073 277;
1073 281;
1073 29;
1073 31;
1073 339;
1073 358;
1073 374;
1073 401;
1073 417;
1073 444;
1073 460;
1073 487;
1073 503;
1073 530;
1073 554;
1073 558;
1073 560;
1073 563;
1073 565;
1073 569;
1073 596;
1073 612;
1073 614;
1073 617;
1073 619;
1073 622;
1073 624;
1073 627;
1073 629;
1073 63;
1073 632;
1073 634;
1073 637;
1073 639;
1073 641;
1073 643;
1073 65;
1073 658;
1073 674;
1073 682;
1073 69;
1073 724;
1073 75;
1073 80;
1073 83;
1073 85;
1075 176;
1075 189;
1075 253;
1075 376;
1075 381;
1075 382;
1075 389;
1075 396;
1075 407;
1075 408;
1075 409;
1075 410;
1075 411;
1075 412;
1075 413;
1075 414;
1075 419;
1075 424;
1075 425;
1075 432;
1075 439;
1075 450;
1075 451;
1075 452;
1075 453;
1075 454;
1075 455;
1075 456;
1075 457;
1075 462;
1075 467;
1075 468;
1075 475;
1075 482;
1075 493;
1075 494;
1075 495;
1075 496;
1075 497;
1075 498;
1075 499;
1075 500;
1075 505;
1075 510;
1075 511;
1075 518;
1075 525;
1075 536;
1075 537;
1075 538;
1075 539;
1075 540;
1075 541;
1075 542;
1075 543;
1075 546;
1075 571;
1075 576;
1075 577;
1075 584;
1075 591;
1075 6;
1075 602;
1075 603;
1075 604;
1075 605;
1075 606;
1075 607;
1075 608;
1075 609;
1075 648;
1075 653;
1075 660;
1075 664;
1075 669;
1075 677;
1075 685;
1075 694;
1075 698;
1075 707;
1075 710;
1075 719;
1076 279;
1076 280;
1076 283;
1076 284;
1076 286;
1076 288;
1076 291;
1076 292;
1076 294;
1076 296;
1076 300;
1076 302;
1076 304;
1076 390;
1076 433;
1076 476;
1076 519;
1076 585;
1076 67;
1076 69;
1076 691;
1076 693;
1076 704;
1076 706;
1076 71;
1076 716;
1076 718;
1076 73;
1076 75;
1076 77;
1083 107;
1083 11;
1083 111;
1083 115;
1083 129;
1083 13;
1083 130;
1083 144;
1083 145;
1083 159;
1083 160;
1083 165;
1083 167;
1083 169;
1083 172;
1083 174;
1083 176;
1083 179;
1083 183;
1083 188;
1083 190;
1083 193;
1083 197;
1083 20;
1083 201;
1083 203;
1083 205;
1083 207;
1083 210;
1083 212;
1083 214;
1083 216;
1083 218;
1083 224;
1083 226;
1083 229;
1083 233;
1083 235;
1083 238;
1083 244;
1083 248;
1083 25;
1083 250;
1083 253;
1083 255;
1083 256;
1083 258;
1083 259;
1083 261;
1083 264;
1083 266;
1083 267;
1083 269;
1083 276;
1083 278;
1083 279;
1083 281;
1083 283;
1083 285;
1083 291;
1083 293;
1083 294;
1083 296;
1083 297;
1083 301;
1083 303;
1083 304;
1083 308;
1083 313;
1083 316;
1083 318;
1083 319;
1083 321;
1083 322;
1083 324;
1083 325;
1083 330;
1083 334;
1083 336;
1083 338;
1083 340;
1083 343;
1083 344;
1083 346;
1083 347;
1083 348;
1083 350;
1083 359;
1083 361;
1083 363;
1083 366;
1083 37;
1083 377;
1083 381;
1083 387;
1083 398;
1083 407;
1083 414;
1083 416;
1083 419;
1083 421;
1083 422;
1083 429;
1083 430;
1083 431;
1083 433;
1083 434;
1083 440;
1083 447;
1083 448;
1083 449;
1083 450;
1083 451;
1083 452;
1083 453;
1083 454;
1083 457;
1083 459;
1083 462;
1083 464;
1083 465;
1083 472;
1083 473;
1083 474;
1083 476;
1083 477;
1083 483;
1083 490;
1083 491;
1083 492;
1083 493;
1083 494;
1083 495;
1083 496;
1083 497;
1083 500;
1083 502;
1083 505;
1083 507;
1083 508;
1083 515;
1083 516;
1083 517;
1083 519;
1083 520;
1083 526;
1083 533;
1083 534;
1083 535;
1083 536;
1083 537;
1083 538;
1083 539;
1083 540;
1083 542;
1083 546;
1083 548;
1083 551;
1083 553;
1083 554;
1083 561;
1083 562;
1083 563;
1083 565;
1083 566;
1083 572;
1083 579;
1083 580;
1083 581;
1083 582;
1083 583;
1083 584;
1083 585;
1083 586;
1083 589;
1083 591;
1083 594;
1083 596;
1083 597;
1083 604;
1083 605;
1083 606;
1083 608;
1083 609;
1083 615;
1083 622;
1083 623;
1083 624;
1083 625;
1083 626;
1083 627;
1083 628;
1083 629;
1083 632;
1083 634;
1083 637;
1083 639;
1083 640;
1083 647;
1083 648;
1083 649;
1083 651;
1083 652;
1083 658;
1083 665;
1083 666;
1083 667;
1083 668;
1083 669;
1083 670;
1083 671;
1083 672;
1083 678;
1083 680;
1083 684;
1083 690;
1083 691;
1083 692;
1083 693;
1083 697;
1083 703;
1083 704;
1083 705;
1083 706;
1083 711;
1083 714;
1083 721;
1083 80;
1083 82;
1083 86;
1083 98;
1084 131;
1084 146;
1084 161;
1084 436;
1084 479;
1084 522;
1084 568;
1084 611;
1084 654;
1086 107;
1086 109;
1086 11;
1086 111;
1086 113;
1086 115;
1086 117;
1086 13;
1086 167;
1086 169;
1086 171;
1086 173;
1086 176;
1086 179;
1086 181;
1086 183;
1086 185;
1086 188;
1086 190;
1086 193;
1086 195;
1086 197;
1086 199;
1086 202;
1086 206;
1086 210;
1086 213;
1086 217;
1086 229;
1086 231;
1086 234;
1086 239;
1086 243;
1086 245;
1086 248;
1086 251;
1086 255;
1086 258;
1086 261;
1086 266;
1086 269;
1086 273;
1086 278;
1086 289;
1086 293;
1086 296;
1086 300;
1086 303;
1086 305;
1086 308;
1086 310;
1086 314;
1086 318;
1086 321;
1086 324;
1086 328;
1086 330;
1086 332;
1086 335;
1086 339;
1086 343;
1086 351;
1086 354;
1086 358;
1086 361;
1086 366;
1086 368;
1086 370;
1086 372;
1086 377;
1086 382;
1086 386;
1086 388;
1086 391;
1086 395;
1086 401;
1086 412;
1086 543;
1086 57;
1086 63;
1086 69;
1086 7;
1086 710;
1086 712;
1086 75;
1086 80;
1086 82;
1086 84;
1090 165;
1090 174;
1090 200;
1090 211;
1090 232;
1090 253;
1090 256;
1090 259;
1090 264;
1090 267;
1090 276;
1090 291;
1090 294;
1090 297;
1090 301;
1090 316;
1090 319;
1090 322;
1090 325;
1090 333;
1090 346;
1090 359;
1090 398;
1090 413;
1090 456;
1090 499;
1090 54;
1090 545;
1090 588;
1090 631;
1090 683;
1090 696;
1091 10;
1091 106;
1091 110;
1091 114;
1091 165;
1091 168;
1091 172;
1091 174;
1091 178;
1091 182;
1091 187;
1091 192;
1091 196;
1091 200;
1091 211;
1091 228;
1091 232;
1091 238;
1091 24;
1091 244;
1091 247;
1091 250;
1091 253;
1091 256;
1091 259;
1091 264;
1091 267;
1091 276;
1091 291;
1091 294;
1091 297;
1091 301;
1091 304;
1091 307;
1091 313;
1091 316;
1091 319;
1091 322;
1091 325;
1091 329;
1091 333;
1091 35;
1091 350;
1091 359;
1091 365;
1091 376;
1091 381;
1091 387;
1091 398;
1091 54;
1091 542;
1091 711;
1091 79;
1091 97;
1092 10;
1092 106;
1092 110;
1092 114;
1092 118;
1092 133;
1092 148;
1092 165;
1092 168;
1092 172;
1092 174;
1092 178;
1092 182;
1092 187;
1092 192;
1092 196;
1092 200;
1092 211;
1092 220;
1092 228;
1092 232;
1092 238;
1092 24;
1092 244;
1092 247;
1092 250;
1092 253;
1092 256;
1092 259;
1092 264;
1092 267;
1092 276;
1092 279;
1092 286;
1092 287;
1092 291;
1092 294;
1092 297;
1092 301;
1092 304;
1092 307;
1092 313;
1092 316;
1092 319;
1092 322;
1092 325;
1092 329;
1092 333;
1092 345;
1092 35;
1092 350;
1092 352;
1092 359;
1092 365;
1092 369;
1092 376;
1092 381;
1092 387;
1092 389;
1092 398;
1092 410;
1092 440;
1092 483;
1092 5;
1092 526;
1092 54;
1092 542;
1092 572;
1092 615;
1092 658;
1092 674;
1092 708;
1092 711;
1092 79;
1092 92;
1092 97;
1093 240;
1093 270;
1093 297;
1093 325;
1093 355;
1093 383;
1093 398;
1093 54;
1096 107;
1096 109;
1096 11;
1096 111;
1096 113;
1096 115;
1096 117;
1096 13;
1096 169;
1096 171;
1096 173;
1096 179;
1096 181;
1096 183;
1096 185;
1096 188;
1096 190;
1096 193;
1096 195;
1096 197;
1096 199;
1096 229;
1096 231;
1096 239;
1096 243;
1096 245;
1096 248;
1096 251;
1096 273;
1096 286;
1096 300;
1096 305;
1096 308;
1096 310;
1096 314;
1096 328;
1096 330;
1096 332;
1096 348;
1096 351;
1096 358;
1096 366;
1096 368;
1096 370;
1096 372;
1096 377;
1096 382;
1096 386;
1096 388;
1096 401;
1096 414;
1096 441;
1096 457;
1096 484;
1096 500;
1096 527;
1096 543;
1096 546;
1096 57;
1096 573;
1096 589;
1096 616;
1096 63;
1096 632;
1096 659;
1096 69;
1096 712;
1096 75;
1096 80;
1096 82;
1096 84;
1098 363;
1098 416;
1098 421;
1098 422;
1098 429;
1098 436;
1098 447;
1098 448;
1098 449;
1098 450;
1098 451;
1098 452;
1098 453;
1098 454;
1098 459;
1098 464;
1098 465;
1098 472;
1098 479;
1098 490;
1098 491;
1098 492;
1098 493;
1098 494;
1098 495;
1098 496;
1098 497;
1098 502;
1098 507;
1098 508;
1098 515;
1098 522;
1098 533;
1098 534;
1098 535;
1098 536;
1098 537;
1098 538;
1098 539;
1098 540;
1098 548;
1098 553;
1098 554;
1098 561;
1098 568;
1098 579;
1098 580;
1098 581;
1098 582;
1098 583;
1098 584;
1098 585;
1098 586;
1098 591;
1098 596;
1098 597;
1098 604;
1098 611;
1098 622;
1098 623;
1098 624;
1098 625;
1098 626;
1098 627;
1098 628;
1098 629;
1098 634;
1098 639;
1098 640;
1098 647;
1098 654;
1098 665;
1098 666;
1098 667;
1098 668;
1098 669;
1098 670;
1098 671;
1098 672;
1098 684;
1098 693;
1098 697;
1098 706;
1098 714;
1098 86;
1099 128;
1099 131;
1099 143;
1099 146;
1099 158;
1099 161;
1099 20;
1099 298;
1099 299;
1099 326;
1099 327;
1099 399;
1099 400;
1099 407;
1099 430;
1099 473;
1099 516;
1099 55;
1099 562;
1099 57;
1099 59;
1099 605;
1099 61;
1099 63;
1099 648;
1099 65;
1099 67;
1099 69;
1099 690;
1099 692;
1099 703;
1099 705;
1099 71;
1099 721;
1099 73;
1099 74;
1099 76;
1099 77;
1106 104;
1106 105;
1106 109;
1106 115;
1106 116;
1106 117;
1106 118;
1106 122;
1106 128;
1106 131;
1106 132;
1106 142;
1106 144;
1106 158;
1106 159;
1106 173;
1106 174;
1106 193;
1106 194;
1106 208;
1106 209;
1106 223;
1106 224;
1106 235;
1106 237;
1106 25;
1106 251;
1106 252;
1106 266;
1106 267;
1106 273;
1106 275;
1106 276;
1106 277;
1106 280;
1106 284;
1106 286;
1106 287;
1106 288;
1106 294;
1106 296;
1106 301;
1106 303;
1106 305;
1106 307;
1106 309;
1106 311;
1106 312;
1106 313;
1106 316;
1106 317;
1106 320;
1106 322;
1106 323;
1106 324;
1106 328;
1106 329;
1106 331;
1106 334;
1106 337;
1106 338;
1106 341;
1106 343;
1106 344;
1106 345;
1106 349;
1106 350;
1106 352;
1106 365;
1106 366;
1106 369;
1106 373;
1106 375;
1106 387;
1106 391;
1106 412;
1106 416;
1106 418;
1106 421;
1106 423;
1106 424;
1106 431;
1106 432;
1106 433;
1106 435;
1106 436;
1106 442;
1106 449;
1106 45;
1106 450;
1106 451;
1106 452;
1106 453;
1106 454;
1106 455;
1106 456;
1106 459;
1106 46;
1106 461;
1106 464;
1106 466;
1106 467;
1106 474;
1106 475;
1106 476;
1106 478;
1106 479;
1106 485;
1106 492;
1106 493;
1106 494;
1106 495;
1106 496;
1106 497;
1106 498;
1106 499;
1106 50;
1106 502;
1106 504;
1106 507;
1106 509;
1106 510;
1106 517;
1106 518;
1106 519;
1106 52;
1106 521;
1106 522;
1106 528;
1106 53;
1106 535;
1106 536;
1106 537;
1106 538;
1106 539;
1106 540;
1106 541;
1106 542;
1106 552;
1106 554;
1106 56;
1106 562;
1106 564;
1106 567;
1106 569;
1106 57;
1106 592;
1106 593;
1106 60;
1106 603;
1106 604;
1106 606;
1106 61;
1106 618;
1106 619;
1106 620;
1106 621;
1106 64;
1106 645;
1106 647;
1106 650;
1106 652;
1106 653;
1106 66;
1106 660;
1106 661;
1106 662;
1106 664;
1106 665;
1106 671;
1106 678;
1106 679;
1106 68;
1106 680;
1106 681;
1106 682;
1106 683;
1106 684;
1106 685;
1106 696;
1106 70;
1106 712;
1106 73;
1106 75;
1106 77;
1106 79;
1106 81;
1106 83;
1106 85;
1106 87;
1107 106;
1107 129;
1107 145;
1107 160;
1107 175;
1107 195;
1107 210;
1107 225;
1107 238;
1107 253;
1107 268;
1107 438;
1107 481;
1107 524;
1107 607;
1107 667;
1109 13;
1109 180;
1109 19;
1109 272;
1109 291;
1109 296;
1109 300;
1109 334;
1109 356;
1109 359;
1109 363;
1109 374;
1109 378;
1109 380;
1109 382;
1109 387;
1109 389;
1109 391;
1109 393;
1109 398;
1109 406;
1109 412;
1109 414;
1109 43;
1109 53;
1109 547;
1109 557;
1109 562;
1109 564;
1109 567;
1109 569;
1109 57;
1109 6;
1109 61;
1109 65;
1109 688;
1109 69;
1109 691;
1109 693;
1109 71;
1109 717;
1109 720;
1109 724;
1109 74;
1109 78;
1109 8;
1109 82;
1109 87;
1109 91;
1112 394;
1112 400;
1112 408;
1112 50;
1113 10;
1113 108;
1113 121;
1113 134;
1113 227;
1113 273;
1113 284;
1113 294;
1113 309;
1113 375;
1113 394;
1113 400;
1113 408;
1113 415;
1113 458;
1113 50;
1113 501;
1113 53;
1113 57;
1113 61;
1113 63;
1113 637;
1113 644;
1113 72;
1113 85;
1114 10;
1114 23;
1114 294;
1114 333;
1114 373;
1114 375;
1114 386;
1114 390;
1114 394;
1114 400;
1114 408;
1114 411;
1114 51;
1114 55;
1114 561;
1114 566;
1114 59;
1114 63;
1114 68;
1114 70;
1114 72;
1114 85;
1115 10;
1115 134;
1115 147;
1115 162;
1115 182;
1115 197;
1115 212;
1115 227;
1115 23;
1115 240;
1115 255;
1115 270;
1115 275;
1115 286;
1115 290;
1115 294;
1115 301;
1115 308;
1115 311;
1115 333;
1115 354;
1115 357;
1115 373;
1115 375;
1115 379;
1115 386;
1115 390;
1115 394;
1115 401;
1115 409;
1115 411;
1115 42;
1115 442;
1115 485;
1115 5;
1115 50;
1115 528;
1115 548;
1115 556;
1115 561;
1115 566;
1115 571;
1115 63;
1115 637;
1115 671;
1115 68;
1115 687;
1115 690;
1115 70;
1115 702;
1115 715;
1115 718;
1115 72;
1115 85;
1115 93;
1116 10;
1116 177;
1116 297;
1116 375;
1116 394;
1116 544;
1116 88;
1119 13;
1119 180;
1119 19;
1119 291;
1119 300;
1119 308;
1119 334;
1119 374;
1119 378;
1119 380;
1119 382;
1119 387;
1119 389;
1119 391;
1119 393;
1119 412;
1119 414;
1119 416;
1119 43;
1119 443;
1119 459;
1119 486;
1119 502;
1119 52;
1119 529;
1119 547;
1119 557;
1119 56;
1119 562;
1119 564;
1119 567;
1119 569;
1119 6;
1119 60;
1119 645;
1119 672;
1119 688;
1119 69;
1119 691;
1119 693;
1119 71;
1119 8;
1119 91;
1121 109;
1121 118;
1121 122;
1121 280;
1121 322;
1121 323;
1121 329;
1121 331;
1121 343;
1121 344;
1121 350;
1121 352;
1121 366;
1121 369;
1121 418;
1121 423;
1121 424;
1121 431;
1121 438;
1121 449;
1121 450;
1121 451;
1121 452;
1121 453;
1121 454;
1121 455;
1121 456;
1121 46;
1121 461;
1121 466;
1121 467;
1121 474;
1121 481;
1121 492;
1121 493;
1121 494;
1121 495;
1121 496;
1121 497;
1121 498;
1121 499;
1121 504;
1121 509;
1121 510;
1121 517;
1121 524;
1121 535;
1121 536;
1121 537;
1121 538;
1121 539;
1121 540;
1121 541;
1121 542;
1121 592;
1121 618;
1121 620;
1121 647;
1121 652;
1121 653;
1121 660;
1121 667;
1121 678;
1121 679;
1121 680;
1121 681;
1121 682;
1121 683;
1121 684;
1121 685;
1121 696;
1122 103;
1122 106;
1122 11;
1122 115;
1122 117;
1122 129;
1122 13;
1122 131;
1122 145;
1122 15;
1122 157;
1122 160;
1122 17;
1122 172;
1122 175;
1122 19;
1122 192;
1122 195;
1122 207;
1122 21;
1122 210;
1122 222;
1122 225;
1122 238;
1122 250;
1122 253;
1122 265;
1122 268;
1122 316;
1122 317;
1122 320;
1122 324;
1122 328;
1122 337;
1122 338;
1122 341;
1122 345;
1122 349;
1122 376;
1122 377;
1122 395;
1122 396;
1122 398;
1122 399;
1122 400;
1122 403;
1122 404;
1122 406;
1122 407;
1122 408;
1122 432;
1122 475;
1122 518;
1122 591;
1122 602;
1122 608;
1122 621;
1122 661;
1122 712;
1129 110;
1129 111;
1129 135;
1129 136;
1129 142;
1129 143;
1129 149;
1129 150;
1129 164;
1129 165;
1129 185;
1129 187;
1129 208;
1129 209;
1129 233;
1129 234;
1129 240;
1129 241;
1129 247;
1129 248;
1129 262;
1129 263;
1129 266;
1129 268;
1129 269;
1129 270;
1129 282;
1129 286;
1129 291;
1129 301;
1129 304;
1129 307;
1129 309;
1129 311;
1129 317;
1129 320;
1129 321;
1129 324;
1129 326;
1129 327;
1129 328;
1129 332;
1129 333;
1129 335;
1129 342;
1129 350;
1129 352;
1129 354;
1129 360;
1129 361;
1129 364;
1129 366;
1129 367;
1129 368;
1129 372;
1129 373;
1129 375;
1129 377;
1129 379;
1129 381;
1129 383;
1129 389;
1129 393;
1129 395;
1129 400;
1129 405;
1129 407;
1129 413;
1129 415;
1129 419;
1129 42;
1129 423;
1129 444;
1129 447;
1129 451;
1129 455;
1129 457;
1129 460;
1129 462;
1129 463;
1129 470;
1129 471;
1129 472;
1129 474;
1129 475;
1129 481;
1129 488;
1129 489;
1129 49;
1129 490;
1129 491;
1129 492;
1129 493;
1129 494;
1129 495;
1129 498;
1129 500;
1129 503;
1129 505;
1129 506;
1129 513;
1129 514;
1129 515;
1129 517;
1129 518;
1129 524;
1129 531;
1129 532;
1129 533;
1129 534;
1129 535;
1129 536;
1129 537;
1129 538;
1129 546;
1129 548;
1129 551;
1129 553;
1129 554;
1129 561;
1129 562;
1129 563;
1129 565;
1129 566;
1129 572;
1129 579;
1129 580;
1129 581;
1129 582;
1129 583;
1129 584;
1129 585;
1129 586;
1129 589;
1129 591;
1129 594;
1129 596;
1129 597;
1129 604;
1129 605;
1129 606;
1129 608;
1129 609;
1129 615;
1129 622;
1129 623;
1129 624;
1129 625;
1129 626;
1129 627;
1129 628;
1129 629;
1129 632;
1129 634;
1129 637;
1129 639;
1129 64;
1129 640;
1129 647;
1129 648;
1129 649;
1129 651;
1129 652;
1129 658;
1129 66;
1129 665;
1129 666;
1129 667;
1129 668;
1129 669;
1129 670;
1129 671;
1129 672;
1129 675;
1129 677;
1129 680;
1129 682;
1129 69;
1129 697;
1129 713;
1129 73;
1129 75;
1129 77;
1129 79;
1129 82;
1129 84;
1129 87;
1129 89;
1129 91;
1129 93;
1129 96;
1130 112;
1130 166;
1130 210;
1130 264;
1130 477;
1130 520;
1130 568;
1130 611;
1130 654;
1132 13;
1132 171;
1132 175;
1132 179;
1132 19;
1132 190;
1132 193;
1132 195;
1132 25;
1132 274;
1132 278;
1132 282;
1132 284;
1132 286;
1132 288;
1132 291;
1132 293;
1132 297;
1132 301;
1132 304;
1132 306;
1132 309;
1132 31;
1132 315;
1132 317;
1132 338;
1132 342;
1132 344;
1132 348;
1132 352;
1132 358;
1132 37;
1132 378;
1132 381;
1132 383;
1132 385;
1132 389;
1132 391;
1132 393;
1132 395;
1132 400;
1132 402;
1132 405;
1132 407;
1132 419;
1132 421;
1132 423;
1132 425;
1132 430;
1132 438;
1132 444;
1132 446;
1132 448;
1132 451;
1132 453;
1132 54;
1132 543;
1132 57;
1132 61;
1132 65;
1132 675;
1132 677;
1132 680;
1132 682;
1132 687;
1132 689;
1132 69;
1132 692;
1132 694;
1132 71;
1132 718;
1132 721;
1132 725;
1132 74;
1132 78;
1132 8;
1132 82;
1132 84;
1132 86;
1132 89;
1132 92;
1132 96;
1132 98;
1135 426;
1135 432;
1135 440;
1136 10;
1136 172;
1136 175;
1136 179;
1136 266;
1136 307;
1136 350;
1136 379;
1136 426;
1136 432;
1136 440;
1136 454;
1136 497;
1136 545;
1136 588;
1136 63;
1136 631;
1136 72;
1136 87;
1136 90;
1137 10;
1137 173;
1137 177;
1137 281;
1137 285;
1137 290;
1137 300;
1137 303;
1137 307;
1137 316;
1137 341;
1137 350;
1137 377;
1137 379;
1137 382;
1137 388;
1137 392;
1137 399;
1137 404;
1137 418;
1137 422;
1137 426;
1137 432;
1137 440;
1137 443;
1137 447;
1137 450;
1137 63;
1137 674;
1137 679;
1137 68;
1137 72;
1137 83;
1137 87;
1137 90;
1137 95;
1138 10;
1138 114;
1138 153;
1138 181;
1138 189;
1138 192;
1138 197;
1138 212;
1138 251;
1138 268;
1138 272;
1138 281;
1138 285;
1138 290;
1138 300;
1138 303;
1138 307;
1138 313;
1138 316;
1138 337;
1138 341;
1138 350;
1138 356;
1138 377;
1138 379;
1138 382;
1138 388;
1138 392;
1138 399;
1138 404;
1138 409;
1138 418;
1138 422;
1138 426;
1138 433;
1138 441;
1138 443;
1138 447;
1138 450;
1138 481;
1138 52;
1138 524;
1138 55;
1138 572;
1138 615;
1138 63;
1138 658;
1138 674;
1138 679;
1138 68;
1138 688;
1138 691;
1138 703;
1138 716;
1138 719;
1138 72;
1138 83;
1138 87;
1138 90;
1138 95;
1138 99;
1139 10;
1139 168;
1139 294;
1139 345;
1139 426;
1139 5;
1139 540;
1139 684;
1142 13;
1142 171;
1142 174;
1142 178;
1142 19;
1142 190;
1142 193;
1142 195;
1142 25;
1142 282;
1142 284;
1142 286;
1142 288;
1142 291;
1142 293;
1142 297;
1142 301;
1142 304;
1142 306;
1142 31;
1142 317;
1142 338;
1142 342;
1142 344;
1142 348;
1142 37;
1142 378;
1142 383;
1142 385;
1142 389;
1142 391;
1142 393;
1142 395;
1142 400;
1142 402;
1142 405;
1142 407;
1142 419;
1142 421;
1142 423;
1142 425;
1142 444;
1142 446;
1142 448;
1142 451;
1142 453;
1142 455;
1142 482;
1142 498;
1142 525;
1142 543;
1142 546;
1142 573;
1142 589;
1142 616;
1142 632;
1142 659;
1142 675;
1142 677;
1142 680;
1142 682;
1142 687;
1142 689;
1142 69;
1142 692;
1142 694;
1142 71;
1142 8;
1142 84;
1142 86;
1142 96;
1142 98;
1144 135;
1144 143;
1144 149;
1144 233;
1144 241;
1144 247;
1144 311;
1144 326;
1144 327;
1144 333;
1144 335;
1144 354;
1144 366;
1144 367;
1144 373;
1144 375;
1144 42;
1144 457;
1144 462;
1144 463;
1144 470;
1144 477;
1144 488;
1144 489;
1144 490;
1144 491;
1144 492;
1144 493;
1144 494;
1144 495;
1144 500;
1144 505;
1144 506;
1144 513;
1144 520;
1144 531;
1144 532;
1144 533;
1144 534;
1144 535;
1144 536;
1144 537;
1144 538;
1144 548;
1144 553;
1144 554;
1144 561;
1144 568;
1144 579;
1144 580;
1144 581;
1144 582;
1144 583;
1144 584;
1144 585;
1144 586;
1144 591;
1144 596;
1144 597;
1144 604;
1144 611;
1144 622;
1144 623;
1144 624;
1144 625;
1144 626;
1144 627;
1144 628;
1144 629;
1144 634;
1144 639;
1144 640;
1144 647;
1144 654;
1144 665;
1144 666;
1144 667;
1144 668;
1144 669;
1144 670;
1144 671;
1144 672;
1144 697;
1145 109;
1145 11;
1145 112;
1145 13;
1145 134;
1145 142;
1145 15;
1145 150;
1145 163;
1145 166;
1145 17;
1145 19;
1145 207;
1145 21;
1145 210;
1145 23;
1145 232;
1145 240;
1145 248;
1145 25;
1145 261;
1145 264;
1145 27;
1145 29;
1145 31;
1145 320;
1145 321;
1145 324;
1145 328;
1145 33;
1145 332;
1145 35;
1145 36;
1145 360;
1145 361;
1145 364;
1145 368;
1145 372;
1145 38;
1145 39;
1145 427;
1145 428;
1145 430;
1145 431;
1145 435;
1145 436;
1145 438;
1145 440;
1145 471;
1145 49;
1145 514;
1145 562;
1145 605;
1145 648;
1145 713;
1152 104;
1152 105;
1152 11;
1152 119;
1152 120;
1152 124;
1152 13;
1152 130;
1152 133;
1152 134;
1152 147;
1152 148;
1152 16;
1152 162;
1152 163;
1152 177;
1152 178;
1152 18;
1152 190;
1152 192;
1152 193;
1152 194;
1152 196;
1152 198;
1152 200;
1152 212;
1152 213;
1152 217;
1152 223;
1152 224;
1152 225;
1152 226;
1152 230;
1152 236;
1152 239;
1152 24;
1152 240;
1152 250;
1152 252;
1152 256;
1152 262;
1152 263;
1152 264;
1152 265;
1152 274;
1152 276;
1152 288;
1152 291;
1152 293;
1152 294;
1152 296;
1152 298;
1152 302;
1152 305;
1152 307;
1152 321;
1152 324;
1152 326;
1152 327;
1152 329;
1152 331;
1152 343;
1152 345;
1152 348;
1152 350;
1152 358;
1152 360;
1152 362;
1152 364;
1152 367;
1152 371;
1152 373;
1152 375;
1152 377;
1152 379;
1152 381;
1152 383;
1152 386;
1152 399;
1152 401;
1152 405;
1152 407;
1152 410;
1152 412;
1152 415;
1152 417;
1152 422;
1152 424;
1152 428;
1152 430;
1152 434;
1152 436;
1152 439;
1152 441;
1152 447;
1152 45;
1152 455;
1152 457;
1152 460;
1152 462;
1152 465;
1152 467;
1152 468;
1152 47;
1152 475;
1152 476;
1152 477;
1152 479;
1152 480;
1152 486;
1152 493;
1152 494;
1152 495;
1152 496;
1152 497;
1152 498;
1152 499;
1152 500;
1152 503;
1152 505;
1152 508;
1152 510;
1152 511;
1152 518;
1152 519;
1152 520;
1152 522;
1152 523;
1152 529;
1152 536;
1152 537;
1152 538;
1152 539;
1152 540;
1152 541;
1152 542;
1152 543;
1152 546;
1152 548;
1152 551;
1152 553;
1152 554;
1152 561;
1152 562;
1152 563;
1152 565;
1152 566;
1152 572;
1152 579;
1152 580;
1152 581;
1152 582;
1152 583;
1152 584;
1152 585;
1152 586;
1152 589;
1152 591;
1152 594;
1152 596;
1152 597;
1152 604;
1152 605;
1152 606;
1152 608;
1152 609;
1152 615;
1152 622;
1152 623;
1152 624;
1152 625;
1152 626;
1152 627;
1152 628;
1152 629;
1152 632;
1152 634;
1152 637;
1152 639;
1152 640;
1152 647;
1152 648;
1152 649;
1152 651;
1152 652;
1152 658;
1152 665;
1152 666;
1152 667;
1152 668;
1152 669;
1152 670;
1152 671;
1152 672;
1152 675;
1152 677;
1152 680;
1152 682;
1152 692;
1152 694;
1152 705;
1152 721;
1152 76;
1152 80;
1152 82;
1152 86;
1153 106;
1153 121;
1153 131;
1153 149;
1153 164;
1153 179;
1153 214;
1153 237;
1153 253;
1153 482;
1153 525;
1153 568;
1153 611;
1153 654;
1155 11;
1155 13;
1155 16;
1155 18;
1155 183;
1155 187;
1155 191;
1155 197;
1155 270;
1155 274;
1155 276;
1155 278;
1155 281;
1155 285;
1155 288;
1155 290;
1155 296;
1155 298;
1155 300;
1155 302;
1155 304;
1155 307;
1155 314;
1155 321;
1155 323;
1155 326;
1155 331;
1155 333;
1155 338;
1155 345;
1155 350;
1155 354;
1155 359;
1155 363;
1155 367;
1155 369;
1155 371;
1155 373;
1155 375;
1155 377;
1155 379;
1155 381;
1155 383;
1155 390;
1155 393;
1155 397;
1155 399;
1155 401;
1155 405;
1155 407;
1155 412;
1155 420;
1155 422;
1155 424;
1155 428;
1155 430;
1155 434;
1155 436;
1155 439;
1155 441;
1155 446;
1155 448;
1155 451;
1155 455;
1155 457;
1155 53;
1155 59;
1155 65;
1155 675;
1155 677;
1155 680;
1155 682;
1155 687;
1155 697;
1155 7;
1155 700;
1155 702;
1155 71;
1155 76;
1155 78;
1155 80;
1155 82;
1155 84;
1155 86;
1155 88;
1155 92;
1158 198;
1158 291;
1158 310;
1158 316;
1158 327;
1158 334;
1158 340;
1158 415;
1159 123;
1159 198;
1159 216;
1159 229;
1159 242;
1159 255;
1159 291;
1159 294;
1159 305;
1159 310;
1159 316;
1159 324;
1159 327;
1159 334;
1159 340;
1159 343;
1159 348;
1159 357;
1159 410;
1159 415;
1159 459;
1159 50;
1159 502;
1159 545;
1159 588;
1159 631;
1160 10;
1160 15;
1160 190;
1160 196;
1160 199;
1160 22;
1160 273;
1160 287;
1160 292;
1160 294;
1160 297;
1160 301;
1160 305;
1160 310;
1160 316;
1160 320;
1160 324;
1160 328;
1160 330;
1160 334;
1160 340;
1160 343;
1160 348;
1160 357;
1160 366;
1160 370;
1160 398;
1160 404;
1160 410;
1160 416;
1160 421;
1160 427;
1160 433;
1160 438;
1160 447;
1160 454;
1160 50;
1160 674;
1160 679;
1160 75;
1160 79;
1160 85;
1161 10;
1161 108;
1161 136;
1161 15;
1161 151;
1161 166;
1161 181;
1161 190;
1161 196;
1161 198;
1161 201;
1161 22;
1161 242;
1161 273;
1161 279;
1161 287;
1161 291;
1161 294;
1161 297;
1161 301;
1161 305;
1161 310;
1161 317;
1161 320;
1161 324;
1161 327;
1161 330;
1161 334;
1161 341;
1161 343;
1161 348;
1161 357;
1161 366;
1161 370;
1161 388;
1161 391;
1161 398;
1161 404;
1161 41;
1161 410;
1161 415;
1161 418;
1161 421;
1161 427;
1161 433;
1161 438;
1161 447;
1161 449;
1161 454;
1161 486;
1161 5;
1161 50;
1161 529;
1161 572;
1161 615;
1161 658;
1161 674;
1161 679;
1161 688;
1161 696;
1161 699;
1161 711;
1161 75;
1161 79;
1161 85;
1161 93;
1162 267;
1162 310;
1162 334;
1162 351;
1162 443;
1162 50;
1162 684;
1162 89;
1165 11;
1165 13;
1165 16;
1165 18;
1165 191;
1165 197;
1165 200;
1165 270;
1165 274;
1165 276;
1165 278;
1165 288;
1165 290;
1165 293;
1165 298;
1165 300;
1165 302;
1165 304;
1165 321;
1165 323;
1165 329;
1165 331;
1165 333;
1165 354;
1165 367;
1165 369;
1165 371;
1165 373;
1165 375;
1165 377;
1165 379;
1165 381;
1165 383;
1165 399;
1165 401;
1165 405;
1165 407;
1165 417;
1165 422;
1165 424;
1165 428;
1165 430;
1165 434;
1165 436;
1165 439;
1165 441;
1165 446;
1165 448;
1165 455;
1165 457;
1165 460;
1165 487;
1165 503;
1165 53;
1165 530;
1165 546;
1165 573;
1165 589;
1165 59;
1165 616;
1165 632;
1165 65;
1165 659;
1165 675;
1165 677;
1165 680;
1165 682;
1165 687;
1165 697;
1165 700;
1165 702;
1165 71;
1165 76;
1165 78;
1165 80;
1165 82;
1165 84;
1165 86;
1165 88;
1165 92;
1167 124;
1167 193;
1167 194;
1167 217;
1167 226;
1167 230;
1167 256;
1167 265;
1167 386;
1167 462;
1167 467;
1167 468;
1167 475;
1167 482;
1167 493;
1167 494;
1167 495;
1167 496;
1167 497;
1167 498;
1167 499;
1167 500;
1167 505;
1167 510;
1167 511;
1167 518;
1167 525;
1167 536;
1167 537;
1167 538;
1167 539;
1167 540;
1167 541;
1167 542;
1167 543;
1167 548;
1167 553;
1167 554;
1167 561;
1167 568;
1167 579;
1167 580;
1167 581;
1167 582;
1167 583;
1167 584;
1167 585;
1167 586;
1167 591;
1167 596;
1167 597;
1167 604;
1167 611;
1167 622;
1167 623;
1167 624;
1167 625;
1167 626;
1167 627;
1167 628;
1167 629;
1167 634;
1167 639;
1167 640;
1167 647;
1167 654;
1167 665;
1167 666;
1167 667;
1167 668;
1167 669;
1167 670;
1167 671;
1167 672;
1167 705;
1168 103;
1168 106;
1168 118;
1168 121;
1168 131;
1168 133;
1168 146;
1168 149;
1168 161;
1168 164;
1168 176;
1168 179;
1168 211;
1168 214;
1168 223;
1168 225;
1168 237;
1168 239;
1168 253;
1168 262;
1168 264;
1168 311;
1168 312;
1168 314;
1168 315;
1168 316;
1168 335;
1168 336;
1168 338;
1168 339;
1168 340;
1168 476;
1168 51;
1168 519;
1168 53;
1168 55;
1168 562;
1168 57;
1168 59;
1168 605;
1168 61;
1168 63;
1168 648;
1168 65;
1168 67;
1168 69;
1168 70;
1168 72;
1168 721;
1168 73;
1175 109;
1175 110;
1175 124;
1175 125;
1175 139;
1175 140;
1175 154;
1175 155;
1175 175;
1175 177;
1175 18;
1175 180;
1175 186;
1175 188;
1175 194;
1175 197;
1175 199;
1175 20;
1175 200;
1175 201;
1175 202;
1175 204;
1175 206;
1175 208;
1175 210;
1175 211;
1175 212;
1175 217;
1175 223;
1175 224;
1175 225;
1175 226;
1175 23;
1175 230;
1175 236;
1175 237;
1175 238;
1175 239;
1175 243;
1175 249;
1175 250;
1175 251;
1175 252;
1175 255;
1175 257;
1175 258;
1175 259;
1175 274;
1175 276;
1175 28;
1175 280;
1175 282;
1175 290;
1175 293;
1175 295;
1175 306;
1175 309;
1175 311;
1175 312;
1175 314;
1175 316;
1175 321;
1175 324;
1175 326;
1175 328;
1175 331;
1175 333;
1175 335;
1175 338;
1175 340;
1175 345;
1175 351;
1175 355;
1175 357;
1175 366;
1175 368;
1175 371;
1175 373;
1175 376;
1175 378;
1175 380;
1175 382;
1175 383;
1175 386;
1175 388;
1175 390;
1175 392;
1175 394;
1175 396;
1175 398;
1175 400;
1175 402;
1175 414;
1175 416;
1175 419;
1175 421;
1175 428;
1175 430;
1175 433;
1175 435;
1175 438;
1175 441;
1175 443;
1175 447;
1175 449;
1175 452;
1175 454;
1175 457;
1175 458;
1175 462;
1175 463;
1175 466;
1175 467;
1175 468;
1175 473;
1175 480;
1175 481;
1175 485;
1175 486;
1175 489;
1175 490;
1175 491;
1175 496;
1175 498;
1175 50;
1175 52;
1175 520;
1175 522;
1175 526;
1175 528;
1175 54;
1175 544;
1175 549;
1175 551;
1175 554;
1175 556;
1175 557;
1175 56;
1175 564;
1175 565;
1175 566;
1175 568;
1175 569;
1175 575;
1175 58;
1175 582;
1175 583;
1175 584;
1175 585;
1175 586;
1175 587;
1175 588;
1175 589;
1175 592;
1175 594;
1175 597;
1175 599;
1175 60;
1175 600;
1175 607;
1175 608;
1175 609;
1175 611;
1175 612;
1175 618;
1175 62;
1175 625;
1175 626;
1175 627;
1175 628;
1175 629;
1175 630;
1175 631;
1175 632;
1175 635;
1175 637;
1175 640;
1175 642;
1175 643;
1175 65;
1175 650;
1175 651;
1175 652;
1175 654;
1175 655;
1175 661;
1175 668;
1175 669;
1175 67;
1175 670;
1175 671;
1175 672;
1175 673;
1175 674;
1175 675;
1175 678;
1175 680;
1175 683;
1175 685;
1175 688;
1175 690;
1175 70;
1175 709;
1175 711;
1175 72;
1175 722;
1175 75;
1175 77;
1175 79;
1175 88;
1175 94;
1175 96;
1176 111;
1176 126;
1176 141;
1176 156;
1176 460;
1176 483;
1176 571;
1176 614;
1176 657;
1178 10;
1178 14;
1178 161;
1178 165;
1178 169;
1178 18;
1178 181;
1178 184;
1178 188;
1178 199;
1178 20;
1178 205;
1178 207;
1178 264;
1178 268;
1178 282;
1178 286;
1178 290;
1178 292;
1178 295;
1178 300;
1178 306;
1178 308;
1178 311;
1178 316;
1178 318;
1178 321;
1178 323;
1178 328;
1178 330;
1178 333;
1178 335;
1178 337;
1178 340;
1178 345;
1178 351;
1178 353;
1178 355;
1178 358;
1178 362;
1178 366;
1178 368;
1178 371;
1178 373;
1178 376;
1178 378;
1178 383;
1178 389;
1178 393;
1178 397;
1178 401;
1178 406;
1178 410;
1178 414;
1178 416;
1178 419;
1178 421;
1178 425;
1178 428;
1178 430;
1178 433;
1178 435;
1178 438;
1178 441;
1178 444;
1178 447;
1178 449;
1178 452;
1178 454;
1178 46;
1178 50;
1178 502;
1178 506;
1178 510;
1178 514;
1178 52;
1178 526;
1178 528;
1178 54;
1178 56;
1178 58;
1178 60;
1178 62;
1178 65;
1178 67;
1178 678;
1178 680;
1178 683;
1178 685;
1178 688;
1178 690;
1178 695;
1178 699;
1178 7;
1178 70;
1178 703;
1178 714;
1178 717;
1178 719;
1178 72;
1178 75;
1178 77;
1178 79;
1178 84;
1178 88;
1178 90;
1178 94;
1178 96;
1181 296;
1181 302;
1181 312;
1181 324;
1181 341;
1181 347;
1181 380;
1182 162;
1182 165;
1182 169;
1182 186;
1182 197;
1182 208;
1182 216;
1182 229;
1182 242;
1182 255;
1182 261;
1182 264;
1182 268;
1182 280;
1182 293;
1182 296;
1182 302;
1182 309;
1182 312;
1182 324;
1182 331;
1182 338;
1182 341;
1182 347;
1182 380;
1182 383;
1182 387;
1182 507;
1182 510;
1182 514;
1182 548;
1182 591;
1182 634;
1182 696;
1182 699;
1182 703;
1183 163;
1183 167;
1183 17;
1183 180;
1183 186;
1183 197;
1183 204;
1183 206;
1183 26;
1183 262;
1183 266;
1183 280;
1183 289;
1183 293;
1183 296;
1183 302;
1183 305;
1183 309;
1183 313;
1183 315;
1183 320;
1183 325;
1183 327;
1183 331;
1183 334;
1183 338;
1183 341;
1183 347;
1183 350;
1183 354;
1183 357;
1183 365;
1183 370;
1183 375;
1183 381;
1183 385;
1183 387;
1183 413;
1183 418;
1183 427;
1183 432;
1183 437;
1183 440;
1183 443;
1183 446;
1183 451;
1183 475;
1183 49;
1183 508;
1183 512;
1183 525;
1183 64;
1183 677;
1183 682;
1183 687;
1183 69;
1183 697;
1183 701;
1183 74;
1183 87;
1183 93;
1184 113;
1184 128;
1184 143;
1184 17;
1184 171;
1184 180;
1184 182;
1184 186;
1184 197;
1184 204;
1184 206;
1184 210;
1184 257;
1184 26;
1184 270;
1184 280;
1184 289;
1184 293;
1184 296;
1184 303;
1184 305;
1184 309;
1184 312;
1184 315;
1184 320;
1184 324;
1184 327;
1184 331;
1184 334;
1184 338;
1184 341;
1184 348;
1184 350;
1184 354;
1184 357;
1184 365;
1184 370;
1184 375;
1184 380;
1184 387;
1184 404;
1184 413;
1184 418;
1184 423;
1184 427;
1184 432;
1184 437;
1184 440;
1184 443;
1184 446;
1184 45;
1184 451;
1184 49;
1184 5;
1184 500;
1184 516;
1184 525;
1184 534;
1184 575;
1184 618;
1184 64;
1184 661;
1184 677;
1184 682;
1184 687;
1184 69;
1184 705;
1184 713;
1184 716;
1184 74;
1184 8;
1184 87;
1184 93;
1184 98;
1185 158;
1185 283;
1185 296;
1185 341;
1185 359;
1185 503;
1185 692;
1185 81;
1188 0;
1188 161;
1188 164;
1188 168;
1188 18;
1188 181;
1188 20;
1188 205;
1188 207;
1188 263;
1188 267;
1188 286;
1188 290;
1188 292;
1188 306;
1188 308;
1188 314;
1188 316;
1188 318;
1188 321;
1188 323;
1188 326;
1188 328;
1188 330;
1188 335;
1188 337;
1188 351;
1188 353;
1188 355;
1188 358;
1188 362;
1188 366;
1188 368;
1188 371;
1188 373;
1188 376;
1188 378;
1188 382;
1188 386;
1188 414;
1188 416;
1188 419;
1188 421;
1188 428;
1188 430;
1188 433;
1188 435;
1188 438;
1188 441;
1188 444;
1188 447;
1188 449;
1188 452;
1188 454;
1188 46;
1188 50;
1188 506;
1188 509;
1188 513;
1188 52;
1188 526;
1188 528;
1188 54;
1188 549;
1188 56;
1188 576;
1188 58;
1188 592;
1188 60;
1188 619;
1188 62;
1188 635;
1188 65;
1188 662;
1188 67;
1188 678;
1188 680;
1188 683;
1188 685;
1188 688;
1188 690;
1188 695;
1188 698;
1188 70;
1188 702;
1188 714;
1188 717;
1188 719;
1188 72;
1188 75;
1188 77;
1188 79;
1188 84;
1188 88;
1188 90;
1188 94;
1188 96;
1189 0;
1190 201;
1190 202;
1190 217;
1190 226;
1190 23;
1190 230;
1190 239;
1190 243;
1190 252;
1190 457;
1190 463;
1190 466;
1190 473;
1190 480;
1190 486;
1190 489;
1190 496;
1190 498;
1190 551;
1190 556;
1190 557;
1190 564;
1190 571;
1190 582;
1190 583;
1190 584;
1190 585;
1190 586;
1190 587;
1190 588;
1190 589;
1190 594;
1190 599;
1190 600;
1190 607;
1190 614;
1190 625;
1190 626;
1190 627;
1190 628;
1190 629;
1190 630;
1190 631;
1190 632;
1190 637;
1190 642;
1190 643;
1190 650;
1190 657;
1190 668;
1190 669;
1190 670;
1190 671;
1190 672;
1190 673;
1190 674;
1190 675;
1190 722;
1191 108;
1191 111;
1191 123;
1191 126;
1191 138;
1191 141;
1191 153;
1191 156;
1191 194;
1191 223;
1191 225;
1191 236;
1191 238;
1191 249;
1191 251;
1191 297;
1191 298;
1191 300;
1191 301;
1191 302;
1191 342;
1191 343;
1191 345;
1191 347;
1191 461;
1191 467;
1191 484;
1191 490;
1191 544;
1191 565;
1191 608;
1191 651;
1199 10;
1199 101;
1199 102;
1199 104;
1199 106;
1199 108;
1199 11;
1199 110;
1199 112;
1199 114;
1199 116;
1199 117;
1199 118;
1199 120;
1199 122;
1199 124;
1199 125;
1199 126;
1199 128;
1199 13;
1199 130;
1199 132;
1199 134;
1199 136;
1199 138;
1199 140;
1199 142;
1199 144;
1199 146;
1199 148;
1199 15;
1199 150;
1199 152;
1199 154;
1199 156;
1199 157;
1199 158;
1199 160;
1199 162;
1199 164;
1199 166;
1199 168;
1199 17;
1199 170;
1199 172;
1199 174;
1199 176;
1199 177;
1199 178;
1199 179;
1199 18;
1199 180;
1199 181;
1199 182;
1199 183;
1199 184;
1199 186;
1199 188;
1199 19;
1199 190;
1199 192;
1199 194;
1199 196;
1199 198;
1199 2;
1199 200;
1199 202;
1199 204;
1199 206;
1199 208;
1199 21;
1199 210;
1199 212;
1199 214;
1199 216;
1199 218;
1199 220;
1199 222;
1199 224;
1199 226;
1199 228;
1199 229;
1199 23;
1199 230;
1199 231;
1199 232;
1199 234;
1199 236;
1199 238;
1199 24;
1199 240;
1199 242;
1199 244;
1199 246;
1199 248;
1199 25;
1199 250;
1199 252;
1199 254;
1199 256;
1199 258;
1199 26;
1199 260;
1199 262;
1199 264;
1199 266;
1199 268;
1199 27;
1199 270;
1199 272;
1199 274;
1199 276;
1199 277;
1199 278;
1199 280;
1199 282;
1199 284;
1199 286;
1199 288;
1199 29;
1199 290;
1199 292;
1199 294;
1199 296;
1199 298;
1199 3;
1199 300;
1199 302;
1199 304;
1199 306;
1199 308;
1199 31;
1199 310;
1199 312;
1199 314;
1199 316;
1199 318;
1199 320;
1199 322;
1199 324;
1199 326;
1199 328;
1199 33;
1199 332;
1199 334;
1199 336;
1199 338;
1199 34;
1199 340;
1199 341;
1199 342;
1199 344;
1199 346;
1199 347;
1199 348;
1199 35;
1199 350;
1199 351;
1199 352;
1199 355;
1199 356;
1199 357;
1199 358;
1199 360;
1199 361;
1199 362;
1199 364;
1199 365;
1199 366;
1199 367;
1199 368;
1199 37;
1199 370;
1199 372;
1199 374;
1199 375;
1199 376;
1199 377;
1199 380;
1199 382;
1199 384;
1199 385;
1199 386;
1199 387;
1199 388;
1199 39;
1199 390;
1199 392;
1199 394;
1199 395;
1199 396;
1199 398;
1199 400;
1199 404;
1199 406;
1199 408;
1199 41;
1199 410;
1199 412;
1199 413;
1199 414;
1199 415;
1199 416;
1199 418;
1199 42;
1199 420;
1199 422;
1199 424;
1199 426;
1199 429;
1199 43;
1199 430;
1199 432;
1199 434;
1199 436;
1199 438;
1199 440;
1199 442;
1199 444;
1199 446;
1199 448;
1199 449;
1199 45;
1199 450;
1199 454;
1199 456;
1199 458;
1199 460;
1199 462;
1199 463;
1199 464;
1199 465;
1199 466;
1199 468;
1199 47;
1199 49;
1199 5;
1199 50;
1199 51;
1199 53;
1199 55;
1199 566;
1199 567;
1199 568;
1199 57;
1199 58;
1199 59;
1199 591;
1199 61;
1199 617;
1199 618;
1199 619;
1199 628;
1199 629;
1199 63;
1199 631;
1199 638;
1199 639;
1199 641;
1199 646;
1199 647;
1199 65;
1199 651;
1199 653;
1199 655;
1199 657;
1199 659;
1199 66;
1199 661;
1199 663;
1199 665;
1199 667;
1199 668;
1199 669;
1199 67;
1199 670;
1199 671;
1199 672;
1199 673;
1199 674;
1199 675;
1199 676;
1199 677;
1199 679;
1199 681;
1199 683;
1199 685;
1199 687;
1199 689;
1199 69;
1199 691;
1199 692;
1199 693;
1199 695;
1199 697;
1199 699;
1199 7;
1199 701;
1199 703;
1199 705;
1199 707;
1199 709;
1199 71;
1199 711;
1199 713;
1199 715;
1199 717;
1199 719;
1199 721;
1199 723;
1199 725;
1199 727;
1199 73;
1199 74;
1199 75;
1199 77;
1199 79;
1199 81;
1199 83;
1199 85;
1199 87;
1199 88;
1199 89;
1199 9;
1199 91;
1199 93;
1199 95;
1199 96;
1199 97;
1199 99
]
sitesCoordinates = clientsCoordinates
